{"type":"FeatureCollection","features":[{"type":"Feature","properties":{"prn":"10365","url":"https://www.somersetheritage.org.uk/record/10365","name":"Lime kiln, Tyning's Gate, Cheddar","kind":"Monument record"},"geometry":{"type":"Polygon","coordinates":[[[-2.767071,51.303687],[-2.767025,51.303703],[-2.767005,51.303683],[-2.767047,51.303664],[-2.767071,51.303687]]]}},{"type":"Feature","properties":{"prn":"10365","url":"https://www.somersetheritage.org.uk/record/10365","name":"Lime kiln, Tyning's Gate, Cheddar","kind":"Monument record"},"geometry":{"type":"Polygon","coordinates":[[[-2.767684,51.30405],[-2.767708,51.303981],[-2.767537,51.303813],[-2.767495,51.303749],[-2.767613,51.303627],[-2.76762,51.303579],[-2.767617,51.303529],[-2.767593,51.303478],[-2.767528,51.303417],[-2.767425,51.30338],[-2.767257,51.303359],[-2.766957,51.303292],[-2.766896,51.303296],[-2.766405,51.303518],[-2.766409,51.303614],[-2.766459,51.303715],[-2.767278,51.304005],[-2.767684,51.30405]]]}},{"type":"Feature","properties":{"prn":"10757","url":"https://www.somersetheritage.org.uk/record/10757","name":"Roman villa, Star","kind":"Monument record"},"geometry":{"type":"Polygon","coordinates":[[[-2.812541,51.323979],[-2.813058,51.324331],[-2.812989,51.324746],[-2.811999,51.325038],[-2.810896,51.325024],[-2.810634,51.32462],[-2.810772,51.324134],[-2.811572,51.32394],[-2.812541,51.323979]]]}},{"type":"Feature","properties":{"prn":"10759","url":"https://www.somersetheritage.org.uk/record/10759","name":"Bronze dagger find, Rowberrow Warren, Shipham","kind":"Monument record"},"geometry":{"type":"Polygon","coordinates":[[[-2.771723,51.308333],[-2.771679,51.308273],[-2.771657,51.308209],[-2.771657,51.308143],[-2.771681,51.308079],[-2.771789,51.307967],[-2.771963,51.307894],[-2.772169,51.307873],[-2.772371,51.307909],[-2.772529,51.307994],[-2.772583,51.308051],[-2.772616,51.308114],[-2.772626,51.308179],[-2.772615,51.308245],[-2.772581,51.308307],[-2.772453,51.308411],[-2.772268,51.308472],[-2.772059,51.308478],[-2.771958,51.30846],[-2.771865,51.308429],[-2.771723,51.308333]]]}},{"type":"Feature","properties":{"prn":"10765","url":"https://www.somersetheritage.org.uk/record/10765","name":"Singing River Calamine Mine, Shipham","kind":"Monument record"},"geometry":{"type":"Polygon","coordinates":[[[-2.798772,51.31345],[-2.79832,51.313453],[-2.798021,51.313285],[-2.797645,51.313195],[-2.797297,51.313155],[-2.797093,51.313317],[-2.796513,51.313346],[-2.79637,51.313297],[-2.796457,51.313084],[-2.795214,51.312805],[-2.795131,51.312467],[-2.795013,51.3124],[-2.794947,51.312298],[-2.794945,51.312189],[-2.794825,51.311944],[-2.795172,51.311874],[-2.795623,51.31182],[-2.796576,51.311779],[-2.796742,51.311694],[-2.796987,51.311658],[-2.797257,51.311656],[-2.797619,51.311696],[-2.79789,51.311677],[-2.79852,51.311571],[-2.798881,51.311561],[-2.798972,51.311594],[-2.799745,51.311563],[-2.800017,51.311629],[-2.800278,51.311805],[-2.80032,51.312033],[-2.800246,51.312195],[-2.800039,51.312882],[-2.799608,51.313342],[-2.799353,51.313539],[-2.798772,51.31345]]]}},{"type":"Feature","properties":{"prn":"10773","url":"https://www.somersetheritage.org.uk/record/10773","name":"Barrow, 550m WNW of Longbottom Farm, Shipham","kind":"Monument record"},"geometry":{"type":"Polygon","coordinates":[[[-2.785998,51.309586],[-2.785975,51.309623],[-2.785927,51.309655],[-2.785858,51.309663],[-2.785753,51.309626],[-2.785726,51.309603],[-2.785722,51.309571],[-2.785735,51.309522],[-2.785778,51.30949],[-2.785885,51.309483],[-2.785985,51.309518],[-2.785998,51.309586]]]}},{"type":"Feature","properties":{"prn":"10776","url":"https://www.somersetheritage.org.uk/record/10776","name":"Barrow site, 550m NW of Tyning's Farm, Rowberrow Warren","kind":"Monument record"},"geometry":{"type":"Polygon","coordinates":[[[-2.767171,51.310267],[-2.767286,51.310334],[-2.767315,51.310398],[-2.767298,51.310464],[-2.767239,51.31052],[-2.767096,51.310562],[-2.76699,51.310555],[-2.766899,51.310521],[-2.766839,51.310466],[-2.766824,51.310434],[-2.766829,51.310367],[-2.766917,51.310285],[-2.767067,51.310253],[-2.767171,51.310267]]]}},{"type":"Feature","properties":{"prn":"10777","url":"https://www.somersetheritage.org.uk/record/10777","name":"Rowberrow Camp, Rowberrow Warren, Shipham","kind":"Monument record"},"geometry":{"type":"Polygon","coordinates":[[[-2.770004,51.30852],[-2.769503,51.308493],[-2.769015,51.308321],[-2.768966,51.308157],[-2.769072,51.307931],[-2.769288,51.307775],[-2.76949,51.307712],[-2.770007,51.307729],[-2.770447,51.307891],[-2.77042,51.308148],[-2.770206,51.308426],[-2.770004,51.30852]]]}},{"type":"Feature","properties":{"prn":"10779","url":"https://www.somersetheritage.org.uk/record/10779","name":"St Leonard's Church and Churchyard, Shipham","kind":"Monument record"},"geometry":{"type":"Polygon","coordinates":[[[-2.800394,51.313365],[-2.799971,51.313337],[-2.799849,51.313305],[-2.800062,51.313058],[-2.800592,51.313024],[-2.800657,51.313298],[-2.800623,51.313347],[-2.800394,51.313365]]]}},{"type":"Feature","properties":{"prn":"10782","url":"https://www.somersetheritage.org.uk/record/10782","name":"Winterhead shaft and gruffy ground, NE of Winterhead, Shipham","kind":"Monument record"},"geometry":{"type":"Polygon","coordinates":[[[-2.806346,51.315165],[-2.805486,51.315341],[-2.80533,51.315328],[-2.805147,51.315198],[-2.805083,51.315124],[-2.804997,51.314906],[-2.804944,51.314719],[-2.804487,51.314699],[-2.804533,51.314423],[-2.804685,51.314188],[-2.804767,51.314126],[-2.805515,51.314323],[-2.80564,51.314341],[-2.806494,51.314273],[-2.807213,51.314129],[-2.807252,51.314218],[-2.807205,51.31422],[-2.807241,51.314371],[-2.807302,51.314365],[-2.807381,51.314515],[-2.806999,51.314599],[-2.806591,51.314667],[-2.806719,51.314797],[-2.806644,51.31481],[-2.806649,51.315104],[-2.806346,51.315165]]]}},{"type":"Feature","properties":{"prn":"10790","url":"https://www.somersetheritage.org.uk/record/10790","name":"Pyle Well, NW of Star, Shipham","kind":"Monument record"},"geometry":{"type":"Polygon","coordinates":[[[-2.812831,51.323766],[-2.812683,51.323787],[-2.812608,51.323782],[-2.81247,51.323743],[-2.812372,51.323671],[-2.812344,51.323627],[-2.812331,51.32358],[-2.812355,51.323486],[-2.812439,51.323408],[-2.812568,51.323358],[-2.812642,51.323348],[-2.812793,51.323358],[-2.812922,51.323406],[-2.813008,51.323485],[-2.813028,51.32353],[-2.813021,51.323625],[-2.812951,51.323709],[-2.812831,51.323766]]]}},{"type":"Feature","properties":{"prn":"10791","url":"https://www.somersetheritage.org.uk/record/10791","name":"Lime kilns, Mapleton Lane, Shipham","kind":"Monument record"},"geometry":{"type":"Polygon","coordinates":[[[-2.810944,51.326676],[-2.810701,51.326693],[-2.810581,51.326654],[-2.810499,51.326574],[-2.810508,51.326473],[-2.810614,51.326221],[-2.811005,51.326327],[-2.811066,51.326523],[-2.811025,51.326622],[-2.810944,51.326676]]]}},{"type":"Feature","properties":{"prn":"10793","url":"https://www.somersetheritage.org.uk/record/10793","name":"Calamine workings, SE of Shipham, Shipham","kind":"Monument record"},"geometry":{"type":"Polygon","coordinates":[[[-2.795212,51.312799],[-2.7951,51.312974],[-2.792766,51.313479],[-2.792536,51.313466],[-2.792286,51.312947],[-2.792446,51.312901],[-2.792341,51.312811],[-2.792053,51.31276],[-2.791696,51.312733],[-2.790192,51.312788],[-2.789917,51.311478],[-2.791846,51.31145],[-2.792254,51.311394],[-2.792698,51.311409],[-2.793126,51.311697],[-2.793806,51.311844],[-2.794347,51.311908],[-2.794486,51.311975],[-2.794807,51.31195],[-2.794926,51.312198],[-2.794928,51.312296],[-2.795011,51.312424],[-2.795138,51.312498],[-2.795212,51.312799]]]}},{"type":"Feature","properties":{"prn":"10794","url":"https://www.somersetheritage.org.uk/record/10794","name":"Calamine processing oven, Singing River Mine, Shipham","kind":"Monument record"},"geometry":{"type":"Polygon","coordinates":[[[-2.799131,51.313219],[-2.799085,51.313272],[-2.798866,51.313285],[-2.798808,51.313252],[-2.798763,51.313181],[-2.798771,51.31311],[-2.798858,51.313041],[-2.799044,51.313035],[-2.799115,51.313068],[-2.79915,51.31315],[-2.799131,51.313219]]]}},{"type":"Feature","properties":{"prn":"11428","url":"https://www.somersetheritage.org.uk/record/11428","name":"Bowl barrow 190m south west of Tyning's Farm, Cheddar","kind":"Monument record"},"geometry":{"type":"Polygon","coordinates":[[[-2.76378,51.304045],[-2.763751,51.304011],[-2.763787,51.303969],[-2.763864,51.303969],[-2.763898,51.304001],[-2.76389,51.30403],[-2.763856,51.304051],[-2.76378,51.304045]]]}},{"type":"Feature","properties":{"prn":"11448","url":"https://www.somersetheritage.org.uk/record/11448","name":"Village, Shipham","kind":"Monument record"},"geometry":{"type":"Polygon","coordinates":[[[-2.798581,51.314781],[-2.798209,51.314655],[-2.797816,51.314615],[-2.796662,51.314637],[-2.795944,51.314714],[-2.795311,51.314646],[-2.795006,51.314648],[-2.794527,51.31468],[-2.794265,51.314625],[-2.793746,51.314871],[-2.793178,51.314747],[-2.793132,51.314618],[-2.793172,51.314275],[-2.792789,51.31348],[-2.795104,51.312973],[-2.795205,51.312804],[-2.796462,51.313082],[-2.796352,51.3133],[-2.796495,51.313349],[-2.797102,51.31332],[-2.797289,51.313157],[-2.79783,51.313228],[-2.798318,51.313455],[-2.798783,51.313458],[-2.799515,51.313559],[-2.800075,51.313013],[-2.800649,51.312798],[-2.801048,51.312826],[-2.800945,51.3134],[-2.800404,51.313397],[-2.800307,51.313809],[-2.800037,51.314104],[-2.799769,51.314547],[-2.798755,51.314579],[-2.798581,51.314781]]]}},{"type":"Feature","properties":{"prn":"11486","url":"https://www.somersetheritage.org.uk/record/11486","name":"Field system and deserted site, E and W of Mapleton Lane, Shipham","kind":"Monument record"},"geometry":{"type":"Polygon","coordinates":[[[-2.810534,51.325982],[-2.8095,51.326089],[-2.809274,51.325549],[-2.808362,51.325589],[-2.808314,51.325736],[-2.80801,51.325738],[-2.807791,51.325645],[-2.80746,51.325324],[-2.807176,51.325255],[-2.806944,51.32402],[-2.807868,51.323876],[-2.80961,51.324092],[-2.809965,51.324099],[-2.810283,51.325304],[-2.810534,51.325982]]]}},{"type":"Feature","properties":{"prn":"11490","url":"https://www.somersetheritage.org.uk/record/11490","name":"Field system S of Lippiatt Lane, Shipham","kind":"Monument record"},"geometry":{"type":"Polygon","coordinates":[[[-2.790193,51.31277],[-2.789702,51.313031],[-2.788706,51.312821],[-2.787361,51.312735],[-2.785685,51.312678],[-2.784424,51.312673],[-2.783887,51.31269],[-2.783577,51.311485],[-2.782822,51.309657],[-2.788835,51.309509],[-2.789392,51.309464],[-2.790193,51.31277]]]}},{"type":"Feature","properties":{"prn":"39886","url":"https://www.somersetheritage.org.uk/record/39886","name":"Star Shaft calamine mine, SE of Star, Rowberrow","kind":"Monument record"},"geometry":{"type":"Polygon","coordinates":[[[-2.804919,51.320746],[-2.804952,51.320756],[-2.804956,51.320781],[-2.804924,51.320796],[-2.804887,51.320786],[-2.804884,51.320758],[-2.804919,51.320746]]]}},{"type":"Feature","properties":{"prn":"11496","url":"https://www.somersetheritage.org.uk/record/11496","name":"Deserted site, Lyncombe Lane, Shipham","kind":"Monument record"},"geometry":{"type":"Polygon","coordinates":[[[-2.806465,51.325748],[-2.806333,51.32568],[-2.806295,51.325612],[-2.806294,51.325575],[-2.806329,51.325507],[-2.806355,51.325328],[-2.807145,51.325281],[-2.807425,51.325355],[-2.807604,51.325605],[-2.807799,51.325687],[-2.807765,51.325779],[-2.806465,51.325748]]]}},{"type":"Feature","properties":{"prn":"11505","url":"https://www.somersetheritage.org.uk/record/11505","name":"Linear AP features N of Trots Corner, Cheddar","kind":"Monument record"},"geometry":{"type":"Polygon","coordinates":[[[-2.76974,51.305938],[-2.769516,51.305867],[-2.769382,51.30548],[-2.769425,51.305145],[-2.769608,51.304663],[-2.770244,51.304627],[-2.772784,51.305019],[-2.773172,51.305319],[-2.773482,51.305809],[-2.773153,51.306094],[-2.771051,51.306139],[-2.76974,51.305938]]]}},{"type":"Feature","properties":{"prn":"11536","url":"https://www.somersetheritage.org.uk/record/11536","name":"Trackway S of Lippiatt Lane, Shipham","kind":"Monument record"},"geometry":{"type":"Polygon","coordinates":[[[-2.788232,51.312233],[-2.78293,51.310165],[-2.782844,51.310056],[-2.78301,51.310018],[-2.788355,51.312095],[-2.788413,51.312223],[-2.788232,51.312233]]]}},{"type":"Feature","properties":{"prn":"11932","url":"https://www.somersetheritage.org.uk/record/11932","name":"Lynchets and field system, Winterhead Hill, Shipham","kind":"Monument record"},"geometry":{"type":"Polygon","coordinates":[[[-2.80728,51.311143],[-2.806126,51.31146],[-2.805275,51.311586],[-2.804576,51.311516],[-2.8033,51.311291],[-2.803035,51.311075],[-2.803014,51.310864],[-2.803368,51.310666],[-2.806929,51.30999],[-2.807279,51.310611],[-2.80728,51.311143]]]}},{"type":"Feature","properties":{"prn":"24119","url":"https://www.somersetheritage.org.uk/record/24119","name":"Enclosure, W end of Black Down, Priddy","kind":"Monument record"},"geometry":{"type":"Polygon","coordinates":[[[-2.760984,51.31012],[-2.761179,51.309866],[-2.761844,51.309647],[-2.762698,51.309679],[-2.763417,51.31015],[-2.763496,51.310664],[-2.76302,51.311106],[-2.762168,51.311233],[-2.761314,51.311126],[-2.760864,51.310634],[-2.760984,51.31012]]]}},{"type":"Feature","properties":{"prn":"25041","url":"https://www.somersetheritage.org.uk/record/25041","name":"Second World War bombing decoy site control bunker, Black Down","kind":"Monument record"},"geometry":{"type":"Polygon","coordinates":[[[-2.759503,51.308496],[-2.759424,51.308501],[-2.759345,51.308476],[-2.759313,51.308451],[-2.759317,51.308417],[-2.759346,51.308383],[-2.759391,51.308374],[-2.759544,51.308393],[-2.759579,51.308419],[-2.759577,51.308454],[-2.75956,51.308492],[-2.759503,51.308496]]]}},{"type":"Feature","properties":{"prn":"12825","url":"https://www.somersetheritage.org.uk/record/12825","name":"Mine workings, Old Down, NW of Winterhead, Shipham","kind":"Monument record"},"geometry":{"type":"Polygon","coordinates":[[[-2.809672,51.315557],[-2.810114,51.315564],[-2.81021,51.315779],[-2.810392,51.315995],[-2.810475,51.316235],[-2.8105,51.316365],[-2.810517,51.317145],[-2.810244,51.317163],[-2.81002,51.317156],[-2.808961,51.317221],[-2.80853,51.317217],[-2.808513,51.317216],[-2.808505,51.317187],[-2.808306,51.317201],[-2.808227,51.317188],[-2.807961,51.31634],[-2.807805,51.31598],[-2.807653,51.315972],[-2.807431,51.315923],[-2.807308,51.315848],[-2.807191,51.315814],[-2.806801,51.315593],[-2.806857,51.315566],[-2.807256,51.315512],[-2.807196,51.315272],[-2.808006,51.315168],[-2.808206,51.315191],[-2.808885,51.315426],[-2.809189,51.315506],[-2.80936,51.315538],[-2.809672,51.315557]]]}},{"type":"Feature","properties":{"prn":"12836","url":"https://www.somersetheritage.org.uk/record/12836","name":"Roman pottery and building finds, north of Star","kind":"Monument record"},"geometry":{"type":"Polygon","coordinates":[[[-2.804536,51.324473],[-2.804414,51.324379],[-2.804327,51.32427],[-2.804279,51.324152],[-2.804272,51.324031],[-2.804306,51.323911],[-2.804381,51.323799],[-2.804493,51.323699],[-2.804634,51.323617],[-2.804802,51.323557],[-2.804985,51.32352],[-2.805178,51.323509],[-2.805369,51.323524],[-2.805551,51.323565],[-2.805714,51.32363],[-2.805852,51.323715],[-2.805957,51.323817],[-2.806025,51.323931],[-2.806053,51.324051],[-2.806039,51.324173],[-2.805984,51.324289],[-2.805891,51.324396],[-2.805763,51.324487],[-2.805607,51.324559],[-2.805431,51.324608],[-2.805242,51.324632],[-2.805049,51.32463],[-2.804861,51.324602],[-2.804688,51.324548],[-2.804536,51.324473]]]}},{"type":"Feature","properties":{"prn":"25969","url":"https://www.somersetheritage.org.uk/record/25969","name":"Barrows or clearance cairns, Black Down","kind":"Monument record"},"geometry":{"type":"Polygon","coordinates":[[[-2.76537,51.309568],[-2.765273,51.309865],[-2.765161,51.31005],[-2.765047,51.31008],[-2.76495,51.309976],[-2.765016,51.309717],[-2.765164,51.30941],[-2.765327,51.309262],[-2.765394,51.309446],[-2.76537,51.309568]]]}},{"type":"Feature","properties":{"prn":"10058","url":"https://www.somersetheritage.org.uk/record/10058","name":"Flint scatter, Fry's Hill, Axbridge","kind":"Monument record"},"geometry":{"type":"Polygon","coordinates":[[[-2.806491,51.301956],[-2.806614,51.301889],[-2.80662,51.301855],[-2.806748,51.301752],[-2.80681,51.301677],[-2.806971,51.301417],[-2.806776,51.297973],[-2.80817,51.297979],[-2.810502,51.297909],[-2.812016,51.297799],[-2.813735,51.297604],[-2.814089,51.297547],[-2.81489,51.297617],[-2.815169,51.297476],[-2.815404,51.297334],[-2.815553,51.297267],[-2.815839,51.29709],[-2.816235,51.296909],[-2.816583,51.29682],[-2.817031,51.296807],[-2.817588,51.296897],[-2.817711,51.296926],[-2.817968,51.297026],[-2.818098,51.297056],[-2.818515,51.297281],[-2.818892,51.297535],[-2.818997,51.297616],[-2.819254,51.297891],[-2.819461,51.298354],[-2.819487,51.298485],[-2.81953,51.298557],[-2.81959,51.298757],[-2.819589,51.299066],[-2.819508,51.299327],[-2.819379,51.299588],[-2.819146,51.299912],[-2.819003,51.300044],[-2.818867,51.300141],[-2.818601,51.3005],[-2.818477,51.300638],[-2.818381,51.300835],[-2.818346,51.30094],[-2.818342,51.301012],[-2.817612,51.301085],[-2.816936,51.301121],[-2.816256,51.301196],[-2.813783,51.301296],[-2.813371,51.301332],[-2.81297,51.301325],[-2.812775,51.301296],[-2.812482,51.301297],[-2.811068,51.301402],[-2.810231,51.301434],[-2.806963,51.301982],[-2.806945,51.301947],[-2.806491,51.301956]]]}},{"type":"Feature","properties":{"prn":"10362","url":"https://www.somersetheritage.org.uk/record/10362","name":"Lime kiln, The Perch, Cheddar","kind":"Monument record"},"geometry":{"type":"Polygon","coordinates":[[[-2.78507,51.302148],[-2.784988,51.302177],[-2.784925,51.302261],[-2.784924,51.302369],[-2.784981,51.302418],[-2.785065,51.302442],[-2.785293,51.302444],[-2.785427,51.30241],[-2.785468,51.302371],[-2.785482,51.302278],[-2.78542,51.302161],[-2.78536,51.302117],[-2.785313,51.30211],[-2.78507,51.302148]]]}},{"type":"Feature","properties":{"prn":"10363","url":"https://www.somersetheritage.org.uk/record/10363","name":"Lime kiln, Long Bottom, Cheddar","kind":"Monument record"},"geometry":{"type":"Polygon","coordinates":[[[-2.781746,51.305439],[-2.781698,51.305583],[-2.781697,51.30563],[-2.781713,51.305699],[-2.781748,51.305733],[-2.781835,51.305782],[-2.781973,51.305816],[-2.782205,51.305819],[-2.782257,51.305731],[-2.782265,51.305551],[-2.782245,51.305497],[-2.782157,51.305416],[-2.78201,51.305388],[-2.781746,51.305439]]]}},{"type":"Feature","properties":{"prn":"10376","url":"https://www.somersetheritage.org.uk/record/10376","name":"Lime kiln, Callow Hill, Cheddar","kind":"Monument record"},"geometry":{"type":"Polygon","coordinates":[[[-2.801439,51.297656],[-2.801354,51.297721],[-2.801292,51.297837],[-2.801293,51.297878],[-2.801331,51.297932],[-2.801374,51.297956],[-2.801572,51.297959],[-2.801651,51.297932],[-2.801723,51.297883],[-2.801797,51.297794],[-2.801786,51.297692],[-2.801642,51.297651],[-2.801439,51.297656]]]}},{"type":"Feature","properties":{"prn":"10340","url":"https://www.somersetheritage.org.uk/record/10340","name":"Lime kiln, Lillypool Farm, Cheddar","kind":"Monument record"},"geometry":{"type":"Polygon","coordinates":[[[-2.794678,51.304814],[-2.794705,51.304795],[-2.794736,51.304737],[-2.794721,51.304669],[-2.794684,51.304621],[-2.794595,51.304581],[-2.79454,51.304581],[-2.794481,51.304595],[-2.794382,51.304673],[-2.794362,51.304734],[-2.794381,51.304776],[-2.794438,51.304823],[-2.79457,51.304833],[-2.794678,51.304814]]]}},{"type":"Feature","properties":{"prn":"10778","url":"https://www.somersetheritage.org.uk/record/10778","name":"Church of St Michael and churchyard, Rowberrow","kind":"Monument record"},"geometry":{"type":"Polygon","coordinates":[[[-2.791527,51.32411],[-2.791517,51.324079],[-2.791706,51.324051],[-2.791657,51.323914],[-2.791547,51.323867],[-2.791483,51.323866],[-2.791278,51.323943],[-2.791284,51.32404],[-2.791319,51.324179],[-2.791525,51.324159],[-2.791527,51.32411]]]}},{"type":"Feature","properties":{"prn":"10763","url":"https://www.somersetheritage.org.uk/record/10763","name":"Bronze Age round barrow, Rowberrow","kind":"Monument record"},"geometry":{"type":"Polygon","coordinates":[[[-2.791944,51.321525],[-2.791892,51.321493],[-2.791785,51.321492],[-2.791735,51.321515],[-2.791713,51.321562],[-2.791741,51.321609],[-2.791776,51.321633],[-2.791864,51.321641],[-2.791931,51.321625],[-2.791964,51.321601],[-2.791969,51.321557],[-2.791944,51.321525]]]}},{"type":"Feature","properties":{"prn":"10789","url":"https://www.somersetheritage.org.uk/record/10789","name":"Lime kiln, S of Shipham","kind":"Monument record"},"geometry":{"type":"Polygon","coordinates":[[[-2.796304,51.31177],[-2.796258,51.311772],[-2.796256,51.311753],[-2.796302,51.311751],[-2.796304,51.31177]]]}},{"type":"Feature","properties":{"prn":"12707","url":"https://www.somersetheritage.org.uk/record/12707","name":"Mine shaft, Star Inn, Star","kind":"Monument record"},"geometry":{"type":"Polygon","coordinates":[[[-2.806682,51.322197],[-2.80653,51.322207],[-2.806504,51.322248],[-2.806492,51.322315],[-2.806579,51.322364],[-2.806724,51.322358],[-2.806783,51.322333],[-2.806815,51.322283],[-2.806768,51.322222],[-2.806682,51.322197]]]}},{"type":"Feature","properties":{"prn":"12706","url":"https://www.somersetheritage.org.uk/record/12706","name":"Mine shaft, west of Shipham","kind":"Monument record"},"geometry":{"type":"Polygon","coordinates":[[[-2.801857,51.313541],[-2.801775,51.313538],[-2.801735,51.313894],[-2.802907,51.313946],[-2.802945,51.313587],[-2.801857,51.313541]]]}},{"type":"Feature","properties":{"prn":"10761","url":"https://www.somersetheritage.org.uk/record/10761","name":"Lime kiln, Cheddarcombe Lane, Shipham","kind":"Monument record"},"geometry":{"type":"Polygon","coordinates":[[[-2.803527,51.318971],[-2.803464,51.318937],[-2.803521,51.318886],[-2.803593,51.318917],[-2.803527,51.318971]]]}},{"type":"Feature","properties":{"prn":"42301","url":"https://www.somersetheritage.org.uk/record/42301","name":"Warren House, Rowberrow","kind":"Monument record"},"geometry":{"type":"Polygon","coordinates":[[[-2.781141,51.319668],[-2.780737,51.320012],[-2.780381,51.320092],[-2.780076,51.320128],[-2.779793,51.319527],[-2.780784,51.319432],[-2.781141,51.319668]]]}},{"type":"Feature","properties":{"prn":"10787","url":"https://www.somersetheritage.org.uk/record/10787","name":"Thistle Well, S of Cuck Hill, Shipham","kind":"Monument record"},"geometry":{"type":"Polygon","coordinates":[[[-2.798973,51.308953],[-2.799029,51.308973],[-2.799038,51.308997],[-2.799026,51.309017],[-2.798968,51.309034],[-2.798918,51.309014],[-2.798909,51.308994],[-2.798921,51.30897],[-2.798973,51.308953]]]}},{"type":"Feature","properties":{"prn":"10768","url":"https://www.somersetheritage.org.uk/record/10768","name":"Bronze age round barrow, Rowberrow Warren, Shipham","kind":"Monument record"},"geometry":{"type":"Polygon","coordinates":[[[-2.766999,51.322535],[-2.766887,51.322518],[-2.766875,51.322468],[-2.766893,51.322442],[-2.766965,51.322426],[-2.767032,51.322446],[-2.76705,51.322465],[-2.76705,51.322493],[-2.766999,51.322535]]]}},{"type":"Feature","properties":{"prn":"10770","url":"https://www.somersetheritage.org.uk/record/10770","name":"Cairn, Rowberrow Warren, Shipham","kind":"Monument record"},"geometry":{"type":"Polygon","coordinates":[[[-2.774578,51.322528],[-2.774479,51.322546],[-2.774426,51.322527],[-2.774422,51.322496],[-2.774474,51.322465],[-2.774544,51.322465],[-2.77459,51.322494],[-2.774578,51.322528]]]}},{"type":"Feature","properties":{"prn":"10771","url":"https://www.somersetheritage.org.uk/record/10771","name":"Barrow, 280m NNW of Longbottom Farm, Shipham","kind":"Monument record"},"geometry":{"type":"Polygon","coordinates":[[[-2.780763,51.309765],[-2.780818,51.309822],[-2.780907,51.309853],[-2.780988,51.309831],[-2.781023,51.309773],[-2.78101,51.309731],[-2.780767,51.309743],[-2.780763,51.309765]]]}},{"type":"Feature","properties":{"prn":"11532","url":"https://www.somersetheritage.org.uk/record/11532","name":"Ruined buildings S of Rowberrow","kind":"Monument record"},"geometry":{"type":"Polygon","coordinates":[[[-2.787779,51.31957],[-2.787771,51.319545],[-2.787694,51.319552],[-2.787701,51.319579],[-2.787779,51.31957]]]}},{"type":"Feature","properties":{"prn":"11538","url":"https://www.somersetheritage.org.uk/record/11538","name":"Medieval building, Rowberrow Bottom","kind":"Monument record"},"geometry":{"type":"Polygon","coordinates":[[[-2.785632,51.324042],[-2.785637,51.324077],[-2.785756,51.324079],[-2.785754,51.324047],[-2.785632,51.324042]]]}},{"type":"Feature","properties":{"prn":"11543","url":"https://www.somersetheritage.org.uk/record/11543","name":"Ruined building, Rowberrow Bottom","kind":"Monument record"},"geometry":{"type":"Polygon","coordinates":[[[-2.78538,51.323362],[-2.785428,51.323372],[-2.785379,51.323462],[-2.785332,51.323453],[-2.78538,51.323362]]]}},{"type":"Feature","properties":{"prn":"10769","url":"https://www.somersetheritage.org.uk/record/10769","name":"Round barrow site, Rowberrow Warren, Shipham","kind":"Monument record"},"geometry":{"type":"Polygon","coordinates":[[[-2.774984,51.321244],[-2.775124,51.321177],[-2.775142,51.321142],[-2.775149,51.321061],[-2.775139,51.320981],[-2.775095,51.320918],[-2.774948,51.320791],[-2.774769,51.320709],[-2.774585,51.32069],[-2.774382,51.320698],[-2.774233,51.320758],[-2.774181,51.320888],[-2.7742,51.32109],[-2.77426,51.321185],[-2.774381,51.3213],[-2.774522,51.321349],[-2.77459,51.321349],[-2.774984,51.321244]]]}},{"type":"Feature","properties":{"prn":"10775","url":"https://www.somersetheritage.org.uk/record/10775","name":"Linear earthworks, Rowberrow Warren","kind":"Monument record"},"geometry":{"type":"MultiPolygon","coordinates":[[[[-2.774935,51.314451],[-2.774989,51.314462],[-2.774994,51.314519],[-2.774635,51.314813],[-2.774418,51.314897],[-2.77438,51.314871],[-2.774606,51.314706],[-2.774656,51.314625],[-2.774935,51.314451]]],[[[-2.776236,51.314817],[-2.776267,51.314827],[-2.776236,51.314905],[-2.776122,51.31498],[-2.775714,51.315182],[-2.775482,51.315178],[-2.775505,51.315068],[-2.775671,51.315073],[-2.776054,51.314939],[-2.776179,51.314882],[-2.776203,51.314824],[-2.776236,51.314817]]],[[[-2.775373,51.315217],[-2.775468,51.315269],[-2.77532,51.315406],[-2.775191,51.315461],[-2.775038,51.31544],[-2.775019,51.3154],[-2.775139,51.315372],[-2.775271,51.315306],[-2.775373,51.315217]]]]}},{"type":"Feature","properties":{"prn":"10780","url":"https://www.somersetheritage.org.uk/record/10780","name":"Cobbled road, E of Lippiat Lane, Shipham","kind":"Monument record"},"geometry":{"type":"Polygon","coordinates":[[[-2.780385,51.31244],[-2.780652,51.312551],[-2.780882,51.312613],[-2.781501,51.312829],[-2.782072,51.312988],[-2.78276,51.313298],[-2.782875,51.313257],[-2.782948,51.313358],[-2.782728,51.313424],[-2.782358,51.3133],[-2.782135,51.313253],[-2.782019,51.313197],[-2.781896,51.313091],[-2.781353,51.312906],[-2.780814,51.3127],[-2.780343,51.312481],[-2.780385,51.31244]]]}},{"type":"Feature","properties":{"prn":"10784","url":"https://www.somersetheritage.org.uk/record/10784","name":"Lime kiln, Totterdown, Rowberrow","kind":"Monument record"},"geometry":{"type":"Polygon","coordinates":[[[-2.782935,51.319173],[-2.782803,51.319162],[-2.782722,51.319196],[-2.782665,51.31926],[-2.782659,51.319324],[-2.782675,51.319351],[-2.782749,51.319405],[-2.782827,51.319424],[-2.78293,51.319428],[-2.782975,51.319412],[-2.783023,51.319354],[-2.783035,51.319292],[-2.782935,51.319173]]]}},{"type":"Feature","properties":{"prn":"10795","url":"https://www.somersetheritage.org.uk/record/10795","name":"Polished flint axe find, Rowberrow Warren, Shipham","kind":"Monument record"},"geometry":{"type":"Polygon","coordinates":[[[-2.776027,51.320823],[-2.77597,51.320842],[-2.775912,51.320917],[-2.775916,51.321038],[-2.775948,51.321088],[-2.77599,51.321118],[-2.776149,51.321142],[-2.776212,51.321107],[-2.776243,51.321058],[-2.776243,51.320977],[-2.776227,51.320934],[-2.776027,51.320823]]]}},{"type":"Feature","properties":{"prn":"11411","url":"https://www.somersetheritage.org.uk/record/11411","name":"Rangers hut, Rowberrow Warren, Shipham","kind":"Monument record"},"geometry":{"type":"Polygon","coordinates":[[[-2.771813,51.322154],[-2.771767,51.322182],[-2.771728,51.322254],[-2.771733,51.322349],[-2.771774,51.322403],[-2.771838,51.322437],[-2.77195,51.322464],[-2.772017,51.322465],[-2.772083,51.322434],[-2.772108,51.322405],[-2.772116,51.322326],[-2.772078,51.322216],[-2.771987,51.322161],[-2.771904,51.322146],[-2.771813,51.322154]]]}},{"type":"Feature","properties":{"prn":"11472","url":"https://www.somersetheritage.org.uk/record/11472","name":"Enclosure, Rowberrow Warren","kind":"Monument record"},"geometry":{"type":"Polygon","coordinates":[[[-2.777837,51.310929],[-2.777372,51.311172],[-2.778165,51.311852],[-2.778683,51.31162],[-2.778399,51.311263],[-2.778099,51.310982],[-2.777958,51.310895],[-2.777837,51.310929]]]}},{"type":"Feature","properties":{"prn":"11487","url":"https://www.somersetheritage.org.uk/record/11487","name":"Circular enclosure, Rowbarrow Warren","kind":"Monument record"},"geometry":{"type":"Polygon","coordinates":[[[-2.773714,51.313844],[-2.773777,51.313821],[-2.773828,51.31377],[-2.773833,51.313702],[-2.773745,51.313622],[-2.773669,51.313608],[-2.77353,51.313613],[-2.773433,51.313653],[-2.773399,51.313722],[-2.773423,51.313784],[-2.773505,51.313834],[-2.773563,51.313848],[-2.773714,51.313844]]]}},{"type":"Feature","properties":{"prn":"11495","url":"https://www.somersetheritage.org.uk/record/11495","name":"Quarry, S of Lyncombe Lane, Shipham","kind":"Monument record"},"geometry":{"type":"Polygon","coordinates":[[[-2.80074,51.325674],[-2.800715,51.325892],[-2.800183,51.325905],[-2.80043,51.325708],[-2.80069,51.325617],[-2.800697,51.325638],[-2.800745,51.325641],[-2.80074,51.325674]]]}},{"type":"Feature","properties":{"prn":"11494","url":"https://www.somersetheritage.org.uk/record/11494","name":"Bank and ditch, Rowberrow Warren, Shipham","kind":"Monument record"},"geometry":{"type":"Polygon","coordinates":[[[-2.776598,51.3146],[-2.776567,51.314659],[-2.776496,51.314689],[-2.776409,51.314688],[-2.776332,51.31465],[-2.776224,51.314482],[-2.776138,51.314408],[-2.775966,51.314301],[-2.775835,51.314119],[-2.775668,51.313989],[-2.77555,51.313814],[-2.775523,51.313654],[-2.775541,51.313609],[-2.775593,51.313576],[-2.775665,51.313563],[-2.775725,51.313571],[-2.775783,51.3136],[-2.775808,51.313636],[-2.77583,51.31377],[-2.775917,51.313898],[-2.776083,51.314027],[-2.776203,51.314197],[-2.776347,51.314285],[-2.776473,51.314391],[-2.776598,51.3146]]]}},{"type":"Feature","properties":{"prn":"11489","url":"https://www.somersetheritage.org.uk/record/11489","name":"Lime kiln S of Lyncombe Lane, Shipham","kind":"Monument record"},"geometry":{"type":"Polygon","coordinates":[[[-2.800745,51.325641],[-2.800747,51.325675],[-2.800702,51.325669],[-2.800699,51.325638],[-2.800745,51.325641]]]}},{"type":"Feature","properties":{"prn":"11523","url":"https://www.somersetheritage.org.uk/record/11523","name":"Fields, Rowberrow Warren, Rowberrow","kind":"Monument record"},"geometry":{"type":"Polygon","coordinates":[[[-2.780607,51.313949],[-2.780515,51.313836],[-2.780104,51.313852],[-2.779945,51.313878],[-2.779807,51.314048],[-2.779703,51.314381],[-2.779688,51.314714],[-2.779783,51.314952],[-2.7801,51.315345],[-2.780261,51.315432],[-2.780522,51.315431],[-2.780591,51.315399],[-2.78068,51.315285],[-2.780696,51.315072],[-2.780663,51.314927],[-2.780612,51.314827],[-2.78054,51.314734],[-2.780498,51.314608],[-2.780496,51.314508],[-2.780607,51.313949]]]}},{"type":"Feature","properties":{"prn":"11524","url":"https://www.somersetheritage.org.uk/record/11524","name":"Enclosure, Rowberrow Warren, Rowberrow","kind":"Monument record"},"geometry":{"type":"Polygon","coordinates":[[[-2.777966,51.313962],[-2.77753,51.314008],[-2.777474,51.313941],[-2.777417,51.313746],[-2.777897,51.313627],[-2.777966,51.313962]]]}},{"type":"Feature","properties":{"prn":"11525","url":"https://www.somersetheritage.org.uk/record/11525","name":"Enclosure, N of Totterdown, Rowberrow","kind":"Monument record"},"geometry":{"type":"Polygon","coordinates":[[[-2.783809,51.320664],[-2.784283,51.320634],[-2.784088,51.320337],[-2.783637,51.320325],[-2.783488,51.32034],[-2.783481,51.320431],[-2.783536,51.320544],[-2.783615,51.320631],[-2.783809,51.320664]]]}},{"type":"Feature","properties":{"prn":"11527","url":"https://www.somersetheritage.org.uk/record/11527","name":"Rectilinear AP marks, Rowberrow Warren","kind":"Monument record"},"geometry":{"type":"Polygon","coordinates":[[[-2.766115,51.313633],[-2.764914,51.313691],[-2.765275,51.314907],[-2.767035,51.314782],[-2.766457,51.313744],[-2.766115,51.313633]]]}},{"type":"Feature","properties":{"prn":"11529","url":"https://www.somersetheritage.org.uk/record/11529","name":"Rectlinear AP mark, Rowberrow Warren","kind":"Monument record"},"geometry":{"type":"Polygon","coordinates":[[[-2.773169,51.323167],[-2.773141,51.323219],[-2.773083,51.323248],[-2.772997,51.323254],[-2.772931,51.323233],[-2.772537,51.323017],[-2.772373,51.322778],[-2.772094,51.322584],[-2.771923,51.322497],[-2.771526,51.322589],[-2.770671,51.323046],[-2.770612,51.323058],[-2.770538,51.32305],[-2.770474,51.323014],[-2.770454,51.322969],[-2.770495,51.322905],[-2.771368,51.322437],[-2.771949,51.322304],[-2.772021,51.322316],[-2.772284,51.322449],[-2.772604,51.322669],[-2.772761,51.322901],[-2.773129,51.323103],[-2.773169,51.323167]]]}},{"type":"Feature","properties":{"prn":"11531","url":"https://www.somersetheritage.org.uk/record/11531","name":"Farm site, Rowberrow","kind":"Monument record"},"geometry":{"type":"Polygon","coordinates":[[[-2.789578,51.319856],[-2.789457,51.319551],[-2.789335,51.319365],[-2.789248,51.319314],[-2.78902,51.319341],[-2.789,51.319313],[-2.788121,51.31955],[-2.788077,51.31975],[-2.787942,51.319939],[-2.787925,51.320063],[-2.788017,51.320135],[-2.788136,51.320146],[-2.7895,51.319886],[-2.789578,51.319856]]]}},{"type":"Feature","properties":{"prn":"11533","url":"https://www.somersetheritage.org.uk/record/11533","name":"Ruined building, Holloway Lane, Rowberrow","kind":"Monument record"},"geometry":{"type":"Polygon","coordinates":[[[-2.783526,51.314787],[-2.783676,51.314759],[-2.783781,51.314698],[-2.783775,51.314616],[-2.783696,51.314532],[-2.783589,51.314472],[-2.783376,51.31447],[-2.783232,51.314532],[-2.78317,51.314614],[-2.783191,51.314693],[-2.783279,51.314762],[-2.783381,51.314788],[-2.783526,51.314787]]]}},{"type":"Feature","properties":{"prn":"11534","url":"https://www.somersetheritage.org.uk/record/11534","name":"Building, Holloway Lane, Rowberrow","kind":"Monument record"},"geometry":{"type":"Polygon","coordinates":[[[-2.783057,51.314496],[-2.783104,51.314457],[-2.783108,51.314399],[-2.783078,51.314314],[-2.783019,51.314254],[-2.782975,51.314227],[-2.7828,51.314189],[-2.782582,51.314199],[-2.782563,51.314248],[-2.782551,51.314385],[-2.782636,51.314499],[-2.782767,51.314559],[-2.782898,51.314561],[-2.783057,51.314496]]]}},{"type":"Feature","properties":{"prn":"11535","url":"https://www.somersetheritage.org.uk/record/11535","name":"Pond, E end Lippiatt Lane, Shipham","kind":"Monument record"},"geometry":{"type":"Polygon","coordinates":[[[-2.7828,51.313352],[-2.782872,51.313319],[-2.782874,51.313285],[-2.782855,51.31325],[-2.782816,51.313228],[-2.782739,51.313222],[-2.782655,51.313259],[-2.782643,51.313302],[-2.782662,51.313349],[-2.782707,51.313363],[-2.7828,51.313352]]]}},{"type":"Feature","properties":{"prn":"11539","url":"https://www.somersetheritage.org.uk/record/11539","name":"Ruined building, Rowberrow Warren","kind":"Monument record"},"geometry":{"type":"Polygon","coordinates":[[[-2.78404,51.324],[-2.784031,51.324064],[-2.784142,51.324071],[-2.784145,51.324043],[-2.784189,51.324045],[-2.784194,51.324008],[-2.78404,51.324]]]}},{"type":"Feature","properties":{"prn":"11540","url":"https://www.somersetheritage.org.uk/record/11540","name":"Well, Rowberrow Bottom","kind":"Monument record"},"geometry":{"type":"Polygon","coordinates":[[[-2.78342,51.324057],[-2.783418,51.323948],[-2.783402,51.323921],[-2.783346,51.323913],[-2.78333,51.323928],[-2.783352,51.324051],[-2.78342,51.324057]]]}},{"type":"Feature","properties":{"prn":"11541","url":"https://www.somersetheritage.org.uk/record/11541","name":"Field system, N end of Rowberrow Warren","kind":"Monument record"},"geometry":{"type":"Polygon","coordinates":[[[-2.784415,51.321913],[-2.784575,51.321962],[-2.784734,51.322038],[-2.784866,51.322023],[-2.784973,51.32198],[-2.785061,51.322106],[-2.785178,51.322234],[-2.785183,51.322269],[-2.78512,51.322292],[-2.785041,51.322351],[-2.785008,51.32238],[-2.784986,51.322432],[-2.785021,51.322614],[-2.785023,51.322764],[-2.785068,51.323038],[-2.78531,51.323187],[-2.78543,51.323236],[-2.785596,51.323256],[-2.785472,51.323589],[-2.785474,51.324162],[-2.785453,51.32417],[-2.785406,51.324141],[-2.784861,51.324078],[-2.784371,51.324069],[-2.784346,51.324093],[-2.784184,51.324089],[-2.782977,51.324017],[-2.78215,51.323922],[-2.781306,51.323789],[-2.78001,51.323644],[-2.77991,51.323679],[-2.779876,51.323676],[-2.779465,51.323424],[-2.779373,51.323322],[-2.779316,51.323187],[-2.779308,51.322975],[-2.779435,51.322984],[-2.779522,51.322967],[-2.779993,51.322966],[-2.780315,51.322935],[-2.781527,51.32262],[-2.781796,51.322579],[-2.782304,51.322442],[-2.782913,51.322203],[-2.784142,51.321955],[-2.784415,51.321913]]]}},{"type":"Feature","properties":{"prn":"11542","url":"https://www.somersetheritage.org.uk/record/11542","name":"Trackway, Rowberrow Bottom","kind":"Monument record"},"geometry":{"type":"Polygon","coordinates":[[[-2.78542,51.323587],[-2.784915,51.323562],[-2.78461,51.323503],[-2.784108,51.323451],[-2.783528,51.323428],[-2.783009,51.323312],[-2.78196,51.322973],[-2.781774,51.32281],[-2.781588,51.322598],[-2.781653,51.322577],[-2.781855,51.322805],[-2.782059,51.322963],[-2.78309,51.32327],[-2.783081,51.323307],[-2.783491,51.323381],[-2.784217,51.323396],[-2.784957,51.323467],[-2.785252,51.323472],[-2.785461,51.323518],[-2.78542,51.323587]]]}},{"type":"Feature","properties":{"prn":"11562","url":"https://www.somersetheritage.org.uk/record/11562","name":"Trackway, Rowberrow Bottom","kind":"Monument record"},"geometry":{"type":"Polygon","coordinates":[[[-2.781948,51.316654],[-2.781935,51.316692],[-2.781855,51.316775],[-2.7818,51.316892],[-2.781757,51.317096],[-2.781759,51.317232],[-2.781706,51.317386],[-2.781616,51.317522],[-2.781604,51.317722],[-2.781654,51.318064],[-2.781626,51.318099],[-2.781578,51.318123],[-2.781505,51.318132],[-2.781445,51.318121],[-2.781391,51.318089],[-2.781372,51.318052],[-2.781316,51.317724],[-2.781329,51.317498],[-2.781431,51.317333],[-2.781472,51.317216],[-2.78147,51.317091],[-2.781517,51.316861],[-2.78159,51.316705],[-2.78166,51.316631],[-2.781657,51.316463],[-2.781509,51.316154],[-2.781507,51.316107],[-2.781552,51.316061],[-2.781631,51.316039],[-2.781705,51.316046],[-2.781776,51.316089],[-2.781941,51.316428],[-2.781948,51.316654]]]}},{"type":"Feature","properties":{"prn":"11563","url":"https://www.somersetheritage.org.uk/record/11563","name":"Revetted terracess, Rowberrow Bottom","kind":"Monument record"},"geometry":{"type":"Polygon","coordinates":[[[-2.781543,51.315922],[-2.781532,51.315961],[-2.781475,51.316002],[-2.781102,51.316119],[-2.780992,51.316124],[-2.780948,51.316109],[-2.780434,51.315757],[-2.780374,51.315692],[-2.780367,51.315645],[-2.780406,51.315597],[-2.780773,51.315424],[-2.780894,51.315415],[-2.780947,51.315435],[-2.781251,51.315649],[-2.781515,51.315871],[-2.781543,51.315922]]]}},{"type":"Feature","properties":{"prn":"11564","url":"https://www.somersetheritage.org.uk/record/11564","name":"Ruined structure, Rowberrow Bottom","kind":"Monument record"},"geometry":{"type":"Polygon","coordinates":[[[-2.780415,51.31243],[-2.780515,51.31245],[-2.780625,51.31243],[-2.780683,51.312371],[-2.780678,51.312313],[-2.78064,51.312263],[-2.780556,51.312228],[-2.780381,51.312224],[-2.780315,51.312267],[-2.78029,51.312333],[-2.780323,51.312394],[-2.780415,51.31243]]]}},{"type":"Feature","properties":{"prn":"11565","url":"https://www.somersetheritage.org.uk/record/11565","name":"Field boundaries and revetments, Rowberrow Bottom","kind":"Monument record"},"geometry":{"type":"Polygon","coordinates":[[[-2.77932,51.311724],[-2.779387,51.311817],[-2.779686,51.311887],[-2.779884,51.311896],[-2.78013,51.311832],[-2.780195,51.31176],[-2.78021,51.311656],[-2.780174,51.311512],[-2.78009,51.311398],[-2.779956,51.311317],[-2.779658,51.311257],[-2.77951,51.311268],[-2.779379,51.3113],[-2.779265,51.311394],[-2.779184,51.311498],[-2.779185,51.31157],[-2.77932,51.311724]]]}},{"type":"Feature","properties":{"prn":"11566","url":"https://www.somersetheritage.org.uk/record/11566","name":"Stone stile S of Shipham","kind":"Monument record"},"geometry":{"type":"Polygon","coordinates":[[[-2.799291,51.309557],[-2.799356,51.309557],[-2.799381,51.309524],[-2.799356,51.309489],[-2.799285,51.309487],[-2.799258,51.309533],[-2.799291,51.309557]]]}},{"type":"Feature","properties":{"prn":"11583","url":"https://www.somersetheritage.org.uk/record/11583","name":"Shanty town plots, Shipham","kind":"Monument record"},"geometry":{"type":"Polygon","coordinates":[[[-2.797835,51.309394],[-2.797581,51.309479],[-2.797557,51.309552],[-2.797087,51.309702],[-2.797056,51.309644],[-2.795316,51.310007],[-2.795402,51.310718],[-2.795362,51.31072],[-2.795408,51.311162],[-2.795731,51.311153],[-2.795909,51.31128],[-2.79659,51.311123],[-2.796589,51.311095],[-2.797821,51.311076],[-2.798751,51.311009],[-2.799133,51.311003],[-2.799665,51.311099],[-2.799817,51.311107],[-2.799857,51.311085],[-2.799948,51.311103],[-2.800228,51.3111],[-2.8006,51.311056],[-2.800776,51.310962],[-2.800486,51.310597],[-2.800463,51.310604],[-2.800325,51.310414],[-2.800299,51.310396],[-2.800254,51.310394],[-2.800235,51.310368],[-2.80028,51.310342],[-2.800137,51.310175],[-2.799975,51.310019],[-2.799805,51.309911],[-2.799486,51.309646],[-2.799411,51.309608],[-2.799178,51.309545],[-2.799018,51.309465],[-2.798606,51.309353],[-2.798474,51.30917],[-2.797835,51.309394]]]}},{"type":"Feature","properties":{"prn":"11584","url":"https://www.somersetheritage.org.uk/record/11584","name":"Shanty town plots, Shipham","kind":"Monument record"},"geometry":{"type":"Polygon","coordinates":[[[-2.788295,51.312855],[-2.788235,51.313221],[-2.788418,51.31324],[-2.788361,51.313517],[-2.788612,51.313543],[-2.788644,51.313704],[-2.788633,51.313932],[-2.787458,51.313738],[-2.787018,51.313707],[-2.787015,51.313625],[-2.786975,51.313618],[-2.786951,51.313616],[-2.786919,51.31369],[-2.786432,51.313681],[-2.785894,51.313641],[-2.785703,51.313593],[-2.785453,51.313568],[-2.785456,51.313557],[-2.785297,51.313563],[-2.784722,51.313532],[-2.784683,51.313552],[-2.783991,51.313492],[-2.783931,51.313263],[-2.783884,51.312903],[-2.783885,51.312635],[-2.785663,51.312656],[-2.78605,51.312701],[-2.786209,51.312684],[-2.786679,51.312681],[-2.786914,51.312712],[-2.787291,51.312708],[-2.787507,51.312754],[-2.788295,51.312855]]]}},{"type":"Feature","properties":{"prn":"11927","url":"https://www.somersetheritage.org.uk/record/11927","name":"Stock pond, Winscombe Drove, Shipham","kind":"Monument record"},"geometry":{"type":"Polygon","coordinates":[[[-2.809483,51.304438],[-2.809559,51.304477],[-2.809721,51.304491],[-2.809933,51.304494],[-2.810032,51.304458],[-2.810149,51.30432],[-2.810146,51.304191],[-2.810095,51.304106],[-2.809975,51.30404],[-2.809794,51.304014],[-2.809676,51.30403],[-2.80957,51.30407],[-2.80949,51.304137],[-2.809462,51.304286],[-2.809483,51.304438]]]}},{"type":"Feature","properties":{"prn":"11928","url":"https://www.somersetheritage.org.uk/record/11928","name":"Field system, Winterhead Hill, Shipham","kind":"Monument record"},"geometry":{"type":"Polygon","coordinates":[[[-2.804845,51.307963],[-2.804516,51.307668],[-2.802004,51.308108],[-2.801884,51.308375],[-2.803427,51.309512],[-2.803015,51.30862],[-2.80416,51.30872],[-2.804759,51.308746],[-2.805078,51.308657],[-2.805296,51.308314],[-2.805276,51.308],[-2.804845,51.307963]]]}},{"type":"Feature","properties":{"prn":"11929","url":"https://www.somersetheritage.org.uk/record/11929","name":"Circular cropmark, S of Winscombe Drove, Shipham","kind":"Monument record"},"geometry":{"type":"Polygon","coordinates":[[[-2.802991,51.306068],[-2.803115,51.306005],[-2.803213,51.30591],[-2.803161,51.305817],[-2.80306,51.305739],[-2.80291,51.305725],[-2.802686,51.305742],[-2.802537,51.30579],[-2.802464,51.3059],[-2.802466,51.305994],[-2.802493,51.306087],[-2.802617,51.306102],[-2.802991,51.306068]]]}},{"type":"Feature","properties":{"prn":"11931","url":"https://www.somersetheritage.org.uk/record/11931","name":"Stone stile, Winterhead Hill, Shipham","kind":"Monument record"},"geometry":{"type":"Polygon","coordinates":[[[-2.805832,51.308439],[-2.805873,51.30844],[-2.80588,51.308416],[-2.805863,51.308399],[-2.805824,51.308406],[-2.805832,51.308439]]]}},{"type":"Feature","properties":{"prn":"11934","url":"https://www.somersetheritage.org.uk/record/11934","name":"Linear banks and ditches, Rowberrow Warren","kind":"Monument record"},"geometry":{"type":"Polygon","coordinates":[[[-2.773139,51.30982],[-2.773473,51.311273],[-2.773432,51.311887],[-2.77324,51.312762],[-2.772993,51.31341],[-2.773002,51.313911],[-2.773241,51.31433],[-2.77374,51.314844],[-2.774751,51.315177],[-2.775371,51.315237],[-2.775784,51.315218],[-2.776092,51.315119],[-2.776578,51.314906],[-2.77646,51.314017],[-2.776274,51.313679],[-2.776115,51.31347],[-2.776084,51.313115],[-2.77615,51.312484],[-2.776144,51.312128],[-2.775985,51.31187],[-2.775437,51.311454],[-2.775094,51.311036],[-2.774521,51.3107],[-2.773741,51.310301],[-2.773558,51.310157],[-2.773348,51.309948],[-2.773139,51.30982]]]}},{"type":"Feature","properties":{"prn":"11935","url":"https://www.somersetheritage.org.uk/record/11935","name":"Deserted village, Rowberrow","kind":"Monument record"},"geometry":{"type":"Polygon","coordinates":[[[-2.783135,51.318735],[-2.783547,51.31885],[-2.78415,51.319087],[-2.784532,51.319295],[-2.784739,51.319442],[-2.78507,51.319772],[-2.785468,51.320084],[-2.785536,51.320161],[-2.785529,51.320366],[-2.785616,51.320602],[-2.78564,51.320741],[-2.785643,51.320946],[-2.78561,51.321151],[-2.785612,51.321277],[-2.785661,51.3214],[-2.785833,51.321615],[-2.785816,51.321816],[-2.785759,51.322102],[-2.785747,51.322802],[-2.785759,51.32286],[-2.785673,51.323168],[-2.785633,51.323259],[-2.78543,51.323236],[-2.78531,51.323187],[-2.785068,51.323038],[-2.785023,51.322764],[-2.785021,51.322614],[-2.784984,51.322452],[-2.784994,51.322404],[-2.785021,51.322368],[-2.78512,51.322292],[-2.785183,51.322269],[-2.785171,51.322219],[-2.785061,51.322106],[-2.784965,51.32197],[-2.785149,51.321762],[-2.785285,51.32146],[-2.785333,51.321224],[-2.78539,51.32067],[-2.785375,51.320572],[-2.785409,51.320399],[-2.785357,51.320367],[-2.785321,51.320368],[-2.785278,51.320294],[-2.785204,51.320243],[-2.785227,51.320224],[-2.785099,51.320107],[-2.784709,51.319875],[-2.784408,51.319835],[-2.783995,51.319739],[-2.783952,51.319741],[-2.783918,51.31979],[-2.783323,51.319664],[-2.783313,51.319656],[-2.783338,51.319601],[-2.782829,51.319384],[-2.782804,51.319362],[-2.782827,51.319328],[-2.782971,51.31928],[-2.783017,51.319242],[-2.782875,51.319005],[-2.782815,51.318854],[-2.782709,51.318678],[-2.782697,51.318497],[-2.782723,51.318323],[-2.782739,51.318312],[-2.782784,51.318335],[-2.782832,51.318464],[-2.782963,51.318661],[-2.783135,51.318735]]]}},{"type":"Feature","properties":{"prn":"11936","url":"https://www.somersetheritage.org.uk/record/11936","name":"Trackway and building, Holloway Lane, Rowberrow","kind":"Monument record"},"geometry":{"type":"Polygon","coordinates":[[[-2.785067,51.315569],[-2.785056,51.315608],[-2.784945,51.315716],[-2.784763,51.315795],[-2.784537,51.3158],[-2.784218,51.315721],[-2.784032,51.315793],[-2.783754,51.315866],[-2.783371,51.316021],[-2.783059,51.316074],[-2.78298,51.316051],[-2.782935,51.315996],[-2.782945,51.31595],[-2.783001,51.315909],[-2.783247,51.315857],[-2.783616,51.315708],[-2.783897,51.315634],[-2.784142,51.315532],[-2.784229,51.315529],[-2.784592,51.315621],[-2.784671,51.315621],[-2.784727,51.315597],[-2.784837,51.3155],[-2.784931,51.315482],[-2.78503,51.315512],[-2.785067,51.315569]]]}},{"type":"Feature","properties":{"prn":"44951","url":"https://www.somersetheritage.org.uk/record/44951","name":"Flint finds, Tynings Farm","kind":"Monument record"},"geometry":{"type":"Polygon","coordinates":[[[-2.763653,51.303619],[-2.763666,51.303699],[-2.76372,51.303801],[-2.763871,51.30393],[-2.764087,51.304016],[-2.764253,51.304043],[-2.764381,51.304046],[-2.764629,51.304007],[-2.76474,51.303967],[-2.764866,51.303894],[-2.76494,51.303828],[-2.764993,51.303755],[-2.765023,51.303677],[-2.76503,51.303597],[-2.765013,51.303517],[-2.764972,51.30344],[-2.76491,51.30337],[-2.764827,51.303308],[-2.764728,51.303257],[-2.764576,51.303208],[-2.764324,51.303183],[-2.764074,51.303217],[-2.763861,51.303305],[-2.763714,51.303436],[-2.763672,51.303512],[-2.763653,51.303619]]]}},{"type":"Feature","properties":{"prn":"44952","url":"https://www.somersetheritage.org.uk/record/44952","name":"Flint finds, SW of Tynings Farm, Cheddar","kind":"Monument record"},"geometry":{"type":"Polygon","coordinates":[[[-2.766591,51.304688],[-2.766604,51.304768],[-2.766658,51.30487],[-2.766809,51.304999],[-2.767025,51.305085],[-2.767148,51.305108],[-2.767319,51.305115],[-2.767567,51.305076],[-2.767712,51.30502],[-2.767804,51.304963],[-2.767878,51.304898],[-2.767931,51.304824],[-2.767961,51.304746],[-2.767968,51.304666],[-2.767951,51.304586],[-2.76791,51.304509],[-2.767848,51.304439],[-2.767765,51.304377],[-2.767554,51.304287],[-2.767432,51.304262],[-2.767262,51.304252],[-2.767012,51.304286],[-2.766799,51.304374],[-2.766715,51.304436],[-2.766635,51.30453],[-2.766601,51.304608],[-2.766591,51.304688]]]}},{"type":"Feature","properties":{"prn":"11520","url":"https://www.somersetheritage.org.uk/record/11520","name":"Second World War anti aircraft obstructions, Fry's Hill, Axbridge","kind":"Monument record"},"geometry":{"type":"MultiPolygon","coordinates":[[[[-2.810833,51.297649],[-2.810847,51.29782],[-2.81013,51.298164],[-2.811717,51.299599],[-2.811483,51.299605],[-2.809958,51.298233],[-2.808299,51.299],[-2.808276,51.298787],[-2.809821,51.298097],[-2.809457,51.297775],[-2.809655,51.297749],[-2.810006,51.298032],[-2.810833,51.297649]]],[[[-2.81262,51.29859],[-2.813764,51.299235],[-2.813767,51.299335],[-2.813684,51.299344],[-2.812453,51.298625],[-2.812459,51.298596],[-2.81262,51.29859]]]]}},{"type":"Feature","properties":{"prn":"15168","url":"https://www.somersetheritage.org.uk/record/15168","name":"Flint scatter, S of Tynings Farm","kind":"Monument record"},"geometry":{"type":"Polygon","coordinates":[[[-2.768541,51.304026],[-2.768566,51.304094],[-2.768622,51.304142],[-2.768703,51.304174],[-2.768812,51.304185],[-2.768905,51.304171],[-2.768993,51.304129],[-2.76904,51.304077],[-2.769054,51.304018],[-2.769032,51.30396],[-2.768967,51.303904],[-2.768885,51.303873],[-2.768775,51.303864],[-2.768669,51.303885],[-2.768597,51.303924],[-2.768553,51.303977],[-2.768541,51.304026]]]}},{"type":"Feature","properties":{"prn":"10767","url":"https://www.somersetheritage.org.uk/record/10767","name":"Rowberrow Cavern, Rowberrow Warren, Shipham","kind":"Monument record"},"geometry":{"type":"Polygon","coordinates":[[[-2.776708,51.318702],[-2.776728,51.318756],[-2.776773,51.318794],[-2.776912,51.318829],[-2.777051,51.318795],[-2.777097,51.318757],[-2.777118,51.318703],[-2.777105,51.318656],[-2.777057,51.318609],[-2.77692,51.318572],[-2.776845,51.318579],[-2.77677,51.318608],[-2.776726,51.318648],[-2.776708,51.318702]]]}},{"type":"Feature","properties":{"prn":"15266","url":"https://www.somersetheritage.org.uk/record/15266","name":"Late Roman coin hoard site, Horseleaze Lane, Star, Shipham","kind":"Monument record"},"geometry":{"type":"Polygon","coordinates":[[[-2.80915,51.3187],[-2.809171,51.318766],[-2.809241,51.31883],[-2.809348,51.318869],[-2.809454,51.318878],[-2.809557,51.318862],[-2.809656,51.318815],[-2.809708,51.318757],[-2.809724,51.318691],[-2.8097,51.318626],[-2.809626,51.318563],[-2.809535,51.318529],[-2.809412,51.318519],[-2.809309,51.318537],[-2.809237,51.318569],[-2.809176,51.318624],[-2.80915,51.3187]]]}},{"type":"Feature","properties":{"prn":"15309","url":"https://www.somersetheritage.org.uk/record/15309","name":"Lowsey Meer Pool and Hundred Acre Barn, NW of Ashridge Farm, Cheddar","kind":"Monument record"},"geometry":{"type":"Polygon","coordinates":[[[-2.773051,51.303576],[-2.772888,51.303602],[-2.772656,51.303603],[-2.772494,51.303326],[-2.772502,51.302911],[-2.772984,51.302915],[-2.773124,51.303341],[-2.773111,51.303485],[-2.773051,51.303576]]]}},{"type":"Feature","properties":{"prn":"38794","url":"https://www.somersetheritage.org.uk/record/38794","name":"Flint scatter, NW of Ashridge Farm, Cheddar","kind":"Monument record"},"geometry":{"type":"Polygon","coordinates":[[[-2.771216,51.302905],[-2.771332,51.302911],[-2.771496,51.302949],[-2.771632,51.303017],[-2.771729,51.303108],[-2.771776,51.303214],[-2.771777,51.303287],[-2.771734,51.303392],[-2.77164,51.303485],[-2.771554,51.303534],[-2.7714,51.303585],[-2.771286,51.303601],[-2.771112,51.303596],[-2.770949,51.303558],[-2.770854,51.303516],[-2.770716,51.303399],[-2.770669,51.303294],[-2.770668,51.303221],[-2.770691,51.303149],[-2.770768,51.303051],[-2.77089,51.302973],[-2.77099,51.302936],[-2.771216,51.302905]]]}},{"type":"Feature","properties":{"prn":"38795","url":"https://www.somersetheritage.org.uk/record/38795","name":"Flint scatter, Shipham Hill, Cheddar","kind":"Monument record"},"geometry":{"type":"Polygon","coordinates":[[[-2.788669,51.303083],[-2.789013,51.303115],[-2.789227,51.303173],[-2.789417,51.303257],[-2.789639,51.303425],[-2.789736,51.303558],[-2.789787,51.3037],[-2.789794,51.303773],[-2.789789,51.303846],[-2.789744,51.303989],[-2.789703,51.304058],[-2.789589,51.304185],[-2.789435,51.304295],[-2.789145,51.304416],[-2.788924,51.304462],[-2.788576,51.304476],[-2.788239,51.304422],[-2.788036,51.30435],[-2.787861,51.304254],[-2.787668,51.304072],[-2.787594,51.303933],[-2.787567,51.303788],[-2.787572,51.303715],[-2.787618,51.303572],[-2.78771,51.303438],[-2.787845,51.303319],[-2.788114,51.30318],[-2.788325,51.303119],[-2.788669,51.303083]]]}},{"type":"Feature","properties":{"prn":"47859","url":"https://www.somersetheritage.org.uk/record/47859","name":"Limekiln and quarry, S of Drove Farm, Shipham","kind":"Monument record"},"geometry":{"type":"Polygon","coordinates":[[[-2.802556,51.30511],[-2.802462,51.305109],[-2.802157,51.305035],[-2.802281,51.304921],[-2.80239,51.304885],[-2.802495,51.304894],[-2.802707,51.304978],[-2.802645,51.305057],[-2.802556,51.30511]]]}},{"type":"Feature","properties":{"prn":"25790","url":"https://www.somersetheritage.org.uk/record/25790","name":"Second World War Burrington \"A\" QL bombing decoy, Black Down.","kind":"Monument record"},"geometry":{"type":"Polygon","coordinates":[[[-2.765887,51.317083],[-2.765904,51.317184],[-2.765951,51.317282],[-2.766056,51.317401],[-2.766164,51.317477],[-2.766293,51.31754],[-2.766438,51.317586],[-2.766756,51.317625],[-2.766972,51.317609],[-2.767125,51.317575],[-2.767266,51.317524],[-2.76739,51.317457],[-2.767491,51.317378],[-2.767587,51.317256],[-2.767625,51.317156],[-2.767634,51.317055],[-2.767612,51.316953],[-2.76756,51.316857],[-2.767481,51.316767],[-2.767377,51.316689],[-2.767251,51.316624],[-2.767109,51.316575],[-2.766954,51.316543],[-2.766738,51.31653],[-2.766421,51.316573],[-2.766278,51.316621],[-2.766151,51.316685],[-2.766016,51.316791],[-2.765944,51.316883],[-2.765901,51.316981],[-2.765887,51.317083]]]}},{"type":"Feature","properties":{"prn":"10772","url":"https://www.somersetheritage.org.uk/record/10772","name":"Barrow, 550m NW of Longbottom Farm, Shipham","kind":"Monument record"},"geometry":{"type":"Polygon","coordinates":[[[-2.7849,51.310744],[-2.784934,51.310798],[-2.785034,51.310823],[-2.785124,51.310795],[-2.785154,51.31074],[-2.785122,51.31069],[-2.785031,51.310663],[-2.784938,51.310686],[-2.7849,51.310744]]]}},{"type":"Feature","properties":{"prn":"10774","url":"https://www.somersetheritage.org.uk/record/10774","name":"Longbottom Camp, 100m NW of Longbottom Farm, Shipham","kind":"Monument record"},"geometry":{"type":"Polygon","coordinates":[[[-2.780472,51.307877],[-2.780462,51.308043],[-2.780242,51.308393],[-2.780082,51.308547],[-2.779945,51.308575],[-2.779023,51.308417],[-2.778946,51.308373],[-2.778816,51.308235],[-2.778822,51.308154],[-2.778999,51.307903],[-2.779287,51.307692],[-2.77948,51.307666],[-2.779943,51.307704],[-2.780249,51.307769],[-2.780472,51.307877]]]}},{"type":"Feature","properties":{"prn":"25854","url":"https://www.somersetheritage.org.uk/record/25854","name":"Settlement, Black Down","kind":"Monument record"},"geometry":{"type":"Polygon","coordinates":[[[-2.759317,51.313301],[-2.757122,51.313135],[-2.756256,51.312938],[-2.755771,51.312941],[-2.755397,51.313146],[-2.755223,51.31353],[-2.755479,51.313742],[-2.756201,51.313963],[-2.756724,51.314084],[-2.757861,51.314335],[-2.758563,51.314432],[-2.759444,51.314471],[-2.75973,51.314346],[-2.759831,51.313973],[-2.759791,51.313715],[-2.759571,51.313457],[-2.759317,51.313301]]]}},{"type":"Feature","properties":{"prn":"24160","url":"https://www.somersetheritage.org.uk/record/24160","name":"Medieval or post-medieval field systemEarthworks, N side of Black Down, Priddy","kind":"Monument record"},"geometry":{"type":"Polygon","coordinates":[[[-2.754146,51.313732],[-2.762664,51.318293],[-2.762314,51.31885],[-2.761206,51.319786],[-2.760679,51.319775],[-2.760069,51.319015],[-2.759448,51.319064],[-2.758356,51.319565],[-2.757472,51.319616],[-2.755981,51.319146],[-2.755376,51.31873],[-2.75518,51.318417],[-2.754911,51.318044],[-2.754712,51.31761],[-2.7549,51.317384],[-2.755659,51.317035],[-2.755868,51.316614],[-2.755742,51.31621],[-2.755005,51.315046],[-2.754639,51.314598],[-2.75449,51.3143],[-2.754199,51.314047],[-2.754125,51.313868],[-2.754146,51.313732]]]}},{"type":"Feature","properties":{"prn":"24134","url":"https://www.somersetheritage.org.uk/record/24134","name":"Bronze age cemetery, SE of Mendip Lodge Wood, Priddy","kind":"Monument record"},"geometry":{"type":"Polygon","coordinates":[[[-2.756208,51.322389],[-2.75607,51.322598],[-2.755929,51.32271],[-2.755883,51.322785],[-2.755897,51.322896],[-2.755863,51.323015],[-2.756044,51.3232],[-2.756317,51.323257],[-2.756507,51.323234],[-2.756624,51.323159],[-2.756943,51.323097],[-2.757082,51.322859],[-2.757066,51.322658],[-2.756958,51.322585],[-2.7566,51.322416],[-2.756422,51.322388],[-2.756208,51.322389]]]}},{"type":"Feature","properties":{"prn":"24128","url":"https://www.somersetheritage.org.uk/record/24128","name":"Beaker occupation and bronze age boiling site, Bos Swallet, Black Down, S of Burrington","kind":"Monument record"},"geometry":{"type":"Polygon","coordinates":[[[-2.760523,51.321872],[-2.760544,51.321939],[-2.760616,51.322004],[-2.760725,51.322045],[-2.760833,51.322054],[-2.760922,51.322042],[-2.761028,51.321998],[-2.761094,51.32193],[-2.76111,51.321863],[-2.761085,51.321796],[-2.761024,51.32174],[-2.760916,51.321697],[-2.760809,51.321686],[-2.760703,51.321701],[-2.760599,51.321747],[-2.760542,51.321805],[-2.760523,51.321872]]]}},{"type":"Feature","properties":{"prn":"24127","url":"https://www.somersetheritage.org.uk/record/24127","name":"Late Iron Age occupation, Read's Cavern, Priddy","kind":"Monument record"},"geometry":{"type":"Polygon","coordinates":[[[-2.764368,51.322517],[-2.76439,51.322547],[-2.764438,51.322556],[-2.764479,51.322542],[-2.764494,51.322515],[-2.764469,51.322485],[-2.764425,51.322477],[-2.764384,51.32249],[-2.764368,51.322517]]]}},{"type":"Feature","properties":{"prn":"39894","url":"https://www.somersetheritage.org.uk/record/39894","name":"August Pit mine, SE of Shipham","kind":"Monument record"},"geometry":{"type":"Polygon","coordinates":[[[-2.79393,51.311983],[-2.793996,51.312009],[-2.794001,51.312037],[-2.793985,51.312058],[-2.793924,51.312073],[-2.793866,51.312047],[-2.793868,51.312006],[-2.79393,51.311983]]]}},{"type":"Feature","properties":{"prn":"11544","url":"https://www.somersetheritage.org.uk/record/11544","name":"Building, Rowberrow Bottom","kind":"Monument record"},"geometry":{"type":"Polygon","coordinates":[[[-2.785376,51.322734],[-2.785391,51.32278],[-2.785432,51.322819],[-2.785517,51.322852],[-2.785592,51.322858],[-2.785665,51.322847],[-2.785736,51.322814],[-2.785777,51.322766],[-2.785784,51.322727],[-2.785767,51.322682],[-2.785715,51.322638],[-2.785649,51.322614],[-2.785562,51.322607],[-2.785429,51.322648],[-2.785389,51.322688],[-2.785376,51.322734]]]}},{"type":"Feature","properties":{"prn":"11545","url":"https://www.somersetheritage.org.uk/record/11545","name":"Building, Rowberrow Bottom","kind":"Monument record"},"geometry":{"type":"Polygon","coordinates":[[[-2.785002,51.322705],[-2.785015,51.322733],[-2.785061,51.32276],[-2.785199,51.32278],[-2.785332,51.322753],[-2.785377,51.3227],[-2.785361,51.322672],[-2.785314,51.322645],[-2.785173,51.322627],[-2.785051,51.322652],[-2.785014,51.322677],[-2.785002,51.322705]]]}},{"type":"Feature","properties":{"prn":"11546","url":"https://www.somersetheritage.org.uk/record/11546","name":"Building, Back Lane, Rowberrow","kind":"Monument record"},"geometry":{"type":"Polygon","coordinates":[[[-2.785159,51.322544],[-2.785171,51.322585],[-2.785205,51.32262],[-2.785318,51.322655],[-2.785437,51.32263],[-2.785483,51.322592],[-2.7855,51.322552],[-2.785493,51.32251],[-2.785464,51.322473],[-2.785407,51.322442],[-2.785335,51.32243],[-2.78521,51.322462],[-2.785174,51.322496],[-2.785159,51.322544]]]}},{"type":"Feature","properties":{"prn":"11547","url":"https://www.somersetheritage.org.uk/record/11547","name":"Building, Back Lane, Rowberrow","kind":"Monument record"},"geometry":{"type":"Polygon","coordinates":[[[-2.785483,51.322312],[-2.785515,51.322393],[-2.785593,51.32243],[-2.785674,51.322404],[-2.785717,51.322321],[-2.78571,51.32227],[-2.785682,51.322226],[-2.785603,51.322191],[-2.785517,51.322225],[-2.785483,51.322312]]]}},{"type":"Feature","properties":{"prn":"11548","url":"https://www.somersetheritage.org.uk/record/11548","name":"Ruined building, Back Lane, Rowberrow","kind":"Monument record"},"geometry":{"type":"Polygon","coordinates":[[[-2.785582,51.32182],[-2.785735,51.321805],[-2.785748,51.321719],[-2.785494,51.32175],[-2.785501,51.321794],[-2.785582,51.32182]]]}},{"type":"Feature","properties":{"prn":"11549","url":"https://www.somersetheritage.org.uk/record/11549","name":"Ruined building, Back Lane, Rowberrow","kind":"Monument record"},"geometry":{"type":"Polygon","coordinates":[[[-2.785369,51.320996],[-2.785398,51.321077],[-2.785475,51.321115],[-2.785546,51.321084],[-2.78558,51.321005],[-2.785553,51.320916],[-2.785471,51.320875],[-2.785395,51.320914],[-2.785369,51.320996]]]}},{"type":"Feature","properties":{"prn":"11550","url":"https://www.somersetheritage.org.uk/record/11550","name":"Ruined structure, Back Lane, Rowberrow","kind":"Monument record"},"geometry":{"type":"Polygon","coordinates":[[[-2.785118,51.320168],[-2.785131,51.320209],[-2.785165,51.320244],[-2.785278,51.320279],[-2.785397,51.320254],[-2.785443,51.320216],[-2.78546,51.320176],[-2.785453,51.320134],[-2.785424,51.320097],[-2.785367,51.320066],[-2.785295,51.320054],[-2.78517,51.320086],[-2.785129,51.320126],[-2.785118,51.320168]]]}},{"type":"Feature","properties":{"prn":"11551","url":"https://www.somersetheritage.org.uk/record/11551","name":"Ruined cottage, Back Lane, Rowberrow","kind":"Monument record"},"geometry":{"type":"Polygon","coordinates":[[[-2.784274,51.319745],[-2.784322,51.319803],[-2.784437,51.319829],[-2.784567,51.319807],[-2.784624,51.319751],[-2.784594,51.319695],[-2.784467,51.319659],[-2.784327,51.319683],[-2.78429,51.319709],[-2.784274,51.319745]]]}},{"type":"Feature","properties":{"prn":"11553","url":"https://www.somersetheritage.org.uk/record/11553","name":"Ruined dwelling, Rowberrow","kind":"Monument record"},"geometry":{"type":"Polygon","coordinates":[[[-2.784534,51.319588],[-2.784543,51.31962],[-2.784576,51.319651],[-2.784682,51.319674],[-2.784768,51.319644],[-2.784799,51.319578],[-2.784754,51.319521],[-2.784646,51.3195],[-2.784568,51.319528],[-2.784534,51.319588]]]}},{"type":"Feature","properties":{"prn":"11554","url":"https://www.somersetheritage.org.uk/record/11554","name":"Ruined building, Rowberrow Bottom","kind":"Monument record"},"geometry":{"type":"Polygon","coordinates":[[[-2.783979,51.319463],[-2.783994,51.3195],[-2.784048,51.319537],[-2.784225,51.319564],[-2.784358,51.319533],[-2.784408,51.319495],[-2.78442,51.319457],[-2.784401,51.31942],[-2.784355,51.319388],[-2.78418,51.319359],[-2.784036,51.319393],[-2.783993,51.319425],[-2.783979,51.319463]]]}},{"type":"Feature","properties":{"prn":"11555","url":"https://www.somersetheritage.org.uk/record/11555","name":"Ruined building, Rowberrow Bottom","kind":"Monument record"},"geometry":{"type":"Polygon","coordinates":[[[-2.783221,51.319223],[-2.783232,51.319284],[-2.783262,51.319338],[-2.783307,51.319375],[-2.78336,51.319391],[-2.783414,51.319384],[-2.783462,51.319354],[-2.783497,51.319306],[-2.783515,51.319236],[-2.783509,51.319174],[-2.783477,51.319109],[-2.783425,51.319066],[-2.783372,51.319052],[-2.783318,51.319061],[-2.783271,51.319092],[-2.78323,51.31916],[-2.783221,51.319223]]]}},{"type":"Feature","properties":{"prn":"11556","url":"https://www.somersetheritage.org.uk/record/11556","name":"Ruined stone structure, Rowberrow Bottom","kind":"Monument record"},"geometry":{"type":"Polygon","coordinates":[[[-2.782978,51.318685],[-2.78302,51.318731],[-2.783124,51.318747],[-2.783209,51.318725],[-2.78324,51.318682],[-2.783207,51.318642],[-2.783106,51.318621],[-2.783018,51.318639],[-2.782978,51.318685]]]}},{"type":"Feature","properties":{"prn":"11557","url":"https://www.somersetheritage.org.uk/record/11557","name":"Ruined house, Rowberrow Bottom","kind":"Monument record"},"geometry":{"type":"Polygon","coordinates":[[[-2.783527,51.318832],[-2.783567,51.318881],[-2.783637,51.318896],[-2.783718,51.318876],[-2.783749,51.318828],[-2.783706,51.31878],[-2.783621,51.318767],[-2.783551,51.318791],[-2.783527,51.318832]]]}},{"type":"Feature","properties":{"prn":"11558","url":"https://www.somersetheritage.org.uk/record/11558","name":"Ruined building, Rowberrow Bottom","kind":"Monument record"},"geometry":{"type":"Polygon","coordinates":[[[-2.783617,51.318984],[-2.783639,51.319019],[-2.783681,51.319034],[-2.783749,51.319021],[-2.783774,51.318987],[-2.783757,51.318951],[-2.783708,51.318932],[-2.783648,51.318942],[-2.783617,51.318984]]]}},{"type":"Feature","properties":{"prn":"11559","url":"https://www.somersetheritage.org.uk/record/11559","name":"Ruined building, Rowberrow","kind":"Monument record"},"geometry":{"type":"Polygon","coordinates":[[[-2.783892,51.319093],[-2.78393,51.319133],[-2.784018,51.319148],[-2.784103,51.319128],[-2.784131,51.319086],[-2.784085,51.319047],[-2.784001,51.319036],[-2.783923,51.319054],[-2.783892,51.319093]]]}},{"type":"Feature","properties":{"prn":"11560","url":"https://www.somersetheritage.org.uk/record/11560","name":"Farm complex, Rowberrow","kind":"Monument record"},"geometry":{"type":"Polygon","coordinates":[[[-2.784151,51.3192],[-2.784188,51.319249],[-2.784268,51.319267],[-2.784348,51.319249],[-2.784386,51.319205],[-2.784351,51.319151],[-2.78428,51.319132],[-2.784192,51.319148],[-2.784151,51.3192]]]}},{"type":"Feature","properties":{"prn":"11561","url":"https://www.somersetheritage.org.uk/record/11561","name":"Building, Rowberrow Bottom","kind":"Monument record"},"geometry":{"type":"Polygon","coordinates":[[[-2.782503,51.317123],[-2.782544,51.317197],[-2.782669,51.317239],[-2.782735,51.317234],[-2.782802,51.317208],[-2.782846,51.317167],[-2.782859,51.317131],[-2.782852,51.317088],[-2.782807,51.317038],[-2.782687,51.317004],[-2.782612,51.317013],[-2.782556,51.317038],[-2.782518,51.317073],[-2.782503,51.317123]]]}},{"type":"Feature","properties":{"prn":"16727","url":"https://www.somersetheritage.org.uk/record/16727","name":"Building remains, N of Winterhead Hill Farm, Shipham","kind":"Monument record"},"geometry":{"type":"Polygon","coordinates":[[[-2.811446,51.309843],[-2.811476,51.309894],[-2.8114,51.309909],[-2.811374,51.309857],[-2.811446,51.309843]]]}},{"type":"Feature","properties":{"prn":"17712","url":"https://www.somersetheritage.org.uk/record/17712","name":"War memorial, The Square, Shipham","kind":"Monument record"},"geometry":{"type":"Polygon","coordinates":[[[-2.798605,51.314191],[-2.798639,51.314194],[-2.798626,51.31418],[-2.798605,51.314191]]]}},{"type":"Feature","properties":{"prn":"17713","url":"https://www.somersetheritage.org.uk/record/17713","name":"Methodist Chapel, The Square, Shipham","kind":"Monument record"},"geometry":{"type":"Polygon","coordinates":[[[-2.797977,51.314011],[-2.797995,51.314234],[-2.797767,51.314255],[-2.797741,51.31401],[-2.797977,51.314011]]]}},{"type":"Feature","properties":{"prn":"17853","url":"https://www.somersetheritage.org.uk/record/17853","name":"Excavation (1959-60), Star Roman Villa","kind":"Event / investigation"},"geometry":{"type":"MultiPolygon","coordinates":[[[[-2.811865,51.324751],[-2.811792,51.324765],[-2.811734,51.324613],[-2.811769,51.324617],[-2.811754,51.324579],[-2.811784,51.324573],[-2.811799,51.324612],[-2.811872,51.324597],[-2.81188,51.324617],[-2.81177,51.324639],[-2.81188,51.324623],[-2.811887,51.32464],[-2.811778,51.324661],[-2.811857,51.324661],[-2.811864,51.324683],[-2.811833,51.32469],[-2.811839,51.324703],[-2.8118,51.324699],[-2.811815,51.324735],[-2.811856,51.324728],[-2.811865,51.324751]]],[[[-2.811803,51.324821],[-2.811777,51.324827],[-2.811732,51.324718],[-2.81172,51.324699],[-2.811694,51.324704],[-2.811668,51.324639],[-2.811728,51.324627],[-2.811803,51.324821]]],[[[-2.811935,51.32458],[-2.811804,51.324605],[-2.811796,51.324587],[-2.811928,51.324561],[-2.811935,51.32458]]],[[[-2.811887,51.32479],[-2.81181,51.324813],[-2.811804,51.324795],[-2.811882,51.324778],[-2.811887,51.32479]]],[[[-2.811826,51.324266],[-2.811825,51.324297],[-2.811802,51.324294],[-2.811804,51.324263],[-2.811826,51.324266]]],[[[-2.811402,51.324176],[-2.811382,51.324187],[-2.811383,51.324175],[-2.811402,51.324176]]],[[[-2.811147,51.324509],[-2.811127,51.32452],[-2.811128,51.324508],[-2.811147,51.324509]]],[[[-2.811622,51.324496],[-2.811621,51.324508],[-2.811602,51.324507],[-2.811622,51.324496]]],[[[-2.811287,51.324226],[-2.811286,51.324237],[-2.811267,51.324236],[-2.811269,51.324224],[-2.811287,51.324226]]],[[[-2.81129,51.324174],[-2.811289,51.324186],[-2.81127,51.324185],[-2.81129,51.324174]]],[[[-2.811862,51.32457],[-2.811852,51.324572],[-2.811848,51.324562],[-2.811858,51.32456],[-2.811862,51.32457]]]]}},{"type":"Feature","properties":{"prn":"17855","url":"https://www.somersetheritage.org.uk/record/17855","name":"Mesolithic occupation, Star Roman villa","kind":"Monument record"},"geometry":{"type":"MultiPolygon","coordinates":[[[[-2.81185,51.324601],[-2.81181,51.324601],[-2.811797,51.324583],[-2.811852,51.324571],[-2.811867,51.324585],[-2.81185,51.324601]]],[[[-2.811748,51.324699],[-2.811743,51.324702],[-2.811736,51.324703],[-2.811732,51.3247],[-2.811737,51.324697],[-2.811745,51.324695],[-2.811748,51.324699]]]]}},{"type":"Feature","properties":{"prn":"17856","url":"https://www.somersetheritage.org.uk/record/17856","name":"Iron Age occupation, Star Roman villa","kind":"Monument record"},"geometry":{"type":"Polygon","coordinates":[[[-2.811897,51.324637],[-2.811841,51.324673],[-2.811744,51.324687],[-2.811689,51.32468],[-2.811663,51.324664],[-2.811651,51.324632],[-2.811664,51.324607],[-2.811717,51.324579],[-2.811817,51.324559],[-2.811884,51.324579],[-2.811903,51.32461],[-2.811897,51.324637]]]}},{"type":"Feature","properties":{"prn":"17859","url":"https://www.somersetheritage.org.uk/record/17859","name":"Geophysical survey (2005), Star Roman villa","kind":"Event / investigation"},"geometry":{"type":"Polygon","coordinates":[[[-2.812871,51.324688],[-2.810995,51.324916],[-2.810919,51.324165],[-2.811492,51.324182],[-2.8115,51.323999],[-2.811541,51.323974],[-2.81155,51.324111],[-2.812223,51.324024],[-2.812273,51.324054],[-2.812512,51.324024],[-2.812871,51.324688]]]}},{"type":"Feature","properties":{"prn":"17957","url":"https://www.somersetheritage.org.uk/record/17957","name":"Possible Mill Mound, Cheddar/Shipham Boundary","kind":"Monument record"},"geometry":{"type":"Polygon","coordinates":[[[-2.796138,51.302751],[-2.796148,51.302793],[-2.796196,51.302843],[-2.796273,51.302875],[-2.796365,51.302885],[-2.796508,51.302843],[-2.796556,51.302794],[-2.796568,51.302744],[-2.796549,51.302695],[-2.796504,51.302654],[-2.796426,51.302623],[-2.796347,51.302615],[-2.796202,51.302653],[-2.796157,51.302694],[-2.796138,51.302751]]]}},{"type":"Feature","properties":{"prn":"18135","url":"https://www.somersetheritage.org.uk/record/18135","name":"Mine shaft, Shaftsbury House, Shipham","kind":"Monument record"},"geometry":{"type":"Polygon","coordinates":[[[-2.797749,51.312625],[-2.797806,51.312647],[-2.797809,51.312675],[-2.797792,51.312692],[-2.797744,51.312702],[-2.797692,51.312676],[-2.797696,51.312644],[-2.797749,51.312625]]]}},{"type":"Feature","properties":{"prn":"39891","url":"https://www.somersetheritage.org.uk/record/39891","name":"Tin Can Alley calamine mine, Cheddarcombe Lane, SE of Star, Shipham","kind":"Monument record"},"geometry":{"type":"Polygon","coordinates":[[[-2.801061,51.318169],[-2.801119,51.318178],[-2.801167,51.318211],[-2.801177,51.318248],[-2.801149,51.318289],[-2.801063,51.318314],[-2.801016,51.318308],[-2.800962,51.318278],[-2.800946,51.318242],[-2.800961,51.318205],[-2.801014,51.318175],[-2.801061,51.318169]]]}},{"type":"Feature","properties":{"prn":"18221","url":"https://www.somersetheritage.org.uk/record/18221","name":"Rifle range, north side of Black Down, Priddy","kind":"Monument record"},"geometry":{"type":"Polygon","coordinates":[[[-2.753069,51.318693],[-2.753102,51.318603],[-2.753214,51.318528],[-2.753369,51.318503],[-2.753522,51.318535],[-2.753587,51.318575],[-2.753637,51.318637],[-2.753649,51.318695],[-2.75363,51.318757],[-2.76134,51.321977],[-2.761364,51.321998],[-2.761365,51.322024],[-2.761324,51.322054],[-2.761256,51.32205],[-2.75355,51.318832],[-2.753463,51.318866],[-2.753375,51.318878],[-2.753269,51.318869],[-2.753188,51.318843],[-2.753097,51.318772],[-2.753069,51.318693]]]}},{"type":"Feature","properties":{"prn":"18719","url":"https://www.somersetheritage.org.uk/record/18719","name":"Earthwork survey (2005), Star Roman villa","kind":"Event / investigation"},"geometry":{"type":"Polygon","coordinates":[[[-2.812889,51.324695],[-2.811004,51.324921],[-2.810909,51.324158],[-2.81145,51.324173],[-2.8114,51.323608],[-2.811224,51.323263],[-2.811123,51.32297],[-2.811385,51.323052],[-2.812202,51.323245],[-2.812193,51.32326],[-2.812213,51.323337],[-2.812281,51.323436],[-2.812358,51.323647],[-2.812555,51.324049],[-2.812546,51.324065],[-2.812889,51.324695]]]}},{"type":"Feature","properties":{"prn":"14059","url":"https://www.somersetheritage.org.uk/record/14059","name":"Boundary stone, Blackdown, Pridddy","kind":"Monument record"},"geometry":{"type":"Polygon","coordinates":[[[-2.765108,51.310474],[-2.76512,51.310493],[-2.765159,51.310502],[-2.765191,51.310489],[-2.765198,51.31047],[-2.765181,51.310451],[-2.765144,51.310445],[-2.765108,51.310474]]]}},{"type":"Feature","properties":{"prn":"14060","url":"https://www.somersetheritage.org.uk/record/14060","name":"Boundary stone, Blackdown, Priddy","kind":"Monument record"},"geometry":{"type":"Polygon","coordinates":[[[-2.764623,51.311254],[-2.764638,51.311278],[-2.764671,51.311289],[-2.764707,51.311284],[-2.764733,51.311259],[-2.764722,51.311232],[-2.764687,51.311219],[-2.764642,51.311227],[-2.764623,51.311254]]]}},{"type":"Feature","properties":{"prn":"14061","url":"https://www.somersetheritage.org.uk/record/14061","name":"Boundary stone site, Blackdown, Priddy","kind":"Monument record"},"geometry":{"type":"Polygon","coordinates":[[[-2.764241,51.312028],[-2.764255,51.312052],[-2.764292,51.312065],[-2.76433,51.31206],[-2.764358,51.312033],[-2.764346,51.312005],[-2.764309,51.311991],[-2.764264,51.311998],[-2.764241,51.312028]]]}},{"type":"Feature","properties":{"prn":"14070","url":"https://www.somersetheritage.org.uk/record/14070","name":"Plouging ridges, Blackdown, Priddy","kind":"Monument record"},"geometry":{"type":"Polygon","coordinates":[[[-2.758907,51.311111],[-2.758938,51.311296],[-2.758997,51.311428],[-2.759085,51.311549],[-2.759198,51.311654],[-2.759333,51.31174],[-2.759484,51.311804],[-2.759648,51.311844],[-2.759817,51.311858],[-2.759986,51.311846],[-2.760202,51.31179],[-2.760348,51.31172],[-2.760477,51.311629],[-2.760582,51.31152],[-2.760661,51.311396],[-2.760711,51.311262],[-2.76073,51.311122],[-2.760706,51.310936],[-2.760652,51.310803],[-2.760568,51.31068],[-2.760459,51.310572],[-2.760328,51.310482],[-2.760179,51.310414],[-2.760017,51.31037],[-2.759792,51.310351],[-2.759568,51.310379],[-2.75941,51.310429],[-2.759266,51.310503],[-2.759141,51.310597],[-2.759039,51.310709],[-2.758965,51.310835],[-2.75892,51.310971],[-2.758907,51.311111]]]}},{"type":"Feature","properties":{"prn":"14072","url":"https://www.somersetheritage.org.uk/record/14072","name":"Boundary stone, S of Read's Cavern, Priddy","kind":"Monument record"},"geometry":{"type":"Polygon","coordinates":[[[-2.764616,51.322204],[-2.764629,51.322231],[-2.764678,51.322249],[-2.764729,51.322241],[-2.764759,51.32221],[-2.764741,51.322173],[-2.764695,51.322158],[-2.764637,51.322171],[-2.764616,51.322204]]]}},{"type":"Feature","properties":{"prn":"14073","url":"https://www.somersetheritage.org.uk/record/14073","name":"Pond, Blackdown, Priddy","kind":"Monument record"},"geometry":{"type":"Polygon","coordinates":[[[-2.758224,51.30987],[-2.758,51.310016],[-2.757814,51.310031],[-2.757703,51.310005],[-2.757808,51.30981],[-2.758018,51.309862],[-2.758224,51.30987]]]}},{"type":"Feature","properties":{"prn":"14075","url":"https://www.somersetheritage.org.uk/record/14075","name":"Pond, Blackdown, Priddy","kind":"Monument record"},"geometry":{"type":"Polygon","coordinates":[[[-2.76505,51.31071],[-2.764905,51.310692],[-2.764889,51.310678],[-2.764895,51.310639],[-2.764933,51.310594],[-2.765027,51.310606],[-2.765029,51.310656],[-2.76506,51.310705],[-2.76505,51.31071]]]}},{"type":"Feature","properties":{"prn":"11930","url":"https://www.somersetheritage.org.uk/record/11930","name":"Circular cropmark, N of Callow Drove,Callow Hill, Shipham","kind":"Monument record"},"geometry":{"type":"Polygon","coordinates":[[[-2.805438,51.303687],[-2.805455,51.303621],[-2.805495,51.303573],[-2.80557,51.30353],[-2.805679,51.303507],[-2.805792,51.303517],[-2.805888,51.303558],[-2.805944,51.303613],[-2.805966,51.303677],[-2.805952,51.303743],[-2.805904,51.3038],[-2.805813,51.303847],[-2.805718,51.303863],[-2.80562,51.303854],[-2.805522,51.303815],[-2.805464,51.303762],[-2.805438,51.303687]]]}},{"type":"Feature","properties":{"prn":"11926","url":"https://www.somersetheritage.org.uk/record/11926","name":"Lime kiln, S of Winscombe Drove, Shipham","kind":"Monument record"},"geometry":{"type":"Polygon","coordinates":[[[-2.805195,51.304312],[-2.805187,51.304249],[-2.805103,51.30425],[-2.805108,51.304318],[-2.805195,51.304312]]]}},{"type":"Feature","properties":{"prn":"14084","url":"https://www.somersetheritage.org.uk/record/14084","name":"Possible circular enclosure, N of Callow Drove, Shipham","kind":"Monument record"},"geometry":{"type":"Polygon","coordinates":[[[-2.80435,51.303883],[-2.80437,51.303946],[-2.804426,51.304],[-2.804525,51.304042],[-2.804642,51.304054],[-2.804757,51.304033],[-2.804837,51.303993],[-2.804887,51.303937],[-2.804902,51.303874],[-2.804879,51.303811],[-2.804821,51.303758],[-2.80472,51.303718],[-2.804619,51.303708],[-2.804503,51.303726],[-2.804433,51.303757],[-2.804368,51.30382],[-2.80435,51.303883]]]}},{"type":"Feature","properties":{"prn":"19269","url":"https://www.somersetheritage.org.uk/record/19269","name":"Quarry pits, S of Longbottom, Cheddar","kind":"Monument record"},"geometry":{"type":"Polygon","coordinates":[[[-2.778255,51.303594],[-2.778512,51.303569],[-2.779008,51.30345],[-2.779599,51.30355],[-2.779765,51.30356],[-2.781165,51.303574],[-2.782555,51.302999],[-2.78257,51.302791],[-2.782413,51.301118],[-2.78232,51.301072],[-2.782062,51.301097],[-2.780962,51.301359],[-2.779836,51.301274],[-2.779764,51.301332],[-2.779018,51.302977],[-2.77714,51.303035],[-2.77548,51.302885],[-2.773174,51.301583],[-2.772914,51.301493],[-2.769124,51.300629],[-2.768884,51.300619],[-2.768684,51.300724],[-2.768764,51.301139],[-2.769005,51.30123],[-2.772718,51.301852],[-2.773126,51.301999],[-2.775281,51.303082],[-2.775521,51.303138],[-2.776961,51.303337],[-2.778088,51.303514],[-2.778255,51.303594]]]}},{"type":"Feature","properties":{"prn":"19270","url":"https://www.somersetheritage.org.uk/record/19270","name":"Quarry pits, Longbottom, Cheddar","kind":"Monument record"},"geometry":{"type":"Polygon","coordinates":[[[-2.784206,51.306893],[-2.784324,51.306898],[-2.784362,51.306806],[-2.784379,51.306639],[-2.784437,51.306602],[-2.784505,51.306577],[-2.785006,51.306568],[-2.785231,51.306511],[-2.785259,51.306412],[-2.785179,51.306339],[-2.78442,51.305001],[-2.784583,51.304791],[-2.78456,51.304618],[-2.784373,51.304552],[-2.784019,51.304536],[-2.783756,51.304661],[-2.783699,51.304803],[-2.783741,51.30495],[-2.783929,51.305035],[-2.784816,51.306359],[-2.784768,51.306409],[-2.784298,51.306505],[-2.78422,51.306554],[-2.784155,51.306795],[-2.784206,51.306893]]]}},{"type":"Feature","properties":{"prn":"11462","url":"https://www.somersetheritage.org.uk/record/11462","name":"Field banks E of Shipham Hill Quarry, Cheddar","kind":"Monument record"},"geometry":{"type":"Polygon","coordinates":[[[-2.783116,51.30275],[-2.784024,51.30245],[-2.784096,51.302226],[-2.784106,51.301706],[-2.783937,51.300633],[-2.783745,51.30041],[-2.783575,51.300376],[-2.783312,51.300425],[-2.77929,51.301913],[-2.7769,51.301172],[-2.776104,51.301134],[-2.776106,51.301805],[-2.776278,51.302678],[-2.777088,51.302962],[-2.779484,51.302909],[-2.781731,51.302678],[-2.782505,51.302867],[-2.783116,51.30275]]]}},{"type":"Feature","properties":{"prn":"14491","url":"https://www.somersetheritage.org.uk/record/14491","name":"Geophysical Survey (2006) Longbottom Farm, Shipham","kind":"Event / investigation"},"geometry":{"type":"Polygon","coordinates":[[[-2.778426,51.308468],[-2.779127,51.308464],[-2.77912,51.308405],[-2.779441,51.308415],[-2.779467,51.308542],[-2.780307,51.308514],[-2.780343,51.308243],[-2.780594,51.308227],[-2.780653,51.307812],[-2.780483,51.307807],[-2.780497,51.307675],[-2.779176,51.307603],[-2.779139,51.307783],[-2.778916,51.307768],[-2.778895,51.307902],[-2.778668,51.307914],[-2.77868,51.308306],[-2.778429,51.308311],[-2.778426,51.308468]]]}},{"type":"Feature","properties":{"prn":"24509","url":"https://www.somersetheritage.org.uk/record/24509","name":"Earthwork Survey (2006), Longbottom Camp, Shipham","kind":"Event / investigation"},"geometry":{"type":"Polygon","coordinates":[[[-2.780587,51.308425],[-2.77826,51.308561],[-2.777991,51.308364],[-2.778359,51.30814],[-2.778646,51.30775],[-2.779124,51.307775],[-2.779133,51.307592],[-2.780673,51.307655],[-2.780587,51.308425]]]}},{"type":"Feature","properties":{"prn":"20024","url":"https://www.somersetheritage.org.uk/record/20024","name":"Mining remains, west of Shipham","kind":"Monument record"},"geometry":{"type":"Polygon","coordinates":[[[-2.801006,51.313782],[-2.800957,51.313932],[-2.801152,51.313948],[-2.801158,51.314148],[-2.801245,51.314621],[-2.801422,51.314928],[-2.801757,51.315018],[-2.802022,51.315011],[-2.802122,51.31498],[-2.802267,51.315005],[-2.802372,51.314985],[-2.802437,51.315001],[-2.802403,51.315145],[-2.802468,51.31522],[-2.802593,51.315211],[-2.802678,51.315248],[-2.802728,51.315217],[-2.802658,51.31516],[-2.802672,51.315088],[-2.803002,51.315125],[-2.803053,51.31515],[-2.803178,51.315143],[-2.803493,51.315177],[-2.803613,51.315158],[-2.803983,51.315173],[-2.804078,51.31521],[-2.804173,51.315213],[-2.804468,51.315319],[-2.804538,51.3153],[-2.804533,51.315256],[-2.804368,51.315182],[-2.804032,51.315088],[-2.804022,51.315044],[-2.803882,51.31501],[-2.803817,51.315023],[-2.803347,51.314949],[-2.803272,51.314955],[-2.803227,51.314977],[-2.803067,51.314965],[-2.803031,51.314871],[-2.802871,51.314828],[-2.802706,51.314806],[-2.802721,51.314765],[-2.802796,51.314746],[-2.802886,51.314768],[-2.803026,51.314743],[-2.803056,51.314711],[-2.80301,51.314686],[-2.80293,51.31468],[-2.802995,51.31463],[-2.80303,51.314558],[-2.80299,51.31453],[-2.802999,51.314483],[-2.802919,51.314473],[-2.802865,51.314558],[-2.802825,51.314561],[-2.80274,51.314514],[-2.802239,51.314343],[-2.802038,51.314215],[-2.802053,51.314178],[-2.802293,51.314215],[-2.802373,51.314208],[-2.802698,51.314283],[-2.802914,51.314307],[-2.803048,51.314304],[-2.803083,51.314216],[-2.803067,51.314122],[-2.803092,51.314025],[-2.803347,51.313996],[-2.803527,51.314014],[-2.803612,51.314005],[-2.803567,51.313945],[-2.803837,51.313957],[-2.803862,51.314039],[-2.803937,51.31406],[-2.804382,51.314053],[-2.804467,51.314028],[-2.804517,51.313956],[-2.804506,51.313896],[-2.804561,51.313805],[-2.804755,51.313679],[-2.804785,51.31361],[-2.804789,51.313532],[-2.804709,51.31351],[-2.8046,51.313539],[-2.804384,51.313461],[-2.804274,51.313449],[-2.804194,51.313361],[-2.803923,51.313261],[-2.803688,51.313199],[-2.803573,51.313143],[-2.803373,51.313128],[-2.803033,51.313219],[-2.802873,51.31322],[-2.802563,51.313211],[-2.802518,51.313155],[-2.802458,51.313149],[-2.802158,51.313184],[-2.802063,51.313222],[-2.801989,51.313272],[-2.801699,51.31332],[-2.801619,51.313304],[-2.801489,51.313336],[-2.801489,51.313383],[-2.80141,51.313458],[-2.80133,51.313496],[-2.801295,51.313552],[-2.80137,51.313621],[-2.801356,51.313656],[-2.801221,51.313684],[-2.801166,51.313741],[-2.801006,51.313782]]]}},{"type":"Feature","properties":{"prn":"20048","url":"https://www.somersetheritage.org.uk/record/20048","name":"Field boundaries, S of Shipham","kind":"Monument record"},"geometry":{"type":"Polygon","coordinates":[[[-2.798928,51.312166],[-2.799848,51.312293],[-2.799905,51.312275],[-2.799838,51.311762],[-2.799781,51.31161],[-2.798883,51.311616],[-2.79884,51.311639],[-2.798885,51.311951],[-2.798878,51.312144],[-2.798928,51.312166]]]}},{"type":"Feature","properties":{"prn":"20071","url":"https://www.somersetheritage.org.uk/record/20071","name":"Field boundaries, W of Shipham","kind":"Monument record"},"geometry":{"type":"Polygon","coordinates":[[[-2.801581,51.312687],[-2.801656,51.312678],[-2.801677,51.312633],[-2.801652,51.312557],[-2.801648,51.312445],[-2.801551,51.312222],[-2.801141,51.312235],[-2.801098,51.312154],[-2.801026,51.312132],[-2.800984,51.312148],[-2.800999,51.31225],[-2.801074,51.312313],[-2.801419,51.312279],[-2.801487,51.312352],[-2.801505,51.312428],[-2.801334,51.312442],[-2.801303,51.312495],[-2.801331,51.312515],[-2.801506,51.312531],[-2.801524,51.312596],[-2.801521,51.312674],[-2.801581,51.312687]]]}},{"type":"Feature","properties":{"prn":"20217","url":"https://www.somersetheritage.org.uk/record/20217","name":"Field system, W of Rowberrow","kind":"Monument record"},"geometry":{"type":"Polygon","coordinates":[[[-2.793407,51.318808],[-2.793089,51.3187],[-2.792789,51.318636],[-2.791386,51.318744],[-2.791641,51.319293],[-2.791414,51.319383],[-2.791507,51.319679],[-2.791333,51.319746],[-2.79141,51.320142],[-2.791703,51.320823],[-2.791728,51.321307],[-2.79178,51.3215],[-2.791925,51.321496],[-2.791955,51.321477],[-2.791961,51.321024],[-2.792036,51.320815],[-2.792327,51.320857],[-2.792609,51.320921],[-2.79325,51.320895],[-2.793445,51.321014],[-2.793805,51.321045],[-2.794063,51.321208],[-2.79415,51.321653],[-2.794304,51.321911],[-2.794497,51.321926],[-2.79453,51.321794],[-2.794437,51.321475],[-2.794308,51.321163],[-2.79429,51.32113],[-2.793962,51.320939],[-2.793886,51.320648],[-2.793798,51.320131],[-2.793654,51.31989],[-2.793576,51.319473],[-2.793438,51.319077],[-2.793407,51.318808]]]}},{"type":"Feature","properties":{"prn":"20255","url":"https://www.somersetheritage.org.uk/record/20255","name":"Lynchet, W of New Road, Shipham","kind":"Monument record"},"geometry":{"type":"Polygon","coordinates":[[[-2.79911,51.321036],[-2.79904,51.32102],[-2.798917,51.321049],[-2.798983,51.321296],[-2.798985,51.321422],[-2.799039,51.321516],[-2.799178,51.321889],[-2.799321,51.322042],[-2.799349,51.322157],[-2.799538,51.322398],[-2.799626,51.32242],[-2.799661,51.322386],[-2.799614,51.322227],[-2.799533,51.322118],[-2.799523,51.322041],[-2.799451,51.321942],[-2.799422,51.321832],[-2.799331,51.32164],[-2.799183,51.321201],[-2.79911,51.321036]]]}},{"type":"Feature","properties":{"prn":"20291","url":"https://www.somersetheritage.org.uk/record/20291","name":"Field boundaries, N of Rowberrow","kind":"Monument record"},"geometry":{"type":"Polygon","coordinates":[[[-2.788916,51.321705],[-2.788653,51.321751],[-2.788409,51.321824],[-2.787486,51.321814],[-2.787392,51.32144],[-2.787216,51.321447],[-2.787267,51.321805],[-2.787402,51.322029],[-2.787424,51.322288],[-2.787135,51.322356],[-2.787167,51.322658],[-2.787249,51.322823],[-2.787364,51.323411],[-2.787546,51.32374],[-2.789503,51.323655],[-2.789553,51.323534],[-2.789405,51.323089],[-2.789209,51.322419],[-2.788997,51.321804],[-2.788916,51.321705]]]}},{"type":"Feature","properties":{"prn":"20594","url":"https://www.somersetheritage.org.uk/record/20594","name":"Field boundaries, S of Rowberrow","kind":"Monument record"},"geometry":{"type":"Polygon","coordinates":[[[-2.787226,51.319436],[-2.787393,51.31947],[-2.78745,51.319462],[-2.787396,51.319368],[-2.78758,51.319318],[-2.787663,51.319322],[-2.787721,51.319344],[-2.787804,51.319327],[-2.787938,51.31923],[-2.787911,51.319156],[-2.787731,51.318948],[-2.787676,51.3188],[-2.787561,51.318743],[-2.787151,51.318616],[-2.786843,51.318632],[-2.786773,51.318605],[-2.786692,51.318528],[-2.786635,51.318534],[-2.786631,51.31857],[-2.786685,51.318625],[-2.786713,51.318718],[-2.78683,51.318852],[-2.787088,51.319329],[-2.787146,51.319381],[-2.787169,51.319428],[-2.787226,51.319436]]]}},{"type":"Feature","properties":{"prn":"21087","url":"https://www.somersetheritage.org.uk/record/21087","name":"Dewpond, N of Longbottom, Shipham","kind":"Monument record"},"geometry":{"type":"Polygon","coordinates":[[[-2.787687,51.309421],[-2.787728,51.309476],[-2.787832,51.309483],[-2.787928,51.309465],[-2.787956,51.309423],[-2.787935,51.309379],[-2.787886,51.309348],[-2.787819,51.309346],[-2.787687,51.309385],[-2.787687,51.309421]]]}},{"type":"Feature","properties":{"prn":"21088","url":"https://www.somersetheritage.org.uk/record/21088","name":"Dewpond, Cuckhill, Shipham","kind":"Monument record"},"geometry":{"type":"Polygon","coordinates":[[[-2.79345,51.309964],[-2.793467,51.309983],[-2.793506,51.309989],[-2.793536,51.309979],[-2.793545,51.309959],[-2.79349,51.309937],[-2.79345,51.309964]]]}},{"type":"Feature","properties":{"prn":"21089","url":"https://www.somersetheritage.org.uk/record/21089","name":"Dewpond, N of Manchester Farm, Shipham","kind":"Monument record"},"geometry":{"type":"Polygon","coordinates":[[[-2.792983,51.308945],[-2.793017,51.308997],[-2.793097,51.309016],[-2.793173,51.308991],[-2.793198,51.308937],[-2.793162,51.308891],[-2.793081,51.308873],[-2.793015,51.308893],[-2.792983,51.308945]]]}},{"type":"Feature","properties":{"prn":"21090","url":"https://www.somersetheritage.org.uk/record/21090","name":"Medieval ridge and furrow cultivation, N of Longbottom Camp, Shipham","kind":"Monument record"},"geometry":{"type":"Polygon","coordinates":[[[-2.779279,51.308431],[-2.779378,51.308428],[-2.779282,51.309338],[-2.779375,51.309489],[-2.779936,51.309735],[-2.780217,51.309686],[-2.780814,51.309666],[-2.781178,51.309612],[-2.781327,51.309559],[-2.78141,51.309579],[-2.781625,51.30951],[-2.781815,51.309509],[-2.782065,51.30957],[-2.78253,51.309566],[-2.782662,51.309529],[-2.782736,51.309451],[-2.784141,51.309613],[-2.784348,51.309601],[-2.78438,51.309549],[-2.784024,51.308584],[-2.783961,51.308335],[-2.783818,51.308195],[-2.78351,51.308166],[-2.783162,51.308184],[-2.782965,51.308274],[-2.782734,51.308405],[-2.782421,51.308527],[-2.782436,51.308896],[-2.782187,51.308898],[-2.781963,51.308925],[-2.781668,51.309151],[-2.781501,51.309074],[-2.781474,51.308955],[-2.781291,51.30894],[-2.78107,51.309119],[-2.78097,51.309072],[-2.780934,51.308943],[-2.780825,51.308865],[-2.780791,51.308793],[-2.779941,51.308391],[-2.779891,51.30811],[-2.779686,51.308012],[-2.7796,51.308039],[-2.779563,51.308088],[-2.779057,51.308076],[-2.779027,51.30829],[-2.779279,51.308431]]]}},{"type":"Feature","properties":{"prn":"21091","url":"https://www.somersetheritage.org.uk/record/21091","name":"Medieval ridge and furrow cultivation, SW of Longbottom Farm, Cheddar","kind":"Monument record"},"geometry":{"type":"Polygon","coordinates":[[[-2.782316,51.306224],[-2.782025,51.3062],[-2.781825,51.306201],[-2.780619,51.306511],[-2.780686,51.306994],[-2.780828,51.30705],[-2.781541,51.307019],[-2.782247,51.307082],[-2.782612,51.307075],[-2.782728,51.307058],[-2.783069,51.307103],[-2.783466,51.307048],[-2.783796,51.306916],[-2.783934,51.306717],[-2.783935,51.306312],[-2.783872,51.306005],[-2.783747,51.305965],[-2.782952,51.306105],[-2.782805,51.306205],[-2.782607,51.306295],[-2.782499,51.30629],[-2.782316,51.306224]]]}},{"type":"Feature","properties":{"prn":"21092","url":"https://www.somersetheritage.org.uk/record/21092","name":"Dewpond, W of Longbottom Farm, Shipham","kind":"Monument record"},"geometry":{"type":"Polygon","coordinates":[[[-2.782325,51.307223],[-2.782359,51.307278],[-2.782444,51.307304],[-2.782544,51.307279],[-2.78258,51.307224],[-2.782542,51.307165],[-2.782457,51.307141],[-2.782363,51.307164],[-2.782325,51.307223]]]}},{"type":"Feature","properties":{"prn":"21093","url":"https://www.somersetheritage.org.uk/record/21093","name":"Strip field boundaries, W of Longbottom Camp, Shipham","kind":"Monument record"},"geometry":{"type":"Polygon","coordinates":[[[-2.782579,51.308293],[-2.782885,51.308215],[-2.7831,51.308185],[-2.783131,51.308065],[-2.783022,51.307465],[-2.782977,51.307304],[-2.782915,51.307315],[-2.78292,51.307567],[-2.782526,51.307573],[-2.782537,51.307768],[-2.7825,51.308036],[-2.782535,51.308113],[-2.782533,51.308283],[-2.782579,51.308293]]]}},{"type":"Feature","properties":{"prn":"21094","url":"https://www.somersetheritage.org.uk/record/21094","name":"Mine workings, SE of Shipham","kind":"Monument record"},"geometry":{"type":"Polygon","coordinates":[[[-2.781397,51.311483],[-2.781293,51.311453],[-2.781114,51.311454],[-2.78103,51.31147],[-2.781046,51.311501],[-2.781151,51.311547],[-2.781196,51.311602],[-2.781271,51.311655],[-2.781319,51.311847],[-2.781384,51.311893],[-2.781724,51.312375],[-2.781722,51.312508],[-2.781822,51.312564],[-2.781928,51.312669],[-2.781983,51.312702],[-2.782141,51.31268],[-2.7822,51.312645],[-2.782164,51.312583],[-2.781922,51.312346],[-2.781467,51.311787],[-2.78139,51.311626],[-2.781413,51.311526],[-2.781397,51.311483]]]}},{"type":"Feature","properties":{"prn":"21095","url":"https://www.somersetheritage.org.uk/record/21095","name":"Trackways, Rowberrow Warren","kind":"Monument record"},"geometry":{"type":"Polygon","coordinates":[[[-2.769536,51.31628],[-2.769587,51.31617],[-2.768614,51.315812],[-2.767162,51.315205],[-2.76707,51.314963],[-2.766449,51.314637],[-2.766215,51.314286],[-2.765592,51.313838],[-2.763701,51.313201],[-2.763171,51.313061],[-2.762638,51.312701],[-2.762251,51.312714],[-2.760192,51.312562],[-2.759424,51.312909],[-2.759513,51.312974],[-2.761109,51.313355],[-2.761738,51.313678],[-2.762865,51.313743],[-2.763357,51.313432],[-2.764644,51.313889],[-2.764301,51.314387],[-2.764408,51.31454],[-2.765082,51.314877],[-2.767166,51.315458],[-2.767857,51.315795],[-2.767825,51.315983],[-2.768706,51.316054],[-2.769201,51.316227],[-2.769536,51.31628]]]}},{"type":"Feature","properties":{"prn":"21097","url":"https://www.somersetheritage.org.uk/record/21097","name":"Trackways, Rowberrow Warren, Shipham","kind":"Monument record"},"geometry":{"type":"Polygon","coordinates":[[[-2.765512,51.309995],[-2.765849,51.310113],[-2.767131,51.31037],[-2.767701,51.310551],[-2.768727,51.310804],[-2.768928,51.310903],[-2.769278,51.310776],[-2.769372,51.310715],[-2.770061,51.310821],[-2.770284,51.310804],[-2.770873,51.31069],[-2.772117,51.310622],[-2.772436,51.31057],[-2.772773,51.310678],[-2.773475,51.310653],[-2.774063,51.310469],[-2.775181,51.310472],[-2.775515,51.310379],[-2.776251,51.310475],[-2.777084,51.310619],[-2.777898,51.311104],[-2.778088,51.311023],[-2.777772,51.310745],[-2.776863,51.31036],[-2.775663,51.310188],[-2.774835,51.310304],[-2.77406,51.310309],[-2.773148,51.3102],[-2.772727,51.310318],[-2.771739,51.310444],[-2.770805,51.310435],[-2.769833,51.310547],[-2.769038,51.310327],[-2.768422,51.310206],[-2.767215,51.310159],[-2.765782,51.309893],[-2.765454,51.30989],[-2.765432,51.30996],[-2.765512,51.309995]]]}},{"type":"Feature","properties":{"prn":"41514","url":"https://www.somersetheritage.org.uk/record/41514","name":"Alleged mound, Black Down, Shipham","kind":"Monument record"},"geometry":{"type":"Polygon","coordinates":[[[-2.760491,51.320073],[-2.760549,51.32008],[-2.760616,51.320117],[-2.760636,51.320162],[-2.760609,51.320215],[-2.760552,51.320245],[-2.760494,51.320253],[-2.760422,51.320241],[-2.760369,51.320209],[-2.760349,51.320164],[-2.760367,51.320119],[-2.760419,51.320086],[-2.760491,51.320073]]]}},{"type":"Feature","properties":{"prn":"21098","url":"https://www.somersetheritage.org.uk/record/21098","name":"Linear earthworks, Rowberrow Warren","kind":"Monument record"},"geometry":{"type":"MultiPolygon","coordinates":[[[[-2.776336,51.314923],[-2.77703,51.315124],[-2.776622,51.315451],[-2.775755,51.315369],[-2.775998,51.315112],[-2.776336,51.314923]]],[[[-2.774473,51.31504],[-2.774768,51.315241],[-2.774925,51.315287],[-2.774993,51.315324],[-2.774958,51.315357],[-2.775042,51.31544],[-2.775323,51.315462],[-2.775799,51.315537],[-2.77578,51.315574],[-2.775733,51.315605],[-2.775652,51.315595],[-2.775628,51.31557],[-2.775412,51.315524],[-2.775296,51.31554],[-2.77514,51.315534],[-2.775012,51.315497],[-2.774652,51.315442],[-2.774375,51.315363],[-2.774348,51.315409],[-2.774276,51.315417],[-2.774032,51.315366],[-2.773806,51.315227],[-2.773829,51.315179],[-2.77435,51.315048],[-2.774473,51.31504]]]]}},{"type":"Feature","properties":{"prn":"21099","url":"https://www.somersetheritage.org.uk/record/21099","name":"Mining remains, Rowberrow Warren, Shipham","kind":"Monument record"},"geometry":{"type":"Polygon","coordinates":[[[-2.766309,51.31363],[-2.766183,51.313746],[-2.766138,51.313901],[-2.766051,51.313977],[-2.765923,51.313963],[-2.765573,51.31404],[-2.765286,51.314027],[-2.765198,51.314058],[-2.765054,51.314494],[-2.765066,51.314724],[-2.764947,51.31476],[-2.764939,51.314805],[-2.765028,51.314859],[-2.765212,51.314848],[-2.765684,51.31491],[-2.765844,51.314924],[-2.765939,51.314913],[-2.766085,51.315003],[-2.766197,51.315037],[-2.766268,51.314996],[-2.766106,51.314882],[-2.765392,51.314166],[-2.765495,51.314131],[-2.765808,51.314199],[-2.766063,51.314212],[-2.766281,51.314351],[-2.766442,51.31439],[-2.766474,51.31444],[-2.766436,51.31451],[-2.76658,51.314574],[-2.766892,51.314597],[-2.766986,51.314511],[-2.766953,51.314431],[-2.766818,51.314442],[-2.766697,51.314413],[-2.766736,51.314318],[-2.766733,51.314153],[-2.766755,51.314027],[-2.766809,51.313897],[-2.766823,51.313812],[-2.766695,51.313758],[-2.76655,51.313739],[-2.766453,51.313624],[-2.766309,51.31363]]]}},{"type":"Feature","properties":{"prn":"21196","url":"https://www.somersetheritage.org.uk/record/21196","name":"Possible mining remains, Rowberrow Warren","kind":"Monument record"},"geometry":{"type":"Polygon","coordinates":[[[-2.769683,51.308208],[-2.769798,51.308229],[-2.769878,51.308181],[-2.769952,51.308195],[-2.770004,51.308184],[-2.769934,51.308143],[-2.769956,51.308096],[-2.770014,51.30808],[-2.770081,51.308004],[-2.770029,51.307988],[-2.769973,51.30803],[-2.769675,51.307943],[-2.76962,51.30789],[-2.769551,51.307896],[-2.769537,51.307914],[-2.769352,51.30787],[-2.769254,51.307835],[-2.769262,51.307788],[-2.769195,51.307754],[-2.768957,51.307728],[-2.76878,51.307652],[-2.768562,51.307645],[-2.768452,51.307579],[-2.768419,51.307534],[-2.768347,51.307482],[-2.768145,51.307467],[-2.767898,51.307473],[-2.767454,51.307513],[-2.767314,51.30755],[-2.767297,51.30759],[-2.76752,51.307691],[-2.767635,51.307697],[-2.767751,51.307774],[-2.767923,51.307755],[-2.768131,51.307838],[-2.768235,51.307838],[-2.768343,51.307952],[-2.7684,51.307968],[-2.768594,51.307997],[-2.768674,51.307975],[-2.768752,51.308012],[-2.768879,51.30804],[-2.769031,51.308043],[-2.769085,51.308023],[-2.769194,51.308042],[-2.769238,51.308088],[-2.769683,51.308208]]]}},{"type":"Feature","properties":{"prn":"21342","url":"https://www.somersetheritage.org.uk/record/21342","name":"Dew pond, Fry's Hill, Axbridge","kind":"Monument record"},"geometry":{"type":"Polygon","coordinates":[[[-2.811307,51.298348],[-2.811033,51.298359],[-2.810897,51.298413],[-2.810874,51.298588],[-2.810975,51.29865],[-2.811238,51.298661],[-2.811375,51.298634],[-2.811463,51.298564],[-2.811493,51.298501],[-2.811471,51.298416],[-2.81138,51.298357],[-2.811307,51.298348]]]}},{"type":"Feature","properties":{"prn":"21343","url":"https://www.somersetheritage.org.uk/record/21343","name":"Quarry, Callow Hill, Cheddar","kind":"Monument record"},"geometry":{"type":"Polygon","coordinates":[[[-2.797726,51.29714],[-2.796668,51.297424],[-2.795531,51.297353],[-2.794405,51.297373],[-2.794483,51.297604],[-2.794786,51.298083],[-2.795292,51.298166],[-2.796175,51.29812],[-2.796767,51.298241],[-2.797102,51.298134],[-2.79715,51.297902],[-2.797496,51.297821],[-2.797605,51.298064],[-2.797953,51.298068],[-2.798129,51.297955],[-2.797971,51.29729],[-2.797726,51.29714]]]}},{"type":"Feature","properties":{"prn":"21346","url":"https://www.somersetheritage.org.uk/record/21346","name":"Dewpond, N of Callow Drove, Shipham","kind":"Monument record"},"geometry":{"type":"Polygon","coordinates":[[[-2.805463,51.303168],[-2.805541,51.30316],[-2.805581,51.30312],[-2.805685,51.303123],[-2.805764,51.303103],[-2.8058,51.303029],[-2.805791,51.302988],[-2.805731,51.302968],[-2.8056,51.302968],[-2.805542,51.303009],[-2.805528,51.303066],[-2.805406,51.303079],[-2.805391,51.303095],[-2.80539,51.303143],[-2.805463,51.303168]]]}},{"type":"Feature","properties":{"prn":"21348","url":"https://www.somersetheritage.org.uk/record/21348","name":"Dewpond, W of Cuck Hill, Shipham","kind":"Monument record"},"geometry":{"type":"Polygon","coordinates":[[[-2.799208,51.306873],[-2.799232,51.306856],[-2.799086,51.306773],[-2.797372,51.30602],[-2.79712,51.306032],[-2.797124,51.306064],[-2.797286,51.306082],[-2.79884,51.306775],[-2.798814,51.306804],[-2.798851,51.306834],[-2.798949,51.306854],[-2.79904,51.306834],[-2.799168,51.30688],[-2.799208,51.306873]]]}},{"type":"Feature","properties":{"prn":"21349","url":"https://www.somersetheritage.org.uk/record/21349","name":"Trackways, Rowberrow Warren","kind":"Monument record"},"geometry":{"type":"Polygon","coordinates":[[[-2.781198,51.319844],[-2.781426,51.319912],[-2.781947,51.320205],[-2.783164,51.320637],[-2.783575,51.320927],[-2.783786,51.321223],[-2.784133,51.32182],[-2.784264,51.321819],[-2.784281,51.321633],[-2.783837,51.321007],[-2.783536,51.320682],[-2.783146,51.320378],[-2.783262,51.320268],[-2.784814,51.3204],[-2.784858,51.320345],[-2.784323,51.320301],[-2.783287,51.320153],[-2.781796,51.319832],[-2.781268,51.319503],[-2.781198,51.319844]]]}},{"type":"Feature","properties":{"prn":"21350","url":"https://www.somersetheritage.org.uk/record/21350","name":"Field boundaries, NE of Rowberrow Camp, Shipham","kind":"Monument record"},"geometry":{"type":"Polygon","coordinates":[[[-2.767238,51.310644],[-2.767348,51.310622],[-2.767709,51.310419],[-2.767715,51.310341],[-2.767318,51.310049],[-2.766592,51.310196],[-2.766607,51.310265],[-2.766734,51.310514],[-2.767104,51.310636],[-2.767238,51.310644]]]}},{"type":"Feature","properties":{"prn":"21351","url":"https://www.somersetheritage.org.uk/record/21351","name":"Quarry pits, N of Tyning's Farm, Cheddar","kind":"Monument record"},"geometry":{"type":"Polygon","coordinates":[[[-2.763494,51.307445],[-2.764018,51.30758],[-2.764333,51.307466],[-2.764316,51.307294],[-2.76386,51.307141],[-2.763075,51.307078],[-2.76294,51.307259],[-2.763191,51.307422],[-2.763494,51.307445]]]}},{"type":"Feature","properties":{"prn":"21352","url":"https://www.somersetheritage.org.uk/record/21352","name":"Hollow way, NW of Tyning's Farm, Cheddar","kind":"Monument record"},"geometry":{"type":"Polygon","coordinates":[[[-2.7669,51.306866],[-2.766762,51.306816],[-2.766691,51.306829],[-2.766438,51.307161],[-2.766465,51.307221],[-2.766607,51.307239],[-2.766886,51.306942],[-2.7669,51.306866]]]}},{"type":"Feature","properties":{"prn":"21353","url":"https://www.somersetheritage.org.uk/record/21353","name":"Field boundaries, SW of Tyning's Farm, Cheddar","kind":"Monument record"},"geometry":{"type":"Polygon","coordinates":[[[-2.765177,51.305387],[-2.765703,51.305],[-2.765887,51.304776],[-2.764563,51.304117],[-2.763701,51.303742],[-2.763059,51.303521],[-2.762671,51.303981],[-2.762886,51.304138],[-2.763863,51.304656],[-2.765005,51.305398],[-2.765117,51.305426],[-2.765177,51.305387]]]}},{"type":"Feature","properties":{"prn":"21374","url":"https://www.somersetheritage.org.uk/record/21374","name":"Trackways, Black Down","kind":"Monument record"},"geometry":{"type":"Polygon","coordinates":[[[-2.759611,51.31586],[-2.759591,51.315738],[-2.759078,51.315041],[-2.759267,51.314551],[-2.75877,51.314565],[-2.758608,51.31463],[-2.757767,51.314641],[-2.757142,51.314683],[-2.756849,51.314626],[-2.756402,51.31401],[-2.756036,51.313152],[-2.755201,51.313251],[-2.754844,51.312972],[-2.754597,51.312924],[-2.754107,51.313114],[-2.754413,51.313488],[-2.754764,51.313965],[-2.755626,51.314467],[-2.756383,51.314965],[-2.756798,51.315207],[-2.757208,51.315401],[-2.757647,51.315293],[-2.758191,51.315201],[-2.759046,51.315753],[-2.759611,51.31586]]]}},{"type":"Feature","properties":{"prn":"21375","url":"https://www.somersetheritage.org.uk/record/21375","name":"Trackways, Black Down","kind":"Monument record"},"geometry":{"type":"Polygon","coordinates":[[[-2.758551,51.322046],[-2.758655,51.32199],[-2.758287,51.320988],[-2.757958,51.320273],[-2.75818,51.319896],[-2.758929,51.319362],[-2.759119,51.319118],[-2.758907,51.319108],[-2.757981,51.319522],[-2.7575,51.319206],[-2.756633,51.318935],[-2.756148,51.318343],[-2.755949,51.318024],[-2.755418,51.317895],[-2.754716,51.316951],[-2.753711,51.315776],[-2.753533,51.315689],[-2.753323,51.315746],[-2.753738,51.316361],[-2.7566,51.320138],[-2.757825,51.32077],[-2.758063,51.321332],[-2.758551,51.322046]]]}},{"type":"Feature","properties":{"prn":"21376","url":"https://www.somersetheritage.org.uk/record/21376","name":"Trackways, Black Down","kind":"Monument record"},"geometry":{"type":"Polygon","coordinates":[[[-2.760116,51.321552],[-2.760265,51.321153],[-2.761677,51.320302],[-2.762569,51.320714],[-2.762928,51.321012],[-2.761937,51.321533],[-2.76195,51.321709],[-2.762592,51.32149],[-2.763603,51.320929],[-2.762893,51.320533],[-2.762299,51.320322],[-2.761918,51.320137],[-2.762695,51.319768],[-2.762624,51.319702],[-2.761502,51.320002],[-2.761254,51.319959],[-2.76108,51.320038],[-2.761049,51.320308],[-2.760544,51.320653],[-2.760083,51.320815],[-2.759929,51.320946],[-2.759623,51.321999],[-2.759769,51.322024],[-2.760116,51.321552]]]}},{"type":"Feature","properties":{"prn":"21379","url":"https://www.somersetheritage.org.uk/record/21379","name":"Stock enclosure, Black Down, Priddy","kind":"Monument record"},"geometry":{"type":"Polygon","coordinates":[[[-2.76216,51.316335],[-2.762141,51.316392],[-2.762152,51.316435],[-2.762214,51.316463],[-2.762396,51.316496],[-2.762425,51.31648],[-2.762442,51.316376],[-2.762416,51.316328],[-2.762172,51.316321],[-2.76216,51.316335]]]}},{"type":"Feature","properties":{"prn":"21381","url":"https://www.somersetheritage.org.uk/record/21381","name":"Boundary bank, Black Down, Priddy","kind":"Monument record"},"geometry":{"type":"Polygon","coordinates":[[[-2.759015,51.312271],[-2.760679,51.312818],[-2.761261,51.313045],[-2.761357,51.313014],[-2.761009,51.312771],[-2.760349,51.3125],[-2.7592,51.312194],[-2.759025,51.312173],[-2.759002,51.312222],[-2.759015,51.312271]]]}},{"type":"Feature","properties":{"prn":"11412","url":"https://www.somersetheritage.org.uk/record/11412","name":"Flint scatter, Callow Hill, Cheddar","kind":"Monument record"},"geometry":{"type":"Polygon","coordinates":[[[-2.802533,51.298567],[-2.80258,51.29855],[-2.803029,51.298551],[-2.803288,51.298593],[-2.803476,51.298648],[-2.803807,51.298804],[-2.803863,51.298845],[-2.803952,51.29898],[-2.803976,51.299077],[-2.804011,51.299463],[-2.804053,51.299692],[-2.804113,51.300349],[-2.804179,51.301263],[-2.804161,51.301435],[-2.804106,51.301512],[-2.804009,51.301592],[-2.803793,51.301701],[-2.803493,51.301781],[-2.803144,51.301839],[-2.802789,51.301848],[-2.801587,51.301832],[-2.801212,51.301682],[-2.800713,51.301455],[-2.800624,51.301261],[-2.80053,51.300798],[-2.800438,51.300097],[-2.800386,51.299558],[-2.800378,51.299067],[-2.800466,51.29886],[-2.80072,51.29872],[-2.801017,51.298596],[-2.801444,51.298558],[-2.80219,51.298553],[-2.802533,51.298567]]]}},{"type":"Feature","properties":{"prn":"26231","url":"https://www.somersetheritage.org.uk/record/26231","name":"Eighteenth-century Turnpike road, Rowberrow, Shipham to Pedwell, Ashcott","kind":"Monument record"},"geometry":{"type":"MultiPolygon","coordinates":[[[[-2.824309,51.127693],[-2.824453,51.128477],[-2.824599,51.129159],[-2.824914,51.130062],[-2.825263,51.130738],[-2.825286,51.130734],[-2.825609,51.13148],[-2.825657,51.131634],[-2.826847,51.131911],[-2.826865,51.132057],[-2.827079,51.132368],[-2.827348,51.132634],[-2.827818,51.133038],[-2.828475,51.13338],[-2.828768,51.133509],[-2.828754,51.133515],[-2.829012,51.133658],[-2.829322,51.133898],[-2.829644,51.134244],[-2.829823,51.134362],[-2.830273,51.134572],[-2.830844,51.134884],[-2.831131,51.135019],[-2.831467,51.135134],[-2.831955,51.135262],[-2.832312,51.135275],[-2.832766,51.135226],[-2.832885,51.135272],[-2.832963,51.135682],[-2.832976,51.136161],[-2.833056,51.136763],[-2.832957,51.136982],[-2.832882,51.137104],[-2.83285,51.137319],[-2.832872,51.13769],[-2.833018,51.138413],[-2.833014,51.138611],[-2.833063,51.138866],[-2.833014,51.139716],[-2.833045,51.140152],[-2.833098,51.140219],[-2.833234,51.14102],[-2.833252,51.141389],[-2.833217,51.141868],[-2.833235,51.142402],[-2.833207,51.142925],[-2.833108,51.143186],[-2.833064,51.143235],[-2.832903,51.143327],[-2.832791,51.143493],[-2.832752,51.143864],[-2.832715,51.144041],[-2.832719,51.144339],[-2.83257,51.144574],[-2.832463,51.144819],[-2.832483,51.145006],[-2.832763,51.145861],[-2.832792,51.146041],[-2.832765,51.146048],[-2.832749,51.146116],[-2.832873,51.146917],[-2.832997,51.147474],[-2.833238,51.148798],[-2.83331,51.149383],[-2.833458,51.150147],[-2.833525,51.150799],[-2.833588,51.151074],[-2.833678,51.152415],[-2.833676,51.152735],[-2.833695,51.152947],[-2.833986,51.153668],[-2.834112,51.153896],[-2.834244,51.154376],[-2.834311,51.154746],[-2.83435,51.154876],[-2.834174,51.155288],[-2.833521,51.156617],[-2.83241,51.158086],[-2.830761,51.160207],[-2.829778,51.161523],[-2.828188,51.163606],[-2.827948,51.163884],[-2.826963,51.165181],[-2.82677,51.165474],[-2.826624,51.166295],[-2.826593,51.16656],[-2.826427,51.166897],[-2.826288,51.167048],[-2.82625,51.16715],[-2.825922,51.167569],[-2.825001,51.168255],[-2.819831,51.171793],[-2.81675,51.174325],[-2.816379,51.174656],[-2.816249,51.174718],[-2.816061,51.174878],[-2.81504,51.175323],[-2.814473,51.175539],[-2.814078,51.175662],[-2.813744,51.175823],[-2.813366,51.176086],[-2.812854,51.176315],[-2.812324,51.176476],[-2.811616,51.17661],[-2.811038,51.176863],[-2.810785,51.177085],[-2.810683,51.177256],[-2.81054,51.177594],[-2.810447,51.177756],[-2.810295,51.177876],[-2.810156,51.177941],[-2.810048,51.177972],[-2.809267,51.17812],[-2.80867,51.17837],[-2.808024,51.17898],[-2.807722,51.179141],[-2.807263,51.179424],[-2.806971,51.179558],[-2.80681,51.17966],[-2.806198,51.180356],[-2.806033,51.180602],[-2.805744,51.181109],[-2.804698,51.183213],[-2.804716,51.183217],[-2.804156,51.184295],[-2.803361,51.185736],[-2.803937,51.186054],[-2.804266,51.186207],[-2.804274,51.186199],[-2.805883,51.187016],[-2.806079,51.187135],[-2.805857,51.18779],[-2.805847,51.187868],[-2.80545,51.189175],[-2.804715,51.19187],[-2.804582,51.192267],[-2.804441,51.192817],[-2.803492,51.196051],[-2.803177,51.197277],[-2.803103,51.197469],[-2.802975,51.198059],[-2.802848,51.198551],[-2.8028,51.198863],[-2.802397,51.200477],[-2.802115,51.201474],[-2.8017,51.202691],[-2.801298,51.203637],[-2.801172,51.20399],[-2.801129,51.20399],[-2.801077,51.204201],[-2.801067,51.20434],[-2.801032,51.204481],[-2.801053,51.204483],[-2.800668,51.205622],[-2.800416,51.206198],[-2.799595,51.207493],[-2.799542,51.20767],[-2.798961,51.207994],[-2.798579,51.20825],[-2.798227,51.208774],[-2.797951,51.209345],[-2.79773,51.20993],[-2.79772,51.210111],[-2.797749,51.211058],[-2.797713,51.211463],[-2.797795,51.211609],[-2.797793,51.212191],[-2.79781,51.212365],[-2.797904,51.212736],[-2.797973,51.21343],[-2.798022,51.213437],[-2.798198,51.213897],[-2.79833,51.214298],[-2.798386,51.214662],[-2.798452,51.214836],[-2.798608,51.215711],[-2.798654,51.21615],[-2.798191,51.216764],[-2.797917,51.217224],[-2.797741,51.217677],[-2.798236,51.218352],[-2.798371,51.218561],[-2.798811,51.219041],[-2.799363,51.219578],[-2.799779,51.219933],[-2.8002,51.220238],[-2.800851,51.220661],[-2.801729,51.221223],[-2.802182,51.221489],[-2.802902,51.221945],[-2.803398,51.222445],[-2.804337,51.223168],[-2.804577,51.223302],[-2.804895,51.223453],[-2.804946,51.223493],[-2.805139,51.223963],[-2.805236,51.224063],[-2.805974,51.224356],[-2.806393,51.224504],[-2.807332,51.224757],[-2.807847,51.224856],[-2.808698,51.224929],[-2.8089,51.224925],[-2.809409,51.224872],[-2.810226,51.224732],[-2.810309,51.224767],[-2.81055,51.225062],[-2.810593,51.225209],[-2.810987,51.225608],[-2.811242,51.225905],[-2.811441,51.225975],[-2.811508,51.226199],[-2.811582,51.226265],[-2.811626,51.226532],[-2.811634,51.226866],[-2.811609,51.22724],[-2.811634,51.227357],[-2.811634,51.227438],[-2.810964,51.227445],[-2.810686,51.227501],[-2.809814,51.227773],[-2.809535,51.227875],[-2.809338,51.228005],[-2.808999,51.228106],[-2.809037,51.228339],[-2.809052,51.228336],[-2.809296,51.229313],[-2.809154,51.229362],[-2.808894,51.229527],[-2.808788,51.229559],[-2.808259,51.229983],[-2.808137,51.230164],[-2.808074,51.230326],[-2.80804,51.230562],[-2.807969,51.230832],[-2.807807,51.231704],[-2.807557,51.232432],[-2.807215,51.233221],[-2.80708,51.233451],[-2.806827,51.233961],[-2.806702,51.234261],[-2.806466,51.235123],[-2.806336,51.235443],[-2.806242,51.235728],[-2.806076,51.2361],[-2.805991,51.236356],[-2.805979,51.236586],[-2.80581,51.237119],[-2.805704,51.23756],[-2.805607,51.238476],[-2.805617,51.238617],[-2.805679,51.238758],[-2.805828,51.239002],[-2.806298,51.239642],[-2.806436,51.239928],[-2.806623,51.240246],[-2.807003,51.240706],[-2.807017,51.240776],[-2.807189,51.240991],[-2.807338,51.241213],[-2.807311,51.241291],[-2.807353,51.241444],[-2.806889,51.242093],[-2.806697,51.242298],[-2.80627,51.242824],[-2.805091,51.244336],[-2.804804,51.244662],[-2.804568,51.245014],[-2.804325,51.245715],[-2.804211,51.246421],[-2.804125,51.246597],[-2.803834,51.247088],[-2.803788,51.247653],[-2.803805,51.24869],[-2.804009,51.249177],[-2.804095,51.249482],[-2.804176,51.249867],[-2.804265,51.250039],[-2.804808,51.250627],[-2.804796,51.250848],[-2.804726,51.251216],[-2.804367,51.252731],[-2.804234,51.253243],[-2.804063,51.253666],[-2.803785,51.253818],[-2.803633,51.253931],[-2.803542,51.254026],[-2.803338,51.254326],[-2.802705,51.254994],[-2.802442,51.255345],[-2.802241,51.255492],[-2.80219,51.2555],[-2.8022,51.255549],[-2.802182,51.255587],[-2.801604,51.255589],[-2.801447,51.25572],[-2.801407,51.255788],[-2.801209,51.255984],[-2.801038,51.256115],[-2.80084,51.256336],[-2.800809,51.25635],[-2.800104,51.25712],[-2.799774,51.257436],[-2.799797,51.257447],[-2.79801,51.259033],[-2.796945,51.260003],[-2.794244,51.262351],[-2.794229,51.262412],[-2.793408,51.263924],[-2.793267,51.26429],[-2.792161,51.266116],[-2.792202,51.266199],[-2.792634,51.266587],[-2.793248,51.267251],[-2.793267,51.26734],[-2.79235,51.267756],[-2.791961,51.267969],[-2.791252,51.268419],[-2.790745,51.268676],[-2.790451,51.268846],[-2.790297,51.268955],[-2.789896,51.269299],[-2.789544,51.26964],[-2.789075,51.270178],[-2.788854,51.270519],[-2.788526,51.271227],[-2.788491,51.271338],[-2.787908,51.272539],[-2.787922,51.272835],[-2.788028,51.273353],[-2.788111,51.273871],[-2.788198,51.274233],[-2.788231,51.2747],[-2.788223,51.275022],[-2.788237,51.275335],[-2.788201,51.275461],[-2.788185,51.276279],[-2.78826,51.276656],[-2.78851,51.277275],[-2.788592,51.277628],[-2.788583,51.277728],[-2.78852,51.277811],[-2.788453,51.277976],[-2.788603,51.278354],[-2.788759,51.278955],[-2.788901,51.279582],[-2.788928,51.279935],[-2.789368,51.282002],[-2.789649,51.283039],[-2.790058,51.284858],[-2.790266,51.287028],[-2.79028,51.287322],[-2.790262,51.287404],[-2.790212,51.28747],[-2.790321,51.287704],[-2.790508,51.288239],[-2.79059,51.288516],[-2.790622,51.28881],[-2.790555,51.289266],[-2.790465,51.289651],[-2.790318,51.291286],[-2.7903,51.291913],[-2.790205,51.291962],[-2.79002,51.292156],[-2.789589,51.292553],[-2.78929,51.292947],[-2.789019,51.293375],[-2.788784,51.293852],[-2.788643,51.294052],[-2.788308,51.294594],[-2.788259,51.294683],[-2.788209,51.294879],[-2.788373,51.29511],[-2.788854,51.295474],[-2.789045,51.295696],[-2.789222,51.296021],[-2.78935,51.296312],[-2.78955,51.296637],[-2.789564,51.296734],[-2.789685,51.297147],[-2.789892,51.29764],[-2.790065,51.298099],[-2.790197,51.298504],[-2.790298,51.299017],[-2.790416,51.299196],[-2.79066,51.299369],[-2.790679,51.299364],[-2.790884,51.299498],[-2.792827,51.300273],[-2.794316,51.300846],[-2.79442,51.300959],[-2.794438,51.300952],[-2.795305,51.302034],[-2.795967,51.302804],[-2.79635,51.304194],[-2.796708,51.305135],[-2.796993,51.305787],[-2.797007,51.305949],[-2.79714,51.30623],[-2.797428,51.306628],[-2.797661,51.307037],[-2.798297,51.307998],[-2.798489,51.308259],[-2.798835,51.308608],[-2.799192,51.309094],[-2.799283,51.309236],[-2.799357,51.30939],[-2.799493,51.309543],[-2.799671,51.309713],[-2.799689,51.309708],[-2.80009,51.310028],[-2.800592,51.310576],[-2.800894,51.31102],[-2.800954,51.311256],[-2.80101,51.311606],[-2.800879,51.311734],[-2.800784,51.311868],[-2.800681,51.31215],[-2.800529,51.31244],[-2.800191,51.31288],[-2.799642,51.313491],[-2.799066,51.313982],[-2.798946,51.31413],[-2.798822,51.314332],[-2.798836,51.314411],[-2.798772,51.314526],[-2.798745,51.314677],[-2.798703,51.314703],[-2.798686,51.314834],[-2.798554,51.315288],[-2.79858,51.315745],[-2.798542,51.315981],[-2.798336,51.316872],[-2.798236,51.317234],[-2.798378,51.317601],[-2.79871,51.318124],[-2.798867,51.318694],[-2.798903,51.319351],[-2.798824,51.319962],[-2.79866,51.320544],[-2.798444,51.320927],[-2.798417,51.321054],[-2.79847,51.321387],[-2.798583,51.321621],[-2.798659,51.321867],[-2.798678,51.321997],[-2.798643,51.322362],[-2.798649,51.322481],[-2.798323,51.323063],[-2.797765,51.323823],[-2.797611,51.323862],[-2.79817,51.323087],[-2.7985,51.322516],[-2.79852,51.321937],[-2.798326,51.321321],[-2.798283,51.321026],[-2.798425,51.32075],[-2.7986,51.320313],[-2.798725,51.319757],[-2.798751,51.319421],[-2.798728,51.318741],[-2.798583,51.318179],[-2.79821,51.31746],[-2.798125,51.317197],[-2.798147,51.317037],[-2.798224,51.316727],[-2.79846,51.315879],[-2.798426,51.315601],[-2.798479,51.315227],[-2.798597,51.314764],[-2.798648,51.314692],[-2.798688,51.314492],[-2.79867,51.31453],[-2.798862,51.314089],[-2.799134,51.313799],[-2.799393,51.31361],[-2.799655,51.313355],[-2.799844,51.313135],[-2.800033,51.312842],[-2.800135,51.312813],[-2.800394,51.312484],[-2.800383,51.312478],[-2.800528,51.312261],[-2.800766,51.311751],[-2.800896,51.311526],[-2.800826,51.311088],[-2.800766,51.310969],[-2.800246,51.310301],[-2.80011,51.310149],[-2.79984,51.309944],[-2.799631,51.309813],[-2.799521,51.309722],[-2.799489,51.309668],[-2.79938,51.309612],[-2.799348,51.30954],[-2.799243,51.309433],[-2.799147,51.309288],[-2.798937,51.30889],[-2.798672,51.308563],[-2.79833,51.308259],[-2.79806,51.307853],[-2.798047,51.307853],[-2.797741,51.307447],[-2.797754,51.307376],[-2.796858,51.305972],[-2.796839,51.305881],[-2.796748,51.305636],[-2.796692,51.30554],[-2.796196,51.304303],[-2.795804,51.302838],[-2.795347,51.302247],[-2.794891,51.301742],[-2.794325,51.301058],[-2.794226,51.300966],[-2.79404,51.300858],[-2.793849,51.300782],[-2.792164,51.300134],[-2.79147,51.299893],[-2.791461,51.299867],[-2.79078,51.29958],[-2.790484,51.299421],[-2.790312,51.299296],[-2.790171,51.299117],[-2.790084,51.298849],[-2.790002,51.298786],[-2.79003,51.298749],[-2.78971,51.297683],[-2.789733,51.29762],[-2.789546,51.297153],[-2.789555,51.297104],[-2.789473,51.296722],[-2.789414,51.296577],[-2.789277,51.296363],[-2.789064,51.295979],[-2.788941,51.295705],[-2.788791,51.29552],[-2.788432,51.295235],[-2.788282,51.295147],[-2.788196,51.295071],[-2.788145,51.294973],[-2.7881,51.294931],[-2.788077,51.294786],[-2.788217,51.294491],[-2.788412,51.29416],[-2.788666,51.293821],[-2.788896,51.293321],[-2.789348,51.292686],[-2.789371,51.292605],[-2.789467,51.292536],[-2.789535,51.292433],[-2.789725,51.292322],[-2.790119,51.291945],[-2.790151,51.291782],[-2.790182,51.291462],[-2.790235,51.290424],[-2.790455,51.288955],[-2.790472,51.288673],[-2.790366,51.288256],[-2.790272,51.287992],[-2.790058,51.287496],[-2.790012,51.287342],[-2.790112,51.287256],[-2.789945,51.284884],[-2.789918,51.284733],[-2.78973,51.283995],[-2.789644,51.283598],[-2.789657,51.283597],[-2.788729,51.279565],[-2.788587,51.27893],[-2.788554,51.278756],[-2.788549,51.278631],[-2.788453,51.278249],[-2.788335,51.277945],[-2.78842,51.277816],[-2.788497,51.27758],[-2.788241,51.276837],[-2.78817,51.2767],[-2.788091,51.276612],[-2.788077,51.276447],[-2.788118,51.274698],[-2.788076,51.274384],[-2.788076,51.274239],[-2.787993,51.273954],[-2.78786,51.27318],[-2.787841,51.272909],[-2.787745,51.272664],[-2.787754,51.272522],[-2.787907,51.272174],[-2.788028,51.271995],[-2.788331,51.27125],[-2.788749,51.270426],[-2.789182,51.269843],[-2.789633,51.269373],[-2.790102,51.268949],[-2.790324,51.268787],[-2.791219,51.268311],[-2.792237,51.267702],[-2.792996,51.267357],[-2.793146,51.267263],[-2.792996,51.267089],[-2.792303,51.266446],[-2.792016,51.266204],[-2.792033,51.266079],[-2.793589,51.263418],[-2.793873,51.262849],[-2.794152,51.262351],[-2.794452,51.262027],[-2.79499,51.261532],[-2.795802,51.260814],[-2.79617,51.260508],[-2.796777,51.259947],[-2.797598,51.259255],[-2.798248,51.258652],[-2.799579,51.257459],[-2.799742,51.257342],[-2.800044,51.257055],[-2.800463,51.256591],[-2.800898,51.256169],[-2.80123,51.255817],[-2.801441,51.255547],[-2.801602,51.255539],[-2.802116,51.255454],[-2.802335,51.25529],[-2.802472,51.255121],[-2.802572,51.254959],[-2.803128,51.254452],[-2.803264,51.254228],[-2.803495,51.253926],[-2.803701,51.253753],[-2.803847,51.253672],[-2.803961,51.253554],[-2.804079,51.253379],[-2.804251,51.252571],[-2.804543,51.251421],[-2.804672,51.250823],[-2.804661,51.250656],[-2.804086,51.250019],[-2.80397,51.249439],[-2.803663,51.248728],[-2.803634,51.248599],[-2.803622,51.248233],[-2.803668,51.248209],[-2.80363,51.247394],[-2.803714,51.247045],[-2.803854,51.246819],[-2.804095,51.246373],[-2.804125,51.246018],[-2.804173,51.245733],[-2.804282,51.245516],[-2.804372,51.245234],[-2.804393,51.245038],[-2.804792,51.244518],[-2.804775,51.244512],[-2.804989,51.244267],[-2.805622,51.243441],[-2.806578,51.242275],[-2.806806,51.242021],[-2.806997,51.241761],[-2.807183,51.241461],[-2.807219,51.241291],[-2.807172,51.241162],[-2.806898,51.240828],[-2.806777,51.240621],[-2.806513,51.240287],[-2.806347,51.239982],[-2.806239,51.239737],[-2.806062,51.239473],[-2.805918,51.239298],[-2.805908,51.239238],[-2.805559,51.238759],[-2.805559,51.23871],[-2.805507,51.238603],[-2.805496,51.238365],[-2.805518,51.238319],[-2.805507,51.238089],[-2.805559,51.237821],[-2.805579,51.237473],[-2.805594,51.237474],[-2.805673,51.237197],[-2.805803,51.236845],[-2.805834,51.236693],[-2.805866,51.236299],[-2.806315,51.23521],[-2.806302,51.235202],[-2.806685,51.234002],[-2.807238,51.232886],[-2.807419,51.232433],[-2.807479,51.232392],[-2.807585,51.232027],[-2.807711,51.231672],[-2.807731,51.231422],[-2.807798,51.231247],[-2.807851,51.23095],[-2.807827,51.230919],[-2.807934,51.230568],[-2.80792,51.230568],[-2.807991,51.230271],[-2.808135,51.229992],[-2.808441,51.229721],[-2.809121,51.229276],[-2.809034,51.228828],[-2.808939,51.228477],[-2.808835,51.228181],[-2.808793,51.228101],[-2.808801,51.228046],[-2.808944,51.228033],[-2.809063,51.227994],[-2.809552,51.227777],[-2.809951,51.227664],[-2.809941,51.227641],[-2.810495,51.227464],[-2.810954,51.227388],[-2.811477,51.227349],[-2.811518,51.227315],[-2.811508,51.227171],[-2.811554,51.226679],[-2.81149,51.226404],[-2.811411,51.226159],[-2.811244,51.225975],[-2.811138,51.225947],[-2.811073,51.225901],[-2.81097,51.225757],[-2.810571,51.225298],[-2.810459,51.225137],[-2.810342,51.22491],[-2.810222,51.22483],[-2.810107,51.224828],[-2.809905,51.224877],[-2.809827,51.224871],[-2.809589,51.224904],[-2.809002,51.225029],[-2.808225,51.224947],[-2.807853,51.224934],[-2.807043,51.224772],[-2.80638,51.224573],[-2.805809,51.224376],[-2.805085,51.224095],[-2.805001,51.223992],[-2.804883,51.223574],[-2.804809,51.223505],[-2.804458,51.223334],[-2.804056,51.223077],[-2.803302,51.222489],[-2.803156,51.222326],[-2.802802,51.222006],[-2.802099,51.221532],[-2.801444,51.221155],[-2.800007,51.220227],[-2.799276,51.219636],[-2.798373,51.218738],[-2.797606,51.217688],[-2.797654,51.217592],[-2.797734,51.217344],[-2.798029,51.216785],[-2.798465,51.216235],[-2.79854,51.216068],[-2.798477,51.215561],[-2.798299,51.214669],[-2.79815,51.214121],[-2.79799,51.213655],[-2.797897,51.213444],[-2.797848,51.213414],[-2.797806,51.212893],[-2.79769,51.212171],[-2.797655,51.21164],[-2.797594,51.211446],[-2.797635,51.210925],[-2.797626,51.21039],[-2.797592,51.210057],[-2.797615,51.210057],[-2.797605,51.209941],[-2.798044,51.208897],[-2.798097,51.208795],[-2.798455,51.208277],[-2.798486,51.208172],[-2.799191,51.20777],[-2.79932,51.20765],[-2.79958,51.207309],[-2.799792,51.20698],[-2.800333,51.206204],[-2.800549,51.205685],[-2.800676,51.205208],[-2.800931,51.204493],[-2.801015,51.204025],[-2.801126,51.203732],[-2.801686,51.202497],[-2.80188,51.201726],[-2.801981,51.201577],[-2.802316,51.200465],[-2.802488,51.199751],[-2.802627,51.198992],[-2.802685,51.198582],[-2.803256,51.196425],[-2.803482,51.195478],[-2.803785,51.194517],[-2.803772,51.194509],[-2.80421,51.193137],[-2.804576,51.191867],[-2.804605,51.191676],[-2.805611,51.18811],[-2.805774,51.187607],[-2.805885,51.187203],[-2.805868,51.187169],[-2.805618,51.187034],[-2.804716,51.186561],[-2.804271,51.186335],[-2.804254,51.186341],[-2.804264,51.186331],[-2.80352,51.185918],[-2.803373,51.185819],[-2.803294,51.185794],[-2.803242,51.185757],[-2.803302,51.185652],[-2.803795,51.184567],[-2.804207,51.183843],[-2.804686,51.182875],[-2.805139,51.182011],[-2.805875,51.180662],[-2.806167,51.180271],[-2.806561,51.1798],[-2.806696,51.179674],[-2.806712,51.179623],[-2.806971,51.179493],[-2.807143,51.179336],[-2.807322,51.179271],[-2.807915,51.17896],[-2.80812,51.178772],[-2.808416,51.178459],[-2.808475,51.178425],[-2.808464,51.178326],[-2.808869,51.178209],[-2.809317,51.178053],[-2.809659,51.177989],[-2.81021,51.177856],[-2.810346,51.177734],[-2.810468,51.177492],[-2.810558,51.177263],[-2.810719,51.177017],[-2.810935,51.176782],[-2.811172,51.17672],[-2.811507,51.176583],[-2.81181,51.176494],[-2.812226,51.176408],[-2.812712,51.17625],[-2.813069,51.17611],[-2.813333,51.175977],[-2.813716,51.175751],[-2.814067,51.17558],[-2.814732,51.175354],[-2.815299,51.175094],[-2.815557,51.175014],[-2.816119,51.174745],[-2.816345,51.17454],[-2.817961,51.173193],[-2.818522,51.172749],[-2.819427,51.171984],[-2.821195,51.170731],[-2.823189,51.169376],[-2.824337,51.168539],[-2.824941,51.16814],[-2.825776,51.167559],[-2.825813,51.167471],[-2.826104,51.167157],[-2.826422,51.166647],[-2.826377,51.166612],[-2.82644,51.166407],[-2.826587,51.165563],[-2.826656,51.165369],[-2.827797,51.163876],[-2.828181,51.163341],[-2.829535,51.161619],[-2.829911,51.161094],[-2.830507,51.160316],[-2.832019,51.158384],[-2.831995,51.15838],[-2.832317,51.157984],[-2.833289,51.156709],[-2.833461,51.156518],[-2.833913,51.155565],[-2.83422,51.154869],[-2.834209,51.154757],[-2.833992,51.153872],[-2.833748,51.153369],[-2.833685,51.153351],[-2.833478,51.152849],[-2.833485,51.152699],[-2.833463,51.152586],[-2.833437,51.152168],[-2.833433,51.151268],[-2.833353,51.150361],[-2.833308,51.150262],[-2.83321,51.149699],[-2.833223,51.149699],[-2.832997,51.148514],[-2.833,51.148327],[-2.832892,51.14778],[-2.832759,51.146939],[-2.832747,51.146938],[-2.832734,51.146714],[-2.832616,51.146259],[-2.832704,51.145919],[-2.832603,51.145637],[-2.832502,51.145537],[-2.83242,51.145193],[-2.832405,51.144885],[-2.832413,51.144754],[-2.83258,51.144451],[-2.83264,51.144186],[-2.83275,51.143461],[-2.832799,51.143328],[-2.832913,51.143214],[-2.833039,51.143165],[-2.833088,51.143062],[-2.833168,51.142663],[-2.833184,51.141497],[-2.833175,51.141005],[-2.833133,51.140675],[-2.833037,51.140228],[-2.832988,51.14017],[-2.832959,51.139977],[-2.832949,51.139569],[-2.832987,51.139063],[-2.832939,51.138419],[-2.832811,51.137669],[-2.832786,51.13724],[-2.83282,51.136997],[-2.832913,51.136682],[-2.832929,51.136038],[-2.832858,51.135509],[-2.832844,51.135508],[-2.832805,51.135331],[-2.832306,51.135351],[-2.831723,51.13531],[-2.831278,51.135168],[-2.830871,51.134985],[-2.830187,51.134617],[-2.8299,51.134491],[-2.829639,51.134407],[-2.829536,51.134336],[-2.829492,51.134261],[-2.829411,51.13419],[-2.829176,51.133926],[-2.828888,51.133709],[-2.828635,51.133563],[-2.828258,51.133381],[-2.827683,51.133069],[-2.827285,51.132649],[-2.8271,51.132496],[-2.826833,51.132195],[-2.82673,51.131951],[-2.825699,51.131728],[-2.825567,51.131687],[-2.825519,51.131532],[-2.825518,51.131423],[-2.825053,51.130585],[-2.824557,51.1294],[-2.824506,51.129102],[-2.824175,51.12771],[-2.824309,51.127693]]],[[[-2.790535,51.29945],[-2.790539,51.299453],[-2.790507,51.299461],[-2.790535,51.29945]]]]}},{"type":"Feature","properties":{"prn":"41347","url":"https://www.somersetheritage.org.uk/record/41347","name":"Turnpike road diversion, NE of Star, Shipham","kind":"Monument record"},"geometry":{"type":"Polygon","coordinates":[[[-2.806432,51.321595],[-2.806139,51.321726],[-2.806022,51.32181],[-2.805854,51.321866],[-2.797445,51.323982],[-2.796976,51.324126],[-2.796738,51.324241],[-2.796542,51.324357],[-2.796439,51.324481],[-2.796398,51.324628],[-2.796412,51.324784],[-2.796483,51.324937],[-2.796704,51.325287],[-2.797402,51.325834],[-2.797525,51.325976],[-2.797722,51.326386],[-2.797778,51.326739],[-2.797744,51.326775],[-2.797698,51.326775],[-2.797665,51.326752],[-2.797608,51.326399],[-2.79742,51.326005],[-2.797308,51.325875],[-2.797089,51.325692],[-2.796605,51.325324],[-2.796375,51.324962],[-2.796299,51.324798],[-2.796283,51.32462],[-2.796327,51.324462],[-2.796447,51.324315],[-2.796661,51.324187],[-2.79692,51.324063],[-2.7974,51.323916],[-2.799747,51.323317],[-2.805809,51.3218],[-2.806432,51.321595]]]}},{"type":"Feature","properties":{"prn":"26680","url":"https://www.somersetheritage.org.uk/record/26680","name":"Watching brief (2007), Banwell to Star pipeline, Shipham","kind":"Event / investigation"},"geometry":{"type":"Polygon","coordinates":[[[-2.80248,51.323916],[-2.802269,51.323823],[-2.802322,51.323768],[-2.802315,51.323704],[-2.803109,51.323683],[-2.804053,51.323601],[-2.804506,51.32361],[-2.805151,51.323592],[-2.806825,51.323518],[-2.807822,51.323493],[-2.808476,51.322744],[-2.813595,51.321963],[-2.815012,51.321627],[-2.817298,51.321234],[-2.817405,51.321133],[-2.818764,51.320959],[-2.818817,51.32109],[-2.817551,51.321251],[-2.817442,51.321364],[-2.815074,51.321756],[-2.813669,51.322095],[-2.809584,51.322683],[-2.808695,51.322847],[-2.80796,51.32364],[-2.805146,51.323743],[-2.803973,51.323755],[-2.803301,51.323803],[-2.802551,51.323947],[-2.80248,51.323916]]]}},{"type":"Feature","properties":{"prn":"10792","url":"https://www.somersetheritage.org.uk/record/10792","name":"Pillow mounds, Rowberrow Warren","kind":"Monument record"},"geometry":{"type":"MultiPolygon","coordinates":[[[[-2.774388,51.319361],[-2.774171,51.319332],[-2.773184,51.318801],[-2.773243,51.31871],[-2.773424,51.318694],[-2.774361,51.319164],[-2.774388,51.319361]]],[[[-2.773108,51.318568],[-2.772109,51.317984],[-2.772143,51.317871],[-2.772494,51.317951],[-2.773275,51.318445],[-2.773253,51.318574],[-2.773108,51.318568]]],[[[-2.776973,51.320198],[-2.776839,51.320138],[-2.77661,51.319467],[-2.776682,51.319413],[-2.776853,51.319511],[-2.777092,51.320106],[-2.776973,51.320198]]],[[[-2.776491,51.319543],[-2.775934,51.319433],[-2.775702,51.319284],[-2.775883,51.31923],[-2.776537,51.319384],[-2.776563,51.319482],[-2.776491,51.319543]]],[[[-2.777671,51.320806],[-2.777493,51.320779],[-2.777063,51.320545],[-2.777206,51.320446],[-2.777474,51.320573],[-2.777718,51.32073],[-2.777671,51.320806]]]]}},{"type":"Feature","properties":{"prn":"11526","url":"https://www.somersetheritage.org.uk/record/11526","name":"Field boundaries, Warren House, Rowberrow","kind":"Monument record"},"geometry":{"type":"Polygon","coordinates":[[[-2.781797,51.32085],[-2.78071,51.320813],[-2.780411,51.320789],[-2.780397,51.320709],[-2.781439,51.320696],[-2.781347,51.320476],[-2.781598,51.320409],[-2.781794,51.320717],[-2.781797,51.32085]]]}},{"type":"Feature","properties":{"prn":"11528","url":"https://www.somersetheritage.org.uk/record/11528","name":"Enclosure and field boundaries, Rowberrow Warren","kind":"Monument record"},"geometry":{"type":"MultiPolygon","coordinates":[[[[-2.765866,51.319175],[-2.76666,51.318695],[-2.767461,51.319278],[-2.766673,51.319774],[-2.766162,51.319435],[-2.765866,51.319175]]],[[[-2.765913,51.31838],[-2.765064,51.318076],[-2.765001,51.317963],[-2.765263,51.317727],[-2.765695,51.317588],[-2.766242,51.317834],[-2.766078,51.31816],[-2.765913,51.31838]]],[[[-2.767251,51.320443],[-2.767057,51.320399],[-2.767354,51.32011],[-2.768117,51.31953],[-2.768347,51.319589],[-2.767717,51.320161],[-2.767251,51.320443]]],[[[-2.769156,51.318911],[-2.768457,51.318265],[-2.768504,51.31819],[-2.768966,51.318383],[-2.769324,51.318834],[-2.769156,51.318911]]],[[[-2.767871,51.318572],[-2.767455,51.318211],[-2.767254,51.317744],[-2.767435,51.317758],[-2.767659,51.318135],[-2.768002,51.318473],[-2.767871,51.318572]]]]}},{"type":"Feature","properties":{"prn":"10783","url":"https://www.somersetheritage.org.uk/record/10783","name":"Surface lead and calamine workings, N of Shipham","kind":"Monument record"},"geometry":{"type":"Polygon","coordinates":[[[-2.798674,51.318484],[-2.799867,51.318575],[-2.800683,51.318706],[-2.802361,51.319032],[-2.802553,51.319276],[-2.802706,51.319382],[-2.803089,51.319469],[-2.803624,51.319748],[-2.804476,51.319828],[-2.805004,51.320061],[-2.805408,51.320309],[-2.805382,51.320478],[-2.80502,51.32054],[-2.80455,51.320292],[-2.804087,51.320319],[-2.80413,51.320432],[-2.804221,51.320512],[-2.804256,51.320955],[-2.804785,51.321125],[-2.804703,51.321143],[-2.804562,51.321404],[-2.804725,51.321977],[-2.804252,51.32198],[-2.804204,51.321712],[-2.804187,51.321694],[-2.803331,51.321704],[-2.80318,51.321359],[-2.802362,51.321164],[-2.802022,51.321043],[-2.801106,51.321026],[-2.79969,51.321028],[-2.798981,51.321007],[-2.798662,51.320977],[-2.798448,51.320998],[-2.798429,51.320975],[-2.798458,51.320891],[-2.798637,51.320547],[-2.798708,51.320354],[-2.798712,51.320381],[-2.800621,51.320427],[-2.800784,51.320385],[-2.800865,51.320292],[-2.800863,51.32022],[-2.800681,51.320108],[-2.798794,51.320058],[-2.798662,51.320018],[-2.798555,51.32003],[-2.797055,51.319794],[-2.79702,51.319826],[-2.796987,51.31991],[-2.79584,51.319681],[-2.795539,51.319591],[-2.795309,51.319547],[-2.795264,51.319513],[-2.795062,51.319439],[-2.794941,51.319357],[-2.793828,51.318895],[-2.793755,51.318892],[-2.793019,51.318646],[-2.792871,51.318616],[-2.792183,51.318614],[-2.792098,51.318425],[-2.792055,51.318252],[-2.791926,51.317974],[-2.791822,51.317937],[-2.791457,51.317744],[-2.791197,51.317634],[-2.790513,51.317464],[-2.790362,51.317598],[-2.790135,51.317764],[-2.789775,51.317634],[-2.789572,51.317608],[-2.789542,51.317617],[-2.789246,51.317865],[-2.78871,51.317816],[-2.78855,51.317834],[-2.788332,51.317703],[-2.788058,51.317503],[-2.787855,51.317261],[-2.787804,51.317177],[-2.787436,51.316838],[-2.787414,51.316806],[-2.787419,51.316778],[-2.785834,51.315925],[-2.785167,51.315474],[-2.785247,51.315367],[-2.785311,51.315394],[-2.786759,51.315557],[-2.789023,51.315492],[-2.789453,51.315603],[-2.78952,51.315494],[-2.792128,51.316118],[-2.792191,51.316119],[-2.792327,51.315887],[-2.792385,51.315806],[-2.792415,51.315797],[-2.792845,51.315869],[-2.793445,51.315939],[-2.793823,51.315938],[-2.793829,51.316114],[-2.795154,51.316136],[-2.796113,51.316225],[-2.796417,51.316294],[-2.796552,51.316237],[-2.796644,51.316268],[-2.798237,51.316511],[-2.798176,51.316797],[-2.798127,51.316807],[-2.798118,51.316852],[-2.798153,51.316886],[-2.798116,51.317163],[-2.798142,51.317315],[-2.798211,51.317519],[-2.798336,51.317776],[-2.798454,51.317948],[-2.798504,51.317989],[-2.798541,51.318068],[-2.798632,51.318299],[-2.798674,51.318484]]]}},{"type":"Feature","properties":{"prn":"11937","url":"https://www.somersetheritage.org.uk/record/11937","name":"Enclosure plots, Totterdown, Rowberrow","kind":"Monument record"},"geometry":{"type":"MultiPolygon","coordinates":[[[[-2.781888,51.318036],[-2.781766,51.317795],[-2.78178,51.317358],[-2.782321,51.317397],[-2.782396,51.317354],[-2.78241,51.317311],[-2.782401,51.317203],[-2.782438,51.317155],[-2.783126,51.316957],[-2.783165,51.317],[-2.783174,51.317075],[-2.783297,51.317239],[-2.783367,51.31738],[-2.783361,51.317493],[-2.783325,51.317578],[-2.783236,51.317673],[-2.783202,51.317857],[-2.783196,51.317985],[-2.783161,51.318112],[-2.783049,51.318169],[-2.782735,51.318247],[-2.78227,51.318335],[-2.781999,51.318351],[-2.781954,51.318328],[-2.781913,51.318246],[-2.780313,51.318734],[-2.780196,51.31869],[-2.780217,51.318648],[-2.781888,51.318155],[-2.781888,51.318036]]],[[[-2.782177,51.316745],[-2.781839,51.31697],[-2.7817,51.316921],[-2.781221,51.316523],[-2.780865,51.316139],[-2.781575,51.315988],[-2.782177,51.316745]]]]}},{"type":"Feature","properties":{"prn":"21096","url":"https://www.somersetheritage.org.uk/record/21096","name":"Trackways, Rowberrow Warren","kind":"Monument record"},"geometry":{"type":"Polygon","coordinates":[[[-2.781379,51.316973],[-2.780674,51.3169],[-2.77926,51.316458],[-2.778086,51.31564],[-2.777426,51.31506],[-2.776592,51.315639],[-2.776825,51.315913],[-2.777252,51.316174],[-2.776729,51.316464],[-2.776415,51.316587],[-2.775704,51.31614],[-2.774996,51.315837],[-2.775274,51.315647],[-2.776007,51.315323],[-2.775364,51.314765],[-2.775094,51.31436],[-2.774602,51.314418],[-2.774425,51.314298],[-2.774703,51.31412],[-2.774701,51.313988],[-2.774189,51.31387],[-2.773742,51.313443],[-2.773161,51.31337],[-2.772718,51.313174],[-2.772191,51.313167],[-2.770991,51.312877],[-2.770368,51.313509],[-2.769931,51.313656],[-2.769263,51.313649],[-2.768889,51.313376],[-2.768251,51.313039],[-2.76803,51.312467],[-2.766625,51.312521],[-2.766501,51.312444],[-2.76727,51.312219],[-2.768959,51.312285],[-2.77035,51.31243],[-2.771232,51.312578],[-2.772105,51.312504],[-2.771315,51.312058],[-2.773001,51.311652],[-2.773255,51.312051],[-2.773695,51.312548],[-2.774933,51.31316],[-2.776176,51.31389],[-2.777373,51.313835],[-2.777904,51.314497],[-2.778007,51.315089],[-2.779237,51.316139],[-2.780865,51.316734],[-2.781448,51.316884],[-2.781437,51.316897],[-2.782306,51.317104],[-2.782381,51.317172],[-2.782229,51.317268],[-2.781379,51.316973]]]}},{"type":"Feature","properties":{"prn":"10758","url":"https://www.somersetheritage.org.uk/record/10758","name":"Wimblestone Standing Stone, Star","kind":"Monument record"},"geometry":{"type":"Polygon","coordinates":[[[-2.814404,51.322543],[-2.814435,51.322561],[-2.814462,51.322542],[-2.814425,51.322525],[-2.814404,51.322543]]]}},{"type":"Feature","properties":{"prn":"10762","url":"https://www.somersetheritage.org.uk/record/10762","name":"Saxon cross fragment, St Michael's church, Rowberrow","kind":"Monument record"},"geometry":{"type":"Polygon","coordinates":[[[-2.79147,51.324085],[-2.791502,51.324103],[-2.791527,51.324082],[-2.791491,51.324067],[-2.79147,51.324085]]]}},{"type":"Feature","properties":{"prn":"10766","url":"https://www.somersetheritage.org.uk/record/10766","name":"Boundary stone, N of Warrener's House, Rowberrow Warren","kind":"Monument record"},"geometry":{"type":"Polygon","coordinates":[[[-2.780362,51.321663],[-2.780396,51.321681],[-2.780419,51.321659],[-2.780385,51.321645],[-2.780362,51.321663]]]}},{"type":"Feature","properties":{"prn":"10785","url":"https://www.somersetheritage.org.uk/record/10785","name":"Butter Well, W of Cuck Hill, Shipham","kind":"Monument record"},"geometry":{"type":"Polygon","coordinates":[[[-2.801544,51.310137],[-2.801579,51.310154],[-2.801601,51.310134],[-2.801568,51.310118],[-2.801544,51.310137]]]}},{"type":"Feature","properties":{"prn":"10786","url":"https://www.somersetheritage.org.uk/record/10786","name":"Brown's Well, SW of Cuck Hill, Shipham","kind":"Monument record"},"geometry":{"type":"Polygon","coordinates":[[[-2.800542,51.309738],[-2.800579,51.309755],[-2.800599,51.309733],[-2.800572,51.309719],[-2.800542,51.309738]]]}},{"type":"Feature","properties":{"prn":"48713","url":"https://www.somersetheritage.org.uk/record/48713","name":"Three wells, Shipham","kind":"Monument record"},"geometry":{"type":"MultiPolygon","coordinates":[[[[-2.800185,51.3122],[-2.800216,51.312212],[-2.800208,51.312236],[-2.800155,51.312229],[-2.800158,51.312209],[-2.800185,51.3122]]],[[[-2.80005,51.312429],[-2.800081,51.312441],[-2.800078,51.312463],[-2.80005,51.312472],[-2.800019,51.312459],[-2.800022,51.312438],[-2.80005,51.312429]]],[[[-2.800105,51.312636],[-2.800136,51.312648],[-2.800131,51.312671],[-2.800074,51.312666],[-2.800075,51.312646],[-2.800105,51.312636]]]]}},{"type":"Feature","properties":{"prn":"12572","url":"https://www.somersetheritage.org.uk/record/12572","name":"Second World War bombing decoy site bunker, Black Down","kind":"Monument record"},"geometry":{"type":"Polygon","coordinates":[[[-2.763129,51.307827],[-2.763159,51.307845],[-2.763186,51.307824],[-2.76315,51.307809],[-2.763129,51.307827]]]}},{"type":"Feature","properties":{"prn":"12789","url":"https://www.somersetheritage.org.uk/record/12789","name":"Prehistoric stone setting, N of Star","kind":"Monument record"},"geometry":{"type":"Polygon","coordinates":[[[-2.811766,51.32346],[-2.811787,51.323478],[-2.811823,51.323463],[-2.811799,51.323442],[-2.811766,51.32346]]]}},{"type":"Feature","properties":{"prn":"17335","url":"https://www.somersetheritage.org.uk/record/17335","name":"Milepost, Bristol Road, Shipham","kind":"Monument record"},"geometry":{"type":"Polygon","coordinates":[[[-2.811245,51.319428],[-2.811274,51.319446],[-2.811303,51.319427],[-2.811266,51.31941],[-2.811245,51.319428]]]}},{"type":"Feature","properties":{"prn":"17710","url":"https://www.somersetheritage.org.uk/record/17710","name":"War memorial, Church of St Michael and All Angels","kind":"Monument record"},"geometry":{"type":"Polygon","coordinates":[[[-2.791459,51.323926],[-2.791496,51.323943],[-2.791516,51.323923],[-2.791488,51.323907],[-2.791459,51.323926]]]}},{"type":"Feature","properties":{"prn":"57453","url":"https://www.somersetheritage.org.uk/record/57453","name":"Star Inn, Star","kind":"Monument record"},"geometry":{"type":"Polygon","coordinates":[[[-2.806416,51.322025],[-2.806367,51.322033],[-2.806315,51.3219],[-2.806479,51.321876],[-2.806459,51.321826],[-2.806321,51.321852],[-2.806288,51.321785],[-2.80641,51.321757],[-2.806404,51.321741],[-2.806425,51.321736],[-2.806434,51.321753],[-2.806497,51.321741],[-2.806525,51.321799],[-2.806574,51.321796],[-2.806591,51.32184],[-2.806543,51.321848],[-2.806578,51.321921],[-2.806544,51.321927],[-2.806547,51.32195],[-2.806523,51.321958],[-2.806395,51.321974],[-2.806416,51.322025]]]}},{"type":"Feature","properties":{"prn":"40059","url":"https://www.somersetheritage.org.uk/record/40059","name":"Early prehistoric pit, S of Wimblestone, Shipham","kind":"Monument record"},"geometry":{"type":"Polygon","coordinates":[[[-2.814102,51.321877],[-2.814157,51.321901],[-2.814142,51.321939],[-2.814086,51.321947],[-2.814049,51.321924],[-2.814053,51.321895],[-2.814102,51.321877]]]}},{"type":"Feature","properties":{"prn":"12788","url":"https://www.somersetheritage.org.uk/record/12788","name":"Evaluation and survey (1998), Rowberrow Treatment Works, Shipham","kind":"Event / investigation"},"geometry":{"type":"Polygon","coordinates":[[[-2.802411,51.323787],[-2.804164,51.324015],[-2.80614,51.323987],[-2.809708,51.323555],[-2.813302,51.323447],[-2.809706,51.323537],[-2.806138,51.323969],[-2.804165,51.323997],[-2.802428,51.323778],[-2.802411,51.323787]]]}},{"type":"Feature","properties":{"prn":"14065","url":"https://www.somersetheritage.org.uk/record/14065","name":"Trackway, Blackdown, Priddy","kind":"Monument record"},"geometry":{"type":"Polygon","coordinates":[[[-2.733076,51.315931],[-2.733111,51.315936],[-2.733274,51.315889],[-2.733589,51.315779],[-2.734501,51.315512],[-2.735327,51.3153],[-2.736913,51.315023],[-2.737266,51.31493],[-2.737783,51.314855],[-2.737991,51.314787],[-2.738205,51.314694],[-2.738479,51.314503],[-2.738881,51.314392],[-2.738988,51.314323],[-2.739278,51.314269],[-2.739622,51.314138],[-2.740626,51.313823],[-2.74153,51.313584],[-2.741624,51.313575],[-2.741792,51.313517],[-2.741916,51.313459],[-2.742075,51.313345],[-2.742647,51.312903],[-2.743395,51.312547],[-2.743912,51.312255],[-2.744231,51.312095],[-2.744579,51.311966],[-2.745379,51.311608],[-2.745683,51.311494],[-2.747002,51.311149],[-2.747434,51.310994],[-2.74784,51.310934],[-2.74811,51.310853],[-2.748226,51.310833],[-2.748342,51.310786],[-2.748528,51.31077],[-2.748819,51.310716],[-2.750268,51.310339],[-2.750936,51.310099],[-2.751238,51.310027],[-2.75198,51.309777],[-2.753106,51.309367],[-2.753483,51.309158],[-2.75372,51.309051],[-2.754056,51.308984],[-2.75489,51.308768],[-2.75532,51.308618],[-2.755586,51.308559],[-2.755658,51.308526],[-2.756426,51.30798],[-2.758807,51.306797],[-2.761202,51.305364],[-2.761178,51.305357],[-2.758787,51.306783],[-2.756405,51.307967],[-2.75564,51.308512],[-2.755571,51.308543],[-2.755309,51.308602],[-2.755001,51.308718],[-2.7547,51.308799],[-2.754045,51.308967],[-2.753706,51.309035],[-2.753464,51.309144],[-2.753091,51.309351],[-2.751966,51.309761],[-2.751225,51.310011],[-2.750926,51.310082],[-2.750254,51.310323],[-2.74881,51.310699],[-2.748522,51.310752],[-2.748333,51.310768],[-2.748212,51.310817],[-2.748098,51.310836],[-2.747832,51.310916],[-2.747423,51.310977],[-2.746988,51.311133],[-2.745669,51.311478],[-2.745363,51.311593],[-2.744564,51.31195],[-2.744214,51.31208],[-2.743893,51.312241],[-2.743377,51.312533],[-2.742627,51.31289],[-2.742054,51.313333],[-2.741898,51.313445],[-2.741775,51.313502],[-2.741612,51.313559],[-2.741524,51.313566],[-2.740638,51.313799],[-2.739608,51.314122],[-2.739267,51.314252],[-2.738974,51.314307],[-2.738864,51.314377],[-2.738461,51.314489],[-2.738185,51.314681],[-2.737976,51.314771],[-2.737771,51.314838],[-2.737256,51.314913],[-2.736906,51.315005],[-2.735317,51.315283],[-2.734491,51.315495],[-2.733575,51.315763],[-2.733076,51.315931]]]}},{"type":"Feature","properties":{"prn":"14066","url":"https://www.somersetheritage.org.uk/record/14066","name":"Cheddar to Bristol road over Blackdown, Priddy","kind":"Monument record"},"geometry":{"type":"Polygon","coordinates":[[[-2.756293,51.322841],[-2.756363,51.323211],[-2.756689,51.323501],[-2.756713,51.323501],[-2.756391,51.323206],[-2.756322,51.322842],[-2.757587,51.320934],[-2.757565,51.320174],[-2.757947,51.319609],[-2.758709,51.318149],[-2.758536,51.317402],[-2.757793,51.315888],[-2.756893,51.314699],[-2.756654,51.314321],[-2.756966,51.313677],[-2.757539,51.312792],[-2.759019,51.308195],[-2.759265,51.307784],[-2.759719,51.307172],[-2.76099,51.305556],[-2.76113,51.305408],[-2.761125,51.305395],[-2.761037,51.305461],[-2.760965,51.305548],[-2.759693,51.307165],[-2.759238,51.307777],[-2.758991,51.30819],[-2.757511,51.312787],[-2.756939,51.31367],[-2.756624,51.314321],[-2.756867,51.314706],[-2.757766,51.315895],[-2.758508,51.317406],[-2.75868,51.318148],[-2.75792,51.319602],[-2.757538,51.320168],[-2.75756,51.320929],[-2.756293,51.322841]]]}},{"type":"Feature","properties":{"prn":"14068","url":"https://www.somersetheritage.org.uk/record/14068","name":"Wall foundation, Blackdown, Priddy","kind":"Monument record"},"geometry":{"type":"Polygon","coordinates":[[[-2.75926,51.312203],[-2.76049,51.312565],[-2.761394,51.312931],[-2.761416,51.312923],[-2.760505,51.312549],[-2.759281,51.312195],[-2.75926,51.312203]]]}},{"type":"Feature","properties":{"prn":"16726","url":"https://www.somersetheritage.org.uk/record/16726","name":"Stream revetment wall, W of Winterhead Hill Farm, Shipham","kind":"Monument record"},"geometry":{"type":"Polygon","coordinates":[[[-2.810385,51.306662],[-2.810803,51.30737],[-2.811105,51.307664],[-2.811669,51.308089],[-2.811782,51.308297],[-2.811915,51.30844],[-2.812032,51.308648],[-2.812263,51.309127],[-2.81221,51.309611],[-2.812067,51.309863],[-2.812105,51.310011],[-2.812069,51.310104],[-2.812091,51.310112],[-2.812134,51.31001],[-2.812096,51.309867],[-2.812239,51.309613],[-2.812292,51.309125],[-2.812059,51.308642],[-2.811942,51.308433],[-2.811808,51.308289],[-2.811695,51.30808],[-2.811128,51.307653],[-2.810829,51.307362],[-2.810412,51.306657],[-2.810385,51.306662]]]}},{"type":"Feature","properties":{"prn":"29313","url":"https://www.somersetheritage.org.uk/record/29313","name":"Flint finds, Tyning's Farm, Cheddar","kind":"Monument record"},"geometry":{"type":"Polygon","coordinates":[[[-2.760089,51.305302],[-2.760097,51.30535],[-2.760133,51.305409],[-2.760234,51.305486],[-2.760379,51.305536],[-2.760547,51.305554],[-2.760741,51.305531],[-2.760881,51.305476],[-2.760975,51.305397],[-2.761006,51.305336],[-2.76101,51.305288],[-2.760972,51.305196],[-2.760875,51.305118],[-2.760707,51.30506],[-2.760538,51.305045],[-2.760345,51.305071],[-2.760228,51.305117],[-2.760119,51.305209],[-2.760089,51.305302]]]}},{"type":"Feature","properties":{"prn":"39897","url":"https://www.somersetheritage.org.uk/record/39897","name":"Ivy fissure, Cheddarcombe Lane, Star Shipham","kind":"Monument record"},"geometry":{"type":"Polygon","coordinates":[[[-2.804836,51.32028],[-2.804889,51.320301],[-2.80488,51.32034],[-2.804831,51.320352],[-2.804784,51.320331],[-2.804793,51.320292],[-2.804836,51.32028]]]}},{"type":"Feature","properties":{"prn":"12883","url":"https://www.somersetheritage.org.uk/record/12883","name":"Eighteenth-century Turnpike road, East Brent to Churchill Rocks","kind":"Monument record"},"geometry":{"type":"MultiPolygon","coordinates":[[[[-2.829283,51.300705],[-2.829552,51.300695],[-2.829302,51.30039],[-2.828905,51.299398],[-2.828557,51.298359],[-2.828594,51.297685],[-2.828884,51.29684],[-2.829193,51.296363],[-2.830137,51.295237],[-2.831169,51.293579],[-2.831739,51.292563],[-2.832587,51.290877],[-2.832926,51.290492],[-2.833211,51.290265],[-2.833682,51.290026],[-2.834523,51.289656],[-2.835275,51.289373],[-2.836107,51.289205],[-2.83861,51.288754],[-2.840208,51.288626],[-2.842147,51.288774],[-2.842627,51.288884],[-2.843623,51.289069],[-2.844316,51.289068],[-2.844883,51.288997],[-2.84498,51.288837],[-2.845418,51.28753],[-2.846336,51.285779],[-2.84746,51.284085],[-2.84768,51.283607],[-2.848899,51.282123],[-2.849397,51.281375],[-2.849654,51.280908],[-2.849744,51.280558],[-2.850771,51.279996],[-2.851575,51.279624],[-2.852789,51.279175],[-2.853868,51.278869],[-2.856062,51.278293],[-2.860311,51.277143],[-2.861193,51.276963],[-2.862384,51.276843],[-2.86726,51.276225],[-2.86767,51.276212],[-2.867986,51.276153],[-2.869308,51.276045],[-2.870224,51.276012],[-2.870743,51.275949],[-2.871095,51.275842],[-2.871819,51.27549],[-2.872613,51.275177],[-2.879218,51.273068],[-2.882594,51.271941],[-2.884521,51.270735],[-2.885392,51.270208],[-2.886193,51.270124],[-2.888204,51.270096],[-2.889804,51.269916],[-2.891571,51.26962],[-2.895086,51.268993],[-2.897859,51.268412],[-2.8997,51.268044],[-2.901224,51.267915],[-2.901671,51.26796],[-2.902069,51.267925],[-2.905721,51.266922],[-2.907254,51.266594],[-2.908504,51.266299],[-2.911573,51.265243],[-2.913652,51.264493],[-2.916861,51.264216],[-2.919269,51.263733],[-2.92313,51.262627],[-2.924923,51.262089],[-2.925366,51.262004],[-2.925919,51.261958],[-2.927606,51.262003],[-2.929682,51.262206],[-2.931091,51.262399],[-2.932065,51.262455],[-2.933146,51.262344],[-2.933502,51.262164],[-2.933961,51.261551],[-2.93391,51.260882],[-2.933727,51.259384],[-2.933445,51.257294],[-2.933442,51.255756],[-2.933716,51.253759],[-2.933981,51.253221],[-2.934277,51.252914],[-2.934888,51.252605],[-2.934703,51.252574],[-2.934074,51.252924],[-2.933792,51.253184],[-2.933549,51.253815],[-2.933257,51.2558],[-2.933293,51.257263],[-2.933643,51.25955],[-2.933806,51.260993],[-2.933781,51.261516],[-2.933525,51.262003],[-2.933342,51.262172],[-2.933074,51.262295],[-2.931926,51.262384],[-2.931512,51.262375],[-2.929401,51.26206],[-2.928294,51.261982],[-2.926172,51.261876],[-2.925552,51.261906],[-2.925061,51.261992],[-2.919233,51.263651],[-2.916156,51.264203],[-2.914134,51.264236],[-2.912981,51.264448],[-2.910865,51.265268],[-2.908081,51.2663],[-2.905646,51.266849],[-2.902038,51.267863],[-2.901741,51.267895],[-2.901062,51.267811],[-2.900458,51.267857],[-2.899248,51.268041],[-2.897392,51.268437],[-2.895141,51.268853],[-2.890045,51.269718],[-2.889264,51.269906],[-2.888073,51.269956],[-2.8858,51.269997],[-2.885279,51.270045],[-2.884296,51.270584],[-2.882944,51.271497],[-2.882518,51.271825],[-2.879385,51.272898],[-2.871613,51.275421],[-2.871278,51.275638],[-2.87089,51.275831],[-2.870192,51.275909],[-2.869214,51.275893],[-2.86765,51.276107],[-2.86685,51.276168],[-2.863537,51.276595],[-2.861024,51.276823],[-2.859793,51.277091],[-2.858654,51.277472],[-2.853718,51.278776],[-2.853234,51.278836],[-2.851361,51.279616],[-2.850473,51.280032],[-2.849669,51.280512],[-2.849394,51.281072],[-2.848601,51.282182],[-2.847752,51.283233],[-2.847034,51.284389],[-2.846075,51.285733],[-2.845433,51.28704],[-2.845013,51.288207],[-2.844794,51.288884],[-2.844697,51.288962],[-2.843949,51.288998],[-2.84347,51.288982],[-2.84264,51.288795],[-2.841812,51.28863],[-2.840836,51.288546],[-2.83952,51.288617],[-2.837339,51.288885],[-2.836597,51.289058],[-2.835344,51.289286],[-2.834533,51.289549],[-2.834086,51.289748],[-2.833173,51.290186],[-2.832856,51.290407],[-2.8325,51.290834],[-2.83054,51.29435],[-2.829875,51.295145],[-2.828925,51.296442],[-2.828478,51.297349],[-2.828365,51.297886],[-2.828387,51.298406],[-2.828711,51.299438],[-2.829081,51.300331],[-2.829283,51.300705]]],[[[-2.799821,51.326183],[-2.799836,51.326199],[-2.799875,51.326192],[-2.799998,51.326017],[-2.80039,51.325722],[-2.800577,51.32563],[-2.800825,51.325538],[-2.80131,51.325404],[-2.802776,51.325181],[-2.803196,51.325084],[-2.803556,51.324943],[-2.803786,51.324782],[-2.804006,51.324559],[-2.804135,51.324345],[-2.804263,51.323976],[-2.804367,51.323786],[-2.804528,51.323627],[-2.804799,51.323428],[-2.805261,51.322902],[-2.805382,51.322596],[-2.805489,51.322379],[-2.805613,51.32221],[-2.805905,51.321947],[-2.806196,51.321766],[-2.807437,51.321311],[-2.808509,51.321056],[-2.809105,51.320883],[-2.809908,51.320462],[-2.810606,51.319911],[-2.811268,51.319428],[-2.811785,51.319074],[-2.812357,51.318754],[-2.813043,51.318515],[-2.813529,51.318324],[-2.813381,51.318271],[-2.813015,51.318413],[-2.812522,51.31857],[-2.811917,51.318861],[-2.811445,51.319122],[-2.810728,51.319703],[-2.810077,51.320201],[-2.808991,51.320783],[-2.807477,51.321191],[-2.806744,51.321457],[-2.806139,51.321726],[-2.805861,51.321924],[-2.805562,51.322193],[-2.805436,51.322365],[-2.805326,51.322587],[-2.805209,51.322887],[-2.804751,51.323408],[-2.804483,51.323605],[-2.804305,51.32378],[-2.804307,51.323799],[-2.804208,51.323967],[-2.80408,51.324336],[-2.803953,51.324544],[-2.803741,51.324759],[-2.803516,51.324917],[-2.803168,51.325052],[-2.802761,51.325146],[-2.801292,51.32537],[-2.800797,51.325506],[-2.800543,51.325601],[-2.800352,51.325694],[-2.800167,51.325822],[-2.799948,51.325999],[-2.799821,51.326183]]]]}},{"type":"Feature","properties":{"prn":"11488","url":"https://www.somersetheritage.org.uk/record/11488","name":"Field lynchets N of A38, Shipham","kind":"Monument record"},"geometry":{"type":"Polygon","coordinates":[[[-2.804668,51.325127],[-2.804019,51.325119],[-2.801636,51.325308],[-2.801292,51.32537],[-2.800634,51.325558],[-2.800352,51.325689],[-2.800034,51.325929],[-2.799959,51.325948],[-2.799265,51.325888],[-2.798028,51.325601],[-2.797529,51.325518],[-2.79691,51.325302],[-2.796666,51.325038],[-2.796546,51.324833],[-2.796506,51.324686],[-2.796523,51.324584],[-2.79668,51.324392],[-2.796894,51.324246],[-2.797199,51.324082],[-2.797505,51.323979],[-2.799209,51.323546],[-2.799238,51.323692],[-2.799398,51.324121],[-2.79944,51.324281],[-2.79926,51.324442],[-2.799399,51.324498],[-2.801236,51.324006],[-2.801271,51.324134],[-2.801407,51.324201],[-2.801384,51.324572],[-2.802543,51.324462],[-2.802432,51.323957],[-2.802545,51.323754],[-2.802492,51.323479],[-2.802061,51.322862],[-2.804488,51.322252],[-2.804793,51.323348],[-2.804216,51.323648],[-2.804156,51.323995],[-2.804583,51.323972],[-2.80616,51.323823],[-2.806315,51.325168],[-2.804668,51.325127]]]}},{"type":"Feature","properties":{"prn":"41348","url":"https://www.somersetheritage.org.uk/record/41348","name":"Boundary post, Dolebury Bottom, Shipham","kind":"Monument record"},"geometry":{"type":"Polygon","coordinates":[[[-2.797801,51.32672],[-2.797824,51.326728],[-2.797821,51.326748],[-2.797777,51.326744],[-2.797778,51.326728],[-2.797801,51.32672]]]}},{"type":"Feature","properties":{"prn":"29808","url":"https://www.somersetheritage.org.uk/record/29808","name":"Possible prehistoric barrow site, Star, Shipham","kind":"Monument record"},"geometry":{"type":"Polygon","coordinates":[[[-2.810652,51.319316],[-2.810696,51.319376],[-2.810799,51.319398],[-2.810898,51.319369],[-2.810931,51.319311],[-2.810915,51.319276],[-2.810877,51.319248],[-2.810779,51.319231],[-2.810688,51.319259],[-2.810652,51.319316]]]}},{"type":"Feature","properties":{"prn":"29807","url":"https://www.somersetheritage.org.uk/record/29807","name":"Geophysical survey (2010), south of Broadway, Star, Shipham","kind":"Event / investigation"},"geometry":{"type":"MultiPolygon","coordinates":[[[[-2.809688,51.318771],[-2.809703,51.318949],[-2.810628,51.319045],[-2.810665,51.318877],[-2.810085,51.31881],[-2.810119,51.318635],[-2.809938,51.318616],[-2.809724,51.318619],[-2.809688,51.318771]]],[[[-2.810365,51.319369],[-2.810621,51.319451],[-2.810486,51.319606],[-2.810724,51.319676],[-2.811126,51.319227],[-2.810597,51.319089],[-2.810365,51.319369]]]]}},{"type":"Feature","properties":{"prn":"29809","url":"https://www.somersetheritage.org.uk/record/29809","name":"Roman road, west of Charterhouse","kind":"Monument record"},"geometry":{"type":"MultiPolygon","coordinates":[[[[-2.716786,51.300298],[-2.723873,51.30203],[-2.733057,51.302189],[-2.748269,51.304414],[-2.766948,51.307383],[-2.76693,51.307392],[-2.748262,51.304431],[-2.733055,51.302207],[-2.72387,51.302048],[-2.716784,51.300316],[-2.712317,51.300641],[-2.712303,51.300632],[-2.712315,51.300624],[-2.716786,51.300298]]],[[[-2.80496,51.315838],[-2.808171,51.317072],[-2.808219,51.317166],[-2.808088,51.317162],[-2.804889,51.3159],[-2.804869,51.315842],[-2.80496,51.315838]]],[[[-2.809685,51.318552],[-2.811101,51.319348],[-2.811015,51.319412],[-2.809593,51.318622],[-2.809685,51.318552]]]]}},{"type":"Feature","properties":{"prn":"29862","url":"https://www.somersetheritage.org.uk/record/29862","name":"Resistivity survey (2006), E of Star Roman villa, Shipham","kind":"Event / investigation"},"geometry":{"type":"Polygon","coordinates":[[[-2.81145,51.324173],[-2.810909,51.324158],[-2.810035,51.324061],[-2.809931,51.323614],[-2.811151,51.323598],[-2.811158,51.323958],[-2.81143,51.323944],[-2.81145,51.324173]]]}},{"type":"Feature","properties":{"prn":"29863","url":"https://www.somersetheritage.org.uk/record/29863","name":"Roman building, E of Star Roman villa, Shipham","kind":"Monument record"},"geometry":{"type":"Polygon","coordinates":[[[-2.81072,51.324159],[-2.810772,51.323921],[-2.810555,51.323901],[-2.810493,51.324138],[-2.81072,51.324159]]]}},{"type":"Feature","properties":{"prn":"39896","url":"https://www.somersetheritage.org.uk/record/39896","name":"Holly Fissure, Cheddarcombe Lane, Star, Shipham","kind":"Monument record"},"geometry":{"type":"Polygon","coordinates":[[[-2.804546,51.320102],[-2.804599,51.320123],[-2.80459,51.320162],[-2.804535,51.320174],[-2.804494,51.320153],[-2.8045,51.320117],[-2.804546,51.320102]]]}},{"type":"Feature","properties":{"prn":"39895","url":"https://www.somersetheritage.org.uk/record/39895","name":"Holly Bush Shaft, S of Shipham","kind":"Monument record"},"geometry":{"type":"Polygon","coordinates":[[[-2.79494,51.312336],[-2.795006,51.312362],[-2.795012,51.31239],[-2.794995,51.312411],[-2.794935,51.312426],[-2.794876,51.3124],[-2.794875,51.312363],[-2.79494,51.312336]]]}},{"type":"Feature","properties":{"prn":"30213","url":"https://www.somersetheritage.org.uk/record/30213","name":"Watching brief (1991-1992), Shipham water pipeline","kind":"Event / investigation"},"geometry":{"type":"Polygon","coordinates":[[[-2.801716,51.313803],[-2.803929,51.314999],[-2.804953,51.315571],[-2.805568,51.31554],[-2.806688,51.31531],[-2.807784,51.315196],[-2.808016,51.315158],[-2.808242,51.315161],[-2.808278,51.315138],[-2.808243,51.315116],[-2.808003,51.315113],[-2.807768,51.315152],[-2.806674,51.315266],[-2.805549,51.315497],[-2.804984,51.315528],[-2.803977,51.314965],[-2.801775,51.313785],[-2.801733,51.313783],[-2.801716,51.313803]]]}},{"type":"Feature","properties":{"prn":"29963","url":"https://www.somersetheritage.org.uk/record/29963","name":"Penscott, Shipham","kind":"Monument record"},"geometry":{"type":"Polygon","coordinates":[[[-2.799861,51.313922],[-2.799706,51.313957],[-2.799719,51.313984],[-2.799643,51.313999],[-2.799631,51.313977],[-2.799521,51.314],[-2.799498,51.31395],[-2.799831,51.313879],[-2.799861,51.313922]]]}},{"type":"Feature","properties":{"prn":"29994","url":"https://www.somersetheritage.org.uk/record/29994","name":"Geophysical survey (2010, 2011), Rowberrow","kind":"Event / investigation"},"geometry":{"type":"Polygon","coordinates":[[[-2.792037,51.32142],[-2.792041,51.321658],[-2.791602,51.321661],[-2.791598,51.321423],[-2.792037,51.32142]]]}},{"type":"Feature","properties":{"prn":"30386","url":"https://www.somersetheritage.org.uk/record/30386","name":"Sycamore Farm, Turnpike Road, Shipham","kind":"Monument record"},"geometry":{"type":"Polygon","coordinates":[[[-2.798974,51.315226],[-2.798686,51.315215],[-2.798619,51.315065],[-2.798702,51.314769],[-2.799013,51.314848],[-2.799035,51.314819],[-2.799054,51.314822],[-2.798974,51.315226]]]}},{"type":"Feature","properties":{"prn":"31675","url":"https://www.somersetheritage.org.uk/record/31675","name":"Enclosure, Rowberrow Warren","kind":"Monument record"},"geometry":{"type":"Polygon","coordinates":[[[-2.778327,51.323232],[-2.778338,51.323521],[-2.777455,51.323514],[-2.777446,51.323269],[-2.778327,51.323232]]]}},{"type":"Feature","properties":{"prn":"10781","url":"https://www.somersetheritage.org.uk/record/10781","name":"Old mine shaft, N of Shipham, Shipham","kind":"Monument record"},"geometry":{"type":"Polygon","coordinates":[[[-2.799663,51.319186],[-2.799678,51.319227],[-2.799712,51.319256],[-2.799826,51.319282],[-2.799934,51.319248],[-2.799965,51.31921],[-2.79997,51.319174],[-2.799918,51.319111],[-2.799813,51.319087],[-2.799709,51.319115],[-2.799673,51.31915],[-2.799663,51.319186]]]}},{"type":"Feature","properties":{"prn":"51448","url":"https://www.somersetheritage.org.uk/record/51448","name":"Lime kiln, N of Blackdown Farm, Shipham","kind":"Monument record"},"geometry":{"type":"Polygon","coordinates":[[[-2.783877,51.313429],[-2.783362,51.313365],[-2.782983,51.313363],[-2.782369,51.312626],[-2.783849,51.312623],[-2.783877,51.313429]]]}},{"type":"Feature","properties":{"prn":"32478","url":"https://www.somersetheritage.org.uk/record/32478","name":"Geophysical survey (2013), Wimblestone, Star","kind":"Event / investigation"},"geometry":{"type":"Polygon","coordinates":[[[-2.815667,51.322933],[-2.814534,51.323116],[-2.814474,51.323002],[-2.814624,51.322953],[-2.814143,51.322209],[-2.814749,51.322138],[-2.814741,51.322073],[-2.815189,51.322053],[-2.815444,51.322405],[-2.815667,51.322933]]]}},{"type":"Feature","properties":{"prn":"32479","url":"https://www.somersetheritage.org.uk/record/32479","name":"Geophysical survey (2013), Pylewell Lane, Star","kind":"Event / investigation"},"geometry":{"type":"Polygon","coordinates":[[[-2.813029,51.322636],[-2.812651,51.322637],[-2.81266,51.323143],[-2.81194,51.323142],[-2.811723,51.323084],[-2.811711,51.322902],[-2.80985,51.322876],[-2.809885,51.322651],[-2.811544,51.3224],[-2.813029,51.32239],[-2.813029,51.322636]]]}},{"type":"Feature","properties":{"prn":"36196","url":"https://www.somersetheritage.org.uk/record/36196","name":"Resistivity survey (2013), Star Roman Villa","kind":"Event / investigation"},"geometry":{"type":"Polygon","coordinates":[[[-2.811744,51.32425],[-2.811868,51.324268],[-2.811903,51.324289],[-2.811911,51.324312],[-2.811869,51.324345],[-2.811798,51.324362],[-2.811623,51.324347],[-2.811581,51.324315],[-2.811594,51.324285],[-2.811662,51.324258],[-2.811744,51.32425]]]}},{"type":"Feature","properties":{"prn":"32597","url":"https://www.somersetheritage.org.uk/record/32597","name":"Geophysical survey (2013), N of Star, Shipham","kind":"Event / investigation"},"geometry":{"type":"Polygon","coordinates":[[[-2.811922,51.323363],[-2.811951,51.323542],[-2.811665,51.32356],[-2.811637,51.323381],[-2.811922,51.323363]]]}},{"type":"Feature","properties":{"prn":"21378","url":"https://www.somersetheritage.org.uk/record/21378","name":"Second World War bomb craters, Black Down, Priddy","kind":"Monument record"},"geometry":{"type":"MultiPolygon","coordinates":[[[[-2.75682,51.318695],[-2.756853,51.318742],[-2.756929,51.318759],[-2.756997,51.318739],[-2.757025,51.318688],[-2.75699,51.318646],[-2.75692,51.31863],[-2.756847,51.318651],[-2.75682,51.318695]]],[[[-2.757442,51.318688],[-2.757474,51.318734],[-2.757557,51.318751],[-2.757623,51.318729],[-2.757647,51.31868],[-2.757607,51.318636],[-2.757529,51.318623],[-2.757468,51.318644],[-2.757442,51.318688]]],[[[-2.757752,51.318724],[-2.75778,51.318767],[-2.757842,51.318787],[-2.757924,51.318771],[-2.757958,51.318725],[-2.757932,51.318681],[-2.757865,51.318659],[-2.757783,51.318677],[-2.757752,51.318724]]],[[[-2.756969,51.318238],[-2.757006,51.318287],[-2.757083,51.318301],[-2.757145,51.318282],[-2.757174,51.318235],[-2.757134,51.318186],[-2.757062,51.318173],[-2.756995,51.318194],[-2.756969,51.318238]]]]}},{"type":"Feature","properties":{"prn":"24114","url":"https://www.somersetheritage.org.uk/record/24114","name":"Second World War anti aircraft obstructions, Black Down, Priddy","kind":"Monument record"},"geometry":{"type":"MultiPolygon","coordinates":[[[[-2.73285,51.309353],[-2.733245,51.309314],[-2.733572,51.30926],[-2.73357,51.309081],[-2.733615,51.309074],[-2.733787,51.309154],[-2.733851,51.309224],[-2.734088,51.309174],[-2.734672,51.30911],[-2.736576,51.308852],[-2.736566,51.308578],[-2.736508,51.308164],[-2.736441,51.307359],[-2.736513,51.306973],[-2.73657,51.30697],[-2.736595,51.306992],[-2.73677,51.30882],[-2.736852,51.308829],[-2.737948,51.308715],[-2.739603,51.308595],[-2.739609,51.307588],[-2.739577,51.307091],[-2.739589,51.306981],[-2.739583,51.306759],[-2.73964,51.306753],[-2.739766,51.306815],[-2.739801,51.308444],[-2.739822,51.30857],[-2.742267,51.308381],[-2.742057,51.307533],[-2.741892,51.306971],[-2.741895,51.306936],[-2.741932,51.306928],[-2.74206,51.306987],[-2.742187,51.307387],[-2.742193,51.307483],[-2.742349,51.308049],[-2.742463,51.308379],[-2.745027,51.308182],[-2.744998,51.308109],[-2.744857,51.307238],[-2.74495,51.307187],[-2.745046,51.307198],[-2.745215,51.308182],[-2.745373,51.30816],[-2.747133,51.308054],[-2.747077,51.307837],[-2.746941,51.307458],[-2.74692,51.307349],[-2.746987,51.307255],[-2.747054,51.307249],[-2.747081,51.30728],[-2.747228,51.307711],[-2.747312,51.308026],[-2.747353,51.308048],[-2.749167,51.308134],[-2.749478,51.308128],[-2.749561,51.308105],[-2.749507,51.307901],[-2.749452,51.307801],[-2.749454,51.307777],[-2.749502,51.307775],[-2.749635,51.307834],[-2.749814,51.308236],[-2.749952,51.308611],[-2.750272,51.309375],[-2.75033,51.309551],[-2.750423,51.309594],[-2.750514,51.309565],[-2.752022,51.309361],[-2.752295,51.309309],[-2.752583,51.309282],[-2.752498,51.308927],[-2.752419,51.308731],[-2.752409,51.308537],[-2.752335,51.308176],[-2.752449,51.308128],[-2.752503,51.308131],[-2.752545,51.308271],[-2.752663,51.308879],[-2.752708,51.308968],[-2.752762,51.309242],[-2.752928,51.309231],[-2.752961,51.309212],[-2.753344,51.309157],[-2.755007,51.308941],[-2.755008,51.308861],[-2.754954,51.308706],[-2.75492,51.30854],[-2.754963,51.308471],[-2.755056,51.308469],[-2.755101,51.308493],[-2.755204,51.308896],[-2.75524,51.308914],[-2.756209,51.308816],[-2.757674,51.30871],[-2.757861,51.308785],[-2.758041,51.309254],[-2.75819,51.309704],[-2.758153,51.309734],[-2.757977,51.309701],[-2.757954,51.309593],[-2.757696,51.308833],[-2.757645,51.308814],[-2.757141,51.308878],[-2.755349,51.309019],[-2.755259,51.30905],[-2.755389,51.309519],[-2.755553,51.309991],[-2.755578,51.310148],[-2.755712,51.310637],[-2.756263,51.310574],[-2.757955,51.310422],[-2.758216,51.310388],[-2.758278,51.310352],[-2.758343,51.310352],[-2.758421,51.310391],[-2.758842,51.310329],[-2.760758,51.310154],[-2.760765,51.310116],[-2.760642,51.309915],[-2.760639,51.309816],[-2.760598,51.309702],[-2.760214,51.309016],[-2.760244,51.308979],[-2.760298,51.30898],[-2.760334,51.309005],[-2.760609,51.309379],[-2.760724,51.309572],[-2.760997,51.310125],[-2.761685,51.310211],[-2.761782,51.310269],[-2.761938,51.310302],[-2.762065,51.310274],[-2.762628,51.310348],[-2.763126,51.310379],[-2.763647,51.310508],[-2.763686,51.310494],[-2.763685,51.3104],[-2.763592,51.310249],[-2.763507,51.310043],[-2.763342,51.309744],[-2.763255,51.309685],[-2.763253,51.309647],[-2.763311,51.309625],[-2.763509,51.309678],[-2.76376,51.310205],[-2.763724,51.31026],[-2.763917,51.310512],[-2.764186,51.311192],[-2.764137,51.311271],[-2.764093,51.311288],[-2.764045,51.311284],[-2.764018,51.311262],[-2.763771,51.310653],[-2.763708,51.310591],[-2.763571,51.310554],[-2.76245,51.310445],[-2.761237,51.310272],[-2.761107,51.31028],[-2.761279,51.310655],[-2.761524,51.311105],[-2.761509,51.311134],[-2.761457,51.311141],[-2.761316,51.31109],[-2.760904,51.310293],[-2.760868,51.310263],[-2.759948,51.310342],[-2.759107,51.310441],[-2.758546,51.310484],[-2.758474,51.310541],[-2.758675,51.311092],[-2.758744,51.311368],[-2.758722,51.311403],[-2.758651,51.311407],[-2.758559,51.311366],[-2.758444,51.310967],[-2.758359,51.310766],[-2.758311,51.310566],[-2.758317,51.310487],[-2.758236,51.310461],[-2.758092,51.310476],[-2.757926,51.310543],[-2.757767,51.310565],[-2.755729,51.310749],[-2.755739,51.310819],[-2.756061,51.311794],[-2.756109,51.311979],[-2.756156,51.312177],[-2.756168,51.312305],[-2.756127,51.312315],[-2.756048,51.312302],[-2.755942,51.312129],[-2.755834,51.311864],[-2.75579,51.311656],[-2.75574,51.311466],[-2.755673,51.311292],[-2.755567,51.310849],[-2.755537,51.310783],[-2.755435,51.310783],[-2.753195,51.310995],[-2.753167,51.31102],[-2.753384,51.312018],[-2.753352,51.312044],[-2.753283,51.312042],[-2.753188,51.311975],[-2.752959,51.311025],[-2.752782,51.311025],[-2.750978,51.311213],[-2.750992,51.31139],[-2.751066,51.311557],[-2.751194,51.311937],[-2.751229,51.312127],[-2.75119,51.312162],[-2.751127,51.312161],[-2.751048,51.31211],[-2.750898,51.311698],[-2.750799,51.311363],[-2.750737,51.311275],[-2.750656,51.31125],[-2.750063,51.311312],[-2.749777,51.311391],[-2.749424,51.311364],[-2.748888,51.311434],[-2.748411,51.311476],[-2.748396,51.311501],[-2.748413,51.311553],[-2.748493,51.311714],[-2.748688,51.312301],[-2.748667,51.312343],[-2.74858,51.312347],[-2.748437,51.312223],[-2.748226,51.311512],[-2.748181,51.311488],[-2.746138,51.311685],[-2.745961,51.311718],[-2.745935,51.311989],[-2.745835,51.312029],[-2.74588,51.312195],[-2.746036,51.312588],[-2.745888,51.312562],[-2.745682,51.312446],[-2.745668,51.312339],[-2.745577,51.312006],[-2.745508,51.311812],[-2.745447,51.311756],[-2.745352,51.311751],[-2.743951,51.311892],[-2.743446,51.311926],[-2.743452,51.311992],[-2.743503,51.312114],[-2.743559,51.312666],[-2.743532,51.312983],[-2.743481,51.312994],[-2.743425,51.312978],[-2.743316,51.31226],[-2.743269,51.31203],[-2.74324,51.311971],[-2.743119,51.31197],[-2.742765,51.312015],[-2.741214,51.312156],[-2.741002,51.312169],[-2.74098,51.312119],[-2.741045,51.312039],[-2.741888,51.31195],[-2.742189,51.311944],[-2.742813,51.311862],[-2.743206,51.311831],[-2.7431,51.311393],[-2.742855,51.310524],[-2.740556,51.310737],[-2.74051,51.310776],[-2.740766,51.311519],[-2.740829,51.311774],[-2.740856,51.311967],[-2.740778,51.312027],[-2.740701,51.312025],[-2.740654,51.311922],[-2.740328,51.310776],[-2.740269,51.31075],[-2.740192,51.310848],[-2.740094,51.310841],[-2.740023,51.31079],[-2.739563,51.310846],[-2.739465,51.311051],[-2.739302,51.311268],[-2.738736,51.312163],[-2.738358,51.312709],[-2.73817,51.312723],[-2.738152,51.312686],[-2.738324,51.31241],[-2.738559,51.312101],[-2.73925,51.311027],[-2.739317,51.310903],[-2.739251,51.310891],[-2.737869,51.311092],[-2.737049,51.311178],[-2.737011,51.311218],[-2.737113,51.312383],[-2.737066,51.312403],[-2.736989,51.312382],[-2.736908,51.31231],[-2.736853,51.311971],[-2.736832,51.311238],[-2.736793,51.311214],[-2.73568,51.311366],[-2.73522,51.311403],[-2.734888,51.31146],[-2.734557,51.311494],[-2.734268,51.31155],[-2.733789,51.311607],[-2.733818,51.312119],[-2.733787,51.312565],[-2.73369,51.312548],[-2.733595,51.312485],[-2.733606,51.311731],[-2.73353,51.311606],[-2.733609,51.311456],[-2.733615,51.309563],[-2.73359,51.309394],[-2.732969,51.309437],[-2.73286,51.309381],[-2.73285,51.309353]],[[-2.736747,51.311028],[-2.73665,51.311091],[-2.734893,51.311284],[-2.7339,51.311439],[-2.73385,51.311414],[-2.733871,51.310577],[-2.733858,51.309464],[-2.733901,51.309365],[-2.736489,51.309018],[-2.736573,51.309037],[-2.736747,51.311028]],[[-2.737122,51.31101],[-2.737023,51.310989],[-2.73697,51.310452],[-2.736915,51.309501],[-2.736864,51.309038],[-2.736882,51.308963],[-2.739511,51.308762],[-2.739591,51.308795],[-2.739636,51.310686],[-2.737122,51.31101]],[[-2.742766,51.310372],[-2.740561,51.31059],[-2.739926,51.310637],[-2.739891,51.310597],[-2.739851,51.308762],[-2.73989,51.308707],[-2.742248,51.308528],[-2.742308,51.308574],[-2.742427,51.309213],[-2.742718,51.310119],[-2.742766,51.310372]],[[-2.742906,51.309852],[-2.742545,51.308585],[-2.742573,51.30851],[-2.744952,51.308338],[-2.745011,51.308362],[-2.745217,51.31011],[-2.745129,51.310147],[-2.743047,51.310355],[-2.742906,51.309852]],[[-2.74565,51.310088],[-2.745467,51.310049],[-2.745272,51.308367],[-2.745326,51.30832],[-2.747103,51.308185],[-2.747633,51.30985],[-2.747595,51.3099],[-2.74565,51.310088]],[[-2.752817,51.3094],[-2.75288,51.309368],[-2.753422,51.309309],[-2.754809,51.309121],[-2.754991,51.309132],[-2.755221,51.30931],[-2.75515,51.309468],[-2.755474,51.310588],[-2.755435,51.310634],[-2.753196,51.310852],[-2.753146,51.310813],[-2.752817,51.3094]],[[-2.747988,51.309854],[-2.747919,51.309824],[-2.7474,51.308217],[-2.747454,51.308195],[-2.749634,51.308295],[-2.749809,51.308776],[-2.750128,51.309568],[-2.750049,51.309597],[-2.748077,51.309853],[-2.747988,51.309854]],[[-2.747981,51.310042],[-2.748045,51.310002],[-2.75017,51.309754],[-2.750225,51.309765],[-2.750324,51.310105],[-2.750341,51.31025],[-2.75061,51.311002],[-2.750631,51.311094],[-2.750272,51.311152],[-2.749032,51.311278],[-2.748934,51.311312],[-2.748786,51.311295],[-2.748426,51.311325],[-2.748347,51.311276],[-2.748214,51.31073],[-2.747981,51.310042]],[[-2.745511,51.310315],[-2.745535,51.310284],[-2.747701,51.31006],[-2.74776,51.310087],[-2.74814,51.311296],[-2.748087,51.311367],[-2.747328,51.311415],[-2.745842,51.311561],[-2.745718,51.311555],[-2.745672,51.311398],[-2.745511,51.310315]],[[-2.750491,51.309758],[-2.750544,51.309692],[-2.751681,51.309561],[-2.752462,51.309427],[-2.752581,51.309448],[-2.752884,51.310787],[-2.752855,51.310852],[-2.752787,51.310892],[-2.750961,51.311046],[-2.750896,51.311022],[-2.750555,51.310072],[-2.750491,51.309758]],[[-2.743089,51.310546],[-2.743291,51.310489],[-2.74459,51.310348],[-2.745161,51.310301],[-2.74523,51.310316],[-2.745442,51.311548],[-2.745428,51.311607],[-2.743469,51.311786],[-2.743388,51.311651],[-2.743204,51.310904],[-2.743089,51.310546]]],[[[-2.740753,51.312384],[-2.740865,51.3123],[-2.740959,51.312318],[-2.741047,51.312608],[-2.741124,51.313064],[-2.74105,51.31309],[-2.740901,51.313047],[-2.740845,51.312927],[-2.740753,51.312384]]]]}},{"type":"Feature","properties":{"prn":"36337","url":"https://www.somersetheritage.org.uk/record/36337","name":"Geophysical survey (2016), Callow Rock Quarry","kind":"Event / investigation"},"geometry":{"type":"Polygon","coordinates":[[[-2.806923,51.301952],[-2.800112,51.302056],[-2.800334,51.304226],[-2.802662,51.304318],[-2.802638,51.304227],[-2.803819,51.30409],[-2.803834,51.304165],[-2.804352,51.304103],[-2.804998,51.304169],[-2.805218,51.304314],[-2.807565,51.304081],[-2.806923,51.301952]]]}},{"type":"Feature","properties":{"prn":"41421","url":"https://www.somersetheritage.org.uk/record/41421","name":"Eighteenth-century mansion and grounds, SW of Batch Farm, Shipham","kind":"Monument record"},"geometry":{"type":"Polygon","coordinates":[[[-2.797578,51.313165],[-2.797258,51.313149],[-2.797212,51.313164],[-2.797046,51.313299],[-2.796638,51.313342],[-2.796404,51.313293],[-2.796102,51.313122],[-2.795433,51.313049],[-2.795188,51.312968],[-2.795229,51.312833],[-2.795145,51.312474],[-2.795016,51.312409],[-2.794933,51.312304],[-2.794925,51.312179],[-2.794814,51.311948],[-2.794946,51.311896],[-2.795673,51.311797],[-2.795891,51.311788],[-2.795966,51.311804],[-2.796608,51.31178],[-2.796749,51.311704],[-2.796965,51.311655],[-2.797343,51.311653],[-2.797619,51.311685],[-2.797666,51.311722],[-2.797687,51.311892],[-2.797696,51.31242],[-2.797647,51.31297],[-2.797578,51.313165]]]}},{"type":"Feature","properties":{"prn":"47659","url":"https://www.somersetheritage.org.uk/record/47659","name":"Excavation (1919, 1920, 1921, 1922,  1929), Read's Cavern, Priddy","kind":"Event / investigation"},"geometry":{"type":"Polygon","coordinates":[[[-2.764442,51.32253],[-2.764457,51.322544],[-2.764428,51.322546],[-2.764442,51.32253]]]}},{"type":"Feature","properties":{"prn":"47660","url":"https://www.somersetheritage.org.uk/record/47660","name":"Excavation (2010), Read's Cavern, Priddy","kind":"Event / investigation"},"geometry":{"type":"Polygon","coordinates":[[[-2.764433,51.322504],[-2.764454,51.322525],[-2.764419,51.322531],[-2.76441,51.322516],[-2.764433,51.322504]]]}},{"type":"Feature","properties":{"prn":"41520","url":"https://www.somersetheritage.org.uk/record/41520","name":"Geophysical survey (2019), W of Horseleaze Lane, Star, Shipham","kind":"Event / investigation"},"geometry":{"type":"MultiPolygon","coordinates":[[[[-2.810477,51.31718],[-2.810895,51.317226],[-2.811471,51.317265],[-2.811463,51.317428],[-2.812304,51.31864],[-2.811885,51.318839],[-2.811378,51.319144],[-2.809688,51.318946],[-2.809902,51.318057],[-2.809777,51.317194],[-2.810477,51.31718]]],[[[-2.809715,51.317198],[-2.80979,51.317643],[-2.809081,51.317664],[-2.809068,51.317239],[-2.809715,51.317198]]]]}},{"type":"Feature","properties":{"prn":"13167","url":"https://www.somersetheritage.org.uk/record/13167","name":"Turnpike Cottage, Broadway, Shipham","kind":"Monument record"},"geometry":{"type":"Polygon","coordinates":[[[-2.798431,51.316411],[-2.798496,51.316324],[-2.798475,51.316308],[-2.798481,51.316291],[-2.798514,51.316286],[-2.798523,51.316268],[-2.798563,51.316269],[-2.798668,51.31632],[-2.798617,51.3164],[-2.798465,51.316503],[-2.798417,51.316494],[-2.798431,51.316411]]]}},{"type":"Feature","properties":{"prn":"13174","url":"https://www.somersetheritage.org.uk/record/13174","name":"Church of St Leonard, The Square, Shipham","kind":"Monument record"},"geometry":{"type":"Polygon","coordinates":[[[-2.800554,51.31325],[-2.800264,51.313245],[-2.800233,51.31322],[-2.800203,51.31322],[-2.800205,51.313164],[-2.800479,51.313157],[-2.800481,51.313123],[-2.80056,51.313124],[-2.800559,51.313138],[-2.800581,51.313138],[-2.800579,51.313154],[-2.800558,51.313154],[-2.800557,51.313185],[-2.800577,51.313186],[-2.800576,51.313208],[-2.800555,51.313208],[-2.800554,51.31325]]]}},{"type":"Feature","properties":{"prn":"13172","url":"https://www.somersetheritage.org.uk/record/13172","name":"The Old Rectory, Rowberrow","kind":"Monument record"},"geometry":{"type":"Polygon","coordinates":[[[-2.79155,51.322724],[-2.791309,51.322647],[-2.791347,51.3226],[-2.791369,51.322607],[-2.791384,51.322588],[-2.791353,51.322578],[-2.791369,51.322558],[-2.79128,51.322529],[-2.791314,51.322488],[-2.791409,51.322504],[-2.791392,51.322524],[-2.791475,51.322551],[-2.791461,51.322567],[-2.791562,51.322598],[-2.791583,51.322573],[-2.791653,51.322595],[-2.79155,51.322724]]]}},{"type":"Feature","properties":{"prn":"13177","url":"https://www.somersetheritage.org.uk/record/13177","name":"Bay Tree House, Turnpike Road, Shipham","kind":"Monument record"},"geometry":{"type":"Polygon","coordinates":[[[-2.798943,51.314796],[-2.798835,51.31478],[-2.798886,51.314649],[-2.799073,51.314665],[-2.799025,51.314744],[-2.798966,51.314735],[-2.798943,51.314796]]]}},{"type":"Feature","properties":{"prn":"13168","url":"https://www.somersetheritage.org.uk/record/13168","name":"The Manor, Cuck Hill, Shipham","kind":"Monument record"},"geometry":{"type":"Polygon","coordinates":[[[-2.800885,51.313006],[-2.800732,51.313018],[-2.800728,51.312999],[-2.80064,51.313006],[-2.800628,51.312946],[-2.800901,51.312926],[-2.800913,51.312987],[-2.800882,51.31299],[-2.800885,51.313006]]]}},{"type":"Feature","properties":{"prn":"13175","url":"https://www.somersetheritage.org.uk/record/13175","name":"Amelia Day chest tomb, church of St Leonard, The Square, Shipham","kind":"Monument record"},"geometry":{"type":"Polygon","coordinates":[[[-2.800343,51.313114],[-2.800343,51.313115],[-2.800343,51.313115],[-2.800343,51.313115],[-2.800343,51.313116],[-2.800343,51.313116],[-2.800343,51.313116],[-2.800344,51.313117],[-2.800344,51.313117],[-2.800344,51.313117],[-2.800344,51.313118],[-2.800345,51.313118],[-2.800345,51.313118],[-2.800346,51.313119],[-2.800346,51.313119],[-2.800346,51.313119],[-2.800347,51.313119],[-2.800347,51.313119],[-2.800348,51.31312],[-2.800348,51.31312],[-2.800349,51.31312],[-2.800349,51.31312],[-2.80035,51.31312],[-2.80035,51.31312],[-2.800351,51.31312],[-2.800352,51.31312],[-2.800352,51.31312],[-2.800353,51.31312],[-2.800353,51.31312],[-2.800354,51.31312],[-2.800354,51.31312],[-2.800355,51.31312],[-2.800355,51.31312],[-2.800356,51.313119],[-2.800356,51.313119],[-2.800357,51.313119],[-2.800357,51.313119],[-2.800358,51.313119],[-2.800358,51.313118],[-2.800358,51.313118],[-2.800359,51.313118],[-2.800359,51.313117],[-2.800359,51.313117],[-2.80036,51.313117],[-2.80036,51.313116],[-2.80036,51.313116],[-2.80036,51.313116],[-2.80036,51.313115],[-2.80036,51.313115],[-2.80036,51.313115],[-2.80036,51.313114],[-2.80036,51.313114],[-2.80036,51.313113],[-2.80036,51.313113],[-2.80036,51.313113],[-2.80036,51.313112],[-2.80036,51.313112],[-2.80036,51.313112],[-2.800359,51.313111],[-2.800359,51.313111],[-2.800359,51.313111],[-2.800358,51.31311],[-2.800358,51.31311],[-2.800358,51.31311],[-2.800357,51.313109],[-2.800357,51.313109],[-2.800357,51.313109],[-2.800356,51.313109],[-2.800356,51.313109],[-2.800355,51.313108],[-2.800355,51.313108],[-2.800354,51.313108],[-2.800354,51.313108],[-2.800353,51.313108],[-2.800353,51.313108],[-2.800352,51.313108],[-2.800351,51.313108],[-2.800351,51.313108],[-2.80035,51.313108],[-2.80035,51.313108],[-2.800349,51.313108],[-2.800349,51.313108],[-2.800348,51.313108],[-2.800348,51.313109],[-2.800347,51.313109],[-2.800347,51.313109],[-2.800346,51.313109],[-2.800346,51.313109],[-2.800345,51.31311],[-2.800345,51.31311],[-2.800345,51.31311],[-2.800344,51.313111],[-2.800344,51.313111],[-2.800344,51.313111],[-2.800344,51.313112],[-2.800343,51.313112],[-2.800343,51.313112],[-2.800343,51.313113],[-2.800343,51.313113],[-2.800343,51.313113],[-2.800343,51.313114],[-2.800343,51.313114]]]}},{"type":"Feature","properties":{"prn":"10788","url":"https://www.somersetheritage.org.uk/record/10788","name":"Lime kiln, SW of Shipham","kind":"Monument record"},"geometry":{"type":"Polygon","coordinates":[[[-2.801148,51.311603],[-2.801082,51.311593],[-2.801101,51.311548],[-2.801157,51.311556],[-2.801148,51.311603]]]}},{"type":"Feature","properties":{"prn":"13176","url":"https://www.somersetheritage.org.uk/record/13176","name":"Gate piers, N of Court House, The Square, Shipham","kind":"Monument record"},"geometry":{"type":"MultiPolygon","coordinates":[[[[-2.799264,51.313507],[-2.799284,51.31349],[-2.799319,51.313504],[-2.7993,51.313524],[-2.799264,51.313507]]],[[[-2.799226,51.313544],[-2.799245,51.313528],[-2.799275,51.31354],[-2.799257,51.313559],[-2.799226,51.313544]]]]}},{"type":"Feature","properties":{"prn":"36189","url":"https://www.somersetheritage.org.uk/record/36189","name":"Evaluation (2016), Callow Rock Quarry, Cheddar","kind":"Event / investigation"},"geometry":{"type":"MultiPolygon","coordinates":[[[[-2.806364,51.302009],[-2.806394,51.302018],[-2.806231,51.30222],[-2.806198,51.302209],[-2.806364,51.302009]]],[[[-2.805562,51.302083],[-2.805527,51.302337],[-2.805491,51.302336],[-2.805532,51.302083],[-2.805562,51.302083]]],[[[-2.804073,51.302178],[-2.804041,51.302414],[-2.804008,51.302414],[-2.80404,51.302179],[-2.804073,51.302178]]],[[[-2.801946,51.302199],[-2.801986,51.302204],[-2.801887,51.302435],[-2.801853,51.302427],[-2.801946,51.302199]]],[[[-2.800747,51.302245],[-2.800803,51.302487],[-2.800773,51.302488],[-2.800711,51.302245],[-2.800747,51.302245]]],[[[-2.804671,51.302237],[-2.805062,51.302249],[-2.805062,51.302268],[-2.804668,51.302254],[-2.804671,51.302237]]],[[[-2.803487,51.302275],[-2.803502,51.302296],[-2.803153,51.302405],[-2.803134,51.302386],[-2.803487,51.302275]]],[[[-2.801413,51.302343],[-2.801434,51.302369],[-2.801097,51.302476],[-2.801075,51.302457],[-2.801413,51.302343]]],[[[-2.802595,51.302378],[-2.802772,51.302615],[-2.802742,51.302624],[-2.802568,51.302382],[-2.802595,51.302378]]],[[[-2.806059,51.302406],[-2.806074,51.302427],[-2.805731,51.302535],[-2.805709,51.302515],[-2.806059,51.302406]]],[[[-2.801618,51.302649],[-2.801836,51.302836],[-2.801812,51.302847],[-2.801594,51.302657],[-2.801618,51.302649]]],[[[-2.803997,51.302694],[-2.804267,51.302849],[-2.80424,51.302867],[-2.803967,51.302711],[-2.803997,51.302694]]],[[[-2.806428,51.302715],[-2.806742,51.302834],[-2.806721,51.302853],[-2.806407,51.302734],[-2.806428,51.302715]]],[[[-2.805552,51.302723],[-2.805562,51.302744],[-2.805227,51.302831],[-2.805211,51.302814],[-2.805552,51.302723]]],[[[-2.803656,51.302776],[-2.803681,51.302791],[-2.803448,51.302988],[-2.803414,51.302977],[-2.803656,51.302776]]],[[[-2.802948,51.302815],[-2.802969,51.30283],[-2.802736,51.302991],[-2.802708,51.302976],[-2.802948,51.302815]]],[[[-2.800885,51.302838],[-2.800897,51.302859],[-2.800554,51.302966],[-2.800541,51.302947],[-2.800885,51.302838]]],[[[-2.801869,51.303151],[-2.802208,51.303272],[-2.802184,51.303293],[-2.801851,51.303168],[-2.801869,51.303151]]],[[[-2.800676,51.303187],[-2.80087,51.30338],[-2.800843,51.303391],[-2.800652,51.303197],[-2.800676,51.303187]]],[[[-2.803072,51.303175],[-2.803438,51.303279],[-2.803414,51.303298],[-2.803058,51.303192],[-2.803072,51.303175]]],[[[-2.80626,51.303168],[-2.806287,51.303185],[-2.805972,51.303337],[-2.805951,51.303322],[-2.80626,51.303168]]],[[[-2.806854,51.303166],[-2.806991,51.303389],[-2.806958,51.303399],[-2.806824,51.303172],[-2.806854,51.303166]]],[[[-2.803906,51.303211],[-2.803946,51.30322],[-2.803859,51.303452],[-2.803823,51.303447],[-2.803906,51.303211]]],[[[-2.804341,51.303261],[-2.804647,51.303447],[-2.804617,51.303458],[-2.804317,51.303274],[-2.804341,51.303261]]],[[[-2.801727,51.303338],[-2.80194,51.303561],[-2.801907,51.303568],[-2.801694,51.303346],[-2.801727,51.303338]]],[[[-2.805604,51.303421],[-2.80561,51.303442],[-2.805263,51.303503],[-2.805244,51.303481],[-2.805604,51.303421]]],[[[-2.801456,51.303457],[-2.80146,51.303478],[-2.801064,51.303551],[-2.801052,51.303529],[-2.801456,51.303457]]],[[[-2.806587,51.303481],[-2.806614,51.303498],[-2.806332,51.303658],[-2.806314,51.303644],[-2.806587,51.303481]]],[[[-2.803034,51.30358],[-2.803065,51.303593],[-2.802886,51.303784],[-2.802856,51.303774],[-2.803034,51.30358]]],[[[-2.805368,51.303649],[-2.805433,51.303882],[-2.805403,51.303882],[-2.805338,51.303653],[-2.805368,51.303649]]],[[[-2.803524,51.303675],[-2.80363,51.303894],[-2.803603,51.303895],[-2.80349,51.303681],[-2.803524,51.303675]]],[[[-2.800873,51.303739],[-2.800901,51.303744],[-2.800823,51.303967],[-2.800789,51.303962],[-2.800873,51.303739]]],[[[-2.804606,51.303717],[-2.804637,51.303734],[-2.80441,51.303946],[-2.804374,51.303933],[-2.804606,51.303717]]],[[[-2.802237,51.303764],[-2.802408,51.303971],[-2.80238,51.303979],[-2.802204,51.303773],[-2.802237,51.303764]]],[[[-2.806484,51.303827],[-2.806526,51.303831],[-2.806473,51.304067],[-2.806439,51.304067],[-2.806484,51.303827]]],[[[-2.801655,51.303883],[-2.80202,51.304001],[-2.802002,51.304018],[-2.801637,51.303906],[-2.801655,51.303883]]],[[[-2.806894,51.303882],[-2.807288,51.303894],[-2.807285,51.303917],[-2.806891,51.303908],[-2.806894,51.303882]]],[[[-2.805582,51.303929],[-2.806001,51.303947],[-2.805995,51.303969],[-2.805577,51.303951],[-2.805582,51.303929]]],[[[-2.803487,51.304002],[-2.803493,51.304021],[-2.803115,51.304078],[-2.803112,51.304058],[-2.803487,51.304002]]],[[[-2.801521,51.304036],[-2.801539,51.304059],[-2.801183,51.304141],[-2.801174,51.30412],[-2.801521,51.304036]]]]}},{"type":"Feature","properties":{"prn":"13170","url":"https://www.somersetheritage.org.uk/record/13170","name":"Little Manor and forecourt railings, Hollow Road, Shipham","kind":"Monument record"},"geometry":{"type":"Polygon","coordinates":[[[-2.798138,51.314555],[-2.798259,51.314577],[-2.79826,51.314565],[-2.798404,51.314575],[-2.798407,51.314563],[-2.79853,51.314574],[-2.798537,51.314535],[-2.798468,51.31453],[-2.798471,51.314519],[-2.798155,51.314498],[-2.798179,51.314332],[-2.798517,51.314358],[-2.798612,51.314384],[-2.798645,51.314404],[-2.798601,51.314584],[-2.798653,51.314403],[-2.798594,51.314369],[-2.798519,51.314353],[-2.798174,51.314328],[-2.798138,51.314555]]]}},{"type":"Feature","properties":{"prn":"18134","url":"https://www.somersetheritage.org.uk/record/18134","name":"School, Hollow Road, Shipham","kind":"Monument record"},"geometry":{"type":"Polygon","coordinates":[[[-2.797161,51.314193],[-2.797106,51.314188],[-2.797101,51.314209],[-2.797036,51.314205],[-2.797036,51.314189],[-2.796862,51.314196],[-2.796878,51.31411],[-2.797029,51.314118],[-2.797032,51.314099],[-2.797064,51.314101],[-2.797061,51.31412],[-2.797137,51.314124],[-2.79714,51.314103],[-2.797181,51.314108],[-2.797161,51.314193]]]}},{"type":"Feature","properties":{"prn":"41521","url":"https://www.somersetheritage.org.uk/record/41521","name":"Late prehistoric or Roman settlement, Horseleaze, Star, Shipham","kind":"Monument record"},"geometry":{"type":"Polygon","coordinates":[[[-2.809659,51.318488],[-2.810296,51.318518],[-2.811745,51.318505],[-2.811752,51.318016],[-2.811301,51.317473],[-2.810603,51.317312],[-2.8101,51.317124],[-2.809655,51.31713],[-2.809753,51.318017],[-2.809659,51.318488]]]}},{"type":"Feature","properties":{"prn":"42640","url":"https://www.somersetheritage.org.uk/record/42640","name":"Horse whim, Old Down, NW of Winterhead, Shipham","kind":"Monument record"},"geometry":{"type":"Polygon","coordinates":[[[-2.808694,51.316603],[-2.808765,51.316616],[-2.808804,51.316647],[-2.808815,51.316685],[-2.808793,51.316722],[-2.808745,51.316747],[-2.808684,51.316753],[-2.808625,51.31674],[-2.808585,51.316709],[-2.808575,51.316671],[-2.808597,51.316634],[-2.808694,51.316603]]]}},{"type":"Feature","properties":{"prn":"36197","url":"https://www.somersetheritage.org.uk/record/36197","name":"Geophysical survey (2014-2019), Stonehips Farm, Shipham","kind":"Event / investigation"},"geometry":{"type":"MultiPolygon","coordinates":[[[[-2.806617,51.315879],[-2.80689,51.315945],[-2.806921,51.316234],[-2.80697,51.317115],[-2.806531,51.317121],[-2.806219,51.317082],[-2.80608,51.316981],[-2.805963,51.316981],[-2.80599,51.316784],[-2.805901,51.316401],[-2.805885,51.316222],[-2.805834,51.315985],[-2.805853,51.31589],[-2.806617,51.315879]]],[[[-2.808989,51.31635],[-2.808993,51.317071],[-2.808212,51.317066],[-2.808134,51.316793],[-2.808118,51.316364],[-2.808989,51.31635]]],[[[-2.807757,51.316204],[-2.80776,51.316385],[-2.807872,51.316379],[-2.807888,51.316571],[-2.807979,51.316578],[-2.807984,51.316613],[-2.808031,51.316616],[-2.808033,51.31694],[-2.808067,51.316943],[-2.808066,51.31711],[-2.807937,51.317114],[-2.807759,51.317069],[-2.807492,51.317071],[-2.807489,51.316938],[-2.807192,51.316938],[-2.807182,51.316389],[-2.807475,51.31639],[-2.807468,51.316206],[-2.807757,51.316204]]],[[[-2.805581,51.315899],[-2.805638,51.316099],[-2.805805,51.316079],[-2.80582,51.316144],[-2.805471,51.316192],[-2.805612,51.316638],[-2.805337,51.316664],[-2.805323,51.316613],[-2.805155,51.316633],[-2.805144,51.316517],[-2.804976,51.316534],[-2.804803,51.315984],[-2.805581,51.315899]]]]}},{"type":"Feature","properties":{"prn":"39730","url":"https://www.somersetheritage.org.uk/record/39730","name":"Excavation (1923), Barrow on Rowberrow Warren, Shipham","kind":"Event / investigation"},"geometry":{"type":"Polygon","coordinates":[[[-2.766989,51.32247],[-2.76692,51.322474],[-2.766962,51.322456],[-2.766988,51.322458],[-2.766989,51.32247]]]}},{"type":"Feature","properties":{"prn":"10061","url":"https://www.somersetheritage.org.uk/record/10061","name":"Boundary bank and ditch, N of Compton Bishop, Axbridge and Cheddar","kind":"Monument record"},"geometry":{"type":"Polygon","coordinates":[[[-2.853141,51.299422],[-2.85659,51.300055],[-2.864376,51.300104],[-2.866473,51.301438],[-2.867948,51.302164],[-2.876422,51.30021],[-2.877184,51.300056],[-2.877234,51.300095],[-2.877219,51.300127],[-2.877185,51.300142],[-2.876469,51.300295],[-2.86794,51.30226],[-2.867896,51.302253],[-2.866379,51.301506],[-2.864328,51.300193],[-2.856573,51.300145],[-2.853135,51.299513],[-2.852133,51.299586],[-2.846087,51.299952],[-2.835007,51.300604],[-2.833127,51.300699],[-2.83088,51.300789],[-2.8294,51.300804],[-2.829347,51.30079],[-2.829374,51.300887],[-2.828066,51.300905],[-2.828069,51.300915],[-2.826272,51.300892],[-2.822471,51.300948],[-2.822264,51.300966],[-2.821797,51.301103],[-2.821469,51.301055],[-2.820866,51.300884],[-2.820667,51.300853],[-2.82052,51.300857],[-2.819848,51.301026],[-2.819199,51.300928],[-2.818846,51.300938],[-2.818262,51.30103],[-2.817785,51.30108],[-2.817068,51.301127],[-2.816221,51.301215],[-2.813293,51.301333],[-2.812704,51.301306],[-2.810199,51.301451],[-2.807021,51.301964],[-2.804438,51.302017],[-2.800097,51.302078],[-2.79932,51.302129],[-2.795972,51.302837],[-2.795913,51.302827],[-2.795887,51.302794],[-2.795902,51.302765],[-2.795933,51.30275],[-2.799294,51.30204],[-2.800085,51.301988],[-2.804435,51.301927],[-2.807001,51.301874],[-2.810177,51.301362],[-2.812082,51.301244],[-2.812699,51.301216],[-2.813288,51.301243],[-2.8151,51.30116],[-2.816202,51.301126],[-2.817047,51.301038],[-2.817767,51.30099],[-2.818386,51.300917],[-2.818698,51.30086],[-2.819183,51.300833],[-2.819841,51.30093],[-2.820584,51.300755],[-2.820862,51.300787],[-2.821753,51.301012],[-2.821863,51.300997],[-2.822144,51.300901],[-2.824477,51.300758],[-2.825085,51.300775],[-2.826208,51.300718],[-2.826596,51.300712],[-2.829323,51.300705],[-2.829333,51.300741],[-2.829387,51.300714],[-2.830873,51.300699],[-2.833116,51.30061],[-2.834994,51.300515],[-2.846073,51.299863],[-2.852118,51.299496],[-2.853141,51.299422]]]}},{"type":"Feature","properties":{"prn":"11493","url":"https://www.somersetheritage.org.uk/record/11493","name":"Calamine mine NE of Star, Rowberrow","kind":"Monument record"},"geometry":{"type":"Polygon","coordinates":[[[-2.806051,51.321894],[-2.806263,51.322991],[-2.805535,51.323059],[-2.805019,51.323211],[-2.805289,51.322866],[-2.805405,51.322558],[-2.805591,51.322265],[-2.805745,51.322092],[-2.805909,51.321959],[-2.806051,51.321894]]]}},{"type":"Feature","properties":{"prn":"39887","url":"https://www.somersetheritage.org.uk/record/39887","name":"Crocus Hole, lead mine, Cheddarcombe Lane, Star Shippham","kind":"Monument record"},"geometry":{"type":"Polygon","coordinates":[[[-2.805803,51.320096],[-2.805863,51.320105],[-2.805914,51.32014],[-2.805923,51.320186],[-2.805903,51.320215],[-2.805866,51.320237],[-2.805793,51.320247],[-2.805734,51.320233],[-2.805694,51.320203],[-2.805684,51.320164],[-2.805705,51.320127],[-2.805803,51.320096]]]}},{"type":"Feature","properties":{"prn":"39888","url":"https://www.somersetheritage.org.uk/record/39888","name":"Daffodil mine, Cheddarcombe Lane, Star, Shipham","kind":"Monument record"},"geometry":{"type":"Polygon","coordinates":[[[-2.801274,51.317915],[-2.801336,51.317924],[-2.801387,51.317959],[-2.801398,51.317999],[-2.801376,51.318036],[-2.801338,51.318058],[-2.801264,51.318068],[-2.80117,51.318031],[-2.801153,51.317992],[-2.801169,51.317954],[-2.801213,51.317925],[-2.801274,51.317915]]]}},{"type":"Feature","properties":{"prn":"39892","url":"https://www.somersetheritage.org.uk/record/39892","name":"Star Mine 1, NW of Rowberrow Farm, Shipham","kind":"Monument record"},"geometry":{"type":"Polygon","coordinates":[[[-2.804689,51.320101],[-2.804742,51.320122],[-2.804745,51.320148],[-2.804729,51.320164],[-2.804679,51.320173],[-2.804636,51.320149],[-2.804643,51.320116],[-2.804689,51.320101]]]}},{"type":"Feature","properties":{"prn":"39893","url":"https://www.somersetheritage.org.uk/record/39893","name":"Star Mine 2, Cheddarcombe Lane, Star, Shipham","kind":"Monument record"},"geometry":{"type":"Polygon","coordinates":[[[-2.803976,51.320367],[-2.804042,51.320393],[-2.804048,51.320421],[-2.804031,51.320442],[-2.80397,51.320457],[-2.803912,51.320431],[-2.803911,51.320394],[-2.803976,51.320367]]]}},{"type":"Feature","properties":{"prn":"39890","url":"https://www.somersetheritage.org.uk/record/39890","name":"Rubbishy Rift calamine mine, Cheddarcombe Lane, SE of Star, Shipham","kind":"Monument record"},"geometry":{"type":"Polygon","coordinates":[[[-2.8006,51.317789],[-2.800673,51.317803],[-2.800714,51.317834],[-2.800723,51.317882],[-2.800702,51.317912],[-2.800602,51.317945],[-2.80054,51.317935],[-2.800488,51.317899],[-2.800477,51.31786],[-2.8005,51.317822],[-2.8006,51.317789]]]}},{"type":"Feature","properties":{"prn":"39889","url":"https://www.somersetheritage.org.uk/record/39889","name":"Calamine mine, Rowberrow Beach, Shipham","kind":"Monument record"},"geometry":{"type":"Polygon","coordinates":[[[-2.798126,51.324511],[-2.798304,51.324546],[-2.798404,51.324622],[-2.79843,51.324679],[-2.798426,51.324738],[-2.798356,51.324826],[-2.798255,51.324873],[-2.798101,51.324889],[-2.797954,51.324855],[-2.797854,51.32478],[-2.797828,51.324683],[-2.797883,51.324591],[-2.798003,51.324528],[-2.798126,51.324511]]]}},{"type":"Feature","properties":{"prn":"41715","url":"https://www.somersetheritage.org.uk/record/41715","name":"Pipeline watching brief (2020), Rowberrow Lane, Rowberrow","kind":"Event / investigation"},"geometry":{"type":"Polygon","coordinates":[[[-2.792786,51.323802],[-2.792195,51.323795],[-2.792223,51.323333],[-2.792361,51.32337],[-2.792352,51.323748],[-2.79249,51.323753],[-2.792504,51.323524],[-2.792796,51.323526],[-2.792786,51.323802]]]}},{"type":"Feature","properties":{"prn":"48736","url":"https://www.somersetheritage.org.uk/record/48736","name":"School, School Lane, Rowberrow","kind":"Monument record"},"geometry":{"type":"Polygon","coordinates":[[[-2.788645,51.320976],[-2.788729,51.321104],[-2.788179,51.321138],[-2.788111,51.320847],[-2.788411,51.320821],[-2.788466,51.320951],[-2.788545,51.320975],[-2.788555,51.320997],[-2.788645,51.320976]]]}},{"type":"Feature","properties":{"prn":"48733","url":"https://www.somersetheritage.org.uk/record/48733","name":"Methodist chapel, Shipham","kind":"Monument record"},"geometry":{"type":"Polygon","coordinates":[[[-2.796341,51.313597],[-2.796318,51.313421],[-2.796348,51.313431],[-2.796409,51.313416],[-2.796445,51.31359],[-2.796341,51.313597]]]}},{"type":"Feature","properties":{"prn":"48734","url":"https://www.somersetheritage.org.uk/record/48734","name":"Baptist chapel, Star","kind":"Monument record"},"geometry":{"type":"Polygon","coordinates":[[[-2.806338,51.32083],[-2.806299,51.32089],[-2.806217,51.320871],[-2.806251,51.320808],[-2.806338,51.32083]]]}},{"type":"Feature","properties":{"prn":"48735","url":"https://www.somersetheritage.org.uk/record/48735","name":"Methodist chapel, School Lane, Rowberrow","kind":"Monument record"},"geometry":{"type":"Polygon","coordinates":[[[-2.787691,51.321035],[-2.787627,51.320873],[-2.787761,51.320857],[-2.78783,51.321018],[-2.787691,51.321035]]]}},{"type":"Feature","properties":{"prn":"47856","url":"https://www.somersetheritage.org.uk/record/47856","name":"Watching brief (2023, 2025), Church of St Leonard, Shipham","kind":"Event / investigation"},"geometry":{"type":"Polygon","coordinates":[[[-2.800562,51.313155],[-2.800598,51.313158],[-2.8006,51.313252],[-2.800525,51.313306],[-2.800528,51.313324],[-2.80047,51.313324],[-2.80047,51.313307],[-2.800515,51.313306],[-2.800592,51.31325],[-2.800588,51.31322],[-2.800555,51.313217],[-2.800592,51.313216],[-2.800591,51.313161],[-2.800562,51.313155]]]}},{"type":"Feature","properties":{"prn":"46946","url":"https://www.somersetheritage.org.uk/record/46946","name":"The Miners' Arms Public House, Turnpike Road, Shipham","kind":"Monument record"},"geometry":{"type":"Polygon","coordinates":[[[-2.799082,51.314414],[-2.799085,51.314371],[-2.799069,51.314372],[-2.799067,51.314337],[-2.798959,51.314318],[-2.798809,51.314321],[-2.798791,51.314452],[-2.798883,51.314456],[-2.798895,51.314412],[-2.799082,51.314414]]]}},{"type":"Feature","properties":{"prn":"47481","url":"https://www.somersetheritage.org.uk/record/47481","name":"Flint scatter, SE of Tyning's Farm, Cheddar","kind":"Monument record"},"geometry":{"type":"Polygon","coordinates":[[[-2.761188,51.302322],[-2.761514,51.302341],[-2.761673,51.302367],[-2.761973,51.302448],[-2.76224,51.302567],[-2.762357,51.302639],[-2.762461,51.302718],[-2.762628,51.302895],[-2.762732,51.303089],[-2.762759,51.30319],[-2.76277,51.303293],[-2.762739,51.303497],[-2.762641,51.303693],[-2.762568,51.303785],[-2.762378,51.303952],[-2.762138,51.304091],[-2.761856,51.304195],[-2.761704,51.304233],[-2.761384,51.304278],[-2.761057,51.30428],[-2.760895,51.304265],[-2.760583,51.304203],[-2.760298,51.304103],[-2.76017,51.304039],[-2.759948,51.303888],[-2.759782,51.303711],[-2.759677,51.303517],[-2.75964,51.303313],[-2.759647,51.303211],[-2.759711,51.30301],[-2.759841,51.302821],[-2.760031,51.302654],[-2.760272,51.302515],[-2.760408,51.302459],[-2.760706,51.302373],[-2.760863,51.302346],[-2.761188,51.302322]]]}},{"type":"Feature","properties":{"prn":"47714","url":"https://www.somersetheritage.org.uk/record/47714","name":"Excavation (1924), Rowberrow Warren, Shipham","kind":"Event / investigation"},"geometry":{"type":"Polygon","coordinates":[[[-2.774496,51.322472],[-2.774539,51.322487],[-2.774533,51.322523],[-2.774487,51.322533],[-2.774451,51.322515],[-2.774453,51.322487],[-2.774496,51.322472]]]}},{"type":"Feature","properties":{"prn":"47715","url":"https://www.somersetheritage.org.uk/record/47715","name":"Excavation (1924, 1925), Rowberrow Warren, Shipham","kind":"Event / investigation"},"geometry":{"type":"Polygon","coordinates":[[[-2.771921,51.322212],[-2.77199,51.322225],[-2.772034,51.322262],[-2.772035,51.322308],[-2.772002,51.32234],[-2.771899,51.322358],[-2.771844,51.322341],[-2.77181,51.322309],[-2.771819,51.322249],[-2.771873,51.322218],[-2.771921,51.322212]]]}},{"type":"Feature","properties":{"prn":"49225","url":"https://www.somersetheritage.org.uk/record/49225","name":"Watching brief (2023), Longbottom Camp, Shipham","kind":"Event / investigation"},"geometry":{"type":"Polygon","coordinates":[[[-2.779459,51.3078],[-2.779482,51.307822],[-2.779442,51.307828],[-2.779435,51.307811],[-2.779459,51.3078]]]}},{"type":"Feature","properties":{"prn":"50975","url":"https://www.somersetheritage.org.uk/record/50975","name":"Ridge and furrow cultivation, NW of Rowberrow","kind":"Monument record"},"geometry":{"type":"MultiPolygon","coordinates":[[[[-2.79263,51.318624],[-2.796919,51.319946],[-2.796849,51.321055],[-2.798023,51.321009],[-2.801087,51.3211],[-2.803129,51.321422],[-2.80327,51.321849],[-2.802841,51.321945],[-2.803042,51.3224],[-2.798407,51.323466],[-2.79806,51.323179],[-2.797634,51.323434],[-2.797407,51.323221],[-2.796682,51.323422],[-2.79684,51.323942],[-2.796382,51.324132],[-2.795887,51.32475],[-2.795381,51.324688],[-2.794468,51.32434],[-2.793112,51.324163],[-2.792407,51.323823],[-2.792205,51.323312],[-2.79259,51.323235],[-2.792499,51.323004],[-2.792611,51.323239],[-2.793756,51.323259],[-2.79399,51.323891],[-2.796246,51.32369],[-2.795996,51.323011],[-2.795822,51.322952],[-2.795382,51.321879],[-2.795827,51.321792],[-2.795812,51.321758],[-2.79585,51.321751],[-2.795646,51.321119],[-2.794755,51.321199],[-2.794234,51.321165],[-2.794257,51.321235],[-2.793385,51.321155],[-2.793341,51.32106],[-2.791731,51.320801],[-2.789924,51.320579],[-2.789748,51.319901],[-2.791215,51.319621],[-2.79088,51.318869],[-2.791309,51.318763],[-2.79263,51.318624]]],[[[-2.791863,51.320958],[-2.792429,51.321038],[-2.792729,51.321494],[-2.793008,51.322119],[-2.792191,51.32222],[-2.792181,51.322194],[-2.790757,51.322362],[-2.790484,51.322113],[-2.789684,51.322245],[-2.789598,51.321992],[-2.786936,51.322294],[-2.786579,51.321331],[-2.787754,51.321293],[-2.788158,51.321727],[-2.789297,51.321475],[-2.789287,51.321333],[-2.79003,51.321161],[-2.790297,51.321536],[-2.790964,51.321429],[-2.791842,51.32147],[-2.791863,51.320958]]]]}},{"type":"Feature","properties":{"prn":"50976","url":"https://www.somersetheritage.org.uk/record/50976","name":"Ridge and furrow cultivation, NW of Rowberrow","kind":"Monument record"},"geometry":{"type":"Polygon","coordinates":[[[-2.796246,51.32369],[-2.79399,51.323891],[-2.793756,51.323259],[-2.792611,51.323239],[-2.792132,51.322227],[-2.793008,51.322119],[-2.792544,51.321079],[-2.794256,51.321235],[-2.795563,51.321189],[-2.795827,51.321792],[-2.795382,51.321879],[-2.79582,51.322937],[-2.795996,51.323011],[-2.796246,51.32369]]]}},{"type":"Feature","properties":{"prn":"50977","url":"https://www.somersetheritage.org.uk/record/50977","name":"Post medieval road, NW of Rowberrow","kind":"Monument record"},"geometry":{"type":"Polygon","coordinates":[[[-2.798806,51.322532],[-2.798867,51.322722],[-2.799076,51.323239],[-2.79922,51.323414],[-2.799295,51.323592],[-2.799497,51.32425],[-2.79963,51.324479],[-2.79974,51.324919],[-2.799851,51.325143],[-2.800083,51.325705],[-2.800164,51.325844],[-2.799964,51.326],[-2.799545,51.324909],[-2.799389,51.324282],[-2.799213,51.323703],[-2.799074,51.323443],[-2.79891,51.323206],[-2.798619,51.322418],[-2.798567,51.32162],[-2.798642,51.321705],[-2.79875,51.32195],[-2.798752,51.322264],[-2.798806,51.322532]]]}},{"type":"Feature","properties":{"prn":"50978","url":"https://www.somersetheritage.org.uk/record/50978","name":"Field boundaries, Warren House, Rowberrow","kind":"Monument record"},"geometry":{"type":"Polygon","coordinates":[[[-2.781954,51.320397],[-2.781977,51.320403],[-2.781982,51.320421],[-2.781556,51.320809],[-2.782658,51.321153],[-2.782664,51.321179],[-2.782631,51.321185],[-2.781523,51.320839],[-2.780971,51.321348],[-2.782025,51.321723],[-2.78203,51.321751],[-2.781997,51.321755],[-2.780932,51.321376],[-2.780713,51.321576],[-2.780664,51.321571],[-2.780667,51.321554],[-2.781485,51.320805],[-2.781954,51.320397]]]}},{"type":"Feature","properties":{"prn":"50979","url":"https://www.somersetheritage.org.uk/record/50979","name":"Trackway, E of Rowberrow","kind":"Monument record"},"geometry":{"type":"Polygon","coordinates":[[[-2.7843,51.320864],[-2.784329,51.320878],[-2.784313,51.320963],[-2.784467,51.321132],[-2.784618,51.321649],[-2.784605,51.321666],[-2.784561,51.321656],[-2.784414,51.321149],[-2.784256,51.320972],[-2.784273,51.320876],[-2.7843,51.320864]]]}},{"type":"Feature","properties":{"prn":"51229","url":"https://www.somersetheritage.org.uk/record/51229","name":"Quarry, E of Rowberrow","kind":"Monument record"},"geometry":{"type":"Polygon","coordinates":[[[-2.78404,51.321238],[-2.784124,51.321248],[-2.784142,51.321301],[-2.784117,51.321347],[-2.784179,51.321395],[-2.784189,51.321467],[-2.784112,51.321493],[-2.784057,51.321474],[-2.783925,51.321531],[-2.78385,51.321479],[-2.783885,51.321374],[-2.783999,51.321391],[-2.783949,51.321259],[-2.78404,51.321238]]]}},{"type":"Feature","properties":{"prn":"50980","url":"https://www.somersetheritage.org.uk/record/50980","name":"Quarry, E of Rowberrow","kind":"Monument record"},"geometry":{"type":"Polygon","coordinates":[[[-2.784211,51.321753],[-2.784144,51.321722],[-2.784119,51.321639],[-2.784199,51.32162],[-2.784349,51.321627],[-2.784366,51.321694],[-2.784211,51.321753]]]}},{"type":"Feature","properties":{"prn":"50981","url":"https://www.somersetheritage.org.uk/record/50981","name":"Quarry, E of Rowberrow","kind":"Monument record"},"geometry":{"type":"Polygon","coordinates":[[[-2.784778,51.32175],[-2.784868,51.321734],[-2.784948,51.321853],[-2.784938,51.321935],[-2.784855,51.321983],[-2.784759,51.321982],[-2.784724,51.321911],[-2.784687,51.321911],[-2.784643,51.321865],[-2.78473,51.321836],[-2.784709,51.321781],[-2.784778,51.32175]]]}},{"type":"Feature","properties":{"prn":"11537","url":"https://www.somersetheritage.org.uk/record/11537","name":"Lime kiln, Manor House Farm, Rowberrow","kind":"Monument record"},"geometry":{"type":"Polygon","coordinates":[[[-2.790289,51.324313],[-2.790426,51.324322],[-2.790503,51.324436],[-2.790508,51.324494],[-2.790436,51.324573],[-2.790359,51.324579],[-2.790362,51.324623],[-2.790313,51.324619],[-2.790319,51.324581],[-2.789894,51.324542],[-2.789823,51.324507],[-2.789884,51.324447],[-2.790046,51.324364],[-2.790189,51.324359],[-2.790289,51.324313]]]}},{"type":"Feature","properties":{"prn":"48412","url":"https://www.somersetheritage.org.uk/record/48412","name":"Post-medieval boundary stone, Callow Drove, Callow Hill","kind":"Monument record"},"geometry":{"type":"Polygon","coordinates":[[[-2.807118,51.3019],[-2.807187,51.301931],[-2.807189,51.301954],[-2.807168,51.301979],[-2.807105,51.30199],[-2.807053,51.301964],[-2.80706,51.301919],[-2.807118,51.3019]]]}},{"type":"Feature","properties":{"prn":"58293","url":"https://www.somersetheritage.org.uk/record/58293","name":"Poor house, Shipham","kind":"Monument record"},"geometry":{"type":"Polygon","coordinates":[[[-2.799844,51.312927],[-2.799744,51.312913],[-2.799773,51.312821],[-2.799879,51.31283],[-2.799844,51.312927]]]}},{"type":"Feature","properties":{"prn":"57826","url":"https://www.somersetheritage.org.uk/record/57826","name":"Barrow field name, NW of Rowberrow","kind":"Monument record"},"geometry":{"type":"Polygon","coordinates":[[[-2.797057,51.322136],[-2.79696,51.322207],[-2.796334,51.322187],[-2.795749,51.322263],[-2.795632,51.322232],[-2.795492,51.321905],[-2.795702,51.321826],[-2.795437,51.321251],[-2.795484,51.321203],[-2.796599,51.321095],[-2.796694,51.321122],[-2.796871,51.321693],[-2.797057,51.322136]]]}},{"type":"Feature","properties":{"prn":"57460","url":"https://www.somersetheritage.org.uk/record/57460","name":"Swan Inn, School Lane, Rowberrow","kind":"Monument record"},"geometry":{"type":"Polygon","coordinates":[[[-2.789863,51.320796],[-2.789734,51.320816],[-2.789698,51.320737],[-2.789661,51.320738],[-2.789644,51.320696],[-2.789686,51.32069],[-2.789669,51.320653],[-2.789791,51.320633],[-2.789863,51.320796]]]}},{"type":"Feature","properties":{"prn":"57461","url":"https://www.somersetheritage.org.uk/record/57461","name":"Quarry, School Lane, Rowberrow","kind":"Monument record"},"geometry":{"type":"Polygon","coordinates":[[[-2.788799,51.321485],[-2.788722,51.321521],[-2.788596,51.321512],[-2.788556,51.321466],[-2.78856,51.321441],[-2.788531,51.321382],[-2.788483,51.321352],[-2.788427,51.321346],[-2.788413,51.321371],[-2.788335,51.321413],[-2.788177,51.321417],[-2.788131,51.321395],[-2.788098,51.321351],[-2.788119,51.32133],[-2.78795,51.321296],[-2.787939,51.321256],[-2.78797,51.32123],[-2.788124,51.321195],[-2.788481,51.321181],[-2.788692,51.321305],[-2.788706,51.321334],[-2.788768,51.321373],[-2.788796,51.321414],[-2.788772,51.321438],[-2.788795,51.321446],[-2.788799,51.321485]]]}},{"type":"Feature","properties":{"prn":"57462","url":"https://www.somersetheritage.org.uk/record/57462","name":"Tennis lawn, W of The Old Rectory, Rowberrow","kind":"Monument record"},"geometry":{"type":"Polygon","coordinates":[[[-2.792373,51.322724],[-2.791881,51.322751],[-2.79186,51.322611],[-2.792344,51.322586],[-2.792373,51.322724]]]}}]}