{"type":"FeatureCollection","features":[{"type":"Feature","properties":{"ListEntry":1059077,"Name":"ROSE COTTAGE","Grade":"II","ListDate":475804800000,"CaptureScale":"1:2500","hyperlink":"https://historicengland.org.uk/listing/the-list/list-entry/1059077","NGR":"ST 46607 53941","Easting":346607,"Northing":153941},"geometry":{"type":"Polygon","coordinates":[[[-2.76692,51.28208],[-2.76695,51.28208],[-2.76694,51.2821],[-2.76692,51.28208]]]}},{"type":"Feature","properties":{"ListEntry":1059078,"Name":"MILESTONE AT NGR ST 4141 5435","Grade":"II","ListDate":475804800000,"CaptureScale":"1:2500","hyperlink":"https://historicengland.org.uk/listing/the-list/list-entry/1059078","NGR":"ST 41440 54348","Easting":341440,"Northing":154349},"geometry":{"type":"Polygon","coordinates":[[[-2.84107,51.28524],[-2.84111,51.28524],[-2.84109,51.28526],[-2.84107,51.28524]]]}},{"type":"Feature","properties":{"ListEntry":1059083,"Name":"THE NEW INN","Grade":"II","ListDate":-280627200000,"CaptureScale":"1:2500","hyperlink":"https://historicengland.org.uk/listing/the-list/list-entry/1059083","NGR":"ST 41880 54826","Easting":341880,"Northing":154826},"geometry":{"type":"Polygon","coordinates":[[[-2.83483,51.28958],[-2.83486,51.28958],[-2.83484,51.2896],[-2.83483,51.28958]]]}},{"type":"Feature","properties":{"ListEntry":1059084,"Name":"NEWTON HOUSE","Grade":"II","ListDate":-280627200000,"CaptureScale":"1:2500","hyperlink":"https://historicengland.org.uk/listing/the-list/list-entry/1059084","NGR":"ST 41816 54766","Easting":341816,"Northing":154766},"geometry":{"type":"Polygon","coordinates":[[[-2.83574,51.28903],[-2.83578,51.28903],[-2.83576,51.28905],[-2.83574,51.28903]]]}},{"type":"Feature","properties":{"ListEntry":1059085,"Name":"BRAMBLE COTTAGE","Grade":"II","ListDate":475804800000,"CaptureScale":"1:2500","hyperlink":"https://historicengland.org.uk/listing/the-list/list-entry/1059085","NGR":"ST 40931 54999","Easting":340931,"Northing":154999},"geometry":{"type":"Polygon","coordinates":[[[-2.84847,51.29103],[-2.8485,51.29103],[-2.84849,51.29105],[-2.84847,51.29103]]]}},{"type":"Feature","properties":{"ListEntry":1059086,"Name":"TURNPIKE COTTAGE","Grade":"II","ListDate":-280627200000,"CaptureScale":"1:2500","hyperlink":"https://historicengland.org.uk/listing/the-list/list-entry/1059086","NGR":"ST 44444 57766","Easting":344444,"Northing":157766},"geometry":{"type":"Polygon","coordinates":[[[-2.79853,51.31627],[-2.79856,51.31627],[-2.79854,51.31629],[-2.79853,51.31627]]]}},{"type":"Feature","properties":{"ListEntry":1059087,"Name":"THE OLD RECTORY","Grade":"II","ListDate":475804800000,"CaptureScale":"1:2500","hyperlink":"https://historicengland.org.uk/listing/the-list/list-entry/1059087","NGR":"ST 44944 58466","Easting":344944,"Northing":158466},"geometry":{"type":"Polygon","coordinates":[[[-2.79146,51.32261],[-2.7915,51.32261],[-2.79148,51.32263],[-2.79146,51.32261]]]}},{"type":"Feature","properties":{"ListEntry":1059088,"Name":"BAY TREE HOUSE","Grade":"II","ListDate":475804800000,"CaptureScale":"1:2500","hyperlink":"https://historicengland.org.uk/listing/the-list/list-entry/1059088","NGR":"ST 44415 57593","Easting":344415,"Northing":157593},"geometry":{"type":"Polygon","coordinates":[[[-2.79891,51.31471],[-2.79895,51.31471],[-2.79893,51.31473],[-2.79891,51.31471]]]}},{"type":"Feature","properties":{"ListEntry":1059089,"Name":"PAIR OF GATE PIERS AT NGR ST 4439 5745","Grade":"II","ListDate":-280627200000,"AmendDate":475804800000,"CaptureScale":"1:2500","hyperlink":"https://historicengland.org.uk/listing/the-list/list-entry/1059089","NGR":"ST 44390 57450","Easting":344390,"Northing":157450},"geometry":{"type":"Polygon","coordinates":[[[-2.79925,51.31342],[-2.79929,51.31342],[-2.79927,51.31344],[-2.79925,51.31342]]]}},{"type":"Feature","properties":{"ListEntry":1059107,"Name":"YEOWATER HOUSE","Grade":"II","ListDate":475804800000,"CaptureScale":"1:2500","hyperlink":"https://historicengland.org.uk/listing/the-list/list-entry/1059107","NGR":"ST 46112 53733","Easting":346112,"Northing":153733},"geometry":{"type":"Polygon","coordinates":[[[-2.77398,51.28017],[-2.77402,51.28017],[-2.774,51.28019],[-2.77398,51.28017]]]}},{"type":"Feature","properties":{"ListEntry":1059111,"Name":"BROCK FARMHOUSE AND FORECOURT WALL","Grade":"II","ListDate":475804800000,"CaptureScale":"1:2500","hyperlink":"https://historicengland.org.uk/listing/the-list/list-entry/1059111","NGR":"ST 45558 54176","Easting":345558,"Northing":154176},"geometry":{"type":"Polygon","coordinates":[[[-2.78199,51.2841],[-2.78203,51.2841],[-2.78201,51.28412],[-2.78199,51.2841]]]}},{"type":"Feature","properties":{"ListEntry":1059116,"Name":"THE KINGS HEAD","Grade":"II","ListDate":475804800000,"CaptureScale":"1:2500","hyperlink":"https://historicengland.org.uk/listing/the-list/list-entry/1059116","NGR":"ST 45701 53962","Easting":345701,"Northing":153962},"geometry":{"type":"Polygon","coordinates":[[[-2.77991,51.28219],[-2.77995,51.28219],[-2.77993,51.28221],[-2.77991,51.28219]]]}},{"type":"Feature","properties":{"ListEntry":1059119,"Name":"LILY COTTAGE","Grade":"II","ListDate":475804800000,"CaptureScale":"1:2500","hyperlink":"https://historicengland.org.uk/listing/the-list/list-entry/1059119","NGR":"ST 46618 53938","Easting":346618,"Northing":153938},"geometry":{"type":"Polygon","coordinates":[[[-2.76676,51.28206],[-2.7668,51.28206],[-2.76678,51.28208],[-2.76676,51.28206]]]}},{"type":"Feature","properties":{"ListEntry":1059120,"Name":"STEPS AND RAILINGS FORMING AN APPROACH TO SOUTH PORCH, CHURCH OF ST JOHN THE BAPTIST","Grade":"II","ListDate":475804800000,"CaptureScale":"1:2500","hyperlink":"https://historicengland.org.uk/listing/the-list/list-entry/1059120","NGR":"ST 43133 54586","Easting":343133,"Northing":154586},"geometry":{"type":"Polygon","coordinates":[[[-2.81683,51.28754],[-2.81686,51.28754],[-2.81685,51.28756],[-2.81683,51.28754]]]}},{"type":"Feature","properties":{"ListEntry":1059121,"Name":"CHURCH HOUSE","Grade":"II","ListDate":475804800000,"AmendDate":514080000000,"CaptureScale":"1:2500","hyperlink":"https://historicengland.org.uk/listing/the-list/list-entry/1059121","NGR":"ST 43127 54607","Easting":343127,"Northing":154607},"geometry":{"type":"Polygon","coordinates":[[[-2.81691,51.28773],[-2.81695,51.28773],[-2.81693,51.28775],[-2.81691,51.28773]]]}},{"type":"Feature","properties":{"ListEntry":1059122,"Name":"LLOYDS BANK HOUSE","Grade":"II","ListDate":-280627200000,"CaptureScale":"1:2500","hyperlink":"https://historicengland.org.uk/listing/the-list/list-entry/1059122","NGR":"ST 43113 54583","Easting":343113,"Northing":154583},"geometry":{"type":"Polygon","coordinates":[[[-2.81711,51.28752],[-2.81714,51.28752],[-2.81712,51.28754],[-2.81711,51.28752]]]}},{"type":"Feature","properties":{"ListEntry":1059123,"Name":"SHOP AND HOUSE IMMEDIATELY TO WEST OF THE OLD ANGEL","Grade":"II","ListDate":-280627200000,"AmendDate":475804800000,"CaptureScale":"1:2500","hyperlink":"https://historicengland.org.uk/listing/the-list/list-entry/1059123","NGR":"ST 43097 54571","Easting":343097,"Northing":154571},"geometry":{"type":"Polygon","coordinates":[[[-2.81733,51.2874],[-2.81737,51.2874],[-2.81735,51.28742],[-2.81733,51.2874]]]}},{"type":"Feature","properties":{"ListEntry":1059124,"Name":"AXBRIDGE WINE VAULTS","Grade":"II","ListDate":-280627200000,"CaptureScale":"1:2500","hyperlink":"https://historicengland.org.uk/listing/the-list/list-entry/1059124","NGR":"ST 43084 54532","Easting":343084,"Northing":154532},"geometry":{"type":"Polygon","coordinates":[[[-2.81752,51.28706],[-2.81756,51.28706],[-2.81754,51.28707],[-2.81752,51.28706]]]}},{"type":"Feature","properties":{"ListEntry":1059125,"Name":"MENDIP HOUSE","Grade":"II","ListDate":475804800000,"CaptureScale":"1:2500","hyperlink":"https://historicengland.org.uk/listing/the-list/list-entry/1059125","NGR":"ST 42988 54768","Easting":342988,"Northing":154768},"geometry":{"type":"Polygon","coordinates":[[[-2.81894,51.28917],[-2.81897,51.28917],[-2.81895,51.28919],[-2.81894,51.28917]]]}},{"type":"Feature","properties":{"ListEntry":1059126,"Name":"THE SPINNING WHEEL","Grade":"II","ListDate":475804800000,"CaptureScale":"1:2500","hyperlink":"https://historicengland.org.uk/listing/the-list/list-entry/1059126","NGR":"ST 43102 54518","Easting":343102,"Northing":154518},"geometry":{"type":"Polygon","coordinates":[[[-2.81726,51.28693],[-2.8173,51.28693],[-2.81728,51.28695],[-2.81726,51.28693]]]}},{"type":"Feature","properties":{"ListEntry":1059127,"Name":"2, WEST STREET","Grade":"II","ListDate":475804800000,"CaptureScale":"1:2500","hyperlink":"https://historicengland.org.uk/listing/the-list/list-entry/1059127","NGR":"ST 42937 54618","Easting":342937,"Northing":154619},"geometry":{"type":"Polygon","coordinates":[[[-2.81965,51.28782],[-2.81968,51.28782],[-2.81966,51.28784],[-2.81965,51.28782]]]}},{"type":"Feature","properties":{"ListEntry":1059128,"Name":"MYRTLE HOUSE","Grade":"II","ListDate":475804800000,"CaptureScale":"1:2500","hyperlink":"https://historicengland.org.uk/listing/the-list/list-entry/1059128","NGR":"ST 42835 54612","Easting":342835,"Northing":154612},"geometry":{"type":"Polygon","coordinates":[[[-2.8211,51.28775],[-2.82114,51.28775],[-2.82112,51.28777],[-2.8211,51.28775]]]}},{"type":"Feature","properties":{"ListEntry":1059129,"Name":"24, WEST STREET","Grade":"II","ListDate":475804800000,"CaptureScale":"1:2500","hyperlink":"https://historicengland.org.uk/listing/the-list/list-entry/1059129","NGR":"ST 42813 54615","Easting":342813,"Northing":154615},"geometry":{"type":"Polygon","coordinates":[[[-2.82142,51.28777],[-2.82146,51.28777],[-2.82144,51.28779],[-2.82142,51.28777]]]}},{"type":"Feature","properties":{"ListEntry":1059130,"Name":"30, WEST STREET","Grade":"II","ListDate":-280627200000,"AmendDate":475804800000,"CaptureScale":"1:2500","hyperlink":"https://historicengland.org.uk/listing/the-list/list-entry/1059130","NGR":"ST 42787 54618","Easting":342787,"Northing":154618},"geometry":{"type":"Polygon","coordinates":[[[-2.8218,51.2878],[-2.82184,51.2878],[-2.82182,51.28782],[-2.8218,51.2878]]]}},{"type":"Feature","properties":{"ListEntry":1059131,"Name":"CATHLAR HOUSE","Grade":"II","ListDate":475804800000,"CaptureScale":"1:2500","hyperlink":"https://historicengland.org.uk/listing/the-list/list-entry/1059131","NGR":"ST 42724 54618","Easting":342724,"Northing":154618},"geometry":{"type":"Polygon","coordinates":[[[-2.8227,51.28779],[-2.82274,51.28779],[-2.82272,51.28781],[-2.8227,51.28779]]]}},{"type":"Feature","properties":{"ListEntry":1059132,"Name":"3, WEST STREET","Grade":"II","ListDate":475804800000,"CaptureScale":"1:2500","hyperlink":"https://historicengland.org.uk/listing/the-list/list-entry/1059132","NGR":"ST 42918 54601","Easting":342918,"Northing":154601},"geometry":{"type":"Polygon","coordinates":[[[-2.81991,51.28766],[-2.81995,51.28766],[-2.81993,51.28767],[-2.81991,51.28766]]]}},{"type":"Feature","properties":{"ListEntry":1059133,"Name":"ST JOHN'S COURT","Grade":"II","ListDate":475804800000,"CaptureScale":"1:2500","hyperlink":"https://historicengland.org.uk/listing/the-list/list-entry/1059133","NGR":"ST 42871 54502","Easting":342871,"Northing":154502},"geometry":{"type":"Polygon","coordinates":[[[-2.82057,51.28676],[-2.82061,51.28676],[-2.82059,51.28678],[-2.82057,51.28676]]]}},{"type":"Feature","properties":{"ListEntry":1059134,"Name":"ROSYDEN HOUSE","Grade":"II","ListDate":475804800000,"CaptureScale":"1:2500","hyperlink":"https://historicengland.org.uk/listing/the-list/list-entry/1059134","NGR":"ST 42802 54603","Easting":342802,"Northing":154604},"geometry":{"type":"Polygon","coordinates":[[[-2.82157,51.28767],[-2.82161,51.28767],[-2.82159,51.28769],[-2.82157,51.28767]]]}},{"type":"Feature","properties":{"ListEntry":1059135,"Name":"TRELAWNEY","Grade":"II","ListDate":475804800000,"CaptureScale":"1:2500","hyperlink":"https://historicengland.org.uk/listing/the-list/list-entry/1059135","NGR":"ST 42729 54603","Easting":342729,"Northing":154603},"geometry":{"type":"Polygon","coordinates":[[[-2.82262,51.28766],[-2.82266,51.28766],[-2.82264,51.28768],[-2.82262,51.28766]]]}},{"type":"Feature","properties":{"ListEntry":1059136,"Name":"LATRINE AND GARDEN WALL ADJACENT TO SOUTH EAST CORNER OF COMPTON HOUSE","Grade":"II","ListDate":475804800000,"CaptureScale":"1:2500","hyperlink":"https://historicengland.org.uk/listing/the-list/list-entry/1059136","NGR":"ST 42652 54597","Easting":342652,"Northing":154597},"geometry":{"type":"Polygon","coordinates":[[[-2.82373,51.2876],[-2.82376,51.2876],[-2.82375,51.28762],[-2.82373,51.2876]]]}},{"type":"Feature","properties":{"ListEntry":1059141,"Name":"1, CHURCH LANE","Grade":"II","ListDate":475804800000,"CaptureScale":"1:2500","hyperlink":"https://historicengland.org.uk/listing/the-list/list-entry/1059141","NGR":"ST 43180 54557","Easting":343180,"Northing":154557},"geometry":{"type":"Polygon","coordinates":[[[-2.81615,51.28729],[-2.81619,51.28729],[-2.81617,51.28731],[-2.81615,51.28729]]]}},{"type":"Feature","properties":{"ListEntry":1059142,"Name":"KING JOHN'S HUNTING LODGE (AXBRIDGE MUSEUM)","Grade":"II*","ListDate":-280627200000,"AmendDate":475804800000,"CaptureScale":"1:2500","hyperlink":"https://historicengland.org.uk/listing/the-list/list-entry/1059142","NGR":"ST 43078 54540","Easting":343078,"Northing":154540},"geometry":{"type":"Polygon","coordinates":[[[-2.81761,51.28713],[-2.81764,51.28713],[-2.81763,51.28715],[-2.81761,51.28713]]]}},{"type":"Feature","properties":{"ListEntry":1059143,"Name":"3, HIGH STREET","Grade":"II","ListDate":475804800000,"CaptureScale":"1:2500","hyperlink":"https://historicengland.org.uk/listing/the-list/list-entry/1059143","NGR":"ST 43072 54538","Easting":343072,"Northing":154539},"geometry":{"type":"Polygon","coordinates":[[[-2.8177,51.28711],[-2.81774,51.28711],[-2.81772,51.28713],[-2.8177,51.28711]]]}},{"type":"Feature","properties":{"ListEntry":1059144,"Name":"5 AND 7, HIGH STREET","Grade":"II","ListDate":-280627200000,"AmendDate":475804800000,"CaptureScale":"1:2500","hyperlink":"https://historicengland.org.uk/listing/the-list/list-entry/1059144","NGR":"ST 43064 54535","Easting":343064,"Northing":154535},"geometry":{"type":"Polygon","coordinates":[[[-2.81781,51.28708],[-2.81785,51.28708],[-2.81783,51.2871],[-2.81781,51.28708]]]}},{"type":"Feature","properties":{"ListEntry":1059145,"Name":"RAYMOND COURT","Grade":"II","ListDate":475804800000,"CaptureScale":"1:2500","hyperlink":"https://historicengland.org.uk/listing/the-list/list-entry/1059145","NGR":"ST 43032 54537","Easting":343032,"Northing":154538},"geometry":{"type":"Polygon","coordinates":[[[-2.81826,51.2871],[-2.8183,51.2871],[-2.81828,51.28712],[-2.81826,51.2871]]]}},{"type":"Feature","properties":{"ListEntry":1059146,"Name":"17, HIGH STREET","Grade":"II","ListDate":475804800000,"CaptureScale":"1:2500","hyperlink":"https://historicengland.org.uk/listing/the-list/list-entry/1059146","NGR":"ST 43016 54547","Easting":343016,"Northing":154548},"geometry":{"type":"Polygon","coordinates":[[[-2.8185,51.28719],[-2.81853,51.28719],[-2.81852,51.2872],[-2.8185,51.28719]]]}},{"type":"Feature","properties":{"ListEntry":1059147,"Name":"OLD MANOR HOUSE","Grade":"II*","ListDate":-280627200000,"CaptureScale":"1:2500","hyperlink":"https://historicengland.org.uk/listing/the-list/list-entry/1059147","NGR":"ST 43008 54553","Easting":343008,"Northing":154554},"geometry":{"type":"Polygon","coordinates":[[[-2.81862,51.28724],[-2.81865,51.28724],[-2.81863,51.28726],[-2.81862,51.28724]]]}},{"type":"Feature","properties":{"ListEntry":1059148,"Name":"25, HIGH STREET","Grade":"II","ListDate":475804800000,"CaptureScale":"1:2500","hyperlink":"https://historicengland.org.uk/listing/the-list/list-entry/1059148","NGR":"ST 42990 54575","Easting":342990,"Northing":154575},"geometry":{"type":"Polygon","coordinates":[[[-2.81887,51.28743],[-2.81891,51.28743],[-2.81889,51.28745],[-2.81887,51.28743]]]}},{"type":"Feature","properties":{"ListEntry":1059149,"Name":"2 AND 4, HIGH STREET","Grade":"II","ListDate":-280627200000,"AmendDate":475804800000,"CaptureScale":"1:2500","hyperlink":"https://historicengland.org.uk/listing/the-list/list-entry/1059149","NGR":"ST 43064 54551","Easting":343064,"Northing":154551},"geometry":{"type":"Polygon","coordinates":[[[-2.81782,51.28722],[-2.81785,51.28722],[-2.81784,51.28724],[-2.81782,51.28722]]]}},{"type":"Feature","properties":{"ListEntry":1059150,"Name":"10 AND 12, HIGH STREET","Grade":"II","ListDate":-280627200000,"AmendDate":475804800000,"CaptureScale":"1:2500","hyperlink":"https://historicengland.org.uk/listing/the-list/list-entry/1059150","NGR":"ST 43030 54557","Easting":343030,"Northing":154558},"geometry":{"type":"Polygon","coordinates":[[[-2.8183,51.28728],[-2.81833,51.28728],[-2.81832,51.2873],[-2.8183,51.28728]]]}},{"type":"Feature","properties":{"ListEntry":1059151,"Name":"28, HIGH STREET","Grade":"II","ListDate":475804800000,"CaptureScale":"1:2500","hyperlink":"https://historicengland.org.uk/listing/the-list/list-entry/1059151","NGR":"ST 42989 54594","Easting":342989,"Northing":154594},"geometry":{"type":"Polygon","coordinates":[[[-2.81889,51.2876],[-2.81893,51.2876],[-2.81891,51.28762],[-2.81889,51.2876]]]}},{"type":"Feature","properties":{"ListEntry":1059152,"Name":"7, MOORLAND STREET","Grade":"II","ListDate":475804800000,"CaptureScale":"1:2500","hyperlink":"https://historicengland.org.uk/listing/the-list/list-entry/1059152","NGR":"ST 43134 54438","Easting":343134,"Northing":154438},"geometry":{"type":"Polygon","coordinates":[[[-2.81679,51.28621],[-2.81682,51.28621],[-2.8168,51.28623],[-2.81679,51.28621]]]}},{"type":"Feature","properties":{"ListEntry":1059153,"Name":"THE OLD ALMSHOUSE","Grade":"II","ListDate":214704000000,"CaptureScale":"1:2500","hyperlink":"https://historicengland.org.uk/listing/the-list/list-entry/1059153","NGR":"ST 43113 54521","Easting":343113,"Northing":154521},"geometry":{"type":"Polygon","coordinates":[[[-2.8171,51.28696],[-2.81714,51.28696],[-2.81712,51.28698],[-2.8171,51.28696]]]}},{"type":"Feature","properties":{"ListEntry":1059154,"Name":"SECTION OF WALL IN THE GROUNDS OF ST MARYS COTTAGE","Grade":"II","ListDate":-280627200000,"AmendDate":475804800000,"CaptureScale":"1:2500","hyperlink":"https://historicengland.org.uk/listing/the-list/list-entry/1059154","NGR":"ST 43178 54546","Easting":343178,"Northing":154546},"geometry":{"type":"Polygon","coordinates":[[[-2.81618,51.28719],[-2.81621,51.28719],[-2.81619,51.28721],[-2.81618,51.28719]]]}},{"type":"Feature","properties":{"ListEntry":1059155,"Name":"STATION ROAD FARMHOUSE AND ATTACHED BARN TO LEFT","Grade":"II","ListDate":475804800000,"CaptureScale":"1:2500","hyperlink":"https://historicengland.org.uk/listing/the-list/list-entry/1059155","NGR":"ST 43332 54513","Easting":343332,"Northing":154513},"geometry":{"type":"Polygon","coordinates":[[[-2.81396,51.28691],[-2.81399,51.28691],[-2.81398,51.28693],[-2.81396,51.28691]]]}},{"type":"Feature","properties":{"ListEntry":1059156,"Name":"THE GEORGIAN HOUSE","Grade":"II","ListDate":475804800000,"CaptureScale":"1:2500","hyperlink":"https://historicengland.org.uk/listing/the-list/list-entry/1059156","NGR":"ST 43240 54551","Easting":343240,"Northing":154552},"geometry":{"type":"Polygon","coordinates":[[[-2.81529,51.28724],[-2.81533,51.28724],[-2.81531,51.28726],[-2.81529,51.28724]]]}},{"type":"Feature","properties":{"ListEntry":1059157,"Name":"THE OLD COURT HOUSE","Grade":"II","ListDate":-280627200000,"CaptureScale":"1:2500","hyperlink":"https://historicengland.org.uk/listing/the-list/list-entry/1059157","NGR":"ST 43201 54553","Easting":343201,"Northing":154554},"geometry":{"type":"Polygon","coordinates":[[[-2.81585,51.28726],[-2.81588,51.28726],[-2.81587,51.28728],[-2.81585,51.28726]]]}},{"type":"Feature","properties":{"ListEntry":1129176,"Name":"ALDWICK COURT","Grade":"II","ListDate":-280627200000,"CaptureScale":"1:2500","hyperlink":"https://historicengland.org.uk/listing/the-list/list-entry/1129176","NGR":"ST 49201 61326","Easting":349201,"Northing":161326},"geometry":{"type":"Polygon","coordinates":[[[-2.73078,51.34872],[-2.73082,51.34872],[-2.7308,51.34874],[-2.73078,51.34872]]]}},{"type":"Feature","properties":{"ListEntry":1129181,"Name":"GAUGE HOUSE","Grade":"II","ListDate":538012800000,"CaptureScale":"1:2500","hyperlink":"https://historicengland.org.uk/listing/the-list/list-entry/1129181","NGR":"ST4866359313","Easting":348663,"Northing":159313},"geometry":{"type":"Polygon","coordinates":[[[-2.73822,51.33057],[-2.73825,51.33057],[-2.73823,51.33059],[-2.73822,51.33057]]]}},{"type":"Feature","properties":{"ListEntry":1129182,"Name":"NUMBERS 1 AND 2 BROOK HOUSE","Grade":"II","ListDate":538012800000,"CaptureScale":"1:2500","hyperlink":"https://historicengland.org.uk/listing/the-list/list-entry/1129182","NGR":"ST4857759518","Easting":348577,"Northing":159518},"geometry":{"type":"Polygon","coordinates":[[[-2.73948,51.3324],[-2.73952,51.3324],[-2.7395,51.33242],[-2.73948,51.3324]]]}},{"type":"Feature","properties":{"ListEntry":1129183,"Name":"CHURCH OF HOLY TRINITY","Grade":"I","ListDate":-280627200000,"CaptureScale":"1:2500","hyperlink":"https://historicengland.org.uk/listing/the-list/list-entry/1129183","NGR":"ST 47864 59332","Easting":347864,"Northing":159333},"geometry":{"type":"Polygon","coordinates":[[[-2.74968,51.33067],[-2.74972,51.33067],[-2.7497,51.33069],[-2.74968,51.33067]]]}},{"type":"Feature","properties":{"ListEntry":1129184,"Name":"ORANGERY TO THE NORTH EAST OF LANGFORD COURT","Grade":"II","ListDate":-280627200000,"CaptureScale":"1:2500","hyperlink":"https://historicengland.org.uk/listing/the-list/list-entry/1129184","NGR":"ST 47074 60234","Easting":347074,"Northing":160234},"geometry":{"type":"Polygon","coordinates":[[[-2.76116,51.33871],[-2.7612,51.33871],[-2.76118,51.33873],[-2.76116,51.33871]]]}},{"type":"Feature","properties":{"ListEntry":1129185,"Name":"LANGFORD PLACE","Grade":"II","ListDate":538012800000,"CaptureScale":"1:2500","hyperlink":"https://historicengland.org.uk/listing/the-list/list-entry/1129185","NGR":"ST 46896 60575","Easting":346896,"Northing":160575},"geometry":{"type":"Polygon","coordinates":[[[-2.76377,51.34176],[-2.7638,51.34176],[-2.76378,51.34178],[-2.76377,51.34176]]]}},{"type":"Feature","properties":{"ListEntry":1129186,"Name":"NASH HOUSE","Grade":"II","ListDate":-280627200000,"CaptureScale":"1:2500","hyperlink":"https://historicengland.org.uk/listing/the-list/list-entry/1129186","NGR":"ST 46618 60552","Easting":346618,"Northing":160552},"geometry":{"type":"Polygon","coordinates":[[[-2.76775,51.34152],[-2.76779,51.34152],[-2.76777,51.34154],[-2.76775,51.34152]]]}},{"type":"Feature","properties":{"ListEntry":1129195,"Name":"GRANGE FARMHOUSE","Grade":"II","ListDate":538012800000,"CaptureScale":"1:2500","hyperlink":"https://historicengland.org.uk/listing/the-list/list-entry/1129195","NGR":"ST 45980 59619","Easting":345980,"Northing":159619},"geometry":{"type":"Polygon","coordinates":[[[-2.77677,51.33308],[-2.77681,51.33308],[-2.77679,51.33309],[-2.77677,51.33308]]]}},{"type":"Feature","properties":{"ListEntry":1129196,"Name":"TWO MONUMENTS TO BROOKMAN AND WATTS FAMILIES IN CHURCHYARD, 2 AND 5 METRES SOUTH OF CHURCH OF ST JOHN","Grade":"II","ListDate":538012800000,"CaptureScale":"1:2500","hyperlink":"https://historicengland.org.uk/listing/the-list/list-entry/1129196","NGR":"ST 43734 60226","Easting":343734,"Northing":160226},"geometry":{"type":"Polygon","coordinates":[[[-2.8091,51.33831],[-2.80914,51.33831],[-2.80912,51.33833],[-2.8091,51.33831]]]}},{"type":"Feature","properties":{"ListEntry":1129197,"Name":"DINGHURST FARMHOUSE","Grade":"II","ListDate":538012800000,"CaptureScale":"1:2500","hyperlink":"https://historicengland.org.uk/listing/the-list/list-entry/1129197","NGR":"ST 44222 59664","Easting":344222,"Northing":159664},"geometry":{"type":"Polygon","coordinates":[[[-2.80201,51.33331],[-2.80204,51.33331],[-2.80203,51.33333],[-2.80201,51.33331]]]}},{"type":"Feature","properties":{"ListEntry":1129198,"Name":"JUBILEE CLOCK TOWER AND ATTACHED WALLS AND RAILINGS","Grade":"II","ListDate":538012800000,"CaptureScale":"1:2500","hyperlink":"https://historicengland.org.uk/listing/the-list/list-entry/1129198","NGR":"ST4439059738","Easting":344390,"Northing":159738},"geometry":{"type":"Polygon","coordinates":[[[-2.79961,51.33398],[-2.79965,51.33398],[-2.79963,51.334],[-2.79961,51.33398]]]}},{"type":"Feature","properties":{"ListEntry":1129199,"Name":"SIDNEY HILL COTTAGE HOMES AND ATTACHED GATEPIERS, WALLS AND GATES","Grade":"II","ListDate":538012800000,"CaptureScale":"1:2500","hyperlink":"https://historicengland.org.uk/listing/the-list/list-entry/1129199","NGR":"ST 44041 59880","Easting":344041,"Northing":159880},"geometry":{"type":"Polygon","coordinates":[[[-2.80464,51.33523],[-2.80468,51.33523],[-2.80466,51.33525],[-2.80464,51.33523]]]}},{"type":"Feature","properties":{"ListEntry":1129200,"Name":"LODGE, GATEPIERS AND WALLS TO SOUTH EAST OF LANGFORD HOUSE","Grade":"II","ListDate":538012800000,"CaptureScale":"1:2500","hyperlink":"https://historicengland.org.uk/listing/the-list/list-entry/1129200","NGR":"ST 46047 60652","Easting":346047,"Northing":160652},"geometry":{"type":"Polygon","coordinates":[[[-2.77596,51.34237],[-2.776,51.34237],[-2.77598,51.34239],[-2.77596,51.34237]]]}},{"type":"Feature","properties":{"ListEntry":1129201,"Name":"RICHMOND HOUSE","Grade":"II","ListDate":538012800000,"CaptureScale":"1:2500","hyperlink":"https://historicengland.org.uk/listing/the-list/list-entry/1129201","NGR":"ST 46237 60675","Easting":346237,"Northing":160675},"geometry":{"type":"Polygon","coordinates":[[[-2.77324,51.34259],[-2.77328,51.34259],[-2.77326,51.34261],[-2.77324,51.34259]]]}},{"type":"Feature","properties":{"ListEntry":1129202,"Name":"TURNPIKE TRUST PARISH BOUNDARY MARKER","Grade":"II","ListDate":538012800000,"CaptureScale":"1:2500","hyperlink":"https://historicengland.org.uk/listing/the-list/list-entry/1129202","NGR":"ST 46378 60682","Easting":346378,"Northing":160682},"geometry":{"type":"Polygon","coordinates":[[[-2.77122,51.34267],[-2.77126,51.34267],[-2.77124,51.34269],[-2.77122,51.34267]]]}},{"type":"Feature","properties":{"ListEntry":1129206,"Name":"HONEY HALL","Grade":"II","ListDate":-280627200000,"AmendDate":538012800000,"CaptureScale":"1:2500","hyperlink":"https://historicengland.org.uk/listing/the-list/list-entry/1129206","NGR":"ST 43215 61328","Easting":343215,"Northing":161328},"geometry":{"type":"Polygon","coordinates":[[[-2.81673,51.34817],[-2.81676,51.34817],[-2.81675,51.34819],[-2.81673,51.34817]]]}},{"type":"Feature","properties":{"ListEntry":1129230,"Name":"K6 TELEPHONE KIOSK","Grade":"II","ListDate":602208000000,"CaptureScale":"1:2500","hyperlink":"https://historicengland.org.uk/listing/the-list/list-entry/1129230","NGR":"ST 44008 59927","Easting":344008,"Northing":159927},"geometry":{"type":"Polygon","coordinates":[[[-2.80512,51.33565],[-2.80516,51.33565],[-2.80514,51.33567],[-2.80512,51.33565]]]}},{"type":"Feature","properties":{"ListEntry":1129234,"Name":"APRIL COTTAGE","Grade":"II","ListDate":656208000000,"CaptureScale":"1:2500","hyperlink":"https://historicengland.org.uk/listing/the-list/list-entry/1129234","NGR":"ST 44034 59932","Easting":344034,"Northing":159932},"geometry":{"type":"Polygon","coordinates":[[[-2.80475,51.3357],[-2.80479,51.3357],[-2.80477,51.33572],[-2.80475,51.3357]]]}},{"type":"Feature","properties":{"ListEntry":1129756,"Name":"PAIR OF CHEST TOMBS, ONE TO MATTHEW WALLER (1516), 5 YARDS TO NORTH EAST OF CHANCEL OF CHURCH OF ST JAMES","Grade":"II","ListDate":419731200000,"CaptureScale":"1:1250","hyperlink":"https://historicengland.org.uk/listing/the-list/list-entry/1129756","NGR":"ST4117356651","Easting":341173,"Northing":156651},"geometry":{"type":"Polygon","coordinates":[[[-2.84527,51.30591],[-2.84531,51.30591],[-2.84529,51.30592],[-2.84527,51.30591]]]}},{"type":"Feature","properties":{"ListEntry":1129757,"Name":"NUT TREE FARMHOUSE","Grade":"II","ListDate":419731200000,"CaptureScale":"1:2500","hyperlink":"https://historicengland.org.uk/listing/the-list/list-entry/1129757","NGR":"ST 41541 57525","Easting":341541,"Northing":157525},"geometry":{"type":"Polygon","coordinates":[[[-2.84014,51.31381],[-2.84017,51.31381],[-2.84015,51.31383],[-2.84014,51.31381]]]}},{"type":"Feature","properties":{"ListEntry":1129758,"Name":"20, GREENHILL ROAD","Grade":"II","ListDate":419731200000,"CaptureScale":"1:2500","hyperlink":"https://historicengland.org.uk/listing/the-list/list-entry/1129758","NGR":"ST 42405 59602","Easting":342405,"Northing":159602},"geometry":{"type":"Polygon","coordinates":[[[-2.82808,51.33257],[-2.82811,51.33257],[-2.8281,51.33259],[-2.82808,51.33257]]]}},{"type":"Feature","properties":{"ListEntry":1129759,"Name":"HILLSIDE COTTAGE","Grade":"II","ListDate":419731200000,"CaptureScale":"1:2500","hyperlink":"https://historicengland.org.uk/listing/the-list/list-entry/1129759","NGR":"ST 42088 59444","Easting":342088,"Northing":159444},"geometry":{"type":"Polygon","coordinates":[[[-2.8326,51.33112],[-2.83264,51.33112],[-2.83262,51.33114],[-2.8326,51.33112]]]}},{"type":"Feature","properties":{"ListEntry":1129760,"Name":"SIDCOT FARMHOUSE","Grade":"II","ListDate":419731200000,"CaptureScale":"1:2500","hyperlink":"https://historicengland.org.uk/listing/the-list/list-entry/1129760","NGR":"ST 42885 57247","Easting":342885,"Northing":157247},"geometry":{"type":"Polygon","coordinates":[[[-2.82081,51.31145],[-2.82085,51.31145],[-2.82083,51.31147],[-2.82081,51.31145]]]}},{"type":"Feature","properties":{"ListEntry":1129761,"Name":"FORMER SANDFORD STATION","Grade":"II","ListDate":419731200000,"CaptureScale":"1:2500","hyperlink":"https://historicengland.org.uk/listing/the-list/list-entry/1129761","NGR":"ST 41622 59552","Easting":341622,"Northing":159552},"geometry":{"type":"Polygon","coordinates":[[[-2.83931,51.33204],[-2.83934,51.33204],[-2.83932,51.33206],[-2.83931,51.33204]]]}},{"type":"Feature","properties":{"ListEntry":1129762,"Name":"GOODS SHED TO FORMER SANDFORD STATION","Grade":"II","ListDate":419731200000,"CaptureScale":"1:2500","hyperlink":"https://historicengland.org.uk/listing/the-list/list-entry/1129762","NGR":"ST 41624 59506","Easting":341624,"Northing":159506},"geometry":{"type":"Polygon","coordinates":[[[-2.83927,51.33163],[-2.83931,51.33163],[-2.83929,51.33165],[-2.83927,51.33163]]]}},{"type":"Feature","properties":{"ListEntry":1129793,"Name":"TOWERHEAD HOUSE","Grade":"II","ListDate":443145600000,"CaptureScale":"1:2500","hyperlink":"https://historicengland.org.uk/listing/the-list/list-entry/1129793","NGR":"ST4121559415","Easting":341215,"Northing":159415},"geometry":{"type":"Polygon","coordinates":[[[-2.84512,51.33076],[-2.84516,51.33076],[-2.84514,51.33078],[-2.84512,51.33076]]]}},{"type":"Feature","properties":{"ListEntry":1135758,"Name":"GATEPIERS AT TOWERHEAD HOUSE","Grade":"II","ListDate":443145600000,"CaptureScale":"1:1250","hyperlink":"https://historicengland.org.uk/listing/the-list/list-entry/1135758","NGR":"ST4117459460","Easting":341174,"Northing":159460},"geometry":{"type":"Polygon","coordinates":[[[-2.84573,51.33116],[-2.84576,51.33116],[-2.84575,51.33118],[-2.84573,51.33116]]]}},{"type":"Feature","properties":{"ListEntry":1136815,"Name":"SUNDAY SCHOOL NORTH OF WESLEYAN CHAPEL","Grade":"II","ListDate":419731200000,"CaptureScale":"1:2500","hyperlink":"https://historicengland.org.uk/listing/the-list/list-entry/1136815","NGR":"ST 42016 59305","Easting":342016,"Northing":159305},"geometry":{"type":"Polygon","coordinates":[[[-2.83361,51.32986],[-2.83365,51.32986],[-2.83363,51.32988],[-2.83361,51.32986]]]}},{"type":"Feature","properties":{"ListEntry":1136826,"Name":"WALNUT TREE COTTAGE","Grade":"II","ListDate":419731200000,"CaptureScale":"1:2500","hyperlink":"https://historicengland.org.uk/listing/the-list/list-entry/1136826","NGR":"ST 42115 59508","Easting":342115,"Northing":159508},"geometry":{"type":"Polygon","coordinates":[[[-2.83222,51.3317],[-2.83226,51.3317],[-2.83224,51.33172],[-2.83222,51.3317]]]}},{"type":"Feature","properties":{"ListEntry":1136835,"Name":"Main block with entrance elevation to Sidcot School","Grade":"II","ListDate":-280627200000,"CaptureScale":"1:2500","hyperlink":"https://historicengland.org.uk/listing/the-list/list-entry/1136835","NGR":"ST 42863 57460","Easting":342863,"Northing":157460},"geometry":{"type":"Polygon","coordinates":[[[-2.82116,51.31336],[-2.8212,51.31336],[-2.82118,51.31338],[-2.82116,51.31336]]]}},{"type":"Feature","properties":{"ListEntry":1146346,"Name":"STABLES AND ARCHWAY AT ALDWICK COURT","Grade":"II","ListDate":538012800000,"CaptureScale":"1:2500","hyperlink":"https://historicengland.org.uk/listing/the-list/list-entry/1146346","NGR":"ST 49198 61373","Easting":349198,"Northing":161373},"geometry":{"type":"Polygon","coordinates":[[[-2.73083,51.34914],[-2.73087,51.34914],[-2.73085,51.34916],[-2.73083,51.34914]]]}},{"type":"Feature","properties":{"ListEntry":1146370,"Name":"LODGE TO SOUTH WEST OF WOODLANDS","Grade":"II","ListDate":538012800000,"CaptureScale":"1:2500","hyperlink":"https://historicengland.org.uk/listing/the-list/list-entry/1146370","NGR":"ST 49374 61111","Easting":349374,"Northing":161111},"geometry":{"type":"Polygon","coordinates":[[[-2.72827,51.3468],[-2.7283,51.3468],[-2.72829,51.34682],[-2.72827,51.3468]]]}},{"type":"Feature","properties":{"ListEntry":1146444,"Name":"BOURNE FARMHOUSE","Grade":"II","ListDate":538012800000,"CaptureScale":"1:2500","hyperlink":"https://historicengland.org.uk/listing/the-list/list-entry/1146444","NGR":"ST 48447 59820","Easting":348447,"Northing":159820},"geometry":{"type":"Polygon","coordinates":[[[-2.74139,51.33511],[-2.74143,51.33511],[-2.74141,51.33513],[-2.74139,51.33511]]]}},{"type":"Feature","properties":{"ListEntry":1146451,"Name":"ENTRANCE GATEPIERS, GATES AND WALLS TO EAST OF LANGFORD COURT","Grade":"II","ListDate":-280627200000,"CaptureScale":"1:2500","hyperlink":"https://historicengland.org.uk/listing/the-list/list-entry/1146451","NGR":"ST 47108 60168","Easting":347108,"Northing":160168},"geometry":{"type":"Polygon","coordinates":[[[-2.76066,51.33812],[-2.7607,51.33812],[-2.76068,51.33814],[-2.76066,51.33812]]]}},{"type":"Feature","properties":{"ListEntry":1146506,"Name":"ALDEN HOUSE","Grade":"II","ListDate":538012800000,"CaptureScale":"1:2500","hyperlink":"https://historicengland.org.uk/listing/the-list/list-entry/1146506","NGR":"ST 46674 60603","Easting":346674,"Northing":160603},"geometry":{"type":"Polygon","coordinates":[[[-2.76696,51.34199],[-2.76699,51.34199],[-2.76697,51.34201],[-2.76696,51.34199]]]}},{"type":"Feature","properties":{"ListEntry":1146509,"Name":"DRING COTTAGE","Grade":"II","ListDate":538012800000,"CaptureScale":"1:2500","hyperlink":"https://historicengland.org.uk/listing/the-list/list-entry/1146509","NGR":"ST 46580 60565","Easting":346580,"Northing":160565},"geometry":{"type":"Polygon","coordinates":[[[-2.7683,51.34164],[-2.76834,51.34164],[-2.76832,51.34166],[-2.7683,51.34164]]]}},{"type":"Feature","properties":{"ListEntry":1146517,"Name":"LODGE FARMHOUSE","Grade":"II","ListDate":538012800000,"CaptureScale":"1:2500","hyperlink":"https://historicengland.org.uk/listing/the-list/list-entry/1146517","NGR":"ST 46752 60523","Easting":346752,"Northing":160523},"geometry":{"type":"Polygon","coordinates":[[[-2.76582,51.34128],[-2.76586,51.34128],[-2.76584,51.3413],[-2.76582,51.34128]]]}},{"type":"Feature","properties":{"ListEntry":1157891,"Name":"CHURCH OF ST JOHN THE BAPTIST","Grade":"I","ListDate":-280627200000,"CaptureScale":"1:2500","hyperlink":"https://historicengland.org.uk/listing/the-list/list-entry/1157891","NGR":"ST 43729 60239","Easting":343729,"Northing":160239},"geometry":{"type":"Polygon","coordinates":[[[-2.80918,51.33843],[-2.80921,51.33843],[-2.8092,51.33845],[-2.80918,51.33843]]]}},{"type":"Feature","properties":{"ListEntry":1157915,"Name":"GATEPIERS AND GATES SOUTH EAST OF CHURCHILL COURT","Grade":"II","ListDate":-280627200000,"CaptureScale":"1:2500","hyperlink":"https://historicengland.org.uk/listing/the-list/list-entry/1157915","NGR":"ST 43778 60180","Easting":343778,"Northing":160181},"geometry":{"type":"Polygon","coordinates":[[[-2.80846,51.33791],[-2.8085,51.33791],[-2.80848,51.33793],[-2.80846,51.33791]]]}},{"type":"Feature","properties":{"ListEntry":1157918,"Name":"CLOCK HOUSE","Grade":"II","ListDate":538012800000,"CaptureScale":"1:2500","hyperlink":"https://historicengland.org.uk/listing/the-list/list-entry/1157918","NGR":"ST4441559719","Easting":344415,"Northing":159719},"geometry":{"type":"Polygon","coordinates":[[[-2.79925,51.33382],[-2.79928,51.33382],[-2.79927,51.33384],[-2.79925,51.33382]]]}},{"type":"Feature","properties":{"ListEntry":1157925,"Name":"METHODIST CHURCH, SCHOOL ROOM, COACH HOUSE AND ATTACHED WALLS","Grade":"II","ListDate":538012800000,"CaptureScale":"1:2500","hyperlink":"https://historicengland.org.uk/listing/the-list/list-entry/1157925","NGR":"ST 44352 59773","Easting":344352,"Northing":159773},"geometry":{"type":"Polygon","coordinates":[[[-2.80016,51.3343],[-2.8002,51.3343],[-2.80018,51.33432],[-2.80016,51.3343]]]}},{"type":"Feature","properties":{"ListEntry":1157936,"Name":"MOUNTAIN ASH COTTAGE","Grade":"II","ListDate":538012800000,"CaptureScale":"1:2500","hyperlink":"https://historicengland.org.uk/listing/the-list/list-entry/1157936","NGR":"ST 44241 59777","Easting":344241,"Northing":159777},"geometry":{"type":"Polygon","coordinates":[[[-2.80175,51.33433],[-2.80179,51.33433],[-2.80177,51.33435],[-2.80175,51.33433]]]}},{"type":"Feature","properties":{"ListEntry":1157960,"Name":"SUNDIAL IN INNER COURTYARD AT SIDNEY HILL COTTAGE HOMES","Grade":"II","ListDate":538012800000,"CaptureScale":"1:2500","hyperlink":"https://historicengland.org.uk/listing/the-list/list-entry/1157960","NGR":"ST 44026 59865","Easting":344026,"Northing":159865},"geometry":{"type":"Polygon","coordinates":[[[-2.80485,51.3351],[-2.80489,51.3351],[-2.80487,51.33512],[-2.80485,51.3351]]]}},{"type":"Feature","properties":{"ListEntry":1157974,"Name":"LANGFORD HOUSE","Grade":"II","ListDate":538012800000,"CaptureScale":"1:2500","hyperlink":"https://historicengland.org.uk/listing/the-list/list-entry/1157974","NGR":"ST 45904 60743","Easting":345904,"Northing":160743},"geometry":{"type":"Polygon","coordinates":[[[-2.77803,51.34317],[-2.77807,51.34317],[-2.77805,51.34319],[-2.77803,51.34317]]]}},{"type":"Feature","properties":{"ListEntry":1157996,"Name":"BOUNDARY WALLS, RAILINGS AND GATES AT VICTORIA JUBILEE LANGFORD HOMES","Grade":"II","ListDate":538012800000,"CaptureScale":"1:2500","hyperlink":"https://historicengland.org.uk/listing/the-list/list-entry/1157996","NGR":"ST 46315 60690","Easting":346315,"Northing":160690},"geometry":{"type":"Polygon","coordinates":[[[-2.77212,51.34274],[-2.77216,51.34274],[-2.77214,51.34275],[-2.77212,51.34274]]]}},{"type":"Feature","properties":{"ListEntry":1172942,"Name":"23, HIGH STREET","Grade":"II","ListDate":475804800000,"CaptureScale":"1:2500","hyperlink":"https://historicengland.org.uk/listing/the-list/list-entry/1172942","NGR":"ST 42995 54569","Easting":342995,"Northing":154569},"geometry":{"type":"Polygon","coordinates":[[[-2.8188,51.28738],[-2.81884,51.28738],[-2.81882,51.2874],[-2.8188,51.28738]]]}},{"type":"Feature","properties":{"ListEntry":1172972,"Name":"FORD HOUSE","Grade":"II","ListDate":475804800000,"CaptureScale":"1:2500","hyperlink":"https://historicengland.org.uk/listing/the-list/list-entry/1172972","NGR":"ST 42960 54592","Easting":342960,"Northing":154592},"geometry":{"type":"Polygon","coordinates":[[[-2.81931,51.28758],[-2.81935,51.28758],[-2.81933,51.2876],[-2.81931,51.28758]]]}},{"type":"Feature","properties":{"ListEntry":1172994,"Name":"6 AND 8, HIGH STREET","Grade":"II","ListDate":475804800000,"CaptureScale":"1:2500","hyperlink":"https://historicengland.org.uk/listing/the-list/list-entry/1172994","NGR":"ST 43045 54549","Easting":343045,"Northing":154549},"geometry":{"type":"Polygon","coordinates":[[[-2.81808,51.2872],[-2.81812,51.2872],[-2.8181,51.28722],[-2.81808,51.2872]]]}},{"type":"Feature","properties":{"ListEntry":1172999,"Name":"14 AND 16, HIGH STREET","Grade":"II","ListDate":-280627200000,"AmendDate":475804800000,"CaptureScale":"1:2500","hyperlink":"https://historicengland.org.uk/listing/the-list/list-entry/1172999","NGR":"ST 43020 54564","Easting":343020,"Northing":154565},"geometry":{"type":"Polygon","coordinates":[[[-2.81845,51.28734],[-2.81849,51.28734],[-2.81847,51.28736],[-2.81845,51.28734]]]}},{"type":"Feature","properties":{"ListEntry":1173012,"Name":"24, HIGH STREET","Grade":"II","ListDate":475804800000,"CaptureScale":"1:2500","hyperlink":"https://historicengland.org.uk/listing/the-list/list-entry/1173012","NGR":"ST 43001 54581","Easting":343001,"Northing":154582},"geometry":{"type":"Polygon","coordinates":[[[-2.81872,51.28749],[-2.81876,51.28749],[-2.81874,51.28751],[-2.81872,51.28749]]]}},{"type":"Feature","properties":{"ListEntry":1173016,"Name":"3, MOORLAND STREET","Grade":"II","ListDate":475804800000,"CaptureScale":"1:2500","hyperlink":"https://historicengland.org.uk/listing/the-list/list-entry/1173016","NGR":"ST 43130 54464","Easting":343130,"Northing":154464},"geometry":{"type":"Polygon","coordinates":[[[-2.81685,51.28645],[-2.81688,51.28645],[-2.81687,51.28647],[-2.81685,51.28645]]]}},{"type":"Feature","properties":{"ListEntry":1173035,"Name":"BARN ADJOINING ENTRANCE TO CAR PARK","Grade":"II","ListDate":83980800000,"AmendDate":475804800000,"CaptureScale":"1:2500","hyperlink":"https://historicengland.org.uk/listing/the-list/list-entry/1173035","NGR":"ST 43005 54480","Easting":343005,"Northing":154480},"geometry":{"type":"Polygon","coordinates":[[[-2.81865,51.28658],[-2.81868,51.28658],[-2.81866,51.2866],[-2.81865,51.28658]]]}},{"type":"Feature","properties":{"ListEntry":1173055,"Name":"FORECOURT WALL, PIERS AND GATES TO THE COURT HOUSE","Grade":"II","ListDate":-280627200000,"AmendDate":475804800000,"CaptureScale":"1:2500","hyperlink":"https://historicengland.org.uk/listing/the-list/list-entry/1173055","NGR":"ST 43164 54547","Easting":343164,"Northing":154547},"geometry":{"type":"Polygon","coordinates":[[[-2.81638,51.28719],[-2.81641,51.28719],[-2.8164,51.28721],[-2.81638,51.28719]]]}},{"type":"Feature","properties":{"ListEntry":1173097,"Name":"THE COTTAGE","Grade":"II","ListDate":475804800000,"CaptureScale":"1:2500","hyperlink":"https://historicengland.org.uk/listing/the-list/list-entry/1173097","NGR":"ST 43196 54554","Easting":343196,"Northing":154555},"geometry":{"type":"Polygon","coordinates":[[[-2.81593,51.28727],[-2.81596,51.28727],[-2.81594,51.28729],[-2.81593,51.28727]]]}},{"type":"Feature","properties":{"ListEntry":1173098,"Name":"MORECAMBE HOUSE","Grade":"II","ListDate":475804800000,"CaptureScale":"1:2500","hyperlink":"https://historicengland.org.uk/listing/the-list/list-entry/1173098","NGR":"ST 43168 54558","Easting":343168,"Northing":154558},"geometry":{"type":"Polygon","coordinates":[[[-2.81632,51.2873],[-2.81635,51.2873],[-2.81633,51.28732],[-2.81632,51.2873]]]}},{"type":"Feature","properties":{"ListEntry":1173099,"Name":"PETHERS COTTAGE THE GREY HOUSE","Grade":"II","ListDate":-280627200000,"AmendDate":475804800000,"CaptureScale":"1:2500","hyperlink":"https://historicengland.org.uk/listing/the-list/list-entry/1173099","NGR":"ST 43136 54577","Easting":343136,"Northing":154577},"geometry":{"type":"Polygon","coordinates":[[[-2.81678,51.28747],[-2.81681,51.28747],[-2.81679,51.28749],[-2.81678,51.28747]]]}},{"type":"Feature","properties":{"ListEntry":1173117,"Name":"CHURCH OF ST JOHN THE BAPTIST","Grade":"I","ListDate":-280627200000,"CaptureScale":"1:1250","hyperlink":"https://historicengland.org.uk/listing/the-list/list-entry/1173117","NGR":"ST 43151 54608","Easting":343151,"Northing":154608},"geometry":{"type":"Polygon","coordinates":[[[-2.81658,51.28775],[-2.81661,51.28775],[-2.8166,51.28777],[-2.81658,51.28775]]]}},{"type":"Feature","properties":{"ListEntry":1173293,"Name":"6, WEST STREET","Grade":"II","ListDate":-280627200000,"AmendDate":475804800000,"CaptureScale":"1:2500","hyperlink":"https://historicengland.org.uk/listing/the-list/list-entry/1173293","NGR":"ST 42915 54616","Easting":342915,"Northing":154616},"geometry":{"type":"Polygon","coordinates":[[[-2.81995,51.28779],[-2.81999,51.28779],[-2.81997,51.28781],[-2.81995,51.28779]]]}},{"type":"Feature","properties":{"ListEntry":1173298,"Name":"BREAN HOUSE","Grade":"II","ListDate":-280627200000,"AmendDate":475804800000,"CaptureScale":"1:2500","hyperlink":"https://historicengland.org.uk/listing/the-list/list-entry/1173298","NGR":"ST 42859 54612","Easting":342859,"Northing":154612},"geometry":{"type":"Polygon","coordinates":[[[-2.82076,51.28775],[-2.8208,51.28775],[-2.82078,51.28777],[-2.82076,51.28775]]]}},{"type":"Feature","properties":{"ListEntry":1173317,"Name":"32, WEST STREET","Grade":"II","ListDate":-280627200000,"AmendDate":475804800000,"CaptureScale":"1:2500","hyperlink":"https://historicengland.org.uk/listing/the-list/list-entry/1173317","NGR":"ST 42778 54619","Easting":342778,"Northing":154619},"geometry":{"type":"Polygon","coordinates":[[[-2.82192,51.28781],[-2.82196,51.28781],[-2.82194,51.28783],[-2.82192,51.28781]]]}},{"type":"Feature","properties":{"ListEntry":1173344,"Name":"50, WEST STREET","Grade":"II","ListDate":475804800000,"CaptureScale":"1:2500","hyperlink":"https://historicengland.org.uk/listing/the-list/list-entry/1173344","NGR":"ST 42698 54623","Easting":342698,"Northing":154623},"geometry":{"type":"Polygon","coordinates":[[[-2.82307,51.28783],[-2.82311,51.28783],[-2.82309,51.28785],[-2.82307,51.28783]]]}},{"type":"Feature","properties":{"ListEntry":1173369,"Name":"SHERIDON HOUSE","Grade":"II","ListDate":475804800000,"CaptureScale":"1:2500","hyperlink":"https://historicengland.org.uk/listing/the-list/list-entry/1173369","NGR":"ST 42867 54595","Easting":342867,"Northing":154596},"geometry":{"type":"Polygon","coordinates":[[[-2.82064,51.2876],[-2.82068,51.2876],[-2.82066,51.28762],[-2.82064,51.2876]]]}},{"type":"Feature","properties":{"ListEntry":1173377,"Name":"15, WEST STREET","Grade":"II","ListDate":475804800000,"CaptureScale":"1:2500","hyperlink":"https://historicengland.org.uk/listing/the-list/list-entry/1173377","NGR":"ST 42846 54596","Easting":342846,"Northing":154597},"geometry":{"type":"Polygon","coordinates":[[[-2.82095,51.28761],[-2.82098,51.28761],[-2.82096,51.28763],[-2.82095,51.28761]]]}},{"type":"Feature","properties":{"ListEntry":1173392,"Name":"45, WEST STREET","Grade":"II","ListDate":475804800000,"CaptureScale":"1:2500","hyperlink":"https://historicengland.org.uk/listing/the-list/list-entry/1173392","NGR":"ST 42740 54602","Easting":342740,"Northing":154602},"geometry":{"type":"Polygon","coordinates":[[[-2.82247,51.28765],[-2.8225,51.28765],[-2.82249,51.28767],[-2.82247,51.28765]]]}},{"type":"Feature","properties":{"ListEntry":1173405,"Name":"COMPTON HOUSE AND FORECOURT RAILINGS","Grade":"II*","ListDate":-280627200000,"CaptureScale":"1:2500","hyperlink":"https://historicengland.org.uk/listing/the-list/list-entry/1173405","NGR":"ST 42639 54619","Easting":342639,"Northing":154619},"geometry":{"type":"Polygon","coordinates":[[[-2.82392,51.28779],[-2.82395,51.28779],[-2.82393,51.28781],[-2.82392,51.28779]]]}},{"type":"Feature","properties":{"ListEntry":1173678,"Name":"HOBBSWELL, FORECOURT WALL, GATE PIERS AND GARDEN ROOM","Grade":"II","ListDate":475804800000,"CaptureScale":"1:2500","hyperlink":"https://historicengland.org.uk/listing/the-list/list-entry/1173678","NGR":"ST 45641 54058","Easting":345641,"Northing":154058},"geometry":{"type":"Polygon","coordinates":[[[-2.78079,51.28304],[-2.78082,51.28304],[-2.7808,51.28306],[-2.78079,51.28304]]]}},{"type":"Feature","properties":{"ListEntry":1173724,"Name":"MILLCOURT","Grade":"II","ListDate":475804800000,"CaptureScale":"1:2500","hyperlink":"https://historicengland.org.uk/listing/the-list/list-entry/1173724","NGR":"ST 46193 53601","Easting":346193,"Northing":153601},"geometry":{"type":"Polygon","coordinates":[[[-2.7728,51.27899],[-2.77284,51.27899],[-2.77282,51.27901],[-2.7728,51.27899]]]}},{"type":"Feature","properties":{"ListEntry":1173818,"Name":"TRAP LAMP COTTAGE","Grade":"II","ListDate":475804800000,"CaptureScale":"1:2500","hyperlink":"https://historicengland.org.uk/listing/the-list/list-entry/1173818","NGR":"ST 41710 54762","Easting":341710,"Northing":154762},"geometry":{"type":"Polygon","coordinates":[[[-2.83726,51.28898],[-2.8373,51.28898],[-2.83728,51.289],[-2.83726,51.28898]]]}},{"type":"Feature","properties":{"ListEntry":1173867,"Name":"THE MANOR","Grade":"II","ListDate":475804800000,"CaptureScale":"1:2500","hyperlink":"https://historicengland.org.uk/listing/the-list/list-entry/1173867","NGR":"ST 44285 57401","Easting":344285,"Northing":157401},"geometry":{"type":"Polygon","coordinates":[[[-2.80075,51.31297],[-2.80079,51.31297],[-2.80077,51.31299],[-2.80075,51.31297]]]}},{"type":"Feature","properties":{"ListEntry":1173932,"Name":"CHURCH OF ST LEONARD","Grade":"II","ListDate":-280627200000,"CaptureScale":"1:2500","hyperlink":"https://historicengland.org.uk/listing/the-list/list-entry/1173932","NGR":"ST 44312 57425","Easting":344312,"Northing":157425},"geometry":{"type":"Polygon","coordinates":[[[-2.80037,51.31319],[-2.8004,51.31319],[-2.80038,51.31321],[-2.80037,51.31319]]]}},{"type":"Feature","properties":{"ListEntry":1229669,"Name":"HALE FARMHOUSE","Grade":"II","ListDate":612748800000,"CaptureScale":"1:2500","hyperlink":"https://historicengland.org.uk/listing/the-list/list-entry/1229669","NGR":"ST 42497 56398","Easting":342497,"Northing":156398},"geometry":{"type":"Polygon","coordinates":[[[-2.82624,51.30377],[-2.82627,51.30377],[-2.82626,51.30379],[-2.82624,51.30377]]]}},{"type":"Feature","properties":{"ListEntry":1229670,"Name":"THE HALL","Grade":"II","ListDate":741398400000,"CaptureScale":"1:2500","hyperlink":"https://historicengland.org.uk/listing/the-list/list-entry/1229670","NGR":"ST 41818 56075","Easting":341818,"Northing":156075},"geometry":{"type":"Polygon","coordinates":[[[-2.83593,51.3008],[-2.83596,51.3008],[-2.83594,51.30082],[-2.83593,51.3008]]]}},{"type":"Feature","properties":{"ListEntry":1236110,"Name":"BURRINGTON HOUSE","Grade":"II","ListDate":698889600000,"CaptureScale":"1:2500","hyperlink":"https://historicengland.org.uk/listing/the-list/list-entry/1236110","NGR":"ST 47891 59296","Easting":347891,"Northing":159296},"geometry":{"type":"Polygon","coordinates":[[[-2.74929,51.33035],[-2.74932,51.33035],[-2.74931,51.33037],[-2.74929,51.33035]]]}},{"type":"Feature","properties":{"ListEntry":1264763,"Name":"SPRINGHEAD FARMHOUSE","Grade":"II","ListDate":755395200000,"CaptureScale":"1:2500","hyperlink":"https://historicengland.org.uk/listing/the-list/list-entry/1264763","NGR":"ST 46582 59329","Easting":346582,"Northing":159329},"geometry":{"type":"Polygon","coordinates":[[[-2.76809,51.33053],[-2.76812,51.33052],[-2.7681,51.33054],[-2.76809,51.33053]]]}},{"type":"Feature","properties":{"ListEntry":1268309,"Name":"KITCHEN GARDEN ENCLOSURE WALLS AND HEATED WALL, BLAGDON WATER GARDEN CENTRE","Grade":"II","ListDate":841708800000,"AmendDate":1263254400000,"CaptureScale":"1:2500","hyperlink":"https://historicengland.org.uk/listing/the-list/list-entry/1268309","NGR":"ST 46572 59605","Easting":346572,"Northing":159605},"geometry":{"type":"Polygon","coordinates":[[[-2.76827,51.33301],[-2.76831,51.33301],[-2.76829,51.33303],[-2.76827,51.33301]]]}},{"type":"Feature","properties":{"ListEntry":1296019,"Name":"CHURCH OF ST MICHAEL AND ALL ANGELS","Grade":"II*","ListDate":-280627200000,"CaptureScale":"1:2500","hyperlink":"https://historicengland.org.uk/listing/the-list/list-entry/1296019","NGR":"ST 44941 58624","Easting":344941,"Northing":158624},"geometry":{"type":"Polygon","coordinates":[[[-2.79153,51.32403],[-2.79156,51.32403],[-2.79155,51.32405],[-2.79153,51.32403]]]}},{"type":"Feature","properties":{"ListEntry":1296025,"Name":"CALAMINE PROCESSOR AT NGR ST 4439 5739","Grade":"II","ListDate":475804800000,"CaptureScale":"1:2500","hyperlink":"https://historicengland.org.uk/listing/the-list/list-entry/1296025","NGR":"ST 44390 57390","Easting":344390,"Northing":157390},"geometry":{"type":"Polygon","coordinates":[[[-2.79924,51.31288],[-2.79928,51.31288],[-2.79926,51.3129],[-2.79924,51.31288]]]}},{"type":"Feature","properties":{"ListEntry":1296031,"Name":"BOWYER HOUSE","Grade":"II","ListDate":-280627200000,"CaptureScale":"1:2500","hyperlink":"https://historicengland.org.uk/listing/the-list/list-entry/1296031","NGR":"ST 41870 54820","Easting":341870,"Northing":154820},"geometry":{"type":"Polygon","coordinates":[[[-2.83498,51.28952],[-2.83502,51.28952],[-2.835,51.28954],[-2.83498,51.28952]]]}},{"type":"Feature","properties":{"ListEntry":1296032,"Name":"BREWERY FARMHOUSE","Grade":"II","ListDate":475804800000,"CaptureScale":"1:2500","hyperlink":"https://historicengland.org.uk/listing/the-list/list-entry/1296032","NGR":"ST 41198 54691","Easting":341198,"Northing":154691},"geometry":{"type":"Polygon","coordinates":[[[-2.84459,51.28829],[-2.84463,51.28829],[-2.84461,51.28831],[-2.84459,51.28829]]]}},{"type":"Feature","properties":{"ListEntry":1296048,"Name":"MILESTONE AT NGR ST 4356 5814","Grade":"II","ListDate":475804800000,"CaptureScale":"1:2500","hyperlink":"https://historicengland.org.uk/listing/the-list/list-entry/1296048","NGR":"ST 43560 58126","Easting":343560,"Northing":158127},"geometry":{"type":"Polygon","coordinates":[[[-2.81126,51.31942],[-2.8113,51.31942],[-2.81128,51.31944],[-2.81126,51.31942]]]}},{"type":"Feature","properties":{"ListEntry":1296074,"Name":"CHEDDAR POTTERY","Grade":"II","ListDate":475804800000,"CaptureScale":"1:2500","hyperlink":"https://historicengland.org.uk/listing/the-list/list-entry/1296074","NGR":"ST 46588 53938","Easting":346588,"Northing":153938},"geometry":{"type":"Polygon","coordinates":[[[-2.76719,51.28205],[-2.76723,51.28205],[-2.76721,51.28207],[-2.76719,51.28205]]]}},{"type":"Feature","properties":{"ListEntry":1296254,"Name":"WESTEND","Grade":"II","ListDate":475804800000,"CaptureScale":"1:2500","hyperlink":"https://historicengland.org.uk/listing/the-list/list-entry/1296254","NGR":"ST 42779 54601","Easting":342779,"Northing":154602},"geometry":{"type":"Polygon","coordinates":[[[-2.82191,51.28765],[-2.82194,51.28765],[-2.82192,51.28767],[-2.82191,51.28765]]]}},{"type":"Feature","properties":{"ListEntry":1296271,"Name":"42, WEST STREET","Grade":"II","ListDate":475804800000,"CaptureScale":"1:2500","hyperlink":"https://historicengland.org.uk/listing/the-list/list-entry/1296271","NGR":"ST 42732 54617","Easting":342732,"Northing":154617},"geometry":{"type":"Polygon","coordinates":[[[-2.82258,51.28778],[-2.82262,51.28778],[-2.8226,51.2878],[-2.82258,51.28778]]]}},{"type":"Feature","properties":{"ListEntry":1296277,"Name":"5, WEST STREET","Grade":"II","ListDate":475804800000,"CaptureScale":"1:2500","hyperlink":"https://historicengland.org.uk/listing/the-list/list-entry/1296277","NGR":"ST 42908 54591","Easting":342908,"Northing":154592},"geometry":{"type":"Polygon","coordinates":[[[-2.82005,51.28757],[-2.82009,51.28757],[-2.82007,51.28759],[-2.82005,51.28757]]]}},{"type":"Feature","properties":{"ListEntry":1296297,"Name":"22, WEST STREET","Grade":"II","ListDate":475804800000,"CaptureScale":"1:2500","hyperlink":"https://historicengland.org.uk/listing/the-list/list-entry/1296297","NGR":"ST 42823 54613","Easting":342823,"Northing":154613},"geometry":{"type":"Polygon","coordinates":[[[-2.82128,51.28776],[-2.82131,51.28776],[-2.8213,51.28778],[-2.82128,51.28776]]]}},{"type":"Feature","properties":{"ListEntry":1296300,"Name":"CLARCOMBE","Grade":"II","ListDate":-280886400000,"AmendDate":475804800000,"CaptureScale":"1:2500","hyperlink":"https://historicengland.org.uk/listing/the-list/list-entry/1296300","NGR":"ST 42794 54619","Easting":342794,"Northing":154619},"geometry":{"type":"Polygon","coordinates":[[[-2.82169,51.28781],[-2.82173,51.28781],[-2.82171,51.28783],[-2.82169,51.28781]]]}},{"type":"Feature","properties":{"ListEntry":1296312,"Name":"THE STUDIO","Grade":"II","ListDate":475804800000,"CaptureScale":"1:2500","hyperlink":"https://historicengland.org.uk/listing/the-list/list-entry/1296312","NGR":"ST 43119 54532","Easting":343119,"Northing":154532},"geometry":{"type":"Polygon","coordinates":[[[-2.81702,51.28706],[-2.81706,51.28706],[-2.81704,51.28708],[-2.81702,51.28706]]]}},{"type":"Feature","properties":{"ListEntry":1296320,"Name":"YE OLD MARKET SHOPPE","Grade":"II","ListDate":-280627200000,"CaptureScale":"1:2500","hyperlink":"https://historicengland.org.uk/listing/the-list/list-entry/1296320","NGR":"ST 43125 54535","Easting":343125,"Northing":154535},"geometry":{"type":"Polygon","coordinates":[[[-2.81694,51.28709],[-2.81698,51.28709],[-2.81696,51.28711],[-2.81694,51.28709]]]}},{"type":"Feature","properties":{"ListEntry":1296386,"Name":"MENDIP VIEW","Grade":"II","ListDate":475804800000,"CaptureScale":"1:2500","hyperlink":"https://historicengland.org.uk/listing/the-list/list-entry/1296386","NGR":"ST 43155 54543","Easting":343155,"Northing":154543},"geometry":{"type":"Polygon","coordinates":[[[-2.81651,51.28716],[-2.81654,51.28716],[-2.81653,51.28718],[-2.81651,51.28716]]]}},{"type":"Feature","properties":{"ListEntry":1296388,"Name":"STANLEY HOUSE","Grade":"II","ListDate":475804800000,"CaptureScale":"1:2500","hyperlink":"https://historicengland.org.uk/listing/the-list/list-entry/1296388","NGR":"ST 43208 54532","Easting":343208,"Northing":154532},"geometry":{"type":"Polygon","coordinates":[[[-2.81575,51.28707],[-2.81578,51.28707],[-2.81577,51.28708],[-2.81575,51.28707]]]}},{"type":"Feature","properties":{"ListEntry":1296471,"Name":"Myrtle House","Grade":"II","ListDate":-280627200000,"AmendDate":475804800000,"CaptureScale":"1:2500","hyperlink":"https://historicengland.org.uk/listing/the-list/list-entry/1296471","NGR":"ST 42983 54577","Easting":342983,"Northing":154578},"geometry":{"type":"Polygon","coordinates":[[[-2.81898,51.28745],[-2.81901,51.28745],[-2.819,51.28747],[-2.81898,51.28745]]]}},{"type":"Feature","properties":{"ListEntry":1311687,"Name":"MAYSMEAD PLACE","Grade":"II","ListDate":538012800000,"CaptureScale":"1:2500","hyperlink":"https://historicengland.org.uk/listing/the-list/list-entry/1311687","NGR":"ST 46133 60973","Easting":346133,"Northing":160973},"geometry":{"type":"Polygon","coordinates":[[[-2.77478,51.34526],[-2.77481,51.34526],[-2.7748,51.34528],[-2.77478,51.34526]]]}},{"type":"Feature","properties":{"ListEntry":1311718,"Name":"ST MARY'S AND BOUNDARY RAILINGS AND GATES","Grade":"II","ListDate":538012800000,"CaptureScale":"1:2500","hyperlink":"https://historicengland.org.uk/listing/the-list/list-entry/1311718","NGR":"ST 46221 60674","Easting":346221,"Northing":160675},"geometry":{"type":"Polygon","coordinates":[[[-2.77348,51.34259],[-2.77351,51.34259],[-2.77349,51.34261],[-2.77348,51.34259]]]}},{"type":"Feature","properties":{"ListEntry":1311746,"Name":"THE OLD COURTHOUSE","Grade":"II","ListDate":-280627200000,"CaptureScale":"1:2500","hyperlink":"https://historicengland.org.uk/listing/the-list/list-entry/1311746","NGR":"ST 45840 59522","Easting":345840,"Northing":159522},"geometry":{"type":"Polygon","coordinates":[[[-2.77876,51.33219],[-2.7788,51.33219],[-2.77878,51.33221],[-2.77876,51.33219]]]}},{"type":"Feature","properties":{"ListEntry":1311756,"Name":"THE COTTAGE","Grade":"II","ListDate":522720000000,"CaptureScale":"1:2500","hyperlink":"https://historicengland.org.uk/listing/the-list/list-entry/1311756","NGR":"ST 43774 60224","Easting":343774,"Northing":160224},"geometry":{"type":"Polygon","coordinates":[[[-2.80852,51.3383],[-2.80856,51.3383],[-2.80854,51.33832],[-2.80852,51.3383]]]}},{"type":"Feature","properties":{"ListEntry":1311800,"Name":"MILL HOUSE","Grade":"II","ListDate":538012800000,"CaptureScale":"1:2500","hyperlink":"https://historicengland.org.uk/listing/the-list/list-entry/1311800","NGR":"ST4870059302","Easting":348700,"Northing":159302},"geometry":{"type":"Polygon","coordinates":[[[-2.73768,51.33047],[-2.73771,51.33047],[-2.7377,51.33049],[-2.73768,51.33047]]]}},{"type":"Feature","properties":{"ListEntry":1311809,"Name":"CHURCHYARD CROSS IN CHURCHYARD EAST OF CHURCH OF HOLY TRINITY","Grade":"II","ListDate":538012800000,"CaptureScale":"1:2500","hyperlink":"https://historicengland.org.uk/listing/the-list/list-entry/1311809","NGR":"ST 47894 59336","Easting":347894,"Northing":159336},"geometry":{"type":"Polygon","coordinates":[[[-2.74925,51.33071],[-2.74929,51.33071],[-2.74927,51.33073],[-2.74925,51.33071]]]}},{"type":"Feature","properties":{"ListEntry":1311812,"Name":"LANGFORD COURT","Grade":"II","ListDate":538012800000,"CaptureScale":"1:2500","hyperlink":"https://historicengland.org.uk/listing/the-list/list-entry/1311812","NGR":"ST 46984 60124","Easting":346984,"Northing":160124},"geometry":{"type":"Polygon","coordinates":[[[-2.76243,51.33771],[-2.76247,51.33771],[-2.76245,51.33773],[-2.76243,51.33771]]]}},{"type":"Feature","properties":{"ListEntry":1312580,"Name":"THE STATION HOUSE AT FORMER SANDFORD STATION","Grade":"II","ListDate":419731200000,"CaptureScale":"1:2500","hyperlink":"https://historicengland.org.uk/listing/the-list/list-entry/1312580","NGR":"ST 41676 59450","Easting":341676,"Northing":159450},"geometry":{"type":"Polygon","coordinates":[[[-2.83851,51.33113],[-2.83855,51.33113],[-2.83853,51.33115],[-2.83851,51.33113]]]}},{"type":"Feature","properties":{"ListEntry":1312610,"Name":"MYRTLE FARMHOUSE","Grade":"II","ListDate":419731200000,"CaptureScale":"1:2500","hyperlink":"https://historicengland.org.uk/listing/the-list/list-entry/1312610","NGR":"ST 42140 59619","Easting":342140,"Northing":159619},"geometry":{"type":"Polygon","coordinates":[[[-2.83188,51.3327],[-2.83192,51.3327],[-2.8319,51.33272],[-2.83188,51.3327]]]}},{"type":"Feature","properties":{"ListEntry":1312615,"Name":"BLOCK HOUSE TO FORMER SANDFORD STATION","Grade":"II","ListDate":419731200000,"CaptureScale":"1:2500","hyperlink":"https://historicengland.org.uk/listing/the-list/list-entry/1312615","NGR":"ST 41622 59541","Easting":341622,"Northing":159541},"geometry":{"type":"Polygon","coordinates":[[[-2.8393,51.33194],[-2.83934,51.33194],[-2.83932,51.33196],[-2.8393,51.33194]]]}},{"type":"Feature","properties":{"ListEntry":1312631,"Name":"POOL FARMHOUSE","Grade":"II","ListDate":-280627200000,"CaptureScale":"1:2500","hyperlink":"https://historicengland.org.uk/listing/the-list/list-entry/1312631","NGR":"ST 42900 59677","Easting":342900,"Northing":159677},"geometry":{"type":"Polygon","coordinates":[[[-2.82098,51.3333],[-2.82102,51.3333],[-2.821,51.33331],[-2.82098,51.3333]]]}},{"type":"Feature","properties":{"ListEntry":1320684,"Name":"CHURCH OF ST JAMES","Grade":"I","ListDate":-280627200000,"CaptureScale":"Unknown","hyperlink":"https://historicengland.org.uk/listing/the-list/list-entry/1320684","NGR":"ST 41152 56653","Easting":341152,"Northing":156653},"geometry":{"type":"Polygon","coordinates":[[[-2.84557,51.30592],[-2.84561,51.30592],[-2.84559,51.30594],[-2.84557,51.30592]]]}},{"type":"Feature","properties":{"ListEntry":1320685,"Name":"OLD VICARAGE","Grade":"II","ListDate":419731200000,"CaptureScale":"1:2500","hyperlink":"https://historicengland.org.uk/listing/the-list/list-entry/1320685","NGR":"ST 41203 56620","Easting":341203,"Northing":156620},"geometry":{"type":"Polygon","coordinates":[[[-2.84483,51.30564],[-2.84487,51.30564],[-2.84485,51.30565],[-2.84483,51.30564]]]}},{"type":"Feature","properties":{"ListEntry":1320686,"Name":"WESLEYAN CHAPEL, RETAINING WALL, RAILINGS AND GATE","Grade":"II","ListDate":419731200000,"CaptureScale":"1:2500","hyperlink":"https://historicengland.org.uk/listing/the-list/list-entry/1320686","NGR":"ST 42004 59284","Easting":342004,"Northing":159284},"geometry":{"type":"Polygon","coordinates":[[[-2.83378,51.32967],[-2.83382,51.32967],[-2.8338,51.32969],[-2.83378,51.32967]]]}},{"type":"Feature","properties":{"ListEntry":1320687,"Name":"CHURCH OF ALL SAINTS","Grade":"II","ListDate":419731200000,"CaptureScale":"1:2500","hyperlink":"https://historicengland.org.uk/listing/the-list/list-entry/1320687","NGR":"ST 42180 59574","Easting":342180,"Northing":159574},"geometry":{"type":"Polygon","coordinates":[[[-2.8313,51.3323],[-2.83134,51.3323],[-2.83132,51.33232],[-2.8313,51.3323]]]}},{"type":"Feature","properties":{"ListEntry":1320688,"Name":"Rose Cottage","Grade":"II","ListDate":419731200000,"CaptureScale":"1:2500","hyperlink":"https://historicengland.org.uk/listing/the-list/list-entry/1320688","NGR":"ST 42887 57403","Easting":342887,"Northing":157403},"geometry":{"type":"Polygon","coordinates":[[[-2.82081,51.31285],[-2.82084,51.31285],[-2.82082,51.31287],[-2.82081,51.31285]]]}},{"type":"Feature","properties":{"ListEntry":1320689,"Name":"WEST LODGE","Grade":"II","ListDate":419731200000,"CaptureScale":"1:2500","hyperlink":"https://historicengland.org.uk/listing/the-list/list-entry/1320689","NGR":"ST 41565 56315","Easting":341565,"Northing":156315},"geometry":{"type":"Polygon","coordinates":[[[-2.83959,51.30293],[-2.83963,51.30293],[-2.83961,51.30295],[-2.83959,51.30293]]]}},{"type":"Feature","properties":{"ListEntry":1320910,"Name":"Victoria Jubilee Langford Homes","Grade":"II","ListDate":538012800000,"CaptureScale":"1:2500","hyperlink":"https://historicengland.org.uk/listing/the-list/list-entry/1320910","NGR":"ST 46312 60705","Easting":346312,"Northing":160705},"geometry":{"type":"Polygon","coordinates":[[[-2.77217,51.34287],[-2.77221,51.34287],[-2.77219,51.34289],[-2.77217,51.34287]]]}},{"type":"Feature","properties":{"ListEntry":1320938,"Name":"MASONIC LODGE","Grade":"II","ListDate":538012800000,"CaptureScale":"1:2500","hyperlink":"https://historicengland.org.uk/listing/the-list/list-entry/1320938","NGR":"ST4872859269","Easting":348728,"Northing":159269},"geometry":{"type":"Polygon","coordinates":[[[-2.73727,51.33018],[-2.73731,51.33018],[-2.73729,51.3302],[-2.73727,51.33018]]]}},{"type":"Feature","properties":{"ListEntry":1320940,"Name":"TWO MONUMENTS TO INMAN AND DYER FAMILIES IN CHURCHYARD, 2 METRES EAST OF CHANCEL, CHURCH OF HOLY TRINITY","Grade":"II","ListDate":538012800000,"CaptureScale":"1:2500","hyperlink":"https://historicengland.org.uk/listing/the-list/list-entry/1320940","NGR":"ST 47884 59338","Easting":347884,"Northing":159338},"geometry":{"type":"Polygon","coordinates":[[[-2.74941,51.33073],[-2.74944,51.33073],[-2.74942,51.33075],[-2.74941,51.33073]]]}},{"type":"Feature","properties":{"ListEntry":1320941,"Name":"HYLSBROKE","Grade":"II","ListDate":538012800000,"CaptureScale":"1:2500","hyperlink":"https://historicengland.org.uk/listing/the-list/list-entry/1320941","NGR":"ST 46499 60435","Easting":346499,"Northing":160435},"geometry":{"type":"Polygon","coordinates":[[[-2.76944,51.34046],[-2.76948,51.34046],[-2.76946,51.34048],[-2.76944,51.34046]]]}},{"type":"Feature","properties":{"ListEntry":1320944,"Name":"TURNPIKE TRUST MILE MARKER","Grade":"II","ListDate":538012800000,"CaptureScale":"1:2500","hyperlink":"https://historicengland.org.uk/listing/the-list/list-entry/1320944","NGR":"ST 45440 60290","Easting":345440,"Northing":160290},"geometry":{"type":"Polygon","coordinates":[[[-2.78462,51.33906],[-2.78466,51.33906],[-2.78464,51.33908],[-2.78462,51.33906]]]}},{"type":"Feature","properties":{"ListEntry":1320945,"Name":"CHURCHILL COURT","Grade":"II","ListDate":-280627200000,"CaptureScale":"1:2500","hyperlink":"https://historicengland.org.uk/listing/the-list/list-entry/1320945","NGR":"ST 43685 60191","Easting":343685,"Northing":160192},"geometry":{"type":"Polygon","coordinates":[[[-2.8098,51.338],[-2.80984,51.338],[-2.80982,51.33802],[-2.8098,51.338]]]}},{"type":"Feature","properties":{"ListEntry":1320946,"Name":"ASH GREEN","Grade":"II","ListDate":538012800000,"CaptureScale":"1:2500","hyperlink":"https://historicengland.org.uk/listing/the-list/list-entry/1320946","NGR":"ST 44180 59877","Easting":344180,"Northing":159877},"geometry":{"type":"Polygon","coordinates":[[[-2.80264,51.33522],[-2.80268,51.33522],[-2.80266,51.33524],[-2.80264,51.33522]]]}},{"type":"Feature","properties":{"ListEntry":1320947,"Name":"MATRON'S HOUSE AT SIDNEY HILL COTTAGE HOMES","Grade":"II","ListDate":538012800000,"CaptureScale":"1:2500","hyperlink":"https://historicengland.org.uk/listing/the-list/list-entry/1320947","NGR":"ST 44000 59917","Easting":344000,"Northing":159917},"geometry":{"type":"Polygon","coordinates":[[[-2.80523,51.33556],[-2.80527,51.33556],[-2.80525,51.33558],[-2.80523,51.33556]]]}},{"type":"Feature","properties":{"ListEntry":1344857,"Name":"22, HIGH STREET","Grade":"II","ListDate":475804800000,"CaptureScale":"1:2500","hyperlink":"https://historicengland.org.uk/listing/the-list/list-entry/1344857","NGR":"ST 43007 54577","Easting":343007,"Northing":154578},"geometry":{"type":"Polygon","coordinates":[[[-2.81863,51.28746],[-2.81867,51.28746],[-2.81865,51.28748],[-2.81863,51.28746]]]}},{"type":"Feature","properties":{"ListEntry":1344858,"Name":"THE AXBRIDGE LION","Grade":"II","ListDate":475804800000,"CaptureScale":"1:2500","hyperlink":"https://historicengland.org.uk/listing/the-list/list-entry/1344858","NGR":"ST 42955 54613","Easting":342955,"Northing":154613},"geometry":{"type":"Polygon","coordinates":[[[-2.81939,51.28777],[-2.81943,51.28777],[-2.81941,51.28779],[-2.81939,51.28777]]]}},{"type":"Feature","properties":{"ListEntry":1344859,"Name":"THE COURT HOUSE","Grade":"II","ListDate":-280627200000,"AmendDate":475804800000,"CaptureScale":"1:2500","hyperlink":"https://historicengland.org.uk/listing/the-list/list-entry/1344859","NGR":"ST 43171 54514","Easting":343171,"Northing":154514},"geometry":{"type":"Polygon","coordinates":[[[-2.81627,51.2869],[-2.81631,51.2869],[-2.81629,51.28692],[-2.81627,51.2869]]]}},{"type":"Feature","properties":{"ListEntry":1344860,"Name":"PARK HOUSE AND FORECOURT RAILINGS","Grade":"II","ListDate":475804800000,"CaptureScale":"1:2500","hyperlink":"https://historicengland.org.uk/listing/the-list/list-entry/1344860","NGR":"ST 43260 54526","Easting":343260,"Northing":154526},"geometry":{"type":"Polygon","coordinates":[[[-2.815,51.28702],[-2.81503,51.28702],[-2.81502,51.28704],[-2.815,51.28702]]]}},{"type":"Feature","properties":{"ListEntry":1344861,"Name":"BROOKS HOUSE MARICOURT","Grade":"II","ListDate":475804800000,"CaptureScale":"1:2500","hyperlink":"https://historicengland.org.uk/listing/the-list/list-entry/1344861","NGR":"ST 43189 54555","Easting":343189,"Northing":154555},"geometry":{"type":"Polygon","coordinates":[[[-2.81602,51.28727],[-2.81606,51.28727],[-2.81604,51.28729],[-2.81602,51.28727]]]}},{"type":"Feature","properties":{"ListEntry":1344862,"Name":"THE OAK HOTEL AND RESTAURANT","Grade":"II","ListDate":475804800000,"CaptureScale":"1:2500","hyperlink":"https://historicengland.org.uk/listing/the-list/list-entry/1344862","NGR":"ST 43139 54563","Easting":343139,"Northing":154563},"geometry":{"type":"Polygon","coordinates":[[[-2.81673,51.28734],[-2.81677,51.28734],[-2.81675,51.28736],[-2.81673,51.28734]]]}},{"type":"Feature","properties":{"ListEntry":1344880,"Name":"CHESTNUT FARMHOUSE","Grade":"II","ListDate":475804800000,"CaptureScale":"1:2500","hyperlink":"https://historicengland.org.uk/listing/the-list/list-entry/1344880","NGR":"ST 45653 53972","Easting":345653,"Northing":153972},"geometry":{"type":"Polygon","coordinates":[[[-2.7806,51.28227],[-2.78064,51.28227],[-2.78062,51.28229],[-2.7806,51.28227]]]}},{"type":"Feature","properties":{"ListEntry":1344882,"Name":"CHURCH ROOMS TO SOUTH, CHURCH OF ST JOHN THE BAPTIST","Grade":"II","ListDate":475804800000,"CaptureScale":"1:2500","hyperlink":"https://historicengland.org.uk/listing/the-list/list-entry/1344882","NGR":"ST 43148 54586","Easting":343148,"Northing":154586},"geometry":{"type":"Polygon","coordinates":[[[-2.81661,51.28755],[-2.81665,51.28755],[-2.81663,51.28757],[-2.81661,51.28755]]]}},{"type":"Feature","properties":{"ListEntry":1344883,"Name":"THE OLD ANGEL","Grade":"II*","ListDate":-280627200000,"AmendDate":475804800000,"CaptureScale":"1:2500","hyperlink":"https://historicengland.org.uk/listing/the-list/list-entry/1344883","NGR":"ST 43104 54577","Easting":343104,"Northing":154577},"geometry":{"type":"Polygon","coordinates":[[[-2.81724,51.28746],[-2.81728,51.28746],[-2.81726,51.28748],[-2.81724,51.28746]]]}},{"type":"Feature","properties":{"ListEntry":1344884,"Name":"The Stores and The Lamb Inn, incorporating an entrance to the Corner House","Grade":"II","ListDate":-280627200000,"CaptureScale":"1:2500","hyperlink":"https://historicengland.org.uk/listing/the-list/list-entry/1344884","NGR":"ST 43078 54561","Easting":343078,"Northing":154562},"geometry":{"type":"Polygon","coordinates":[[[-2.81761,51.28732],[-2.81764,51.28732],[-2.81762,51.28734],[-2.81761,51.28732]]]}},{"type":"Feature","properties":{"ListEntry":1344885,"Name":"THE CORNER HOUSE","Grade":"II","ListDate":-280627200000,"AmendDate":475804800000,"CaptureScale":"1:2500","hyperlink":"https://historicengland.org.uk/listing/the-list/list-entry/1344885","NGR":"ST 43068 54553","Easting":343068,"Northing":154553},"geometry":{"type":"Polygon","coordinates":[[[-2.81775,51.28724],[-2.81779,51.28724],[-2.81777,51.28726],[-2.81775,51.28724]]]}},{"type":"Feature","properties":{"ListEntry":1344886,"Name":"TOWN HALL","Grade":"II","ListDate":-280627200000,"CaptureScale":"1:2500","hyperlink":"https://historicengland.org.uk/listing/the-list/list-entry/1344886","NGR":"ST 43132 54536","Easting":343132,"Northing":154537},"geometry":{"type":"Polygon","coordinates":[[[-2.81684,51.2871],[-2.81688,51.2871],[-2.81686,51.28712],[-2.81684,51.2871]]]}},{"type":"Feature","properties":{"ListEntry":1344887,"Name":"ARUNDEL HOUSE","Grade":"II","ListDate":475804800000,"CaptureScale":"1:2500","hyperlink":"https://historicengland.org.uk/listing/the-list/list-entry/1344887","NGR":"ST 42896 54610","Easting":342896,"Northing":154610},"geometry":{"type":"Polygon","coordinates":[[[-2.82022,51.28773],[-2.82026,51.28773],[-2.82024,51.28775],[-2.82022,51.28773]]]}},{"type":"Feature","properties":{"ListEntry":1344888,"Name":"LEYLAND HOUSE","Grade":"II","ListDate":475804800000,"CaptureScale":"1:2500","hyperlink":"https://historicengland.org.uk/listing/the-list/list-entry/1344888","NGR":"ST 42806 54616","Easting":342806,"Northing":154617},"geometry":{"type":"Polygon","coordinates":[[[-2.82153,51.28779],[-2.82156,51.28779],[-2.82155,51.28781],[-2.82153,51.28779]]]}},{"type":"Feature","properties":{"ListEntry":1344889,"Name":"40, WEST STREET","Grade":"II","ListDate":475804800000,"CaptureScale":"1:2500","hyperlink":"https://historicengland.org.uk/listing/the-list/list-entry/1344889","NGR":"ST 42745 54614","Easting":342745,"Northing":154615},"geometry":{"type":"Polygon","coordinates":[[[-2.8224,51.28776],[-2.82244,51.28776],[-2.82242,51.28778],[-2.8224,51.28776]]]}},{"type":"Feature","properties":{"ListEntry":1344890,"Name":"METHODIST CHURCH","Grade":"II","ListDate":475804800000,"CaptureScale":"1:2500","hyperlink":"https://historicengland.org.uk/listing/the-list/list-entry/1344890","NGR":"ST 42894 54578","Easting":342894,"Northing":154578},"geometry":{"type":"Polygon","coordinates":[[[-2.82025,51.28745],[-2.82029,51.28745],[-2.82027,51.28747],[-2.82025,51.28745]]]}},{"type":"Feature","properties":{"ListEntry":1344891,"Name":"THE OLD SHERIFFS OFFICE","Grade":"II","ListDate":475804800000,"CaptureScale":"1:2500","hyperlink":"https://historicengland.org.uk/listing/the-list/list-entry/1344891","NGR":"ST 42855 54595","Easting":342855,"Northing":154595},"geometry":{"type":"Polygon","coordinates":[[[-2.82081,51.2876],[-2.82085,51.2876],[-2.82083,51.28762],[-2.82081,51.2876]]]}},{"type":"Feature","properties":{"ListEntry":1344892,"Name":"43, WEST STREET","Grade":"II","ListDate":475804800000,"CaptureScale":"1:2500","hyperlink":"https://historicengland.org.uk/listing/the-list/list-entry/1344892","NGR":"ST 42748 54600","Easting":342748,"Northing":154600},"geometry":{"type":"Polygon","coordinates":[[[-2.82235,51.28763],[-2.82239,51.28763],[-2.82237,51.28765],[-2.82235,51.28763]]]}},{"type":"Feature","properties":{"ListEntry":1344893,"Name":"9, HIGH STREET","Grade":"II*","ListDate":-280627200000,"AmendDate":475804800000,"CaptureScale":"1:2500","hyperlink":"https://historicengland.org.uk/listing/the-list/list-entry/1344893","NGR":"ST 43051 54532","Easting":343051,"Northing":154532},"geometry":{"type":"Polygon","coordinates":[[[-2.818,51.28705],[-2.81803,51.28705],[-2.81801,51.28707],[-2.818,51.28705]]]}},{"type":"Feature","properties":{"ListEntry":1344894,"Name":"ST JUDES","Grade":"II*","ListDate":-280627200000,"CaptureScale":"1:2500","hyperlink":"https://historicengland.org.uk/listing/the-list/list-entry/1344894","NGR":"ST 43022 54544","Easting":343022,"Northing":154544},"geometry":{"type":"Polygon","coordinates":[[[-2.81841,51.28716],[-2.81845,51.28716],[-2.81843,51.28718],[-2.81841,51.28716]]]}},{"type":"Feature","properties":{"ListEntry":1344895,"Name":"21, HIGH STREET","Grade":"II","ListDate":475804800000,"CaptureScale":"1:2500","hyperlink":"https://historicengland.org.uk/listing/the-list/list-entry/1344895","NGR":"ST 43000 54558","Easting":343000,"Northing":154559},"geometry":{"type":"Polygon","coordinates":[[[-2.81873,51.28728],[-2.81876,51.28728],[-2.81875,51.2873],[-2.81873,51.28728]]]}},{"type":"Feature","properties":{"ListEntry":1344896,"Name":"29, HIGH STREET","Grade":"II","ListDate":475804800000,"CaptureScale":"1:2500","hyperlink":"https://historicengland.org.uk/listing/the-list/list-entry/1344896","NGR":"ST 42974 54582","Easting":342974,"Northing":154582},"geometry":{"type":"Polygon","coordinates":[[[-2.81911,51.28749],[-2.81915,51.28749],[-2.81913,51.28751],[-2.81911,51.28749]]]}},{"type":"Feature","properties":{"ListEntry":1344904,"Name":"MANOR FARMHOUSE","Grade":"II","ListDate":-280627200000,"CaptureScale":"1:2500","hyperlink":"https://historicengland.org.uk/listing/the-list/list-entry/1344904","NGR":"ST 41960 54850","Easting":341960,"Northing":154850},"geometry":{"type":"Polygon","coordinates":[[[-2.83369,51.2898],[-2.83373,51.2898],[-2.83371,51.28982],[-2.83369,51.2898]]]}},{"type":"Feature","properties":{"ListEntry":1344905,"Name":"BLAISDON HOUSE","Grade":"II","ListDate":475804800000,"AmendDate":936057600000,"CaptureScale":"1:2500","hyperlink":"https://historicengland.org.uk/listing/the-list/list-entry/1344905","NGR":"ST 41695 54757","Easting":341695,"Northing":154757},"geometry":{"type":"Polygon","coordinates":[[[-2.83747,51.28894],[-2.83751,51.28894],[-2.83749,51.28896],[-2.83747,51.28894]]]}},{"type":"Feature","properties":{"ListEntry":1344906,"Name":"THE WHITE HART INN","Grade":"II","ListDate":-280627200000,"CaptureScale":"1:2500","hyperlink":"https://historicengland.org.uk/listing/the-list/list-entry/1344906","NGR":"ST 41682 54759","Easting":341682,"Northing":154759},"geometry":{"type":"Polygon","coordinates":[[[-2.83766,51.28895],[-2.8377,51.28895],[-2.83768,51.28897],[-2.83766,51.28895]]]}},{"type":"Feature","properties":{"ListEntry":1344907,"Name":"THE LAWN","Grade":"II","ListDate":475804800000,"CaptureScale":"1:2500","hyperlink":"https://historicengland.org.uk/listing/the-list/list-entry/1344907","NGR":"ST 40588 55073","Easting":340588,"Northing":155073},"geometry":{"type":"Polygon","coordinates":[[[-2.8534,51.29166],[-2.85344,51.29166],[-2.85342,51.29168],[-2.8534,51.29166]]]}},{"type":"Feature","properties":{"ListEntry":1344908,"Name":"LITTLE MANOR AND FORECOURT RAILINGS","Grade":"II","ListDate":475804800000,"CaptureScale":"1:2500","hyperlink":"https://historicengland.org.uk/listing/the-list/list-entry/1344908","NGR":"ST 44457 57574","Easting":344457,"Northing":157574},"geometry":{"type":"Polygon","coordinates":[[[-2.79831,51.31454],[-2.79835,51.31454],[-2.79833,51.31456],[-2.79831,51.31454]]]}},{"type":"Feature","properties":{"ListEntry":1344909,"Name":"CHEST TOMB TO AMELIA DAY IN CHURCHYARD, 5 METRES SOUTH OF NAVE, CHURCH OF ST LEONARD","Grade":"II","ListDate":475804800000,"CaptureScale":"1:2500","hyperlink":"https://historicengland.org.uk/listing/the-list/list-entry/1344909","NGR":"ST 44315 57415","Easting":344315,"Northing":157415},"geometry":{"type":"Polygon","coordinates":[[[-2.80032,51.3131],[-2.80036,51.3131],[-2.80034,51.31312],[-2.80032,51.3131]]]}},{"type":"Feature","properties":{"ListEntry":1391032,"Name":"CHURCHILL GREEN FARM","Grade":"II","ListDate":1090195200000,"CaptureScale":"1:2500","hyperlink":"https://historicengland.org.uk/listing/the-list/list-entry/1391032","NGR":"ST4294160191","Easting":342941,"Northing":160191},"geometry":{"type":"Polygon","coordinates":[[[-2.82047,51.33792],[-2.82051,51.33792],[-2.82049,51.33794],[-2.82047,51.33792]]]}},{"type":"Feature","properties":{"ListEntry":1425501,"Name":"St Michael's Cheshire Home (formerly St Michael's Free Home for Consumptives)","Grade":"II*","ListDate":1441369256000,"CaptureScale":"1:2500","hyperlink":"https://historicengland.org.uk/listing/the-list/list-entry/1425501","area_ha":0.08034710346804057,"NGR":"ST4408754808","Easting":344087,"Northing":154800},"geometry":{"type":"Polygon","coordinates":[[[-2.80327,51.28994],[-2.80323,51.2898],[-2.80315,51.2898],[-2.80313,51.28975],[-2.80304,51.28976],[-2.80302,51.28971],[-2.80297,51.28972],[-2.80296,51.28966],[-2.80307,51.28965],[-2.80306,51.2896],[-2.803,51.2896],[-2.80298,51.2895],[-2.80307,51.28949],[-2.80309,51.28954],[-2.80319,51.28953],[-2.80314,51.28941],[-2.80317,51.28941],[-2.80315,51.28935],[-2.80324,51.28934],[-2.80329,51.28952],[-2.80343,51.2895],[-2.80345,51.28955],[-2.80321,51.28958],[-2.80326,51.28973],[-2.80342,51.28972],[-2.80344,51.28977],[-2.80327,51.28979],[-2.80331,51.28993],[-2.80327,51.28994]]]}},{"type":"Feature","properties":{"ListEntry":1426801,"Name":"Axbridge War Memorial","Grade":"II","ListDate":1433345437000,"CaptureScale":"1:1250","hyperlink":"https://historicengland.org.uk/listing/the-list/list-entry/1426801","area_ha":7.859225010477604e-05,"NGR":"ST4313154591","Easting":343131,"Northing":154591},"geometry":{"type":"Polygon","coordinates":[[[-2.81687,51.2876],[-2.81687,51.2876],[-2.81687,51.2876],[-2.81687,51.2876],[-2.81687,51.2876],[-2.81687,51.2876],[-2.81687,51.2876],[-2.81687,51.2876],[-2.81687,51.2876],[-2.81687,51.2876],[-2.81687,51.2876],[-2.81687,51.2876],[-2.81687,51.2876],[-2.81687,51.2876],[-2.81687,51.2876],[-2.81687,51.2876],[-2.81687,51.2876],[-2.81687,51.2876],[-2.81687,51.2876],[-2.81687,51.2876],[-2.81687,51.2876],[-2.81687,51.2876],[-2.81687,51.2876],[-2.81687,51.2876],[-2.81687,51.2876],[-2.81687,51.2876],[-2.81687,51.28759],[-2.81687,51.28759],[-2.81687,51.28759],[-2.81687,51.28759],[-2.81687,51.28759],[-2.81687,51.28759],[-2.81687,51.28759],[-2.81687,51.28759],[-2.81687,51.28759],[-2.81687,51.28759],[-2.81687,51.28759],[-2.81687,51.28759],[-2.81687,51.28759],[-2.81687,51.28759],[-2.81687,51.28759],[-2.81687,51.28759],[-2.81687,51.28759],[-2.81687,51.28759],[-2.81687,51.28759],[-2.81687,51.28759],[-2.81687,51.28759],[-2.81687,51.28759],[-2.81687,51.28759],[-2.81687,51.28759],[-2.81687,51.28759],[-2.81687,51.28759],[-2.81687,51.28759],[-2.81687,51.28759],[-2.81687,51.28759],[-2.81687,51.28759],[-2.81687,51.28759],[-2.81687,51.28759],[-2.81687,51.28759],[-2.81687,51.28759],[-2.81687,51.28759],[-2.81687,51.28759],[-2.81687,51.28759],[-2.81687,51.28759],[-2.81687,51.28759],[-2.81687,51.28759],[-2.81687,51.28759],[-2.81687,51.28759],[-2.81687,51.28759],[-2.81687,51.28759],[-2.81687,51.28759],[-2.81687,51.28759],[-2.81687,51.28759],[-2.81687,51.28759],[-2.81687,51.28759],[-2.81687,51.28759],[-2.81687,51.28759],[-2.81687,51.28759],[-2.81687,51.28759],[-2.81687,51.28759],[-2.81687,51.28759],[-2.81687,51.28759],[-2.81687,51.28759],[-2.81687,51.28759],[-2.81687,51.28759],[-2.81687,51.28759],[-2.81687,51.28759],[-2.81687,51.28759],[-2.81687,51.28759],[-2.81687,51.28759],[-2.81687,51.28759],[-2.81688,51.28759],[-2.81688,51.28759],[-2.81688,51.28759],[-2.81688,51.28759],[-2.81688,51.28759],[-2.81688,51.28759],[-2.81688,51.28759],[-2.81688,51.28759],[-2.81688,51.28759],[-2.81688,51.28759],[-2.81688,51.28759],[-2.81688,51.28759],[-2.81688,51.28759],[-2.81688,51.28759],[-2.81688,51.28759],[-2.81688,51.28759],[-2.81688,51.28759],[-2.81688,51.28759],[-2.81688,51.28759],[-2.81688,51.28759],[-2.81688,51.28759],[-2.81688,51.28759],[-2.81688,51.28759],[-2.81688,51.28759],[-2.81688,51.28759],[-2.81688,51.28759],[-2.81688,51.28759],[-2.81688,51.28759],[-2.81688,51.28759],[-2.81688,51.28759],[-2.81688,51.28759],[-2.81688,51.28759],[-2.81688,51.28759],[-2.81688,51.28759],[-2.81688,51.28759],[-2.81688,51.28759],[-2.81688,51.28759],[-2.81688,51.28759],[-2.81688,51.28759],[-2.81688,51.28759],[-2.81688,51.28759],[-2.81688,51.28759],[-2.81688,51.28759],[-2.81688,51.28759],[-2.81688,51.28759],[-2.81688,51.28759],[-2.81688,51.28759],[-2.81688,51.28759],[-2.81688,51.28759],[-2.81688,51.28759],[-2.81688,51.28759],[-2.81688,51.28759],[-2.81688,51.28759],[-2.81688,51.28759],[-2.81688,51.28759],[-2.81688,51.28759],[-2.81688,51.28759],[-2.81688,51.28759],[-2.81688,51.28759],[-2.81688,51.28759],[-2.81688,51.28759],[-2.81688,51.28759],[-2.81688,51.28759],[-2.81688,51.28759],[-2.81688,51.28759],[-2.81688,51.2876],[-2.81688,51.2876],[-2.81688,51.2876],[-2.81688,51.2876],[-2.81688,51.2876],[-2.81688,51.2876],[-2.81688,51.2876],[-2.81688,51.2876],[-2.81688,51.2876],[-2.81688,51.2876],[-2.81688,51.2876],[-2.81688,51.2876],[-2.81688,51.2876],[-2.81688,51.2876],[-2.81688,51.2876],[-2.81688,51.2876],[-2.81688,51.2876],[-2.81688,51.2876],[-2.81688,51.2876],[-2.81688,51.2876],[-2.81688,51.2876],[-2.81688,51.2876],[-2.81688,51.2876],[-2.81688,51.2876],[-2.81688,51.2876],[-2.81688,51.2876],[-2.81688,51.2876],[-2.81688,51.2876],[-2.81688,51.2876],[-2.81688,51.2876],[-2.81688,51.2876],[-2.81688,51.2876],[-2.81688,51.2876],[-2.81688,51.2876],[-2.81688,51.2876],[-2.81688,51.2876],[-2.81688,51.2876],[-2.81688,51.2876],[-2.81688,51.2876],[-2.81688,51.2876],[-2.81688,51.2876],[-2.81688,51.2876],[-2.81688,51.2876],[-2.81688,51.2876],[-2.81688,51.2876],[-2.81688,51.2876],[-2.81688,51.2876],[-2.81688,51.2876],[-2.81688,51.2876],[-2.81688,51.2876],[-2.81688,51.2876],[-2.81688,51.2876],[-2.81688,51.2876],[-2.81688,51.2876],[-2.81688,51.2876],[-2.81688,51.2876],[-2.81688,51.2876],[-2.81688,51.2876],[-2.81688,51.2876],[-2.81688,51.2876],[-2.81688,51.2876],[-2.81688,51.2876],[-2.81688,51.2876],[-2.81688,51.2876],[-2.81688,51.2876],[-2.81688,51.2876],[-2.81688,51.2876],[-2.81688,51.2876],[-2.81688,51.2876],[-2.81688,51.2876],[-2.81688,51.2876],[-2.81688,51.2876],[-2.81688,51.2876],[-2.81688,51.2876],[-2.81688,51.2876],[-2.81688,51.2876],[-2.81688,51.2876],[-2.81688,51.2876],[-2.81688,51.2876],[-2.81688,51.2876],[-2.81688,51.2876],[-2.81688,51.2876],[-2.81688,51.2876],[-2.81688,51.2876],[-2.81688,51.2876],[-2.81688,51.2876],[-2.81688,51.2876],[-2.81688,51.2876],[-2.81688,51.2876],[-2.81688,51.2876],[-2.81688,51.2876],[-2.81688,51.2876],[-2.81688,51.2876],[-2.81688,51.2876],[-2.81688,51.2876],[-2.81688,51.2876],[-2.81688,51.2876],[-2.81688,51.2876],[-2.81688,51.2876],[-2.81688,51.2876],[-2.81688,51.2876],[-2.81688,51.2876],[-2.81688,51.2876],[-2.81688,51.2876],[-2.81688,51.2876],[-2.81688,51.2876],[-2.81688,51.2876],[-2.81688,51.2876],[-2.81688,51.2876],[-2.81688,51.2876],[-2.81688,51.2876],[-2.81688,51.2876],[-2.81688,51.2876],[-2.81688,51.2876],[-2.81688,51.2876],[-2.81687,51.2876],[-2.81687,51.2876],[-2.81687,51.2876],[-2.81687,51.2876],[-2.81687,51.2876],[-2.81687,51.2876],[-2.81687,51.2876],[-2.81687,51.2876],[-2.81687,51.2876],[-2.81687,51.2876],[-2.81687,51.2876],[-2.81687,51.2876],[-2.81687,51.2876],[-2.81687,51.2876],[-2.81687,51.2876],[-2.81687,51.2876],[-2.81687,51.2876],[-2.81687,51.2876],[-2.81687,51.2876],[-2.81687,51.2876],[-2.81687,51.2876],[-2.81687,51.2876],[-2.81687,51.2876],[-2.81687,51.2876],[-2.81687,51.2876],[-2.81687,51.2876],[-2.81687,51.2876],[-2.81687,51.2876],[-2.81687,51.2876],[-2.81687,51.2876],[-2.81687,51.2876],[-2.81687,51.2876],[-2.81687,51.2876],[-2.81687,51.2876],[-2.81687,51.2876],[-2.81687,51.2876],[-2.81687,51.2876],[-2.81687,51.2876],[-2.81687,51.2876],[-2.81687,51.2876],[-2.81687,51.2876],[-2.81687,51.2876],[-2.81687,51.2876],[-2.81687,51.2876],[-2.81687,51.2876],[-2.81687,51.2876],[-2.81687,51.2876],[-2.81687,51.2876],[-2.81687,51.2876],[-2.81687,51.2876],[-2.81687,51.2876],[-2.81687,51.2876],[-2.81687,51.2876],[-2.81687,51.2876],[-2.81687,51.2876],[-2.81687,51.2876],[-2.81687,51.2876],[-2.81687,51.2876],[-2.81687,51.2876],[-2.81687,51.2876],[-2.81687,51.2876],[-2.81687,51.2876],[-2.81687,51.2876],[-2.81687,51.2876],[-2.81687,51.2876],[-2.81687,51.2876],[-2.81687,51.2876],[-2.81687,51.2876],[-2.81687,51.2876],[-2.81687,51.2876],[-2.81687,51.2876],[-2.81687,51.2876],[-2.81687,51.2876],[-2.81687,51.2876],[-2.81687,51.2876],[-2.81687,51.2876],[-2.81687,51.2876],[-2.81687,51.2876],[-2.81687,51.2876],[-2.81687,51.2876],[-2.81687,51.2876],[-2.81687,51.2876],[-2.81687,51.2876],[-2.81687,51.2876],[-2.81687,51.2876],[-2.81687,51.2876],[-2.81687,51.2876],[-2.81687,51.2876],[-2.81687,51.2876],[-2.81687,51.2876]]]}},{"type":"Feature","properties":{"ListEntry":1427858,"Name":"St Michael's Lodge","Grade":"II","ListDate":1441369257000,"CaptureScale":"1:1250","hyperlink":"https://historicengland.org.uk/listing/the-list/list-entry/1427858","area_ha":0.01202917581572891,"NGR":"ST4409754638","Easting":344097,"Northing":154638},"geometry":{"type":"Polygon","coordinates":[[[-2.8029,51.28817],[-2.80289,51.28813],[-2.803,51.28812],[-2.803,51.28809],[-2.80294,51.28809],[-2.80311,51.28806],[-2.80315,51.2881],[-2.80313,51.28815],[-2.8029,51.28817]]]}},{"type":"Feature","properties":{"ListEntry":1427859,"Name":"The Parsonage (formerly St Michael's Parsonage)","Grade":"II","ListDate":1441369257000,"CaptureScale":"1:1250","hyperlink":"https://historicengland.org.uk/listing/the-list/list-entry/1427859","area_ha":0.02380222017907254,"NGR":"ST4416754773","Easting":344164,"Northing":154773},"geometry":{"type":"Polygon","coordinates":[[[-2.80205,51.28939],[-2.80202,51.2893],[-2.80199,51.2893],[-2.80197,51.28924],[-2.80218,51.28922],[-2.80219,51.28936],[-2.80214,51.28936],[-2.80215,51.28943],[-2.80203,51.28944],[-2.80202,51.2894],[-2.80205,51.28939]],[[-2.80212,51.28939],[-2.80211,51.28934],[-2.80208,51.28934],[-2.80212,51.28939]]]}},{"type":"Feature","properties":{"ListEntry":1427863,"Name":"Two late-C19 mortuary chapels, late-C19 cemetery entrance gates and central cross, and an early-C20 laundry building, within the grounds of the former St. Michael’s Cheshire Home","Grade":"II","ListDate":1441369257000,"CaptureScale":"1:1250","hyperlink":"https://historicengland.org.uk/listing/the-list/list-entry/1427863","area_ha":0.011453179365383426,"NGR":"ST4407254880, ST4410254829, ST4405354857, ST4391554894, ST4386554899","Easting":344072,"Northing":154880},"geometry":{"type":"MultiPolygon","coordinates":[[[[-2.80301,51.28982],[-2.80301,51.28984],[-2.80298,51.28984],[-2.80301,51.28982]]],[[[-2.8035,51.29026],[-2.80348,51.29035],[-2.80333,51.29031],[-2.80338,51.29023],[-2.8035,51.29026]]],[[[-2.80567,51.29039],[-2.80568,51.29039],[-2.80568,51.29039],[-2.80568,51.29039],[-2.80568,51.29041],[-2.80568,51.29041],[-2.80568,51.29041],[-2.80567,51.29039]]],[[[-2.8064,51.29044],[-2.8064,51.29044],[-2.8064,51.29044],[-2.8064,51.29044],[-2.8064,51.29044],[-2.8064,51.29044],[-2.8064,51.29044],[-2.8064,51.29044],[-2.8064,51.29044],[-2.8064,51.29044],[-2.8064,51.29044],[-2.8064,51.29044],[-2.8064,51.29044],[-2.8064,51.29044],[-2.8064,51.29044],[-2.8064,51.29044],[-2.8064,51.29044],[-2.8064,51.29044],[-2.8064,51.29044],[-2.8064,51.29044],[-2.8064,51.29044],[-2.8064,51.29044],[-2.8064,51.29044],[-2.8064,51.29044],[-2.8064,51.29044],[-2.8064,51.29044],[-2.8064,51.29044],[-2.8064,51.29044],[-2.8064,51.29044],[-2.8064,51.29044],[-2.8064,51.29044],[-2.8064,51.29044],[-2.8064,51.29044],[-2.8064,51.29044],[-2.8064,51.29044],[-2.8064,51.29044],[-2.8064,51.29044],[-2.8064,51.29044],[-2.8064,51.29044],[-2.8064,51.29044],[-2.8064,51.29044],[-2.8064,51.29044],[-2.8064,51.29044],[-2.8064,51.29044],[-2.8064,51.29044],[-2.8064,51.29044],[-2.8064,51.29044],[-2.8064,51.29044],[-2.8064,51.29044],[-2.8064,51.29044],[-2.8064,51.29044],[-2.8064,51.29044],[-2.8064,51.29044],[-2.8064,51.29044],[-2.8064,51.29044],[-2.8064,51.29044],[-2.8064,51.29044],[-2.8064,51.29044],[-2.8064,51.29044],[-2.8064,51.29044],[-2.8064,51.29044],[-2.8064,51.29044],[-2.8064,51.29044],[-2.8064,51.29044],[-2.8064,51.29044],[-2.8064,51.29044],[-2.8064,51.29044],[-2.8064,51.29044],[-2.8064,51.29044],[-2.8064,51.29044],[-2.8064,51.29044],[-2.8064,51.29044],[-2.8064,51.29044],[-2.8064,51.29044],[-2.8064,51.29044],[-2.8064,51.29044],[-2.8064,51.29044],[-2.8064,51.29044],[-2.8064,51.29044],[-2.8064,51.29044],[-2.8064,51.29044],[-2.8064,51.29044],[-2.8064,51.29044],[-2.8064,51.29044],[-2.80641,51.29044],[-2.80641,51.29044],[-2.80641,51.29044],[-2.80641,51.29044],[-2.80641,51.29044],[-2.80641,51.29044],[-2.80641,51.29044],[-2.80641,51.29044],[-2.80641,51.29044],[-2.80641,51.29044],[-2.80641,51.29044],[-2.80641,51.29044],[-2.80641,51.29044],[-2.80641,51.29044],[-2.80641,51.29044],[-2.80641,51.29044],[-2.80641,51.29044],[-2.80641,51.29044],[-2.80641,51.29044],[-2.80641,51.29044],[-2.80641,51.29044],[-2.80641,51.29044],[-2.80641,51.29044],[-2.80641,51.29044],[-2.80641,51.29044],[-2.80641,51.29044],[-2.80641,51.29044],[-2.80641,51.29044],[-2.80641,51.29044],[-2.80641,51.29044],[-2.80641,51.29044],[-2.80641,51.29044],[-2.80641,51.29044],[-2.80641,51.29044],[-2.80641,51.29044],[-2.80641,51.29044],[-2.80641,51.29044],[-2.80641,51.29044],[-2.80641,51.29044],[-2.80641,51.29044],[-2.80641,51.29044],[-2.80641,51.29044],[-2.80641,51.29044],[-2.80641,51.29044],[-2.80641,51.29044],[-2.80641,51.29044],[-2.80641,51.29044],[-2.80641,51.29044],[-2.80641,51.29044],[-2.80641,51.29044],[-2.80641,51.29044],[-2.80641,51.29044],[-2.80641,51.29044],[-2.80641,51.29044],[-2.80641,51.29044],[-2.80641,51.29044],[-2.80641,51.29044],[-2.80641,51.29044],[-2.80641,51.29044],[-2.80641,51.29044],[-2.80641,51.29044],[-2.80641,51.29044],[-2.80641,51.29044],[-2.80641,51.29044],[-2.80641,51.29044],[-2.80641,51.29044],[-2.80641,51.29044],[-2.80641,51.29044],[-2.80641,51.29044],[-2.80641,51.29044],[-2.80641,51.29044],[-2.80641,51.29044],[-2.80641,51.29044],[-2.80641,51.29044],[-2.80641,51.29044],[-2.80641,51.29044],[-2.80641,51.29044],[-2.80641,51.29044],[-2.80641,51.29044],[-2.80641,51.29044],[-2.80641,51.29044],[-2.80641,51.29044],[-2.80641,51.29044],[-2.80641,51.29044],[-2.80641,51.29044],[-2.80641,51.29044],[-2.80641,51.29044],[-2.80641,51.29044],[-2.80641,51.29044],[-2.80641,51.29044],[-2.80641,51.29044],[-2.80641,51.29044],[-2.80641,51.29044],[-2.80641,51.29044],[-2.80641,51.29044],[-2.80641,51.29044],[-2.80641,51.29044],[-2.80641,51.29044],[-2.80641,51.29044],[-2.80641,51.29044],[-2.80641,51.29044],[-2.80641,51.29044],[-2.80641,51.29044],[-2.80641,51.29044],[-2.80641,51.29044],[-2.80641,51.29044],[-2.80641,51.29044],[-2.80641,51.29044],[-2.80641,51.29044],[-2.80641,51.29044],[-2.80641,51.29044],[-2.80641,51.29044],[-2.80641,51.29044],[-2.80641,51.29044],[-2.80641,51.29044],[-2.80641,51.29044],[-2.80641,51.29044],[-2.80641,51.29044],[-2.80641,51.29044],[-2.80641,51.29044],[-2.80641,51.29044],[-2.80641,51.29044],[-2.80641,51.29044],[-2.80641,51.29044],[-2.80641,51.29044],[-2.80641,51.29044],[-2.80641,51.29044],[-2.80641,51.29044],[-2.80641,51.29044],[-2.80641,51.29044],[-2.80641,51.29044],[-2.80641,51.29044],[-2.80641,51.29044],[-2.80641,51.29044],[-2.80641,51.29044],[-2.80641,51.29044],[-2.80641,51.29045],[-2.80641,51.29045],[-2.80641,51.29045],[-2.80641,51.29045],[-2.80641,51.29045],[-2.80641,51.29045],[-2.80641,51.29045],[-2.80641,51.29045],[-2.80641,51.29045],[-2.80641,51.29045],[-2.80641,51.29045],[-2.80641,51.29045],[-2.80641,51.29045],[-2.80641,51.29045],[-2.80641,51.29045],[-2.80641,51.29045],[-2.80641,51.29045],[-2.80641,51.29045],[-2.80641,51.29045],[-2.80641,51.29045],[-2.80641,51.29045],[-2.80641,51.29045],[-2.80641,51.29045],[-2.80641,51.29045],[-2.80641,51.29045],[-2.80641,51.29045],[-2.80641,51.29045],[-2.80641,51.29045],[-2.80641,51.29045],[-2.80641,51.29045],[-2.80641,51.29045],[-2.80641,51.29045],[-2.80641,51.29045],[-2.80641,51.29045],[-2.80641,51.29045],[-2.80641,51.29045],[-2.80641,51.29045],[-2.80641,51.29045],[-2.80641,51.29045],[-2.80641,51.29045],[-2.80641,51.29045],[-2.80641,51.29045],[-2.80641,51.29045],[-2.80641,51.29045],[-2.80641,51.29045],[-2.80641,51.29045],[-2.80641,51.29045],[-2.80641,51.29045],[-2.80641,51.29045],[-2.80641,51.29045],[-2.80641,51.29045],[-2.80641,51.29045],[-2.80641,51.29045],[-2.80641,51.29045],[-2.80641,51.29045],[-2.80641,51.29045],[-2.80641,51.29045],[-2.80641,51.29045],[-2.80641,51.29045],[-2.8064,51.29045],[-2.8064,51.29045],[-2.8064,51.29045],[-2.8064,51.29045],[-2.8064,51.29045],[-2.8064,51.29045],[-2.8064,51.29045],[-2.8064,51.29045],[-2.8064,51.29045],[-2.8064,51.29045],[-2.8064,51.29045],[-2.8064,51.29045],[-2.8064,51.29045],[-2.8064,51.29045],[-2.8064,51.29045],[-2.8064,51.29045],[-2.8064,51.29045],[-2.8064,51.29045],[-2.8064,51.29045],[-2.8064,51.29045],[-2.8064,51.29045],[-2.8064,51.29045],[-2.8064,51.29045],[-2.8064,51.29045],[-2.8064,51.29045],[-2.8064,51.29045],[-2.8064,51.29045],[-2.8064,51.29045],[-2.8064,51.29045],[-2.8064,51.29045],[-2.8064,51.29045],[-2.8064,51.29045],[-2.8064,51.29045],[-2.8064,51.29045],[-2.8064,51.29045],[-2.8064,51.29045],[-2.8064,51.29045],[-2.8064,51.29045],[-2.8064,51.29045],[-2.8064,51.29045],[-2.8064,51.29045],[-2.8064,51.29045],[-2.8064,51.29045],[-2.8064,51.29044],[-2.8064,51.29044],[-2.8064,51.29044],[-2.8064,51.29044],[-2.8064,51.29044],[-2.8064,51.29044],[-2.8064,51.29044],[-2.8064,51.29044],[-2.8064,51.29044],[-2.8064,51.29044],[-2.8064,51.29044],[-2.8064,51.29044],[-2.8064,51.29044],[-2.8064,51.29044],[-2.8064,51.29044],[-2.8064,51.29044],[-2.8064,51.29044],[-2.8064,51.29044],[-2.8064,51.29044],[-2.8064,51.29044],[-2.8064,51.29044],[-2.8064,51.29044],[-2.8064,51.29044],[-2.8064,51.29044],[-2.8064,51.29044],[-2.8064,51.29044],[-2.8064,51.29044],[-2.8064,51.29044],[-2.8064,51.29044],[-2.8064,51.29044],[-2.8064,51.29044],[-2.8064,51.29044],[-2.8064,51.29044],[-2.8064,51.29044],[-2.8064,51.29044],[-2.8064,51.29044],[-2.8064,51.29044],[-2.8064,51.29044],[-2.8064,51.29044]]],[[[-2.80372,51.29007],[-2.80372,51.29009],[-2.80369,51.29009],[-2.80369,51.29008],[-2.80371,51.29007],[-2.80372,51.29007],[-2.80372,51.29007]]]]}},{"type":"Feature","properties":{"ListEntry":1441614,"Name":"Shipham War Memorial","Grade":"II","ListDate":1486029722000,"CaptureScale":"1:1250","hyperlink":"https://historicengland.org.uk/listing/the-list/list-entry/1441614","area_ha":7.859253328486189e-05,"NGR":"ST4443557534","Easting":344435,"Northing":157534},"geometry":{"type":"Polygon","coordinates":[[[-2.79862,51.31419],[-2.79862,51.31419],[-2.79862,51.31419],[-2.79862,51.31419],[-2.79862,51.31419],[-2.79862,51.31419],[-2.79862,51.31419],[-2.79862,51.31419],[-2.79862,51.31419],[-2.79862,51.31419],[-2.79862,51.31419],[-2.79862,51.31419],[-2.79862,51.31419],[-2.79862,51.31419],[-2.79862,51.31419],[-2.79862,51.31419],[-2.79862,51.31419],[-2.79862,51.31419],[-2.79862,51.31419],[-2.79862,51.31419],[-2.79862,51.31419],[-2.79862,51.31419],[-2.79863,51.31419],[-2.79863,51.31419],[-2.79863,51.31419],[-2.79863,51.31419],[-2.79863,51.31419],[-2.79863,51.31419],[-2.79863,51.31419],[-2.79863,51.31419],[-2.79863,51.31419],[-2.79863,51.31419],[-2.79863,51.31419],[-2.79863,51.31419],[-2.79863,51.31419],[-2.79863,51.31419],[-2.79863,51.31419],[-2.79863,51.31419],[-2.79863,51.31419],[-2.79863,51.31419],[-2.79863,51.31418],[-2.79863,51.31418],[-2.79863,51.31418],[-2.79863,51.31418],[-2.79863,51.31418],[-2.79863,51.31418],[-2.79863,51.31418],[-2.79863,51.31418],[-2.79863,51.31418],[-2.79863,51.31418],[-2.79863,51.31418],[-2.79863,51.31418],[-2.79863,51.31418],[-2.79863,51.31418],[-2.79863,51.31418],[-2.79863,51.31418],[-2.79863,51.31418],[-2.79863,51.31418],[-2.79863,51.31418],[-2.79863,51.31418],[-2.79863,51.31418],[-2.79863,51.31418],[-2.79863,51.31418],[-2.79863,51.31418],[-2.79863,51.31418],[-2.79863,51.31418],[-2.79863,51.31418],[-2.79863,51.31418],[-2.79863,51.31418],[-2.79863,51.31418],[-2.79863,51.31418],[-2.79863,51.31418],[-2.79863,51.31418],[-2.79863,51.31418],[-2.79863,51.31418],[-2.79863,51.31418],[-2.79863,51.31418],[-2.79863,51.31418],[-2.79863,51.31418],[-2.79863,51.31418],[-2.79863,51.31418],[-2.79863,51.31418],[-2.79863,51.31418],[-2.79863,51.31418],[-2.79863,51.31418],[-2.79863,51.31418],[-2.79863,51.31418],[-2.79863,51.31418],[-2.79863,51.31418],[-2.79863,51.31418],[-2.79863,51.31418],[-2.79863,51.31418],[-2.79863,51.31418],[-2.79863,51.31418],[-2.79863,51.31418],[-2.79863,51.31418],[-2.79863,51.31418],[-2.79863,51.31418],[-2.79863,51.31418],[-2.79863,51.31418],[-2.79863,51.31418],[-2.79863,51.31418],[-2.79863,51.31418],[-2.79863,51.31418],[-2.79863,51.31418],[-2.79863,51.31418],[-2.79863,51.31418],[-2.79863,51.31418],[-2.79863,51.31418],[-2.79863,51.31418],[-2.79863,51.31418],[-2.79863,51.31418],[-2.79863,51.31418],[-2.79863,51.31418],[-2.79863,51.31418],[-2.79863,51.31418],[-2.79863,51.31418],[-2.79863,51.31418],[-2.79863,51.31418],[-2.79864,51.31418],[-2.79864,51.31418],[-2.79864,51.31418],[-2.79864,51.31418],[-2.79864,51.31418],[-2.79864,51.31418],[-2.79864,51.31418],[-2.79864,51.31418],[-2.79864,51.31418],[-2.79864,51.31418],[-2.79864,51.31418],[-2.79864,51.31418],[-2.79864,51.31418],[-2.79864,51.31418],[-2.79864,51.31418],[-2.79864,51.31418],[-2.79864,51.31418],[-2.79864,51.31418],[-2.79864,51.31418],[-2.79864,51.31418],[-2.79864,51.31418],[-2.79864,51.31418],[-2.79864,51.31418],[-2.79864,51.31419],[-2.79864,51.31419],[-2.79864,51.31419],[-2.79864,51.31419],[-2.79864,51.31419],[-2.79864,51.31419],[-2.79864,51.31419],[-2.79864,51.31419],[-2.79864,51.31419],[-2.79864,51.31419],[-2.79864,51.31419],[-2.79864,51.31419],[-2.79864,51.31419],[-2.79864,51.31419],[-2.79864,51.31419],[-2.79864,51.31419],[-2.79864,51.31419],[-2.79864,51.31419],[-2.79864,51.31419],[-2.79864,51.31419],[-2.79864,51.31419],[-2.79864,51.31419],[-2.79864,51.31419],[-2.79864,51.31419],[-2.79864,51.31419],[-2.79864,51.31419],[-2.79864,51.31419],[-2.79864,51.31419],[-2.79864,51.31419],[-2.79864,51.31419],[-2.79864,51.31419],[-2.79864,51.31419],[-2.79864,51.31419],[-2.79864,51.31419],[-2.79864,51.31419],[-2.79864,51.31419],[-2.79864,51.31419],[-2.79864,51.31419],[-2.79864,51.31419],[-2.79864,51.31419],[-2.79864,51.31419],[-2.79864,51.31419],[-2.79864,51.31419],[-2.79864,51.31419],[-2.79864,51.31419],[-2.79864,51.31419],[-2.79864,51.31419],[-2.79864,51.31419],[-2.79864,51.31419],[-2.79864,51.31419],[-2.79864,51.31419],[-2.79864,51.31419],[-2.79864,51.31419],[-2.79864,51.31419],[-2.79864,51.31419],[-2.79864,51.31419],[-2.79864,51.31419],[-2.79864,51.31419],[-2.79864,51.31419],[-2.79864,51.31419],[-2.79864,51.31419],[-2.79864,51.31419],[-2.79864,51.31419],[-2.79864,51.31419],[-2.79864,51.31419],[-2.79864,51.31419],[-2.79864,51.31419],[-2.79864,51.31419],[-2.79864,51.31419],[-2.79864,51.31419],[-2.79864,51.31419],[-2.79864,51.31419],[-2.79864,51.31419],[-2.79864,51.31419],[-2.79864,51.31419],[-2.79864,51.31419],[-2.79864,51.31419],[-2.79864,51.31419],[-2.79864,51.31419],[-2.79864,51.31419],[-2.79864,51.31419],[-2.79864,51.31419],[-2.79864,51.31419],[-2.79864,51.31419],[-2.79864,51.31419],[-2.79864,51.31419],[-2.79864,51.31419],[-2.79864,51.31419],[-2.79864,51.31419],[-2.79864,51.31419],[-2.79864,51.31419],[-2.79864,51.31419],[-2.79864,51.31419],[-2.79864,51.31419],[-2.79864,51.31419],[-2.79864,51.31419],[-2.79864,51.31419],[-2.79864,51.31419],[-2.79864,51.31419],[-2.79864,51.31419],[-2.79864,51.31419],[-2.79864,51.31419],[-2.79863,51.31419],[-2.79863,51.31419],[-2.79863,51.31419],[-2.79863,51.31419],[-2.79863,51.31419],[-2.79863,51.31419],[-2.79863,51.31419],[-2.79863,51.31419],[-2.79863,51.31419],[-2.79863,51.31419],[-2.79863,51.31419],[-2.79863,51.31419],[-2.79863,51.31419],[-2.79863,51.31419],[-2.79863,51.31419],[-2.79863,51.31419],[-2.79863,51.31419],[-2.79863,51.31419],[-2.79863,51.31419],[-2.79863,51.31419],[-2.79863,51.31419],[-2.79863,51.31419],[-2.79863,51.31419],[-2.79863,51.31419],[-2.79863,51.31419],[-2.79863,51.31419],[-2.79863,51.31419],[-2.79863,51.31419],[-2.79863,51.31419],[-2.79863,51.31419],[-2.79863,51.31419],[-2.79863,51.31419],[-2.79863,51.31419],[-2.79863,51.31419],[-2.79863,51.31419],[-2.79863,51.31419],[-2.79863,51.31419],[-2.79863,51.31419],[-2.79863,51.31419],[-2.79863,51.31419],[-2.79863,51.31419],[-2.79863,51.31419],[-2.79863,51.31419],[-2.79863,51.31419],[-2.79863,51.31419],[-2.79863,51.31419],[-2.79863,51.31419],[-2.79863,51.31419],[-2.79863,51.31419],[-2.79863,51.31419],[-2.79863,51.31419],[-2.79863,51.31419],[-2.79863,51.31419],[-2.79863,51.31419],[-2.79863,51.31419],[-2.79863,51.31419],[-2.79863,51.31419],[-2.79863,51.31419],[-2.79863,51.31419],[-2.79863,51.31419],[-2.79863,51.31419],[-2.79863,51.31419],[-2.79863,51.31419],[-2.79863,51.31419],[-2.79863,51.31419],[-2.79863,51.31419],[-2.79863,51.31419],[-2.79863,51.31419],[-2.79863,51.31419],[-2.79863,51.31419],[-2.79863,51.31419],[-2.79863,51.31419],[-2.79863,51.31419],[-2.79863,51.31419],[-2.79863,51.31419],[-2.79863,51.31419],[-2.79863,51.31419],[-2.79863,51.31419],[-2.79863,51.31419],[-2.79863,51.31419],[-2.79863,51.31419],[-2.79863,51.31419],[-2.79863,51.31419],[-2.79863,51.31419],[-2.79863,51.31419],[-2.79863,51.31419],[-2.79863,51.31419],[-2.79863,51.31419],[-2.79863,51.31419],[-2.79863,51.31419],[-2.79863,51.31419],[-2.79863,51.31419],[-2.79863,51.31419],[-2.79863,51.31419],[-2.79863,51.31419],[-2.79863,51.31419],[-2.79862,51.31419],[-2.79862,51.31419],[-2.79862,51.31419],[-2.79862,51.31419],[-2.79862,51.31419],[-2.79862,51.31419],[-2.79862,51.31419],[-2.79862,51.31419],[-2.79862,51.31419],[-2.79862,51.31419],[-2.79862,51.31419],[-2.79862,51.31419],[-2.79862,51.31419],[-2.79862,51.31419],[-2.79862,51.31419],[-2.79862,51.31419],[-2.79862,51.31419],[-2.79862,51.31419],[-2.79862,51.31419],[-2.79862,51.31419],[-2.79862,51.31419]]]}},{"type":"Feature","properties":{"ListEntry":1443671,"Name":"Rowberrow War Memorial","Grade":"II","ListDate":1488196473000,"CaptureScale":"1:1250","hyperlink":"https://historicengland.org.uk/listing/the-list/list-entry/1443671","area_ha":7.859264195586704e-05,"NGR":"ST4494458612","Easting":344944,"Northing":158612},"geometry":{"type":"Polygon","coordinates":[[[-2.79149,51.32393],[-2.79149,51.32393],[-2.79149,51.32393],[-2.79149,51.32393],[-2.79149,51.32393],[-2.79149,51.32393],[-2.79149,51.32393],[-2.79149,51.32393],[-2.79149,51.32393],[-2.79149,51.32393],[-2.79149,51.32393],[-2.79149,51.32393],[-2.79149,51.32393],[-2.79149,51.32393],[-2.79149,51.32393],[-2.79149,51.32393],[-2.79149,51.32393],[-2.79149,51.32393],[-2.79149,51.32393],[-2.79149,51.32393],[-2.79149,51.32393],[-2.79149,51.32393],[-2.79149,51.32393],[-2.79149,51.32393],[-2.79149,51.32393],[-2.79149,51.32393],[-2.79149,51.32393],[-2.79149,51.32393],[-2.79149,51.32393],[-2.79149,51.32393],[-2.79149,51.32393],[-2.79149,51.32393],[-2.7915,51.32393],[-2.7915,51.32393],[-2.7915,51.32393],[-2.7915,51.32393],[-2.7915,51.32393],[-2.7915,51.32393],[-2.7915,51.32393],[-2.7915,51.32393],[-2.7915,51.32393],[-2.7915,51.32393],[-2.7915,51.32393],[-2.7915,51.32393],[-2.7915,51.32393],[-2.7915,51.32393],[-2.7915,51.32393],[-2.7915,51.32393],[-2.7915,51.32393],[-2.7915,51.32392],[-2.7915,51.32392],[-2.7915,51.32392],[-2.7915,51.32392],[-2.7915,51.32392],[-2.7915,51.32392],[-2.7915,51.32392],[-2.7915,51.32392],[-2.7915,51.32392],[-2.7915,51.32392],[-2.7915,51.32392],[-2.7915,51.32392],[-2.7915,51.32392],[-2.7915,51.32392],[-2.7915,51.32392],[-2.7915,51.32392],[-2.7915,51.32392],[-2.7915,51.32392],[-2.7915,51.32392],[-2.7915,51.32392],[-2.7915,51.32392],[-2.7915,51.32392],[-2.7915,51.32392],[-2.7915,51.32392],[-2.7915,51.32392],[-2.7915,51.32392],[-2.7915,51.32392],[-2.7915,51.32392],[-2.7915,51.32392],[-2.7915,51.32392],[-2.7915,51.32392],[-2.7915,51.32392],[-2.7915,51.32392],[-2.7915,51.32392],[-2.7915,51.32392],[-2.7915,51.32392],[-2.7915,51.32392],[-2.7915,51.32392],[-2.7915,51.32392],[-2.7915,51.32392],[-2.7915,51.32392],[-2.7915,51.32392],[-2.7915,51.32392],[-2.7915,51.32392],[-2.7915,51.32392],[-2.7915,51.32392],[-2.7915,51.32392],[-2.7915,51.32392],[-2.7915,51.32392],[-2.7915,51.32392],[-2.7915,51.32392],[-2.7915,51.32392],[-2.7915,51.32392],[-2.7915,51.32392],[-2.7915,51.32392],[-2.7915,51.32392],[-2.7915,51.32392],[-2.7915,51.32392],[-2.7915,51.32392],[-2.7915,51.32392],[-2.7915,51.32392],[-2.7915,51.32392],[-2.7915,51.32392],[-2.7915,51.32392],[-2.7915,51.32392],[-2.7915,51.32392],[-2.7915,51.32392],[-2.7915,51.32392],[-2.7915,51.32392],[-2.7915,51.32392],[-2.7915,51.32392],[-2.7915,51.32392],[-2.7915,51.32392],[-2.7915,51.32392],[-2.79151,51.32392],[-2.79151,51.32392],[-2.79151,51.32392],[-2.79151,51.32392],[-2.79151,51.32392],[-2.79151,51.32392],[-2.79151,51.32392],[-2.79151,51.32392],[-2.79151,51.32392],[-2.79151,51.32392],[-2.79151,51.32392],[-2.79151,51.32393],[-2.79151,51.32393],[-2.79151,51.32393],[-2.79151,51.32393],[-2.79151,51.32393],[-2.79151,51.32393],[-2.79151,51.32393],[-2.79151,51.32393],[-2.79151,51.32393],[-2.79151,51.32393],[-2.79151,51.32393],[-2.79151,51.32393],[-2.79151,51.32393],[-2.79151,51.32393],[-2.79151,51.32393],[-2.79151,51.32393],[-2.79151,51.32393],[-2.79151,51.32393],[-2.79151,51.32393],[-2.79151,51.32393],[-2.79151,51.32393],[-2.79151,51.32393],[-2.79151,51.32393],[-2.79151,51.32393],[-2.79151,51.32393],[-2.79151,51.32393],[-2.79151,51.32393],[-2.79151,51.32393],[-2.79151,51.32393],[-2.79151,51.32393],[-2.79151,51.32393],[-2.79151,51.32393],[-2.79151,51.32393],[-2.79151,51.32393],[-2.79151,51.32393],[-2.79151,51.32393],[-2.79151,51.32393],[-2.79151,51.32393],[-2.79151,51.32393],[-2.79151,51.32393],[-2.79151,51.32393],[-2.79151,51.32393],[-2.79151,51.32393],[-2.79151,51.32393],[-2.79151,51.32393],[-2.79151,51.32393],[-2.79151,51.32393],[-2.79151,51.32393],[-2.79151,51.32393],[-2.79151,51.32393],[-2.79151,51.32393],[-2.79151,51.32393],[-2.79151,51.32393],[-2.79151,51.32393],[-2.79151,51.32393],[-2.79151,51.32393],[-2.79151,51.32393],[-2.79151,51.32393],[-2.79151,51.32393],[-2.79151,51.32393],[-2.79151,51.32393],[-2.79151,51.32393],[-2.79151,51.32393],[-2.79151,51.32393],[-2.79151,51.32393],[-2.79151,51.32393],[-2.79151,51.32393],[-2.79151,51.32393],[-2.79151,51.32393],[-2.79151,51.32393],[-2.79151,51.32393],[-2.79151,51.32393],[-2.79151,51.32393],[-2.79151,51.32393],[-2.79151,51.32393],[-2.79151,51.32393],[-2.79151,51.32393],[-2.79151,51.32393],[-2.79151,51.32393],[-2.79151,51.32393],[-2.79151,51.32393],[-2.79151,51.32393],[-2.79151,51.32393],[-2.79151,51.32393],[-2.79151,51.32393],[-2.79151,51.32393],[-2.79151,51.32393],[-2.79151,51.32393],[-2.79151,51.32393],[-2.79151,51.32393],[-2.79151,51.32393],[-2.79151,51.32393],[-2.79151,51.32393],[-2.79151,51.32393],[-2.79151,51.32393],[-2.79151,51.32393],[-2.79151,51.32393],[-2.79151,51.32393],[-2.79151,51.32393],[-2.79151,51.32393],[-2.79151,51.32393],[-2.79151,51.32393],[-2.79151,51.32393],[-2.79151,51.32393],[-2.79151,51.32393],[-2.7915,51.32393],[-2.7915,51.32393],[-2.7915,51.32393],[-2.7915,51.32393],[-2.7915,51.32393],[-2.7915,51.32393],[-2.7915,51.32393],[-2.7915,51.32393],[-2.7915,51.32393],[-2.7915,51.32393],[-2.7915,51.32393],[-2.7915,51.32393],[-2.7915,51.32393],[-2.7915,51.32393],[-2.7915,51.32393],[-2.7915,51.32393],[-2.7915,51.32393],[-2.7915,51.32393],[-2.7915,51.32393],[-2.7915,51.32393],[-2.7915,51.32393],[-2.7915,51.32393],[-2.7915,51.32393],[-2.7915,51.32393],[-2.7915,51.32393],[-2.7915,51.32393],[-2.7915,51.32393],[-2.7915,51.32393],[-2.7915,51.32393],[-2.7915,51.32393],[-2.7915,51.32393],[-2.7915,51.32393],[-2.7915,51.32393],[-2.7915,51.32393],[-2.7915,51.32393],[-2.7915,51.32393],[-2.7915,51.32393],[-2.7915,51.32393],[-2.7915,51.32393],[-2.7915,51.32393],[-2.7915,51.32393],[-2.7915,51.32393],[-2.7915,51.32393],[-2.7915,51.32393],[-2.7915,51.32393],[-2.7915,51.32393],[-2.7915,51.32393],[-2.7915,51.32393],[-2.7915,51.32393],[-2.7915,51.32393],[-2.7915,51.32393],[-2.7915,51.32393],[-2.7915,51.32393],[-2.7915,51.32393],[-2.7915,51.32393],[-2.7915,51.32393],[-2.7915,51.32393],[-2.7915,51.32393],[-2.7915,51.32393],[-2.7915,51.32393],[-2.7915,51.32393],[-2.7915,51.32393],[-2.7915,51.32393],[-2.7915,51.32393],[-2.7915,51.32393],[-2.7915,51.32393],[-2.7915,51.32393],[-2.7915,51.32393],[-2.7915,51.32393],[-2.7915,51.32393],[-2.7915,51.32393],[-2.7915,51.32393],[-2.7915,51.32393],[-2.7915,51.32393],[-2.7915,51.32393],[-2.7915,51.32393],[-2.7915,51.32393],[-2.7915,51.32393],[-2.7915,51.32393],[-2.7915,51.32393],[-2.7915,51.32393],[-2.7915,51.32393],[-2.7915,51.32393],[-2.7915,51.32393],[-2.7915,51.32393],[-2.7915,51.32393],[-2.7915,51.32393],[-2.7915,51.32393],[-2.7915,51.32393],[-2.7915,51.32393],[-2.7915,51.32393],[-2.79149,51.32393],[-2.79149,51.32393],[-2.79149,51.32393],[-2.79149,51.32393],[-2.79149,51.32393],[-2.79149,51.32393],[-2.79149,51.32393],[-2.79149,51.32393],[-2.79149,51.32393],[-2.79149,51.32393],[-2.79149,51.32393],[-2.79149,51.32393],[-2.79149,51.32393],[-2.79149,51.32393],[-2.79149,51.32393],[-2.79149,51.32393],[-2.79149,51.32393],[-2.79149,51.32393],[-2.79149,51.32393],[-2.79149,51.32393],[-2.79149,51.32393],[-2.79149,51.32393],[-2.79149,51.32393],[-2.79149,51.32393],[-2.79149,51.32393],[-2.79149,51.32393],[-2.79149,51.32393],[-2.79149,51.32393],[-2.79149,51.32393],[-2.79149,51.32393],[-2.79149,51.32393]]]}}]}