{"type":"FeatureCollection","features":[{"type":"Feature","properties":{"cat":"Woodland","fill":"#2E7D32","text":"Improve structure and diversity of existing woodlands","url":"Click HERE to view the preferred habitat in our strategy"},"geometry":{"type":"Polygon","coordinates":[[[-2.74015,51.30151],[-2.73999,51.30142],[-2.74003,51.30137],[-2.74023,51.30142],[-2.74015,51.30151]]]}},{"type":"Feature","properties":{"cat":"Woodland","fill":"#2E7D32","text":"Establish trees outside of woodlands","url":"Click HERE to view the preferred habitat in our strategy"},"geometry":{"type":"Polygon","coordinates":[[[-2.78442,51.30265],[-2.78432,51.30274],[-2.78432,51.30279],[-2.78411,51.30266],[-2.78442,51.30265]]]}},{"type":"Feature","properties":{"cat":"Woodland","fill":"#2E7D32","text":"Improve structure and diversity of existing woodlands","url":"Click HERE to view the preferred habitat in our strategy"},"geometry":{"type":"Polygon","coordinates":[[[-2.79533,51.31618],[-2.79514,51.31642],[-2.79491,51.3164],[-2.79513,51.31614],[-2.79534,51.31615],[-2.79533,51.31618]]]}},{"type":"Feature","properties":{"cat":"Woodland","fill":"#2E7D32","text":"Establish new woodland","url":"Click HERE to view the preferred habitat in our strategy"},"geometry":{"type":"Polygon","coordinates":[[[-2.80337,51.31246],[-2.80325,51.31288],[-2.80264,51.3129],[-2.80264,51.31285],[-2.8024,51.31284],[-2.80249,51.31258],[-2.80267,51.31235],[-2.80337,51.31246]]]}},{"type":"Feature","properties":{"cat":"Woodland","fill":"#2E7D32","text":"Establish trees outside of woodlands","url":"Click HERE to view the preferred habitat in our strategy"},"geometry":{"type":"Polygon","coordinates":[[[-2.80409,51.30571],[-2.80415,51.30602],[-2.80383,51.30604],[-2.80389,51.30573],[-2.80394,51.3057],[-2.80409,51.30571]]]}},{"type":"Feature","properties":{"cat":"Woodland","fill":"#2E7D32","text":"Improve structure and diversity of existing woodlands","url":"Click HERE to view the preferred habitat in our strategy"},"geometry":{"type":"Polygon","coordinates":[[[-2.78188,51.28607],[-2.78178,51.28634],[-2.78171,51.28646],[-2.78165,51.28647],[-2.78184,51.28606],[-2.78188,51.28607]]]}},{"type":"Feature","properties":{"cat":"Woodland","fill":"#2E7D32","text":"Enhance conifer and mixed woodlands","url":"Click HERE to view the preferred habitat in our strategy"},"geometry":{"type":"Polygon","coordinates":[[[-2.79056,51.3245],[-2.79048,51.32462],[-2.79036,51.32464],[-2.79037,51.32458],[-2.79056,51.3245]]]}},{"type":"Feature","properties":{"cat":"Woodland","fill":"#2E7D32","text":"Improve structure and diversity of existing woodlands","url":"Click HERE to view the preferred habitat in our strategy"},"geometry":{"type":"Polygon","coordinates":[[[-2.73294,51.30242],[-2.73292,51.30244],[-2.73291,51.30243],[-2.73293,51.30241],[-2.73294,51.30242]]]}},{"type":"Feature","properties":{"cat":"Woodland","fill":"#2E7D32","text":"Establish new woodland","url":"Click HERE to view the preferred habitat in our strategy"},"geometry":{"type":"Polygon","coordinates":[[[-2.80063,51.31227],[-2.80083,51.31189],[-2.8013,51.31188],[-2.80131,51.31227],[-2.80084,51.31228],[-2.80083,51.31235],[-2.80058,51.31235],[-2.80063,51.31227]]]}},{"type":"Feature","properties":{"cat":"Woodland","fill":"#2E7D32","text":"Improve structure and diversity of existing woodlands","url":"Click HERE to view the preferred habitat in our strategy"},"geometry":{"type":"Polygon","coordinates":[[[-2.75891,51.27923],[-2.7603,51.27951],[-2.76117,51.27975],[-2.76237,51.27988],[-2.76265,51.28033],[-2.76177,51.28038],[-2.76114,51.28047],[-2.76109,51.28035],[-2.76072,51.28034],[-2.76034,51.28023],[-2.76003,51.28042],[-2.76018,51.28055],[-2.76004,51.28056],[-2.75928,51.28052],[-2.75888,51.28021],[-2.75868,51.28017],[-2.75859,51.28019],[-2.75856,51.28024],[-2.75845,51.28029],[-2.75859,51.28035],[-2.7587,51.28054],[-2.7583,51.28056],[-2.75781,51.28043],[-2.75828,51.27985],[-2.75874,51.2792],[-2.75891,51.27923]]]}},{"type":"Feature","properties":{"cat":"Woodland","fill":"#2E7D32","text":"Establish new woodland","url":"Click HERE to view the preferred habitat in our strategy"},"geometry":{"type":"Polygon","coordinates":[[[-2.78298,51.31042],[-2.78308,51.31063],[-2.78252,51.31069],[-2.78249,51.31045],[-2.78298,51.31042]]]}},{"type":"Feature","properties":{"cat":"Woodland","fill":"#2E7D32","text":"Establish new woodland","url":"Click HERE to view the preferred habitat in our strategy"},"geometry":{"type":"Polygon","coordinates":[[[-2.8029,51.30568],[-2.80388,51.30561],[-2.8039,51.3057],[-2.80394,51.30572],[-2.80389,51.30573],[-2.80381,51.30614],[-2.80299,51.30621],[-2.8029,51.30568]]]}},{"type":"Feature","properties":{"cat":"Woodland","fill":"#2E7D32","text":"Improve structure and diversity of existing woodlands","url":"Click HERE to view the preferred habitat in our strategy"},"geometry":{"type":"Polygon","coordinates":[[[-2.77692,51.31925],[-2.77711,51.3196],[-2.77715,51.3201],[-2.77627,51.32009],[-2.77542,51.32029],[-2.77457,51.3204],[-2.77433,51.32025],[-2.77324,51.31973],[-2.77313,51.31965],[-2.77187,51.31919],[-2.77149,51.31902],[-2.77071,51.31857],[-2.77062,51.31849],[-2.77043,51.31781],[-2.7704,51.31759],[-2.77106,51.3173],[-2.77122,51.3172],[-2.77139,51.31702],[-2.77145,51.3169],[-2.77144,51.31651],[-2.77137,51.31607],[-2.77139,51.31591],[-2.77144,51.31585],[-2.77207,51.31633],[-2.77242,51.31678],[-2.77265,51.31715],[-2.77323,51.31768],[-2.77378,51.31807],[-2.7747,51.31854],[-2.77579,51.31899],[-2.77692,51.31925]]]}},{"type":"Feature","properties":{"cat":"Woodland","fill":"#2E7D32","text":"Improve structure and diversity of existing woodlands","url":"Click HERE to view the preferred habitat in our strategy"},"geometry":{"type":"Polygon","coordinates":[[[-2.77375,51.28877],[-2.77433,51.28853],[-2.77431,51.28858],[-2.77379,51.2888],[-2.77363,51.289],[-2.77349,51.28911],[-2.77334,51.28916],[-2.77319,51.28916],[-2.77303,51.28909],[-2.77261,51.28874],[-2.77233,51.28858],[-2.77195,51.28851],[-2.77127,51.2885],[-2.7712,51.28847],[-2.77114,51.28842],[-2.77115,51.28795],[-2.77187,51.28797],[-2.77263,51.28794],[-2.77294,51.28802],[-2.77309,51.28801],[-2.77313,51.28853],[-2.77326,51.28854],[-2.77312,51.28887],[-2.77338,51.28897],[-2.77358,51.289],[-2.77371,51.28876],[-2.77375,51.28877]]]}},{"type":"Feature","properties":{"cat":"Woodland","fill":"#2E7D32","text":"Improve structure and diversity of existing woodlands","url":"Click HERE to view the preferred habitat in our strategy"},"geometry":{"type":"Polygon","coordinates":[[[-2.77406,51.31405],[-2.77392,51.31403],[-2.77377,51.31311],[-2.77373,51.31259],[-2.77358,51.31175],[-2.77348,51.31144],[-2.77341,51.31138],[-2.77338,51.3115],[-2.77339,51.31127],[-2.77331,51.31088],[-2.77328,51.31026],[-2.77322,51.30979],[-2.77339,51.30982],[-2.77373,51.31014],[-2.77389,51.31023],[-2.77412,51.31032],[-2.77451,51.3104],[-2.77534,51.31069],[-2.77574,51.31091],[-2.77614,51.31135],[-2.77653,51.31191],[-2.7773,51.31253],[-2.77748,51.31278],[-2.77751,51.31324],[-2.77741,51.3135],[-2.77672,51.31417],[-2.77642,51.31437],[-2.77576,51.31444],[-2.77502,51.31439],[-2.77413,51.3142],[-2.77406,51.31405]]]}},{"type":"Feature","properties":{"cat":"Woodland","fill":"#2E7D32","text":"Establish trees outside of woodlands","url":"Click HERE to view the preferred habitat in our strategy"},"geometry":{"type":"Polygon","coordinates":[[[-2.77826,51.30582],[-2.78048,51.30594],[-2.78036,51.30655],[-2.77812,51.30639],[-2.77826,51.30582]]]}},{"type":"Feature","properties":{"cat":"Woodland","fill":"#2E7D32","text":"Improve structure and diversity of existing woodlands","url":"Click HERE to view the preferred habitat in our strategy"},"geometry":{"type":"Polygon","coordinates":[[[-2.77678,51.31436],[-2.77659,51.31437],[-2.77657,51.31432],[-2.7766,51.31428],[-2.77731,51.31367],[-2.7775,51.31342],[-2.77756,51.31314],[-2.77752,51.31276],[-2.77747,51.31266],[-2.77735,51.31252],[-2.7769,51.31219],[-2.77651,51.31184],[-2.77606,51.3112],[-2.77578,51.31091],[-2.77537,51.31068],[-2.77461,51.31041],[-2.77417,51.31031],[-2.7739,51.31021],[-2.77377,51.31013],[-2.77349,51.30985],[-2.7733,51.30975],[-2.77405,51.30984],[-2.77423,51.30995],[-2.77453,51.30983],[-2.77526,51.30969],[-2.77594,51.3098],[-2.77646,51.30993],[-2.77663,51.31006],[-2.77686,51.3103],[-2.77692,51.31042],[-2.77712,51.31115],[-2.77722,51.31141],[-2.7776,51.31191],[-2.77852,51.31285],[-2.77858,51.31297],[-2.7786,51.31319],[-2.77857,51.31333],[-2.77821,51.31403],[-2.77788,51.31446],[-2.77778,51.3145],[-2.77763,51.3145],[-2.77696,51.31436],[-2.77678,51.31436]]]}},{"type":"Feature","properties":{"cat":"Woodland","fill":"#2E7D32","text":"Improve structure and diversity of existing woodlands","url":"Click HERE to view the preferred habitat in our strategy"},"geometry":{"type":"Polygon","coordinates":[[[-2.78204,51.32037],[-2.7817,51.32027],[-2.78128,51.31994],[-2.78119,51.31979],[-2.78137,51.31978],[-2.78164,51.31969],[-2.78172,51.31964],[-2.78186,51.31947],[-2.78197,51.3192],[-2.78191,51.31875],[-2.78198,51.31868],[-2.78234,51.31869],[-2.78241,51.31885],[-2.78256,51.31899],[-2.7825,51.31903],[-2.7828,51.31932],[-2.78277,51.31936],[-2.78332,51.3196],[-2.78331,51.31967],[-2.78473,51.32011],[-2.78502,51.32026],[-2.78513,51.32025],[-2.78535,51.32037],[-2.78532,51.3204],[-2.7853,51.32094],[-2.78491,51.32149],[-2.78475,51.32163],[-2.78422,51.32186],[-2.78398,51.32166],[-2.78381,51.32144],[-2.78367,51.32118],[-2.78339,51.32086],[-2.78319,51.32074],[-2.78204,51.32037]]]}},{"type":"Feature","properties":{"cat":"Woodland","fill":"#2E7D32","text":"Establish trees outside of woodlands","url":"Click HERE to view the preferred habitat in our strategy"},"geometry":{"type":"Polygon","coordinates":[[[-2.80174,51.31007],[-2.80109,51.30936],[-2.80043,51.30848],[-2.80045,51.30847],[-2.80052,51.30855],[-2.80112,51.30936],[-2.80152,51.30983],[-2.80177,51.31007],[-2.80174,51.31007]]]}},{"type":"Feature","properties":{"cat":"Woodland","fill":"#2E7D32","text":"Improve structure and diversity of existing woodlands","url":"Click HERE to view the preferred habitat in our strategy"},"geometry":{"type":"Polygon","coordinates":[[[-2.72988,51.31359],[-2.7295,51.31356],[-2.72946,51.31353],[-2.72944,51.31339],[-2.72949,51.31315],[-2.72978,51.31318],[-2.72998,51.31327],[-2.73007,51.31326],[-2.73016,51.31294],[-2.73038,51.31277],[-2.73023,51.31262],[-2.73029,51.31252],[-2.73027,51.31247],[-2.73011,51.31233],[-2.73014,51.31213],[-2.73026,51.312],[-2.73032,51.31181],[-2.73044,51.31169],[-2.73098,51.31175],[-2.73087,51.31212],[-2.73082,51.31213],[-2.73086,51.31219],[-2.73044,51.31365],[-2.72988,51.31359]]]}},{"type":"Feature","properties":{"cat":"Woodland","fill":"#2E7D32","text":"Establish trees outside of woodlands","url":"Click HERE to view the preferred habitat in our strategy"},"geometry":{"type":"Polygon","coordinates":[[[-2.8073,51.31169],[-2.80742,51.31158],[-2.80763,51.31165],[-2.80832,51.31172],[-2.80798,51.31174],[-2.80743,51.31162],[-2.80714,51.31193],[-2.80718,51.31183],[-2.8073,51.31169]]]}},{"type":"Feature","properties":{"cat":"Woodland","fill":"#2E7D32","text":"Establish trees outside of woodlands","url":"Click HERE to view the preferred habitat in our strategy"},"geometry":{"type":"Polygon","coordinates":[[[-2.74409,51.31845],[-2.74468,51.31852],[-2.74533,51.31847],[-2.74573,51.3184],[-2.74602,51.3184],[-2.74648,51.31847],[-2.74661,51.31872],[-2.74698,51.31918],[-2.74713,51.31956],[-2.74715,51.3197],[-2.74709,51.31972],[-2.74701,51.3194],[-2.74689,51.31914],[-2.74655,51.31874],[-2.74646,51.31855],[-2.7464,51.31851],[-2.74618,51.31846],[-2.74585,51.31844],[-2.74514,51.31854],[-2.74456,51.31855],[-2.74436,51.31853],[-2.74409,51.31845]]]}},{"type":"Feature","properties":{"cat":"Woodland","fill":"#2E7D32","text":"Establish trees outside of woodlands","url":"Click HERE to view the preferred habitat in our strategy"},"geometry":{"type":"Polygon","coordinates":[[[-2.79235,51.30509],[-2.7922,51.30501],[-2.79192,51.30497],[-2.79186,51.30491],[-2.79175,51.30496],[-2.79166,51.30485],[-2.79162,51.30487],[-2.79091,51.30483],[-2.7905,51.30485],[-2.79041,51.30481],[-2.78999,51.30477],[-2.78991,51.30469],[-2.79267,51.30454],[-2.79266,51.30469],[-2.79278,51.30499],[-2.79235,51.30509]]]}},{"type":"Feature","properties":{"cat":"Woodland","fill":"#2E7D32","text":"Establish trees outside of woodlands","url":"Click HERE to view the preferred habitat in our strategy"},"geometry":{"type":"Polygon","coordinates":[[[-2.80254,51.30966],[-2.80261,51.30986],[-2.80193,51.30963],[-2.80125,51.3093],[-2.80098,51.30905],[-2.80054,51.30846],[-2.80037,51.30817],[-2.80027,51.30791],[-2.80014,51.30781],[-2.80153,51.30813],[-2.80172,51.30864],[-2.8019,51.30894],[-2.80207,51.30919],[-2.80254,51.30966]]]}},{"type":"Feature","properties":{"cat":"Woodland","fill":"#2E7D32","text":"Establish trees outside of woodlands","url":"Click HERE to view the preferred habitat in our strategy"},"geometry":{"type":"Polygon","coordinates":[[[-2.8011,51.30937],[-2.80099,51.3093],[-2.80079,51.30903],[-2.80064,51.30898],[-2.80058,51.30891],[-2.80031,51.30849],[-2.8003,51.30835],[-2.80026,51.30828],[-2.80031,51.30827],[-2.80038,51.30842],[-2.8011,51.30937]]]}},{"type":"Feature","properties":{"cat":"Woodland","fill":"#2E7D32","text":"Establish trees outside of woodlands","url":"Click HERE to view the preferred habitat in our strategy"},"geometry":{"type":"Polygon","coordinates":[[[-2.78984,51.29992],[-2.78956,51.29977],[-2.7895,51.29968],[-2.7894,51.29961],[-2.78922,51.29963],[-2.7893,51.29957],[-2.78929,51.29944],[-2.78916,51.29941],[-2.78893,51.29926],[-2.78916,51.29922],[-2.78942,51.29925],[-2.78964,51.2993],[-2.78999,51.29948],[-2.79,51.29946],[-2.78988,51.29934],[-2.78987,51.29925],[-2.78993,51.29917],[-2.79002,51.29913],[-2.79021,51.29911],[-2.79029,51.29923],[-2.79045,51.29936],[-2.79082,51.29959],[-2.79145,51.29983],[-2.79185,51.30002],[-2.7919,51.30005],[-2.79191,51.3001],[-2.7918,51.30018],[-2.79121,51.30035],[-2.79107,51.30036],[-2.79074,51.30027],[-2.78984,51.29992]],[[-2.79009,51.29936],[-2.79003,51.29926],[-2.79006,51.29921],[-2.79014,51.29919],[-2.79012,51.29914],[-2.79001,51.29916],[-2.78995,51.29921],[-2.78998,51.29938],[-2.79016,51.29951],[-2.79022,51.29949],[-2.79009,51.29936]]]}},{"type":"Feature","properties":{"cat":"Woodland","fill":"#2E7D32","text":"Establish trees outside of woodlands","url":"Click HERE to view the preferred habitat in our strategy"},"geometry":{"type":"Polygon","coordinates":[[[-2.7618,51.29215],[-2.76151,51.29164],[-2.76138,51.29155],[-2.76157,51.29131],[-2.76234,51.29147],[-2.76214,51.29203],[-2.76205,51.29211],[-2.76183,51.29221],[-2.7618,51.29215]]]}},{"type":"Feature","properties":{"cat":"Woodland","fill":"#2E7D32","text":"Establish trees outside of woodlands","url":"Click HERE to view the preferred habitat in our strategy"},"geometry":{"type":"Polygon","coordinates":[[[-2.80162,51.31063],[-2.8016,51.31084],[-2.80165,51.31109],[-2.80158,51.31131],[-2.80143,51.31116],[-2.80117,51.31104],[-2.8012,51.31091],[-2.80116,51.31075],[-2.80099,51.31054],[-2.80115,51.31047],[-2.80134,51.31056],[-2.80161,51.31056],[-2.80162,51.31063]]]}},{"type":"Feature","properties":{"cat":"Woodland","fill":"#2E7D32","text":"Establish trees outside of woodlands","url":"Click HERE to view the preferred habitat in our strategy"},"geometry":{"type":"Polygon","coordinates":[[[-2.79224,51.30015],[-2.79278,51.30036],[-2.79281,51.30033],[-2.793,51.3004],[-2.7928,51.3005],[-2.79295,51.30064],[-2.79293,51.30071],[-2.79285,51.30075],[-2.79257,51.30073],[-2.79241,51.30081],[-2.79233,51.30081],[-2.79197,51.30071],[-2.79167,51.30073],[-2.79157,51.30079],[-2.79148,51.3008],[-2.79111,51.3007],[-2.79101,51.30076],[-2.791,51.3008],[-2.79103,51.30087],[-2.79116,51.30091],[-2.79126,51.30098],[-2.7914,51.30095],[-2.79149,51.30099],[-2.79157,51.30095],[-2.79176,51.30099],[-2.79181,51.30091],[-2.79199,51.30089],[-2.79215,51.30092],[-2.79225,51.301],[-2.79237,51.30119],[-2.79236,51.30136],[-2.79231,51.30143],[-2.79211,51.30147],[-2.79173,51.30147],[-2.79212,51.30132],[-2.79213,51.30125],[-2.79207,51.30117],[-2.79193,51.30113],[-2.79142,51.3011],[-2.79052,51.30083],[-2.79067,51.30084],[-2.79069,51.3007],[-2.79066,51.30064],[-2.79048,51.30049],[-2.79042,51.30023],[-2.79086,51.30037],[-2.79115,51.30042],[-2.79224,51.30015]]]}},{"type":"Feature","properties":{"cat":"Woodland","fill":"#2E7D32","text":"Establish trees outside of woodlands","url":"Click HERE to view the preferred habitat in our strategy"},"geometry":{"type":"Polygon","coordinates":[[[-2.80028,51.30817],[-2.80032,51.30826],[-2.80022,51.30822],[-2.80019,51.30825],[-2.80027,51.30828],[-2.8003,51.30847],[-2.80049,51.30879],[-2.80064,51.30898],[-2.80079,51.30903],[-2.80101,51.30931],[-2.80091,51.30926],[-2.80079,51.30913],[-2.8008,51.3092],[-2.80092,51.30933],[-2.80068,51.30954],[-2.80033,51.30967],[-2.8002,51.30983],[-2.80024,51.31009],[-2.80065,51.31064],[-2.8009,51.31056],[-2.80098,51.31048],[-2.80071,51.30999],[-2.80076,51.30979],[-2.80097,51.3098],[-2.8011,51.30991],[-2.80137,51.31037],[-2.80068,51.31066],[-2.80007,51.30999],[-2.79971,51.3097],[-2.79989,51.30965],[-2.79975,51.30947],[-2.79963,51.3094],[-2.79982,51.30932],[-2.79969,51.30912],[-2.7997,51.30908],[-2.79983,51.30904],[-2.7995,51.30856],[-2.79972,51.30846],[-2.80009,51.30817],[-2.80025,51.30812],[-2.80028,51.30817]]]}},{"type":"Feature","properties":{"cat":"Woodland","fill":"#2E7D32","text":"Establish trees outside of woodlands","url":"Click HERE to view the preferred habitat in our strategy"},"geometry":{"type":"Polygon","coordinates":[[[-2.76218,51.29074],[-2.76251,51.29079],[-2.76278,51.29095],[-2.76257,51.29102],[-2.76192,51.29086],[-2.76197,51.29071],[-2.76218,51.29074]]]}},{"type":"Feature","properties":{"cat":"Woodland","fill":"#2E7D32","text":"Establish new woodland","url":"Click HERE to view the preferred habitat in our strategy"},"geometry":{"type":"Polygon","coordinates":[[[-2.7434,51.2927],[-2.74348,51.29225],[-2.74713,51.2926],[-2.74722,51.29268],[-2.74685,51.29441],[-2.7432,51.29373],[-2.7434,51.2927]]]}},{"type":"Feature","properties":{"cat":"Woodland","fill":"#2E7D32","text":"Establish new woodland","url":"Click HERE to view the preferred habitat in our strategy"},"geometry":{"type":"Polygon","coordinates":[[[-2.7426,51.29605],[-2.74168,51.29566],[-2.74008,51.29483],[-2.73916,51.2944],[-2.73866,51.2929],[-2.73813,51.29229],[-2.73818,51.29215],[-2.7434,51.2927],[-2.74273,51.29609],[-2.7426,51.29605]]]}},{"type":"Feature","properties":{"cat":"Woodland","fill":"#2E7D32","text":"Establish new woodland","url":"Click HERE to view the preferred habitat in our strategy"},"geometry":{"type":"Polygon","coordinates":[[[-2.83114,51.29659],[-2.83159,51.29659],[-2.8315,51.29824],[-2.83102,51.29819],[-2.83114,51.29659]]]}},{"type":"Feature","properties":{"cat":"Woodland","fill":"#2E7D32","text":"Establish new woodland","url":"Click HERE to view the preferred habitat in our strategy"},"geometry":{"type":"Polygon","coordinates":[[[-2.79302,51.30609],[-2.79308,51.3061],[-2.79339,51.30602],[-2.79521,51.30551],[-2.79557,51.30569],[-2.79597,51.30577],[-2.7961,51.30609],[-2.79406,51.30668],[-2.79346,51.30678],[-2.7931,51.30678],[-2.7931,51.30666],[-2.79276,51.30632],[-2.79285,51.3063],[-2.79285,51.30624],[-2.79293,51.30617],[-2.7929,51.30611],[-2.79302,51.30609]]]}},{"type":"Feature","properties":{"cat":"Woodland","fill":"#2E7D32","text":"Establish new woodland","url":"Click HERE to view the preferred habitat in our strategy"},"geometry":{"type":"Polygon","coordinates":[[[-2.79815,51.30834],[-2.79846,51.30867],[-2.79853,51.30882],[-2.79862,51.30892],[-2.79847,51.309],[-2.79844,51.30907],[-2.79848,51.30917],[-2.79782,51.30938],[-2.79744,51.3089],[-2.7982,51.30866],[-2.79793,51.30834],[-2.79811,51.30831],[-2.79815,51.30834]],[[-2.79808,51.30835],[-2.79797,51.30837],[-2.79801,51.30842],[-2.79811,51.3084],[-2.79808,51.30835]]]}},{"type":"Feature","properties":{"cat":"Woodland","fill":"#2E7D32","text":"Establish new woodland","url":"Click HERE to view the preferred habitat in our strategy"},"geometry":{"type":"Polygon","coordinates":[[[-2.79803,51.30681],[-2.79791,51.30674],[-2.79795,51.30666],[-2.79788,51.30657],[-2.79762,51.30651],[-2.79754,51.30644],[-2.79765,51.30638],[-2.79741,51.30612],[-2.79738,51.3061],[-2.79711,51.30616],[-2.79701,51.30591],[-2.79708,51.30589],[-2.7974,51.30606],[-2.7977,51.3064],[-2.79818,51.3067],[-2.79824,51.30681],[-2.79812,51.30685],[-2.79803,51.30681]]]}},{"type":"Feature","properties":{"cat":"Woodland","fill":"#2E7D32","text":"Establish new woodland","url":"Click HERE to view the preferred habitat in our strategy"},"geometry":{"type":"Polygon","coordinates":[[[-2.79209,51.30544],[-2.79212,51.30547],[-2.79198,51.3055],[-2.79233,51.30607],[-2.79246,51.3062],[-2.79242,51.3063],[-2.79234,51.30633],[-2.79073,51.30635],[-2.789,51.30631],[-2.78886,51.30584],[-2.78877,51.30533],[-2.79044,51.30533],[-2.79209,51.30544]]]}},{"type":"Feature","properties":{"cat":"Woodland","fill":"#2E7D32","text":"Establish new woodland","url":"Click HERE to view the preferred habitat in our strategy"},"geometry":{"type":"Polygon","coordinates":[[[-2.78244,51.3071],[-2.78112,51.30704],[-2.78102,51.30649],[-2.78037,51.30655],[-2.781,51.30642],[-2.78646,51.3055],[-2.78675,51.30679],[-2.78461,51.30703],[-2.78302,51.30712],[-2.78244,51.3071]]]}},{"type":"Feature","properties":{"cat":"Woodland","fill":"#2E7D32","text":"Establish trees outside of woodlands","url":"Click HERE to view the preferred habitat in our strategy"},"geometry":{"type":"Polygon","coordinates":[[[-2.80032,51.30827],[-2.80045,51.30847],[-2.80038,51.30842],[-2.80032,51.30827]]]}},{"type":"Feature","properties":{"cat":"Woodland","fill":"#2E7D32","text":"Improve structure and diversity of existing woodlands","url":"Click HERE to view the preferred habitat in our strategy"},"geometry":{"type":"Polygon","coordinates":[[[-2.77006,51.28606],[-2.76964,51.28656],[-2.76951,51.28679],[-2.76957,51.28691],[-2.76968,51.28688],[-2.76989,51.28697],[-2.77008,51.28713],[-2.77,51.28721],[-2.77008,51.28729],[-2.77021,51.28759],[-2.77024,51.2877],[-2.7702,51.28793],[-2.77053,51.28805],[-2.77111,51.28795],[-2.77109,51.28846],[-2.77096,51.28853],[-2.77069,51.28856],[-2.76987,51.28859],[-2.7685,51.2886],[-2.76825,51.28853],[-2.76817,51.28843],[-2.76818,51.28832],[-2.76851,51.28765],[-2.76884,51.28719],[-2.76931,51.28664],[-2.76968,51.28601],[-2.76989,51.28587],[-2.77001,51.28585],[-2.7701,51.28589],[-2.77018,51.28603],[-2.77006,51.28606]]]}},{"type":"Feature","properties":{"cat":"Woodland","fill":"#2E7D32","text":"Improve structure and diversity of existing woodlands","url":"Click HERE to view the preferred habitat in our strategy"},"geometry":{"type":"Polygon","coordinates":[[[-2.79849,51.30919],[-2.79861,51.30935],[-2.79886,51.30929],[-2.79893,51.3098],[-2.79889,51.30985],[-2.79881,51.30982],[-2.79864,51.30959],[-2.79851,51.30952],[-2.79847,51.30948],[-2.79851,51.30947],[-2.79848,51.30943],[-2.79835,51.30931],[-2.79815,51.30937],[-2.79835,51.30955],[-2.79845,51.30954],[-2.79843,51.30958],[-2.79845,51.3099],[-2.79841,51.30996],[-2.79814,51.30964],[-2.79805,51.3096],[-2.79796,51.3094],[-2.7978,51.30939],[-2.79848,51.30917],[-2.79849,51.30919]]]}},{"type":"Feature","properties":{"cat":"Woodland","fill":"#2E7D32","text":"Enhance ancient woodland and temperate rainforests","url":"Click HERE to view the preferred habitat in our strategy"},"geometry":{"type":"Polygon","coordinates":[[[-2.79851,51.31673],[-2.79877,51.3169],[-2.79894,51.3168],[-2.79908,51.3169],[-2.80026,51.3175],[-2.80104,51.31783],[-2.80148,51.31798],[-2.80208,51.31833],[-2.80181,51.31857],[-2.80161,51.31888],[-2.80158,51.31875],[-2.80148,51.31859],[-2.80134,51.31848],[-2.80096,51.31841],[-2.80068,51.3182],[-2.80028,51.31798],[-2.80011,51.31785],[-2.79985,51.31775],[-2.79972,51.31763],[-2.79937,51.31748],[-2.79918,51.31744],[-2.79877,51.31722],[-2.79851,51.31701],[-2.79833,51.31694],[-2.79836,51.31672],[-2.79848,51.3167],[-2.79851,51.31673]]]}},{"type":"Feature","properties":{"cat":"Woodland","fill":"#2E7D32","text":"Conserve and restore traditional orchards","url":"Click HERE to view the preferred habitat in our strategy"},"geometry":{"type":"Polygon","coordinates":[[[-2.77304,51.28353],[-2.7731,51.28354],[-2.77323,51.28347],[-2.77321,51.2834],[-2.7733,51.28339],[-2.77331,51.28333],[-2.77354,51.28331],[-2.77363,51.28307],[-2.77415,51.28304],[-2.77421,51.28329],[-2.7739,51.28333],[-2.77386,51.28337],[-2.77395,51.28365],[-2.77314,51.28376],[-2.77302,51.28361],[-2.77304,51.28353]]]}},{"type":"Feature","properties":{"cat":"Woodland","fill":"#2E7D32","text":"Establish new woodland","url":"Click HERE to view the preferred habitat in our strategy"},"geometry":{"type":"Polygon","coordinates":[[[-2.78058,51.30542],[-2.78048,51.30594],[-2.77826,51.30582],[-2.77834,51.30534],[-2.78063,51.30521],[-2.78058,51.30542]]]}},{"type":"Feature","properties":{"cat":"Woodland","fill":"#2E7D32","text":"Establish new woodland","url":"Click HERE to view the preferred habitat in our strategy"},"geometry":{"type":"Polygon","coordinates":[[[-2.79721,51.3034],[-2.79741,51.30416],[-2.79633,51.3042],[-2.79615,51.30349],[-2.79721,51.3034]]]}},{"type":"Feature","properties":{"cat":"Woodland","fill":"#2E7D32","text":"Establish new woodland","url":"Click HERE to view the preferred habitat in our strategy"},"geometry":{"type":"Polygon","coordinates":[[[-2.80215,51.31223],[-2.80215,51.31227],[-2.80209,51.31225],[-2.80212,51.31221],[-2.80215,51.31223]]]}},{"type":"Feature","properties":{"cat":"Woodland","fill":"#2E7D32","text":"Improve structure and diversity of existing woodlands","url":"Click HERE to view the preferred habitat in our strategy"},"geometry":{"type":"Polygon","coordinates":[[[-2.7757,51.30846],[-2.77563,51.30836],[-2.77533,51.30829],[-2.77517,51.30822],[-2.77506,51.30813],[-2.77496,51.30799],[-2.77474,51.30794],[-2.77462,51.30788],[-2.77455,51.30777],[-2.77437,51.30776],[-2.77414,51.30769],[-2.77315,51.30729],[-2.77304,51.30722],[-2.77298,51.30714],[-2.773,51.30699],[-2.7731,51.30687],[-2.77329,51.30677],[-2.77355,51.30673],[-2.77408,51.30673],[-2.77539,51.30682],[-2.77615,51.30698],[-2.77621,51.30703],[-2.7765,51.30761],[-2.77743,51.30916],[-2.77718,51.30919],[-2.77675,51.3089],[-2.77643,51.30874],[-2.7757,51.30849],[-2.7757,51.30846]]]}},{"type":"Feature","properties":{"cat":"Woodland","fill":"#2E7D32","text":"Establish new woodland","url":"Click HERE to view the preferred habitat in our strategy"},"geometry":{"type":"Polygon","coordinates":[[[-2.77812,51.30639],[-2.77873,51.30643],[-2.77846,51.30657],[-2.77846,51.30673],[-2.77834,51.30673],[-2.77804,51.30671],[-2.77812,51.30639]]]}},{"type":"Feature","properties":{"cat":"Woodland","fill":"#2E7D32","text":"Establish new woodland","url":"Click HERE to view the preferred habitat in our strategy"},"geometry":{"type":"Polygon","coordinates":[[[-2.78065,51.30781],[-2.7807,51.30735],[-2.78134,51.30731],[-2.7814,51.30727],[-2.78166,51.30733],[-2.78173,51.30783],[-2.78164,51.30794],[-2.78064,51.30792],[-2.78065,51.30781]],[[-2.78132,51.30742],[-2.78127,51.30742],[-2.78127,51.30745],[-2.78132,51.30745],[-2.78132,51.30742]]]}},{"type":"Feature","properties":{"cat":"Woodland","fill":"#2E7D32","text":"Establish new woodland","url":"Click HERE to view the preferred habitat in our strategy"},"geometry":{"type":"Polygon","coordinates":[[[-2.80309,51.31121],[-2.80351,51.31134],[-2.80437,51.31149],[-2.80533,51.3116],[-2.80504,51.3116],[-2.80445,51.31152],[-2.80351,51.31135],[-2.80322,51.31128],[-2.80309,51.31121]]]}},{"type":"Feature","properties":{"cat":"Woodland","fill":"#2E7D32","text":"Establish new woodland","url":"Click HERE to view the preferred habitat in our strategy"},"geometry":{"type":"Polygon","coordinates":[[[-2.79621,51.30449],[-2.79635,51.30488],[-2.79629,51.30495],[-2.79634,51.30497],[-2.79603,51.30508],[-2.7961,51.30518],[-2.79587,51.30525],[-2.7958,51.30531],[-2.7957,51.30529],[-2.79558,51.30497],[-2.79553,51.30473],[-2.79539,51.30454],[-2.79617,51.3044],[-2.79621,51.30449]]]}},{"type":"Feature","properties":{"cat":"Woodland","fill":"#2E7D32","text":"Establish new woodland","url":"Click HERE to view the preferred habitat in our strategy"},"geometry":{"type":"Polygon","coordinates":[[[-2.78913,51.30664],[-2.78675,51.30679],[-2.78645,51.30546],[-2.78702,51.3054],[-2.78877,51.30534],[-2.78894,51.30615],[-2.78913,51.30664]],[[-2.78891,51.30663],[-2.78882,51.30663],[-2.78882,51.30666],[-2.78891,51.30663]]]}},{"type":"Feature","properties":{"cat":"Woodland","fill":"#2E7D32","text":"Establish new woodland","url":"Click HERE to view the preferred habitat in our strategy"},"geometry":{"type":"Polygon","coordinates":[[[-2.80196,51.31268],[-2.80211,51.31275],[-2.80116,51.31267],[-2.80107,51.31251],[-2.80143,51.31246],[-2.80196,51.31268]]]}},{"type":"Feature","properties":{"cat":"Woodland","fill":"#2E7D32","text":"Establish new woodland","url":"Click HERE to view the preferred habitat in our strategy"},"geometry":{"type":"Polygon","coordinates":[[[-2.77603,51.30621],[-2.77812,51.30639],[-2.778,51.30687],[-2.77621,51.30677],[-2.77605,51.30659],[-2.77539,51.30616],[-2.77603,51.30621]]]}},{"type":"Feature","properties":{"cat":"Woodland","fill":"#2E7D32","text":"Establish new woodland","url":"Click HERE to view the preferred habitat in our strategy"},"geometry":{"type":"Polygon","coordinates":[[[-2.79821,51.30599],[-2.79864,51.30609],[-2.79912,51.30615],[-2.79885,51.30675],[-2.79789,51.30633],[-2.79818,51.30598],[-2.79821,51.30599]]]}},{"type":"Feature","properties":{"cat":"Woodland","fill":"#2E7D32","text":"Establish new woodland","url":"Click HERE to view the preferred habitat in our strategy"},"geometry":{"type":"Polygon","coordinates":[[[-2.72971,51.29404],[-2.72989,51.29463],[-2.72992,51.29489],[-2.72742,51.29486],[-2.72742,51.29395],[-2.72961,51.29376],[-2.72971,51.29404]]]}},{"type":"Feature","properties":{"cat":"Woodland","fill":"#2E7D32","text":"Establish new woodland","url":"Click HERE to view the preferred habitat in our strategy"},"geometry":{"type":"Polygon","coordinates":[[[-2.77933,51.3085],[-2.77826,51.30856],[-2.77799,51.30836],[-2.77836,51.30815],[-2.77865,51.30775],[-2.77943,51.30779],[-2.77933,51.3085]]]}},{"type":"Feature","properties":{"cat":"Woodland","fill":"#2E7D32","text":"Establish new woodland","url":"Click HERE to view the preferred habitat in our strategy"},"geometry":{"type":"Polygon","coordinates":[[[-2.78404,51.30973],[-2.78404,51.31009],[-2.78391,51.31036],[-2.78294,51.31006],[-2.78285,51.30974],[-2.78404,51.30973]]]}},{"type":"Feature","properties":{"cat":"Woodland","fill":"#2E7D32","text":"Establish trees outside of woodlands","url":"Click HERE to view the preferred habitat in our strategy"},"geometry":{"type":"Polygon","coordinates":[[[-2.79129,51.32506],[-2.79133,51.32502],[-2.79136,51.32503],[-2.79129,51.32506]]]}},{"type":"Feature","properties":{"cat":"Woodland","fill":"#2E7D32","text":"Establish trees outside of woodlands","url":"Click HERE to view the preferred habitat in our strategy"},"geometry":{"type":"Polygon","coordinates":[[[-2.76458,51.32253],[-2.76453,51.32248],[-2.76454,51.32236],[-2.76441,51.3222],[-2.76425,51.32212],[-2.76414,51.32195],[-2.76405,51.32189],[-2.76437,51.32191],[-2.76442,51.32207],[-2.76446,51.32211],[-2.76479,51.32227],[-2.76493,51.32242],[-2.76496,51.32246],[-2.76471,51.32255],[-2.76458,51.32253]]]}},{"type":"Feature","properties":{"cat":"Woodland","fill":"#2E7D32","text":"Establish trees outside of woodlands","url":"Click HERE to view the preferred habitat in our strategy"},"geometry":{"type":"Polygon","coordinates":[[[-2.78545,51.32402],[-2.78544,51.32421],[-2.78486,51.32412],[-2.78437,51.3241],[-2.78473,51.32408],[-2.7854,51.32416],[-2.78545,51.32414],[-2.78545,51.32402]]]}},{"type":"Feature","properties":{"cat":"Woodland","fill":"#2E7D32","text":"Establish trees outside of woodlands","url":"Click HERE to view the preferred habitat in our strategy"},"geometry":{"type":"Polygon","coordinates":[[[-2.78369,51.3241],[-2.7826,51.32402],[-2.78122,51.32381],[-2.78253,51.32398],[-2.78411,51.3241],[-2.78369,51.3241]]]}},{"type":"Feature","properties":{"cat":"Woodland","fill":"#2E7D32","text":"Establish trees outside of woodlands","url":"Click HERE to view the preferred habitat in our strategy"},"geometry":{"type":"Polygon","coordinates":[[[-2.78043,51.32375],[-2.77999,51.32369],[-2.77991,51.32364],[-2.78003,51.32365],[-2.78009,51.32369],[-2.78081,51.32377],[-2.78043,51.32375]]]}},{"type":"Feature","properties":{"cat":"Woodland","fill":"#2E7D32","text":"Establish trees outside of woodlands","url":"Click HERE to view the preferred habitat in our strategy"},"geometry":{"type":"Polygon","coordinates":[[[-2.79054,51.325],[-2.79102,51.32511],[-2.7912,51.32511],[-2.79136,51.32503],[-2.79163,51.32508],[-2.79141,51.32508],[-2.79122,51.32515],[-2.79071,51.32506],[-2.79033,51.32496],[-2.79054,51.325]]]}},{"type":"Feature","properties":{"cat":"Woodland","fill":"#2E7D32","text":"Establish new woodland","url":"Click HERE to view the preferred habitat in our strategy"},"geometry":{"type":"Polygon","coordinates":[[[-2.78065,51.30781],[-2.77878,51.30775],[-2.77877,51.30716],[-2.77953,51.30711],[-2.77963,51.30707],[-2.7806,51.30712],[-2.78065,51.30741],[-2.78069,51.30742],[-2.78065,51.30781]]]}},{"type":"Feature","properties":{"cat":"Woodland","fill":"#2E7D32","text":"Establish new woodland","url":"Click HERE to view the preferred habitat in our strategy"},"geometry":{"type":"Polygon","coordinates":[[[-2.74611,51.29824],[-2.74558,51.29821],[-2.74534,51.2981],[-2.74492,51.29797],[-2.74438,51.29785],[-2.7441,51.29763],[-2.74258,51.29712],[-2.74244,51.297],[-2.74215,51.29686],[-2.74139,51.29669],[-2.74103,51.29657],[-2.7405,51.29621],[-2.7402,51.2961],[-2.74003,51.29587],[-2.74013,51.29582],[-2.74015,51.29574],[-2.7401,51.29566],[-2.73987,51.2956],[-2.7397,51.29539],[-2.73943,51.29515],[-2.73928,51.29511],[-2.73908,51.29469],[-2.73904,51.29456],[-2.73906,51.29446],[-2.73911,51.29442],[-2.73957,51.29464],[-2.74069,51.29526],[-2.74178,51.2958],[-2.74274,51.29617],[-2.74386,51.29654],[-2.74589,51.29704],[-2.7468,51.2972],[-2.75142,51.29818],[-2.75141,51.2983],[-2.75089,51.29875],[-2.75027,51.29918],[-2.74985,51.29924],[-2.74888,51.29892],[-2.74882,51.29884],[-2.74786,51.29868],[-2.74734,51.29854],[-2.74651,51.29838],[-2.74629,51.29827],[-2.74611,51.29824]]]}},{"type":"Feature","properties":{"cat":"Woodland","fill":"#2E7D32","text":"Establish new woodland","url":"Click HERE to view the preferred habitat in our strategy"},"geometry":{"type":"Polygon","coordinates":[[[-2.72911,51.28701],[-2.7291,51.28695],[-2.73455,51.28709],[-2.73462,51.28732],[-2.73462,51.2875],[-2.7346,51.28758],[-2.73438,51.28793],[-2.73431,51.28812],[-2.73431,51.28823],[-2.73377,51.28818],[-2.73386,51.2886],[-2.73401,51.28902],[-2.73403,51.2892],[-2.72951,51.28984],[-2.72911,51.28701]]]}},{"type":"Feature","properties":{"cat":"Woodland","fill":"#2E7D32","text":"Establish new woodland","url":"Click HERE to view the preferred habitat in our strategy"},"geometry":{"type":"Polygon","coordinates":[[[-2.74109,51.30099],[-2.741,51.30095],[-2.74071,51.30091],[-2.74002,51.30091],[-2.73941,51.30067],[-2.7393,51.30053],[-2.73895,51.30053],[-2.73928,51.30024],[-2.73932,51.30004],[-2.73938,51.29994],[-2.73945,51.29991],[-2.73995,51.29993],[-2.74005,51.29978],[-2.74014,51.29972],[-2.73998,51.29929],[-2.73988,51.29918],[-2.73956,51.29901],[-2.73957,51.29899],[-2.73966,51.2989],[-2.74131,51.29779],[-2.74178,51.298],[-2.74214,51.29807],[-2.74304,51.29837],[-2.7433,51.29836],[-2.74371,51.29848],[-2.74405,51.29862],[-2.74494,51.29888],[-2.74534,51.29895],[-2.74581,51.2991],[-2.74634,51.29914],[-2.74753,51.29943],[-2.74758,51.29957],[-2.74558,51.29995],[-2.74451,51.30019],[-2.74191,51.30082],[-2.74125,51.30102],[-2.74109,51.30099]]]}},{"type":"Feature","properties":{"cat":"Woodland","fill":"#2E7D32","text":"Enhance ancient woodland and temperate rainforests","url":"Click HERE to view the preferred habitat in our strategy"},"geometry":{"type":"Polygon","coordinates":[[[-2.73733,51.30034],[-2.73672,51.30044],[-2.7367,51.30042],[-2.73701,51.30032],[-2.7371,51.30015],[-2.73729,51.30022],[-2.73759,51.30015],[-2.73768,51.3001],[-2.738,51.30012],[-2.738,51.30016],[-2.73791,51.30021],[-2.73797,51.30035],[-2.73797,51.30043],[-2.73793,51.30047],[-2.73779,51.30044],[-2.73763,51.30036],[-2.73733,51.30034]]]}},{"type":"Feature","properties":{"cat":"Woodland","fill":"#2E7D32","text":"Establish new woodland","url":"Click HERE to view the preferred habitat in our strategy"},"geometry":{"type":"Polygon","coordinates":[[[-2.73699,51.2999],[-2.73687,51.29996],[-2.73685,51.30002],[-2.73686,51.29992],[-2.73727,51.29956],[-2.73732,51.29942],[-2.73728,51.29925],[-2.73711,51.29905],[-2.73711,51.29895],[-2.73717,51.29892],[-2.73734,51.29917],[-2.73744,51.29943],[-2.7373,51.29968],[-2.73704,51.29989],[-2.73699,51.2999]]]}},{"type":"Feature","properties":{"cat":"Woodland","fill":"#2E7D32","text":"Improve structure and diversity of existing woodlands","url":"Click HERE to view the preferred habitat in our strategy"},"geometry":{"type":"Polygon","coordinates":[[[-2.77732,51.31899],[-2.77732,51.31907],[-2.77708,51.31909],[-2.77692,51.31922],[-2.7759,51.31899],[-2.77452,51.31843],[-2.77379,51.31805],[-2.77331,51.31771],[-2.77296,51.31741],[-2.77267,51.31712],[-2.77246,51.31677],[-2.77209,51.31629],[-2.77148,51.31584],[-2.77233,51.31592],[-2.77253,51.31581],[-2.77256,51.31576],[-2.77256,51.31565],[-2.77224,51.31503],[-2.77344,51.31545],[-2.77395,51.31571],[-2.77615,51.31696],[-2.77654,51.31721],[-2.77702,51.3176],[-2.77728,51.31791],[-2.77708,51.31798],[-2.77714,51.31883],[-2.77733,51.31884],[-2.77732,51.31899]]]}},{"type":"Feature","properties":{"cat":"Woodland","fill":"#2E7D32","text":"Improve structure and diversity of existing woodlands","url":"Click HERE to view the preferred habitat in our strategy"},"geometry":{"type":"Polygon","coordinates":[[[-2.76862,51.31809],[-2.7659,51.31748],[-2.76588,51.31716],[-2.76609,51.31602],[-2.76609,51.31578],[-2.76603,51.3155],[-2.76587,51.31504],[-2.76595,51.31485],[-2.76583,51.3147],[-2.7657,51.31416],[-2.76751,51.31437],[-2.76902,51.31492],[-2.76963,51.31583],[-2.769,51.31596],[-2.76946,51.31718],[-2.77013,51.31705],[-2.77027,51.31753],[-2.76891,51.31806],[-2.76862,51.31809]]]}},{"type":"Feature","properties":{"cat":"Woodland","fill":"#2E7D32","text":"Improve structure and diversity of existing woodlands","url":"Click HERE to view the preferred habitat in our strategy"},"geometry":{"type":"Polygon","coordinates":[[[-2.7849,51.32285],[-2.7849,51.32288],[-2.78358,51.32288],[-2.78251,51.32278],[-2.78246,51.32274],[-2.78236,51.32239],[-2.78289,51.32218],[-2.78442,51.32189],[-2.78449,51.32192],[-2.78481,51.3228],[-2.78494,51.3228],[-2.7849,51.32285]]]}},{"type":"Feature","properties":{"cat":"Woodland","fill":"#2E7D32","text":"Improve structure and diversity of existing woodlands","url":"Click HERE to view the preferred habitat in our strategy"},"geometry":{"type":"Polygon","coordinates":[[[-2.7702,51.28793],[-2.77024,51.2877],[-2.77021,51.28759],[-2.77008,51.28729],[-2.77,51.28721],[-2.77008,51.28713],[-2.76989,51.28697],[-2.76968,51.28688],[-2.76957,51.28691],[-2.76951,51.28679],[-2.76964,51.28656],[-2.77002,51.28608],[-2.77018,51.28603],[-2.77046,51.28638],[-2.77048,51.28646],[-2.7703,51.28659],[-2.76999,51.28675],[-2.77002,51.28677],[-2.77045,51.28654],[-2.77051,51.28654],[-2.77058,51.2866],[-2.77052,51.28679],[-2.77052,51.28689],[-2.77055,51.28689],[-2.77055,51.28679],[-2.77062,51.28658],[-2.7705,51.28638],[-2.77022,51.28603],[-2.77024,51.28602],[-2.77053,51.28636],[-2.77066,51.28655],[-2.77072,51.28653],[-2.77081,51.28638],[-2.77105,51.28618],[-2.77146,51.28591],[-2.77134,51.28611],[-2.77122,51.2862],[-2.77109,51.28642],[-2.77078,51.28663],[-2.77071,51.28674],[-2.77088,51.28686],[-2.77085,51.28699],[-2.77073,51.2871],[-2.77075,51.28717],[-2.77093,51.28732],[-2.77097,51.28739],[-2.77094,51.28765],[-2.77104,51.28774],[-2.7711,51.2879],[-2.77069,51.28796],[-2.7711,51.28793],[-2.77111,51.28795],[-2.77053,51.28805],[-2.7702,51.28793]],[[-2.77038,51.28651],[-2.77034,51.28648],[-2.76981,51.2868],[-2.76987,51.28684],[-2.76991,51.28682],[-2.76987,51.28679],[-2.77038,51.28651]]]}},{"type":"Feature","properties":{"cat":"Woodland","fill":"#2E7D32","text":"Improve structure and diversity of existing woodlands","url":"Click HERE to view the preferred habitat in our strategy"},"geometry":{"type":"Polygon","coordinates":[[[-2.77384,51.28566],[-2.77391,51.28594],[-2.77388,51.28613],[-2.77391,51.28662],[-2.77368,51.28664],[-2.7737,51.28654],[-2.77346,51.28661],[-2.77325,51.28639],[-2.77315,51.28645],[-2.77314,51.28642],[-2.77339,51.28625],[-2.77327,51.28573],[-2.77383,51.28563],[-2.77384,51.28566]]]}},{"type":"Feature","properties":{"cat":"Woodland","fill":"#2E7D32","text":"Improve structure and diversity of existing woodlands","url":"Click HERE to view the preferred habitat in our strategy"},"geometry":{"type":"Polygon","coordinates":[[[-2.7973,51.30583],[-2.79899,51.30611],[-2.80194,51.30646],[-2.80256,51.30648],[-2.80436,51.30633],[-2.8044,51.30637],[-2.80279,51.3065],[-2.80234,51.30651],[-2.80109,51.3064],[-2.79884,51.30612],[-2.79771,51.30591],[-2.79713,51.30588],[-2.79714,51.30584],[-2.7973,51.30583]]]}},{"type":"Feature","properties":{"cat":"Woodland","fill":"#2E7D32","text":"Improve structure and diversity of existing woodlands","url":"Click HERE to view the preferred habitat in our strategy"},"geometry":{"type":"Polygon","coordinates":[[[-2.77186,51.2838],[-2.77161,51.28398],[-2.77167,51.28401],[-2.77162,51.28409],[-2.7717,51.28427],[-2.77162,51.28442],[-2.77154,51.28447],[-2.77131,51.28442],[-2.77127,51.28444],[-2.77127,51.28452],[-2.77116,51.28453],[-2.77102,51.28437],[-2.77089,51.28428],[-2.77094,51.28418],[-2.77108,51.28414],[-2.77109,51.2841],[-2.77086,51.28389],[-2.77069,51.28388],[-2.77056,51.28391],[-2.7705,51.28374],[-2.77037,51.28362],[-2.77037,51.28358],[-2.77047,51.2835],[-2.77057,51.28349],[-2.77079,51.28354],[-2.77078,51.28362],[-2.77085,51.28366],[-2.77105,51.28367],[-2.77121,51.28362],[-2.77135,51.28366],[-2.77165,51.28364],[-2.77196,51.28373],[-2.77186,51.2838]]]}},{"type":"Feature","properties":{"cat":"Woodland","fill":"#2E7D32","text":"Improve structure and diversity of existing woodlands","url":"Click HERE to view the preferred habitat in our strategy"},"geometry":{"type":"Polygon","coordinates":[[[-2.78689,51.30243],[-2.78643,51.30146],[-2.78656,51.30094],[-2.78638,51.30065],[-2.78669,51.30068],[-2.7868,51.30063],[-2.78682,51.3006],[-2.78676,51.30045],[-2.78686,51.30035],[-2.78678,51.30027],[-2.78677,51.30019],[-2.78686,51.30004],[-2.78749,51.29972],[-2.78774,51.29952],[-2.78822,51.29936],[-2.78828,51.29941],[-2.78813,51.29948],[-2.78826,51.29947],[-2.78834,51.29951],[-2.78832,51.29964],[-2.78835,51.29966],[-2.78893,51.29959],[-2.78894,51.29964],[-2.78833,51.29972],[-2.78864,51.29974],[-2.78877,51.29968],[-2.7894,51.29961],[-2.78961,51.2998],[-2.78937,51.29978],[-2.78914,51.29986],[-2.78887,51.29988],[-2.78871,51.29981],[-2.78823,51.29983],[-2.78791,51.29974],[-2.78764,51.29989],[-2.78797,51.30012],[-2.78812,51.30008],[-2.78834,51.30008],[-2.78845,51.3],[-2.78869,51.29994],[-2.78915,51.29994],[-2.78942,51.29989],[-2.78982,51.29999],[-2.79029,51.30066],[-2.7905,51.30083],[-2.79142,51.3011],[-2.79199,51.30114],[-2.7921,51.30119],[-2.79213,51.30125],[-2.79212,51.30132],[-2.79173,51.30147],[-2.79165,51.30145],[-2.79181,51.3014],[-2.79158,51.3014],[-2.79139,51.30136],[-2.79053,51.30107],[-2.79015,51.30087],[-2.79,51.30075],[-2.78996,51.30055],[-2.79003,51.30044],[-2.7899,51.30022],[-2.7898,51.30015],[-2.78964,51.30021],[-2.78947,51.30035],[-2.78934,51.30054],[-2.78929,51.30077],[-2.78946,51.3009],[-2.78948,51.30102],[-2.78943,51.30112],[-2.78927,51.30127],[-2.78927,51.30151],[-2.78923,51.30158],[-2.78887,51.30189],[-2.7886,51.30219],[-2.78852,51.30236],[-2.78848,51.30237],[-2.7886,51.30244],[-2.7889,51.30243],[-2.78895,51.30304],[-2.78723,51.30313],[-2.78713,51.30272],[-2.78675,51.30256],[-2.78689,51.30243]],[[-2.7881,51.30023],[-2.78803,51.3002],[-2.78792,51.3003],[-2.78799,51.30033],[-2.7881,51.30023]],[[-2.78916,51.29982],[-2.78917,51.29979],[-2.78884,51.29975],[-2.78883,51.29978],[-2.78916,51.29982]],[[-2.78935,51.29963],[-2.78926,51.29964],[-2.78926,51.29966],[-2.78935,51.29965],[-2.78935,51.29963]]]}},{"type":"Feature","properties":{"cat":"Woodland","fill":"#2E7D32","text":"Improve structure and diversity of existing woodlands","url":"Click HERE to view the preferred habitat in our strategy"},"geometry":{"type":"Polygon","coordinates":[[[-2.80197,51.30643],[-2.79892,51.30608],[-2.79741,51.30581],[-2.797,51.3058],[-2.79701,51.30578],[-2.79764,51.30581],[-2.79915,51.30607],[-2.80242,51.30644],[-2.80392,51.30632],[-2.8039,51.30635],[-2.80255,51.30646],[-2.80197,51.30643]]]}},{"type":"Feature","properties":{"cat":"Woodland","fill":"#2E7D32","text":"Enhance ancient woodland and temperate rainforests","url":"Click HERE to view the preferred habitat in our strategy"},"geometry":{"type":"Polygon","coordinates":[[[-2.76401,51.27974],[-2.76417,51.27973],[-2.76418,51.27981],[-2.76388,51.27982],[-2.76384,51.27978],[-2.76401,51.27974]]]}},{"type":"Feature","properties":{"cat":"Woodland","fill":"#2E7D32","text":"Enhance ancient woodland and temperate rainforests","url":"Click HERE to view the preferred habitat in our strategy"},"geometry":{"type":"Polygon","coordinates":[[[-2.73719,51.30072],[-2.73692,51.30061],[-2.73677,51.30051],[-2.73672,51.30044],[-2.73723,51.30035],[-2.73763,51.30036],[-2.73754,51.30041],[-2.73757,51.30043],[-2.73766,51.30038],[-2.73773,51.3004],[-2.73759,51.30043],[-2.73762,51.30045],[-2.73755,51.30049],[-2.73747,51.30046],[-2.73739,51.3005],[-2.7374,51.30052],[-2.73733,51.30055],[-2.73736,51.30058],[-2.73729,51.30058],[-2.7373,51.30064],[-2.73724,51.30064],[-2.73724,51.30075],[-2.73744,51.30075],[-2.73746,51.30058],[-2.73756,51.30052],[-2.73771,51.30053],[-2.7377,51.30056],[-2.73779,51.30057],[-2.73779,51.30053],[-2.73787,51.30051],[-2.73791,51.30052],[-2.73797,51.30062],[-2.73797,51.30075],[-2.7378,51.30079],[-2.73717,51.30078],[-2.73719,51.30072]],[[-2.73754,51.30066],[-2.73755,51.30074],[-2.73778,51.30075],[-2.73778,51.30068],[-2.73754,51.30066]]]}},{"type":"Feature","properties":{"cat":"Woodland","fill":"#2E7D32","text":"Enhance ancient woodland and temperate rainforests","url":"Click HERE to view the preferred habitat in our strategy"},"geometry":{"type":"Polygon","coordinates":[[[-2.74454,51.29807],[-2.74455,51.29828],[-2.74454,51.29831],[-2.7445,51.2983],[-2.74236,51.29768],[-2.7407,51.2971],[-2.73999,51.29701],[-2.73983,51.29694],[-2.73978,51.29683],[-2.73985,51.29681],[-2.74007,51.29692],[-2.74078,51.297],[-2.74089,51.297],[-2.74098,51.29694],[-2.74104,51.29686],[-2.74104,51.2968],[-2.74097,51.29667],[-2.74051,51.29622],[-2.74103,51.29657],[-2.74139,51.29669],[-2.74215,51.29686],[-2.74244,51.297],[-2.74258,51.29712],[-2.7441,51.29763],[-2.74438,51.29785],[-2.74449,51.29788],[-2.74454,51.29807]]]}},{"type":"Feature","properties":{"cat":"Woodland","fill":"#2E7D32","text":"Conserve and restore traditional orchards","url":"Click HERE to view the preferred habitat in our strategy"},"geometry":{"type":"Polygon","coordinates":[[[-2.84542,51.29392],[-2.84507,51.29385],[-2.8451,51.29362],[-2.84525,51.29334],[-2.84546,51.2933],[-2.84561,51.29334],[-2.84577,51.29346],[-2.84621,51.29368],[-2.84639,51.2937],[-2.84675,51.29358],[-2.84671,51.2941],[-2.84582,51.29401],[-2.84542,51.29392]],[[-2.84551,51.29389],[-2.8455,51.29392],[-2.84554,51.29393],[-2.84555,51.2939],[-2.84551,51.29389]]]}},{"type":"Feature","properties":{"cat":"Woodland","fill":"#2E7D32","text":"Improve structure and diversity of existing woodlands","url":"Click HERE to view the preferred habitat in our strategy"},"geometry":{"type":"Polygon","coordinates":[[[-2.76855,51.28408],[-2.76847,51.28431],[-2.7682,51.28417],[-2.76855,51.28403],[-2.76855,51.28408]]]}},{"type":"Feature","properties":{"cat":"Woodland","fill":"#2E7D32","text":"Conserve and restore traditional orchards","url":"Click HERE to view the preferred habitat in our strategy"},"geometry":{"type":"Polygon","coordinates":[[[-2.85382,51.27962],[-2.85361,51.27952],[-2.85335,51.27919],[-2.8532,51.27907],[-2.85334,51.27903],[-2.85347,51.27913],[-2.85354,51.27923],[-2.85392,51.27932],[-2.85402,51.27943],[-2.85404,51.27956],[-2.85382,51.27962]]]}},{"type":"Feature","properties":{"cat":"Woodland","fill":"#2E7D32","text":"Establish new woodland","url":"Click HERE to view the preferred habitat in our strategy"},"geometry":{"type":"Polygon","coordinates":[[[-2.7828,51.30995],[-2.78288,51.31018],[-2.78246,51.31021],[-2.78243,51.30997],[-2.7828,51.30995]]]}},{"type":"Feature","properties":{"cat":"Woodland","fill":"#2E7D32","text":"Establish new woodland","url":"Click HERE to view the preferred habitat in our strategy"},"geometry":{"type":"Polygon","coordinates":[[[-2.82198,51.30107],[-2.82233,51.30096],[-2.82344,51.30094],[-2.82238,51.30097],[-2.82198,51.30107]]]}},{"type":"Feature","properties":{"cat":"Woodland","fill":"#2E7D32","text":"Conserve and restore traditional orchards","url":"Click HERE to view the preferred habitat in our strategy"},"geometry":{"type":"Polygon","coordinates":[[[-2.85148,51.28023],[-2.85152,51.28026],[-2.85165,51.2802],[-2.85231,51.27983],[-2.85296,51.28037],[-2.85298,51.28045],[-2.85223,51.28094],[-2.85141,51.28043],[-2.85159,51.28048],[-2.85189,51.28069],[-2.85198,51.28064],[-2.85169,51.28043],[-2.85163,51.28046],[-2.85152,51.2804],[-2.8515,51.28034],[-2.85155,51.28032],[-2.8515,51.28027],[-2.85145,51.28029],[-2.85141,51.28026],[-2.85148,51.28023]]]}},{"type":"Feature","properties":{"cat":"Woodland","fill":"#2E7D32","text":"Establish new woodland","url":"Click HERE to view the preferred habitat in our strategy"},"geometry":{"type":"Polygon","coordinates":[[[-2.82369,51.30094],[-2.82383,51.30093],[-2.82398,51.30093],[-2.82414,51.30093],[-2.82429,51.30092],[-2.82444,51.30092],[-2.82457,51.30092],[-2.82472,51.30092],[-2.82476,51.30092],[-2.82364,51.30094],[-2.82369,51.30094]]]}},{"type":"Feature","properties":{"cat":"Woodland","fill":"#2E7D32","text":"Establish new woodland","url":"Click HERE to view the preferred habitat in our strategy"},"geometry":{"type":"Polygon","coordinates":[[[-2.80261,51.31186],[-2.80277,51.31191],[-2.80238,51.31206],[-2.80213,51.31221],[-2.80131,51.31223],[-2.8013,51.31188],[-2.80261,51.31186]]]}},{"type":"Feature","properties":{"cat":"Woodland","fill":"#2E7D32","text":"Establish new woodland","url":"Click HERE to view the preferred habitat in our strategy"},"geometry":{"type":"Polygon","coordinates":[[[-2.81987,51.30101],[-2.82059,51.30085],[-2.81984,51.30104],[-2.81975,51.30102],[-2.81987,51.30101]]]}},{"type":"Feature","properties":{"cat":"Woodland","fill":"#2E7D32","text":"Establish new woodland","url":"Click HERE to view the preferred habitat in our strategy"},"geometry":{"type":"Polygon","coordinates":[[[-2.76459,51.28029],[-2.7643,51.28037],[-2.76322,51.28037],[-2.76299,51.28007],[-2.76302,51.27998],[-2.76344,51.28006],[-2.76378,51.27985],[-2.76412,51.27981],[-2.76426,51.27996],[-2.76466,51.28025],[-2.76467,51.28027],[-2.76459,51.28029]]]}},{"type":"Feature","properties":{"cat":"Woodland","fill":"#2E7D32","text":"Establish new woodland","url":"Click HERE to view the preferred habitat in our strategy"},"geometry":{"type":"Polygon","coordinates":[[[-2.74589,51.29704],[-2.74386,51.29654],[-2.74224,51.29599],[-2.74131,51.29558],[-2.73981,51.29476],[-2.73911,51.29442],[-2.73916,51.2944],[-2.74008,51.29483],[-2.74097,51.29531],[-2.74234,51.29596],[-2.74425,51.2966],[-2.74632,51.29709],[-2.74652,51.2971],[-2.7472,51.29723],[-2.75142,51.29815],[-2.75142,51.29818],[-2.7468,51.2972],[-2.74589,51.29704]]]}},{"type":"Feature","properties":{"cat":"Woodland","fill":"#2E7D32","text":"Establish new woodland","url":"Click HERE to view the preferred habitat in our strategy"},"geometry":{"type":"Polygon","coordinates":[[[-2.83057,51.29969],[-2.83045,51.30021],[-2.83001,51.30028],[-2.82987,51.30024],[-2.82974,51.30014],[-2.82958,51.29994],[-2.82951,51.29976],[-2.82937,51.29918],[-2.82936,51.2987],[-2.82922,51.2982],[-2.82916,51.29781],[-2.82919,51.29771],[-2.82939,51.2974],[-2.82947,51.29711],[-2.82947,51.29695],[-2.82962,51.29652],[-2.83061,51.2966],[-2.83058,51.29703],[-2.83061,51.29824],[-2.83066,51.29893],[-2.83057,51.29969]]]}},{"type":"Feature","properties":{"cat":"Woodland","fill":"#2E7D32","text":"Establish new woodland","url":"Click HERE to view the preferred habitat in our strategy"},"geometry":{"type":"Polygon","coordinates":[[[-2.8157,51.30123],[-2.81571,51.30123],[-2.8159,51.30122],[-2.81607,51.30121],[-2.81608,51.30121],[-2.81625,51.30121],[-2.81626,51.30121],[-2.81594,51.30123],[-2.8157,51.30124],[-2.8157,51.30123]]]}},{"type":"Feature","properties":{"cat":"Woodland","fill":"#2E7D32","text":"Establish new woodland","url":"Click HERE to view the preferred habitat in our strategy"},"geometry":{"type":"Polygon","coordinates":[[[-2.8165,51.30118],[-2.81653,51.30118],[-2.81658,51.30118],[-2.8165,51.30119],[-2.8165,51.30118]]]}},{"type":"Feature","properties":{"cat":"Woodland","fill":"#2E7D32","text":"Establish new woodland","url":"Click HERE to view the preferred habitat in our strategy"},"geometry":{"type":"Polygon","coordinates":[[[-2.81858,51.30099],[-2.81859,51.30099],[-2.81865,51.30098],[-2.81869,51.30097],[-2.81878,51.30096],[-2.81883,51.30095],[-2.81884,51.30095],[-2.81885,51.30094],[-2.81887,51.30094],[-2.81889,51.30094],[-2.81891,51.30094],[-2.81898,51.30094],[-2.81899,51.30094],[-2.819,51.30094],[-2.81858,51.30099],[-2.81858,51.30099]]]}},{"type":"Feature","properties":{"cat":"Woodland","fill":"#2E7D32","text":"Establish new woodland","url":"Click HERE to view the preferred habitat in our strategy"},"geometry":{"type":"Polygon","coordinates":[[[-2.81913,51.30093],[-2.81915,51.30093],[-2.81919,51.30094],[-2.81932,51.30096],[-2.81939,51.30097],[-2.81944,51.30098],[-2.81946,51.30098],[-2.81912,51.30093],[-2.81913,51.30093]]]}},{"type":"Feature","properties":{"cat":"Woodland","fill":"#2E7D32","text":"Establish new woodland","url":"Click HERE to view the preferred habitat in our strategy"},"geometry":{"type":"Polygon","coordinates":[[[-2.74009,51.28383],[-2.74106,51.28438],[-2.74182,51.28515],[-2.7413,51.28591],[-2.73873,51.28573],[-2.73752,51.28471],[-2.73754,51.28465],[-2.73993,51.28391],[-2.73998,51.28376],[-2.74009,51.28383]]]}},{"type":"Feature","properties":{"cat":"Woodland","fill":"#2E7D32","text":"Establish new woodland","url":"Click HERE to view the preferred habitat in our strategy"},"geometry":{"type":"Polygon","coordinates":[[[-2.74685,51.29445],[-2.74628,51.29708],[-2.74425,51.2966],[-2.74273,51.29609],[-2.7432,51.29373],[-2.74685,51.29441],[-2.74685,51.29445]]]}},{"type":"Feature","properties":{"cat":"Woodland","fill":"#2E7D32","text":"Establish new woodland","url":"Click HERE to view the preferred habitat in our strategy"},"geometry":{"type":"Polygon","coordinates":[[[-2.84525,51.29388],[-2.84582,51.29401],[-2.84686,51.29412],[-2.84677,51.29495],[-2.8466,51.29577],[-2.8455,51.29582],[-2.84518,51.29575],[-2.84532,51.29529],[-2.84506,51.29543],[-2.84495,51.29566],[-2.84467,51.29556],[-2.84465,51.29553],[-2.84468,51.2951],[-2.84489,51.2944],[-2.84495,51.29438],[-2.845,51.29422],[-2.84507,51.29385],[-2.84525,51.29388]]]}},{"type":"Feature","properties":{"cat":"Woodland","fill":"#2E7D32","text":"Establish new woodland","url":"Click HERE to view the preferred habitat in our strategy"},"geometry":{"type":"Polygon","coordinates":[[[-2.78064,51.30792],[-2.78164,51.30794],[-2.78173,51.30783],[-2.78177,51.30783],[-2.78174,51.30766],[-2.78177,51.30762],[-2.78187,51.30836],[-2.78058,51.30843],[-2.78064,51.30792]]]}},{"type":"Feature","properties":{"cat":"Woodland","fill":"#2E7D32","text":"Establish new woodland","url":"Click HERE to view the preferred habitat in our strategy"},"geometry":{"type":"Polygon","coordinates":[[[-2.80215,51.31227],[-2.80267,51.31235],[-2.80249,51.31258],[-2.8024,51.31284],[-2.80226,51.31284],[-2.80216,51.31277],[-2.8018,51.31262],[-2.80209,51.31225],[-2.80215,51.31227]]]}},{"type":"Feature","properties":{"cat":"Woodland","fill":"#2E7D32","text":"Establish new woodland","url":"Click HERE to view the preferred habitat in our strategy"},"geometry":{"type":"Polygon","coordinates":[[[-2.78073,51.30712],[-2.78117,51.30713],[-2.78119,51.30723],[-2.78123,51.30725],[-2.78122,51.30729],[-2.7807,51.30732],[-2.78073,51.30712]]]}},{"type":"Feature","properties":{"cat":"Woodland","fill":"#2E7D32","text":"Establish new woodland","url":"Click HERE to view the preferred habitat in our strategy"},"geometry":{"type":"Polygon","coordinates":[[[-2.79522,51.3021],[-2.79577,51.30277],[-2.79587,51.30302],[-2.79573,51.30304],[-2.79568,51.30287],[-2.79511,51.30214],[-2.79522,51.3021]]]}},{"type":"Feature","properties":{"cat":"Woodland","fill":"#2E7D32","text":"Establish new woodland","url":"Click HERE to view the preferred habitat in our strategy"},"geometry":{"type":"Polygon","coordinates":[[[-2.80277,51.31191],[-2.80322,51.31203],[-2.80356,51.31207],[-2.80337,51.31246],[-2.80215,51.31227],[-2.80212,51.31221],[-2.80223,51.31214],[-2.80277,51.31191]]]}},{"type":"Feature","properties":{"cat":"Woodland","fill":"#2E7D32","text":"Establish new woodland","url":"Click HERE to view the preferred habitat in our strategy"},"geometry":{"type":"Polygon","coordinates":[[[-2.80467,51.31288],[-2.80325,51.31288],[-2.80335,51.31251],[-2.80356,51.31207],[-2.80391,51.31212],[-2.80506,51.31211],[-2.80477,51.31289],[-2.80467,51.31288]]]}},{"type":"Feature","properties":{"cat":"Woodland","fill":"#2E7D32","text":"Establish new woodland","url":"Click HERE to view the preferred habitat in our strategy"},"geometry":{"type":"Polygon","coordinates":[[[-2.80992,51.30436],[-2.80992,51.3056],[-2.80808,51.30587],[-2.80781,51.30495],[-2.80822,51.30473],[-2.80964,51.30452],[-2.80986,51.30437],[-2.80992,51.30436]]]}},{"type":"Feature","properties":{"cat":"Woodland","fill":"#2E7D32","text":"Establish new woodland","url":"Click HERE to view the preferred habitat in our strategy"},"geometry":{"type":"Polygon","coordinates":[[[-2.79968,51.31689],[-2.79954,51.31698],[-2.79899,51.3167],[-2.7988,51.31654],[-2.79895,51.3165],[-2.79968,51.3168],[-2.79974,51.31685],[-2.79968,51.31689]]]}},{"type":"Feature","properties":{"cat":"Woodland","fill":"#2E7D32","text":"Establish new woodland","url":"Click HERE to view the preferred habitat in our strategy"},"geometry":{"type":"Polygon","coordinates":[[[-2.79789,51.30633],[-2.79885,51.30675],[-2.79882,51.30682],[-2.79852,51.30681],[-2.7984,51.30676],[-2.79852,51.30675],[-2.79852,51.30668],[-2.79844,51.30664],[-2.79835,51.30668],[-2.79816,51.30665],[-2.79773,51.30638],[-2.79755,51.3062],[-2.79752,51.30615],[-2.79789,51.30633]]]}},{"type":"Feature","properties":{"cat":"Woodland","fill":"#2E7D32","text":"Establish new woodland","url":"Click HERE to view the preferred habitat in our strategy"},"geometry":{"type":"Polygon","coordinates":[[[-2.8084,51.30033],[-2.80846,51.30166],[-2.80697,51.30191],[-2.80695,51.30195],[-2.80677,51.30014],[-2.80839,51.30009],[-2.8084,51.30033]]]}},{"type":"Feature","properties":{"cat":"Woodland","fill":"#2E7D32","text":"Establish new woodland","url":"Click HERE to view the preferred habitat in our strategy"},"geometry":{"type":"Polygon","coordinates":[[[-2.80531,51.30759],[-2.80484,51.30684],[-2.80449,51.30636],[-2.80643,51.3062],[-2.80762,51.30604],[-2.80787,51.30613],[-2.80805,51.30637],[-2.80811,51.30748],[-2.80829,51.30763],[-2.80828,51.30768],[-2.80554,51.30795],[-2.80531,51.30759]]]}},{"type":"Feature","properties":{"cat":"Woodland","fill":"#2E7D32","text":"Establish new woodland","url":"Click HERE to view the preferred habitat in our strategy"},"geometry":{"type":"Polygon","coordinates":[[[-2.80831,51.3117],[-2.80982,51.3113],[-2.81016,51.31125],[-2.81033,51.31133],[-2.81005,51.31128],[-2.80832,51.31172],[-2.80831,51.3117]]]}},{"type":"Feature","properties":{"cat":"Woodland","fill":"#2E7D32","text":"Establish new woodland","url":"Click HERE to view the preferred habitat in our strategy"},"geometry":{"type":"Polygon","coordinates":[[[-2.7299,51.29475],[-2.72978,51.29423],[-2.72961,51.29376],[-2.73036,51.29363],[-2.73182,51.29331],[-2.7328,51.29317],[-2.7347,51.29269],[-2.73487,51.29291],[-2.73498,51.29318],[-2.735,51.2933],[-2.73496,51.2934],[-2.73493,51.29371],[-2.735,51.29401],[-2.73511,51.29418],[-2.73519,51.29441],[-2.7356,51.29497],[-2.73404,51.29491],[-2.73061,51.29485],[-2.72992,51.29489],[-2.7299,51.29475]]]}},{"type":"Feature","properties":{"cat":"Woodland","fill":"#2E7D32","text":"Improve structure and diversity of existing woodlands","url":"Click HERE to view the preferred habitat in our strategy"},"geometry":{"type":"Polygon","coordinates":[[[-2.80997,51.30436],[-2.81003,51.3038],[-2.81005,51.30387],[-2.81002,51.30435],[-2.80997,51.30436]]]}},{"type":"Feature","properties":{"cat":"Woodland","fill":"#2E7D32","text":"Establish new woodland","url":"Click HERE to view the preferred habitat in our strategy"},"geometry":{"type":"Polygon","coordinates":[[[-2.80694,51.31007],[-2.80725,51.31061],[-2.8072,51.31073],[-2.80727,51.31114],[-2.80719,51.31121],[-2.80721,51.31135],[-2.80711,51.31147],[-2.80707,51.3116],[-2.80709,51.31186],[-2.80713,51.31192],[-2.80682,51.31163],[-2.8066,51.3115],[-2.80607,51.31145],[-2.80473,51.31096],[-2.80398,51.31084],[-2.80339,51.31065],[-2.80688,51.30998],[-2.80694,51.31007]]]}},{"type":"Feature","properties":{"cat":"Woodland","fill":"#2E7D32","text":"Establish new woodland","url":"Click HERE to view the preferred habitat in our strategy"},"geometry":{"type":"Polygon","coordinates":[[[-2.80455,51.30644],[-2.80484,51.30684],[-2.80531,51.3076],[-2.80411,51.3078],[-2.80205,51.30807],[-2.80133,51.30693],[-2.80235,51.30651],[-2.80279,51.3065],[-2.80445,51.30636],[-2.80449,51.30636],[-2.80455,51.30644]],[[-2.8044,51.30638],[-2.80426,51.30639],[-2.80427,51.30642],[-2.80441,51.30641],[-2.8044,51.30638]]]}},{"type":"Feature","properties":{"cat":"Woodland","fill":"#2E7D32","text":"Establish new woodland","url":"Click HERE to view the preferred habitat in our strategy"},"geometry":{"type":"Polygon","coordinates":[[[-2.75187,51.29724],[-2.75191,51.29713],[-2.75257,51.29723],[-2.75292,51.29641],[-2.75331,51.29578],[-2.75342,51.29555],[-2.75333,51.29548],[-2.75341,51.29511],[-2.75396,51.29443],[-2.75422,51.29362],[-2.75799,51.29397],[-2.75805,51.29402],[-2.75862,51.29526],[-2.75844,51.29532],[-2.75843,51.29535],[-2.75869,51.29619],[-2.75869,51.29652],[-2.75859,51.29652],[-2.75872,51.29731],[-2.75868,51.2979],[-2.75873,51.29796],[-2.75746,51.2985],[-2.75649,51.29864],[-2.75558,51.29863],[-2.75157,51.29818],[-2.7517,51.29785],[-2.75187,51.29724]],[[-2.7583,51.29637],[-2.75801,51.29638],[-2.75801,51.29646],[-2.75809,51.29646],[-2.75809,51.29651],[-2.7583,51.29651],[-2.7583,51.29637]]]}},{"type":"Feature","properties":{"cat":"Woodland","fill":"#2E7D32","text":"Establish new woodland","url":"Click HERE to view the preferred habitat in our strategy"},"geometry":{"type":"Polygon","coordinates":[[[-2.79262,51.30618],[-2.79213,51.30547],[-2.79283,51.30542],[-2.79385,51.30525],[-2.79421,51.30579],[-2.79308,51.3061],[-2.7929,51.30611],[-2.79262,51.30618]]]}},{"type":"Feature","properties":{"cat":"Woodland","fill":"#2E7D32","text":"Establish new woodland","url":"Click HERE to view the preferred habitat in our strategy"},"geometry":{"type":"Polygon","coordinates":[[[-2.80254,51.30942],[-2.8025,51.30942],[-2.80253,51.30963],[-2.80207,51.30919],[-2.80172,51.30864],[-2.80153,51.30813],[-2.80278,51.30799],[-2.80426,51.30777],[-2.80441,51.30789],[-2.80466,51.30795],[-2.80504,51.30797],[-2.80554,51.30795],[-2.80587,51.30846],[-2.80424,51.30921],[-2.80385,51.30935],[-2.80266,51.30988],[-2.80257,51.30968],[-2.80254,51.30942]]]}},{"type":"Feature","properties":{"cat":"Woodland","fill":"#2E7D32","text":"Establish new woodland","url":"Click HERE to view the preferred habitat in our strategy"},"geometry":{"type":"Polygon","coordinates":[[[-2.83102,51.29819],[-2.8315,51.29824],[-2.83141,51.29945],[-2.831,51.29945],[-2.83096,51.2987],[-2.83102,51.29819]]]}},{"type":"Feature","properties":{"cat":"Woodland","fill":"#2E7D32","text":"Establish new woodland","url":"Click HERE to view the preferred habitat in our strategy"},"geometry":{"type":"Polygon","coordinates":[[[-2.7796,51.30979],[-2.77933,51.3097],[-2.77894,51.30913],[-2.77826,51.30856],[-2.78187,51.30836],[-2.78204,51.30967],[-2.7796,51.30979]]]}},{"type":"Feature","properties":{"cat":"Woodland","fill":"#2E7D32","text":"Establish new woodland","url":"Click HERE to view the preferred habitat in our strategy"},"geometry":{"type":"Polygon","coordinates":[[[-2.81008,51.30211],[-2.80985,51.30198],[-2.80968,51.30217],[-2.80958,51.30245],[-2.80956,51.30276],[-2.8095,51.30283],[-2.80925,51.30295],[-2.80917,51.30302],[-2.80916,51.30308],[-2.80925,51.30323],[-2.8092,51.30336],[-2.80808,51.30383],[-2.80779,51.30403],[-2.80757,51.30408],[-2.80696,51.30199],[-2.81022,51.30145],[-2.81015,51.30214],[-2.81008,51.30211]]]}},{"type":"Feature","properties":{"cat":"Woodland","fill":"#2E7D32","text":"Establish new woodland","url":"Click HERE to view the preferred habitat in our strategy"},"geometry":{"type":"Polygon","coordinates":[[[-2.78271,51.30965],[-2.78274,51.30975],[-2.7824,51.30978],[-2.78257,51.31107],[-2.78238,51.31114],[-2.78234,51.31089],[-2.78162,51.311],[-2.7813,51.31079],[-2.78099,51.31098],[-2.77993,51.31026],[-2.7796,51.30978],[-2.78271,51.30965]]]}},{"type":"Feature","properties":{"cat":"Woodland","fill":"#2E7D32","text":"Establish new woodland","url":"Click HERE to view the preferred habitat in our strategy"},"geometry":{"type":"Polygon","coordinates":[[[-2.72999,51.29489],[-2.73061,51.29485],[-2.73407,51.29492],[-2.73458,51.297],[-2.7317,51.29684],[-2.73065,51.29674],[-2.72995,51.29663],[-2.72988,51.29665],[-2.72984,51.29662],[-2.72992,51.29573],[-2.72992,51.29489],[-2.72999,51.29489]]]}},{"type":"Feature","properties":{"cat":"Woodland","fill":"#2E7D32","text":"Establish new woodland","url":"Click HERE to view the preferred habitat in our strategy"},"geometry":{"type":"Polygon","coordinates":[[[-2.77709,51.30769],[-2.77672,51.30737],[-2.77717,51.30733],[-2.7779,51.30737],[-2.77789,51.30743],[-2.77759,51.30793],[-2.77751,51.30801],[-2.77709,51.30769]]]}},{"type":"Feature","properties":{"cat":"Woodland","fill":"#2E7D32","text":"Establish new woodland","url":"Click HERE to view the preferred habitat in our strategy"},"geometry":{"type":"Polygon","coordinates":[[[-2.80587,51.30846],[-2.80688,51.30999],[-2.80339,51.31065],[-2.80308,51.3104],[-2.80266,51.30988],[-2.80385,51.30935],[-2.80424,51.30921],[-2.80587,51.30846]]]}},{"type":"Feature","properties":{"cat":"Woodland","fill":"#2E7D32","text":"Establish new woodland","url":"Click HERE to view the preferred habitat in our strategy"},"geometry":{"type":"Polygon","coordinates":[[[-2.7518,51.29821],[-2.75322,51.29837],[-2.75235,51.29966],[-2.75113,51.29955],[-2.75013,51.29937],[-2.75039,51.29914],[-2.75089,51.29881],[-2.75146,51.29831],[-2.75157,51.29818],[-2.7518,51.29821]]]}},{"type":"Feature","properties":{"cat":"Woodland","fill":"#2E7D32","text":"Establish new woodland","url":"Click HERE to view the preferred habitat in our strategy"},"geometry":{"type":"Polygon","coordinates":[[[-2.72977,51.29683],[-2.72742,51.29661],[-2.72742,51.29486],[-2.72992,51.29489],[-2.72992,51.29573],[-2.72984,51.29662],[-2.72977,51.29683]]]}},{"type":"Feature","properties":{"cat":"Woodland","fill":"#2E7D32","text":"Establish new woodland","url":"Click HERE to view the preferred habitat in our strategy"},"geometry":{"type":"Polygon","coordinates":[[[-2.77751,51.30707],[-2.77756,51.30713],[-2.77791,51.30728],[-2.7779,51.30737],[-2.77717,51.30733],[-2.77672,51.30737],[-2.77632,51.3069],[-2.77655,51.30687],[-2.77745,51.30692],[-2.77751,51.30707]]]}},{"type":"Feature","properties":{"cat":"Woodland","fill":"#2E7D32","text":"Establish new woodland","url":"Click HERE to view the preferred habitat in our strategy"},"geometry":{"type":"Polygon","coordinates":[[[-2.78274,51.30975],[-2.7828,51.30995],[-2.78243,51.30997],[-2.7824,51.30978],[-2.78274,51.30975]]]}},{"type":"Feature","properties":{"cat":"Woodland","fill":"#2E7D32","text":"Establish new woodland","url":"Click HERE to view the preferred habitat in our strategy"},"geometry":{"type":"Polygon","coordinates":[[[-2.77873,51.30643],[-2.78036,51.30655],[-2.7803,51.30684],[-2.77982,51.30682],[-2.77975,51.3068],[-2.77971,51.30672],[-2.77918,51.30668],[-2.77918,51.30662],[-2.77846,51.30657],[-2.77873,51.30643]]]}},{"type":"Feature","properties":{"cat":"Woodland","fill":"#2E7D32","text":"Establish new woodland","url":"Click HERE to view the preferred habitat in our strategy"},"geometry":{"type":"Polygon","coordinates":[[[-2.8315,51.29824],[-2.83237,51.29834],[-2.83231,51.29909],[-2.83192,51.29959],[-2.83184,51.29989],[-2.83174,51.29994],[-2.83113,51.29992],[-2.83101,51.29946],[-2.83141,51.29945],[-2.8315,51.29824]]]}},{"type":"Feature","properties":{"cat":"Woodland","fill":"#2E7D32","text":"Establish new woodland","url":"Click HERE to view the preferred habitat in our strategy"},"geometry":{"type":"Polygon","coordinates":[[[-2.83323,51.30066],[-2.83267,51.30069],[-2.83249,51.3007],[-2.83275,51.30068],[-2.83289,51.30067],[-2.83304,51.30066],[-2.8331,51.30066],[-2.83312,51.30066],[-2.83322,51.30065],[-2.83323,51.30065],[-2.83323,51.30066]]]}},{"type":"Feature","properties":{"cat":"Woodland","fill":"#2E7D32","text":"Establish new woodland","url":"Click HERE to view the preferred habitat in our strategy"},"geometry":{"type":"Polygon","coordinates":[[[-2.83076,51.29655],[-2.8299,51.29649],[-2.82962,51.29643],[-2.82976,51.29614],[-2.83024,51.29547],[-2.83042,51.29529],[-2.83066,51.29513],[-2.83068,51.29591],[-2.83065,51.29646],[-2.83074,51.2965],[-2.83076,51.29655]]]}},{"type":"Feature","properties":{"cat":"Woodland","fill":"#2E7D32","text":"Establish new woodland","url":"Click HERE to view the preferred habitat in our strategy"},"geometry":{"type":"Polygon","coordinates":[[[-2.79826,51.30822],[-2.79835,51.30823],[-2.79808,51.30832],[-2.79335,51.30892],[-2.79333,51.30895],[-2.79319,51.30894],[-2.79314,51.30889],[-2.7936,51.30745],[-2.79384,51.30748],[-2.7959,51.30738],[-2.79733,51.30741],[-2.79739,51.30742],[-2.79776,51.30795],[-2.79822,51.30807],[-2.79828,51.30817],[-2.79824,51.30821],[-2.79826,51.30822]]]}},{"type":"Feature","properties":{"cat":"Woodland","fill":"#2E7D32","text":"Establish new woodland","url":"Click HERE to view the preferred habitat in our strategy"},"geometry":{"type":"Polygon","coordinates":[[[-2.79817,51.30691],[-2.80015,51.30693],[-2.8001,51.3074],[-2.80011,51.30759],[-2.80015,51.30786],[-2.80027,51.30812],[-2.80009,51.30817],[-2.79972,51.30846],[-2.7995,51.30856],[-2.79919,51.30815],[-2.79901,51.3082],[-2.79873,51.30792],[-2.7985,51.3078],[-2.79809,51.30729],[-2.79796,51.30717],[-2.79791,51.30716],[-2.79781,51.30691],[-2.79817,51.30691]],[[-2.79869,51.30762],[-2.79862,51.30767],[-2.79866,51.30771],[-2.79874,51.30771],[-2.79877,51.30766],[-2.79869,51.30762]]]}},{"type":"Feature","properties":{"cat":"Woodland","fill":"#2E7D32","text":"Establish new woodland","url":"Click HERE to view the preferred habitat in our strategy"},"geometry":{"type":"Polygon","coordinates":[[[-2.81,51.30463],[-2.80996,51.3056],[-2.80995,51.30477],[-2.80998,51.30451],[-2.81,51.30463]]]}},{"type":"Feature","properties":{"cat":"Woodland","fill":"#2E7D32","text":"Establish new woodland","url":"Click HERE to view the preferred habitat in our strategy"},"geometry":{"type":"Polygon","coordinates":[[[-2.79882,51.30682],[-2.79894,51.30653],[-2.79943,51.3066],[-2.79934,51.30692],[-2.79881,51.30692],[-2.79882,51.30682]],[[-2.79885,51.30679],[-2.79882,51.30682],[-2.79891,51.30685],[-2.79894,51.30682],[-2.79885,51.30679]]]}},{"type":"Feature","properties":{"cat":"Woodland","fill":"#2E7D32","text":"Establish new woodland","url":"Click HERE to view the preferred habitat in our strategy"},"geometry":{"type":"Polygon","coordinates":[[[-2.81042,51.30135],[-2.81001,51.30139],[-2.80873,51.30162],[-2.80866,51.30008],[-2.81358,51.29994],[-2.81334,51.30125],[-2.81252,51.30122],[-2.81042,51.30135]]]}},{"type":"Feature","properties":{"cat":"Woodland","fill":"#2E7D32","text":"Establish new woodland","url":"Click HERE to view the preferred habitat in our strategy"},"geometry":{"type":"Polygon","coordinates":[[[-2.77713,51.30108],[-2.78414,51.30073],[-2.78431,51.30265],[-2.77513,51.30314],[-2.77483,51.3012],[-2.77713,51.30108]]]}},{"type":"Feature","properties":{"cat":"Woodland","fill":"#2E7D32","text":"Establish new woodland","url":"Click HERE to view the preferred habitat in our strategy"},"geometry":{"type":"Polygon","coordinates":[[[-2.81021,51.30154],[-2.81022,51.30145],[-2.81023,51.30144],[-2.81021,51.30161],[-2.81021,51.30154]]]}},{"type":"Feature","properties":{"cat":"Woodland","fill":"#2E7D32","text":"Establish new woodland","url":"Click HERE to view the preferred habitat in our strategy"},"geometry":{"type":"Polygon","coordinates":[[[-2.81125,51.3014],[-2.81127,51.3014],[-2.81139,51.30139],[-2.81144,51.30138],[-2.81171,51.30136],[-2.81141,51.3014],[-2.8112,51.3014],[-2.81125,51.3014]]]}},{"type":"Feature","properties":{"cat":"Woodland","fill":"#2E7D32","text":"Establish new woodland","url":"Click HERE to view the preferred habitat in our strategy"},"geometry":{"type":"Polygon","coordinates":[[[-2.81196,51.30134],[-2.81218,51.30133],[-2.81221,51.30132],[-2.81224,51.30132],[-2.81227,51.30132],[-2.8123,51.30132],[-2.8123,51.30132],[-2.81233,51.30132],[-2.81237,51.30131],[-2.81239,51.30131],[-2.81247,51.30131],[-2.81249,51.30131],[-2.8125,51.30131],[-2.81189,51.30135],[-2.81196,51.30134]]]}},{"type":"Feature","properties":{"cat":"Woodland","fill":"#2E7D32","text":"Establish new woodland","url":"Click HERE to view the preferred habitat in our strategy"},"geometry":{"type":"Polygon","coordinates":[[[-2.81348,51.30133],[-2.81352,51.30133],[-2.81357,51.30132],[-2.81357,51.30132],[-2.81364,51.30131],[-2.81366,51.30131],[-2.8137,51.30131],[-2.81371,51.30131],[-2.81379,51.30131],[-2.81406,51.3013],[-2.81409,51.30129],[-2.81343,51.30134],[-2.81342,51.30134],[-2.81348,51.30133]]]}},{"type":"Feature","properties":{"cat":"Woodland","fill":"#2E7D32","text":"Establish new woodland","url":"Click HERE to view the preferred habitat in our strategy"},"geometry":{"type":"Polygon","coordinates":[[[-2.81496,51.30126],[-2.81516,51.30125],[-2.81541,51.30124],[-2.8157,51.30123],[-2.8157,51.30124],[-2.81475,51.30127],[-2.81496,51.30126]]]}},{"type":"Feature","properties":{"cat":"Woodland","fill":"#2E7D32","text":"Establish new woodland","url":"Click HERE to view the preferred habitat in our strategy"},"geometry":{"type":"Polygon","coordinates":[[[-2.83076,51.29658],[-2.83073,51.29665],[-2.83062,51.29668],[-2.83061,51.2966],[-2.82962,51.29652],[-2.82962,51.29646],[-2.82994,51.29652],[-2.83076,51.29658]]]}},{"type":"Feature","properties":{"cat":"Woodland","fill":"#2E7D32","text":"Enhance conifer and mixed woodlands","url":"Click HERE to view the preferred habitat in our strategy"},"geometry":{"type":"Polygon","coordinates":[[[-2.76984,51.31617],[-2.76996,51.31645],[-2.77013,51.31705],[-2.76946,51.31718],[-2.769,51.31596],[-2.76963,51.31583],[-2.76984,51.31617]]]}},{"type":"Feature","properties":{"cat":"Woodland","fill":"#2E7D32","text":"Establish new woodland","url":"Click HERE to view the preferred habitat in our strategy"},"geometry":{"type":"Polygon","coordinates":[[[-2.78411,51.30266],[-2.78432,51.30279],[-2.78454,51.30499],[-2.77437,51.30557],[-2.7731,51.30474],[-2.77327,51.30461],[-2.77344,51.30438],[-2.77346,51.30387],[-2.77353,51.30344],[-2.77359,51.30331],[-2.77374,51.30326],[-2.77518,51.30322],[-2.77521,51.30313],[-2.78411,51.30266]]]}},{"type":"Feature","properties":{"cat":"Woodland","fill":"#2E7D32","text":"Establish trees outside of woodlands","url":"Click HERE to view the preferred habitat in our strategy"},"geometry":{"type":"Polygon","coordinates":[[[-2.76428,51.32243],[-2.76442,51.32255],[-2.76464,51.32258],[-2.76453,51.3227],[-2.76392,51.3226],[-2.76426,51.32239],[-2.76428,51.32243]]]}},{"type":"Feature","properties":{"cat":"Woodland","fill":"#2E7D32","text":"Establish trees outside of woodlands","url":"Click HERE to view the preferred habitat in our strategy"},"geometry":{"type":"Polygon","coordinates":[[[-2.79774,51.30941],[-2.79757,51.30946],[-2.79754,51.30954],[-2.79708,51.30969],[-2.79704,51.30963],[-2.79618,51.30982],[-2.79525,51.30974],[-2.7952,51.3096],[-2.79504,51.30871],[-2.79706,51.30845],[-2.79709,51.30852],[-2.79744,51.3089],[-2.79782,51.30938],[-2.79774,51.30941]]]}},{"type":"Feature","properties":{"cat":"Woodland","fill":"#2E7D32","text":"Establish trees outside of woodlands","url":"Click HERE to view the preferred habitat in our strategy"},"geometry":{"type":"Polygon","coordinates":[[[-2.7694,51.32373],[-2.77058,51.32372],[-2.77229,51.32349],[-2.77118,51.3237],[-2.77048,51.32374],[-2.7694,51.32373]]]}},{"type":"Feature","properties":{"cat":"Woodland","fill":"#2E7D32","text":"Establish trees outside of woodlands","url":"Click HERE to view the preferred habitat in our strategy"},"geometry":{"type":"Polygon","coordinates":[[[-2.77262,51.32344],[-2.77271,51.32343],[-2.77281,51.32342],[-2.7729,51.32342],[-2.77305,51.32341],[-2.77318,51.32341],[-2.77328,51.32341],[-2.77338,51.32342],[-2.77331,51.32342],[-2.77291,51.32345],[-2.77256,51.32346],[-2.77246,51.32346],[-2.77262,51.32344]]]}},{"type":"Feature","properties":{"cat":"Woodland","fill":"#2E7D32","text":"Establish trees outside of woodlands","url":"Click HERE to view the preferred habitat in our strategy"},"geometry":{"type":"Polygon","coordinates":[[[-2.77432,51.32346],[-2.77441,51.32346],[-2.77454,51.32346],[-2.77465,51.32346],[-2.7748,51.32346],[-2.77496,51.32347],[-2.775,51.32347],[-2.77511,51.32348],[-2.77526,51.32349],[-2.77545,51.3235],[-2.77548,51.3235],[-2.775,51.32348],[-2.77486,51.32347],[-2.77437,51.32347],[-2.77425,51.32347],[-2.77432,51.32346]]]}},{"type":"Feature","properties":{"cat":"Woodland","fill":"#2E7D32","text":"Establish trees outside of woodlands","url":"Click HERE to view the preferred habitat in our strategy"},"geometry":{"type":"Polygon","coordinates":[[[-2.78575,51.3245],[-2.78579,51.32453],[-2.78578,51.32453],[-2.78575,51.3245],[-2.78575,51.3245]]]}},{"type":"Feature","properties":{"cat":"Woodland","fill":"#2E7D32","text":"Establish trees outside of woodlands","url":"Click HERE to view the preferred habitat in our strategy"},"geometry":{"type":"Polygon","coordinates":[[[-2.79071,51.32508],[-2.79076,51.32509],[-2.79071,51.32508],[-2.79069,51.32507],[-2.79071,51.32508]]]}},{"type":"Feature","properties":{"cat":"Woodland","fill":"#2E7D32","text":"Establish trees outside of woodlands","url":"Click HERE to view the preferred habitat in our strategy"},"geometry":{"type":"Polygon","coordinates":[[[-2.79036,51.32462],[-2.79052,51.32463],[-2.79034,51.32472],[-2.7903,51.32478],[-2.79028,51.32491],[-2.7894,51.32474],[-2.78932,51.32463],[-2.7892,51.32463],[-2.78931,51.32456],[-2.79036,51.32462]]]}},{"type":"Feature","properties":{"cat":"Woodland","fill":"#2E7D32","text":"Establish trees outside of woodlands","url":"Click HERE to view the preferred habitat in our strategy"},"geometry":{"type":"Polygon","coordinates":[[[-2.79525,51.32529],[-2.79457,51.32517],[-2.79329,51.32518],[-2.79168,51.32508],[-2.79218,51.32498],[-2.79224,51.32512],[-2.79333,51.32517],[-2.79413,51.32513],[-2.79459,51.32516],[-2.79525,51.32529]]]}},{"type":"Feature","properties":{"cat":"Woodland","fill":"#2E7D32","text":"Establish trees outside of woodlands","url":"Click HERE to view the preferred habitat in our strategy"},"geometry":{"type":"Polygon","coordinates":[[[-2.79057,51.32476],[-2.79092,51.32488],[-2.79139,51.32494],[-2.79137,51.32502],[-2.7912,51.3251],[-2.79089,51.32507],[-2.79033,51.32493],[-2.79033,51.3248],[-2.79039,51.32471],[-2.79056,51.32463],[-2.7906,51.32464],[-2.79057,51.32476]]]}},{"type":"Feature","properties":{"cat":"Woodland","fill":"#2E7D32","text":"Establish trees outside of woodlands","url":"Click HERE to view the preferred habitat in our strategy"},"geometry":{"type":"Polygon","coordinates":[[[-2.78348,51.32365],[-2.78347,51.32376],[-2.7833,51.32386],[-2.7833,51.32389],[-2.7812,51.32363],[-2.7803,51.32358],[-2.7801,51.32366],[-2.77991,51.32364],[-2.77951,51.32341],[-2.77937,51.32326],[-2.77934,51.32318],[-2.77934,51.32251],[-2.77941,51.32249],[-2.77948,51.32252],[-2.77957,51.32265],[-2.77981,51.32286],[-2.77994,51.3229],[-2.78019,51.32291],[-2.78054,51.32284],[-2.78118,51.32264],[-2.78195,51.3225],[-2.78269,51.32226],[-2.78236,51.32239],[-2.78246,51.32274],[-2.78251,51.32278],[-2.7825,51.32291],[-2.78244,51.32307],[-2.78309,51.32327],[-2.78306,51.32347],[-2.78332,51.32361],[-2.78348,51.32365]]]}},{"type":"Feature","properties":{"cat":"Woodland","fill":"#2E7D32","text":"Establish new woodland","url":"Click HERE to view the preferred habitat in our strategy"},"geometry":{"type":"Polygon","coordinates":[[[-2.78633,51.30504],[-2.78591,51.30515],[-2.78355,51.30554],[-2.78053,51.30571],[-2.78063,51.30521],[-2.78628,51.30489],[-2.78633,51.30504]]]}},{"type":"Feature","properties":{"cat":"Woodland","fill":"#2E7D32","text":"Establish trees outside of woodlands","url":"Click HERE to view the preferred habitat in our strategy"},"geometry":{"type":"Polygon","coordinates":[[[-2.78553,51.32334],[-2.78545,51.32356],[-2.78419,51.32348],[-2.78422,51.32368],[-2.78437,51.3241],[-2.78411,51.3241],[-2.78335,51.32405],[-2.78335,51.32391],[-2.7833,51.32389],[-2.7833,51.32386],[-2.78347,51.32376],[-2.78349,51.32338],[-2.78308,51.3233],[-2.78309,51.32327],[-2.78294,51.32324],[-2.78311,51.32283],[-2.78358,51.32288],[-2.7849,51.32288],[-2.78497,51.32276],[-2.78555,51.32277],[-2.78561,51.3228],[-2.78569,51.32277],[-2.78569,51.32288],[-2.78553,51.32334]],[[-2.78533,51.32345],[-2.78538,51.32346],[-2.78543,51.32337],[-2.78538,51.32336],[-2.78533,51.32345]],[[-2.78403,51.32406],[-2.78414,51.32407],[-2.78415,51.32404],[-2.78419,51.32405],[-2.78419,51.32401],[-2.78404,51.324],[-2.78403,51.32406]]]}},{"type":"Feature","properties":{"cat":"Woodland","fill":"#2E7D32","text":"Establish trees outside of woodlands","url":"Click HERE to view the preferred habitat in our strategy"},"geometry":{"type":"Polygon","coordinates":[[[-2.77967,51.32366],[-2.77918,51.32365],[-2.77866,51.32357],[-2.77665,51.32355],[-2.77501,51.32345],[-2.77486,51.32332],[-2.77483,51.32311],[-2.77716,51.32327],[-2.77742,51.32353],[-2.77832,51.32354],[-2.77844,51.3235],[-2.77873,51.32352],[-2.77888,51.32348],[-2.77924,51.32359],[-2.7797,51.32356],[-2.7799,51.32368],[-2.77967,51.32366]]]}},{"type":"Feature","properties":{"cat":"Woodland","fill":"#2E7D32","text":"Enhance conifer and mixed woodlands","url":"Click HERE to view the preferred habitat in our strategy"},"geometry":{"type":"Polygon","coordinates":[[[-2.77423,51.32246],[-2.77383,51.32259],[-2.77328,51.32283],[-2.77292,51.32294],[-2.77299,51.32207],[-2.77422,51.32239],[-2.77423,51.32246]]]}},{"type":"Feature","properties":{"cat":"Woodland","fill":"#2E7D32","text":"Establish trees outside of woodlands","url":"Click HERE to view the preferred habitat in our strategy"},"geometry":{"type":"Polygon","coordinates":[[[-2.79486,51.32522],[-2.79459,51.32516],[-2.79413,51.32513],[-2.79333,51.32517],[-2.79224,51.32512],[-2.7922,51.32499],[-2.79266,51.32481],[-2.79321,51.32465],[-2.7943,51.32453],[-2.79442,51.3245],[-2.79446,51.32446],[-2.7951,51.32472],[-2.79564,51.32488],[-2.79526,51.32527],[-2.79486,51.32522]]]}},{"type":"Feature","properties":{"cat":"Woodland","fill":"#2E7D32","text":"Enhance conifer and mixed woodlands","url":"Click HERE to view the preferred habitat in our strategy"},"geometry":{"type":"Polygon","coordinates":[[[-2.77752,51.28451],[-2.77684,51.2846],[-2.77677,51.2844],[-2.77774,51.28429],[-2.77781,51.28448],[-2.77752,51.28451]]]}},{"type":"Feature","properties":{"cat":"Woodland","fill":"#2E7D32","text":"Establish trees outside of woodlands","url":"Click HERE to view the preferred habitat in our strategy"},"geometry":{"type":"Polygon","coordinates":[[[-2.76159,51.3221],[-2.76133,51.32206],[-2.76111,51.32209],[-2.75997,51.32244],[-2.7592,51.32273],[-2.75867,51.32289],[-2.75729,51.32319],[-2.7575,51.32309],[-2.75848,51.3229],[-2.75939,51.32259],[-2.75958,51.32249],[-2.75974,51.32245],[-2.75989,51.32235],[-2.76006,51.32235],[-2.76091,51.32206],[-2.76108,51.32202],[-2.76139,51.32201],[-2.76218,51.32216],[-2.76159,51.3221]]]}},{"type":"Feature","properties":{"cat":"Woodland","fill":"#2E7D32","text":"Establish trees outside of woodlands","url":"Click HERE to view the preferred habitat in our strategy"},"geometry":{"type":"Polygon","coordinates":[[[-2.77928,51.3233],[-2.77933,51.32339],[-2.77951,51.3235],[-2.77957,51.32358],[-2.77924,51.32359],[-2.77902,51.32353],[-2.77928,51.3233]]]}},{"type":"Feature","properties":{"cat":"Woodland","fill":"#2E7D32","text":"Establish trees outside of woodlands","url":"Click HERE to view the preferred habitat in our strategy"},"geometry":{"type":"Polygon","coordinates":[[[-2.77068,51.32361],[-2.77028,51.32364],[-2.76933,51.32364],[-2.76866,51.32362],[-2.76827,51.32356],[-2.76814,51.32344],[-2.76796,51.32311],[-2.76798,51.32298],[-2.76807,51.32278],[-2.76805,51.32269],[-2.76752,51.3223],[-2.76668,51.32124],[-2.76618,51.3205],[-2.77147,51.32142],[-2.7729,51.32203],[-2.77282,51.32297],[-2.77233,51.32312],[-2.77154,51.32345],[-2.77114,51.32356],[-2.77068,51.32361]]]}},{"type":"Feature","properties":{"cat":"Woodland","fill":"#2E7D32","text":"Establish trees outside of woodlands","url":"Click HERE to view the preferred habitat in our strategy"},"geometry":{"type":"Polygon","coordinates":[[[-2.7833,51.32398],[-2.78328,51.32405],[-2.78283,51.32401],[-2.78024,51.3237],[-2.7801,51.32366],[-2.7803,51.32358],[-2.7812,51.32363],[-2.7833,51.32389],[-2.7833,51.32398]]]}},{"type":"Feature","properties":{"cat":"Woodland","fill":"#2E7D32","text":"Improve structure and diversity of existing woodlands","url":"Click HERE to view the preferred habitat in our strategy"},"geometry":{"type":"Polygon","coordinates":[[[-2.78252,51.31704],[-2.7825,51.31701],[-2.78254,51.317],[-2.78257,51.31703],[-2.78252,51.31704]]]}},{"type":"Feature","properties":{"cat":"Woodland","fill":"#2E7D32","text":"Establish trees outside of woodlands","url":"Click HERE to view the preferred habitat in our strategy"},"geometry":{"type":"Polygon","coordinates":[[[-2.79349,51.3252],[-2.79304,51.3252],[-2.79249,51.32515],[-2.79329,51.32518],[-2.79457,51.32517],[-2.79525,51.32531],[-2.79429,51.32517],[-2.79349,51.3252]]]}},{"type":"Feature","properties":{"cat":"Woodland","fill":"#2E7D32","text":"Establish trees outside of woodlands","url":"Click HERE to view the preferred habitat in our strategy"},"geometry":{"type":"Polygon","coordinates":[[[-2.79168,51.32508],[-2.79218,51.32513],[-2.79166,51.3251],[-2.79168,51.32508]]]}},{"type":"Feature","properties":{"cat":"Woodland","fill":"#2E7D32","text":"Establish trees outside of woodlands","url":"Click HERE to view the preferred habitat in our strategy"},"geometry":{"type":"Polygon","coordinates":[[[-2.81511,51.28934],[-2.81482,51.28947],[-2.81454,51.28901],[-2.81485,51.28899],[-2.81511,51.28934]]]}},{"type":"Feature","properties":{"cat":"Woodland","fill":"#2E7D32","text":"Improve structure and diversity of existing woodlands","url":"Click HERE to view the preferred habitat in our strategy"},"geometry":{"type":"Polygon","coordinates":[[[-2.80147,51.28849],[-2.80158,51.28865],[-2.80148,51.2886],[-2.80117,51.28825],[-2.80127,51.28826],[-2.80136,51.28831],[-2.80147,51.28849]]]}},{"type":"Feature","properties":{"cat":"Woodland","fill":"#2E7D32","text":"Conserve and restore traditional orchards","url":"Click HERE to view the preferred habitat in our strategy"},"geometry":{"type":"Polygon","coordinates":[[[-2.85207,51.27931],[-2.85111,51.27969],[-2.85107,51.27944],[-2.85207,51.27931]]]}},{"type":"Feature","properties":{"cat":"Woodland","fill":"#2E7D32","text":"Establish trees outside of woodlands","url":"Click HERE to view the preferred habitat in our strategy"},"geometry":{"type":"Polygon","coordinates":[[[-2.76766,51.32313],[-2.76644,51.32266],[-2.7657,51.3225],[-2.76488,51.32227],[-2.76456,51.32213],[-2.76445,51.32204],[-2.7644,51.32188],[-2.76389,51.32161],[-2.76387,51.32159],[-2.76391,51.32092],[-2.76386,51.32033],[-2.76414,51.31998],[-2.76533,51.3208],[-2.76661,51.32175],[-2.76689,51.32182],[-2.76755,51.32257],[-2.76774,51.3231],[-2.76766,51.32313]]]}},{"type":"Feature","properties":{"cat":"Woodland","fill":"#2E7D32","text":"Establish trees outside of woodlands","url":"Click HERE to view the preferred habitat in our strategy"},"geometry":{"type":"Polygon","coordinates":[[[-2.82166,51.28891],[-2.82196,51.28901],[-2.82195,51.28905],[-2.82233,51.28909],[-2.82229,51.28921],[-2.82231,51.28924],[-2.82258,51.28927],[-2.82255,51.28952],[-2.82178,51.28928],[-2.82184,51.28905],[-2.82165,51.28901],[-2.82166,51.28891]]]}},{"type":"Feature","properties":{"cat":"Woodland","fill":"#2E7D32","text":"Improve structure and diversity of existing woodlands","url":"Click HERE to view the preferred habitat in our strategy"},"geometry":{"type":"Polygon","coordinates":[[[-2.79459,51.3047],[-2.79469,51.30465],[-2.79473,51.30469],[-2.79463,51.30472],[-2.79459,51.3047]]]}},{"type":"Feature","properties":{"cat":"Woodland","fill":"#2E7D32","text":"Improve structure and diversity of existing woodlands","url":"Click HERE to view the preferred habitat in our strategy"},"geometry":{"type":"Polygon","coordinates":[[[-2.79633,51.32498],[-2.7964,51.32511],[-2.79628,51.32514],[-2.7958,51.32489],[-2.79629,51.32491],[-2.79633,51.32498]]]}},{"type":"Feature","properties":{"cat":"Woodland","fill":"#2E7D32","text":"Improve structure and diversity of existing woodlands","url":"Click HERE to view the preferred habitat in our strategy"},"geometry":{"type":"Polygon","coordinates":[[[-2.81003,51.30381],[-2.80997,51.30436],[-2.80995,51.3041],[-2.80999,51.30382],[-2.81,51.30379],[-2.81003,51.30381]]]}},{"type":"Feature","properties":{"cat":"Woodland","fill":"#2E7D32","text":"Improve structure and diversity of existing woodlands","url":"Click HERE to view the preferred habitat in our strategy"},"geometry":{"type":"Polygon","coordinates":[[[-2.78347,51.30567],[-2.78348,51.30564],[-2.78381,51.30556],[-2.78384,51.30559],[-2.78349,51.30572],[-2.78347,51.30567]]]}},{"type":"Feature","properties":{"cat":"Woodland","fill":"#2E7D32","text":"Improve structure and diversity of existing woodlands","url":"Click HERE to view the preferred habitat in our strategy"},"geometry":{"type":"Polygon","coordinates":[[[-2.78068,51.3218],[-2.78114,51.32227],[-2.78152,51.32256],[-2.78114,51.32262],[-2.78031,51.32286],[-2.78005,51.32287],[-2.77979,51.3228],[-2.77946,51.32243],[-2.77996,51.32234],[-2.78019,51.32224],[-2.7803,51.32211],[-2.78034,51.3219],[-2.78061,51.32171],[-2.78068,51.3218]]]}},{"type":"Feature","properties":{"cat":"Woodland","fill":"#2E7D32","text":"Improve structure and diversity of existing woodlands","url":"Click HERE to view the preferred habitat in our strategy"},"geometry":{"type":"Polygon","coordinates":[[[-2.80519,51.32079],[-2.80511,51.32082],[-2.80502,51.32081],[-2.80497,51.32079],[-2.80493,51.32072],[-2.80484,51.3207],[-2.8049,51.32064],[-2.80497,51.32071],[-2.80514,51.32072],[-2.80519,51.32079]]]}},{"type":"Feature","properties":{"cat":"Woodland","fill":"#2E7D32","text":"Improve structure and diversity of existing woodlands","url":"Click HERE to view the preferred habitat in our strategy"},"geometry":{"type":"Polygon","coordinates":[[[-2.79525,51.32529],[-2.79511,51.32526],[-2.79526,51.32527],[-2.79564,51.32488],[-2.79651,51.32531],[-2.7972,51.32581],[-2.7974,51.32603],[-2.79755,51.32632],[-2.79764,51.3267],[-2.79759,51.32669],[-2.79749,51.32626],[-2.7973,51.32595],[-2.79712,51.32577],[-2.79645,51.32535],[-2.79564,51.32496],[-2.79525,51.32529]]]}},{"type":"Feature","properties":{"cat":"Woodland","fill":"#2E7D32","text":"Enhance conifer and mixed woodlands","url":"Click HERE to view the preferred habitat in our strategy"},"geometry":{"type":"Polygon","coordinates":[[[-2.77459,51.32044],[-2.77492,51.32061],[-2.77561,51.32108],[-2.7753,51.32117],[-2.77406,51.32142],[-2.77368,51.32144],[-2.77303,51.32141],[-2.7731,51.32058],[-2.7742,51.3205],[-2.77455,51.32041],[-2.77459,51.32044]]]}},{"type":"Feature","properties":{"cat":"Woodland","fill":"#2E7D32","text":"Improve structure and diversity of existing woodlands","url":"Click HERE to view the preferred habitat in our strategy"},"geometry":{"type":"Polygon","coordinates":[[[-2.72742,51.31715],[-2.72767,51.31726],[-2.72742,51.31739],[-2.72742,51.31715]]]}},{"type":"Feature","properties":{"cat":"Woodland","fill":"#2E7D32","text":"Enhance conifer and mixed woodlands","url":"Click HERE to view the preferred habitat in our strategy"},"geometry":{"type":"Polygon","coordinates":[[[-2.77998,51.31264],[-2.7803,51.31292],[-2.78053,51.31324],[-2.78062,51.31346],[-2.78062,51.31372],[-2.78056,51.31402],[-2.78039,51.31452],[-2.78022,51.31472],[-2.78016,51.31505],[-2.78018,51.31525],[-2.78036,51.31566],[-2.77991,51.31514],[-2.77976,51.31492],[-2.77967,51.31469],[-2.77968,51.31447],[-2.77976,51.31424],[-2.77981,51.31394],[-2.77981,51.31336],[-2.78005,51.31317],[-2.78015,51.31302],[-2.78012,51.31292],[-2.77988,51.31266],[-2.77998,51.31264]]]}},{"type":"Feature","properties":{"cat":"Woodland","fill":"#2E7D32","text":"Enhance conifer and mixed woodlands","url":"Click HERE to view the preferred habitat in our strategy"},"geometry":{"type":"Polygon","coordinates":[[[-2.73628,51.30076],[-2.73621,51.30047],[-2.7367,51.30042],[-2.73677,51.30051],[-2.73692,51.30061],[-2.73718,51.3007],[-2.73717,51.30078],[-2.73789,51.30077],[-2.73789,51.30091],[-2.73638,51.30118],[-2.73628,51.30076]]]}},{"type":"Feature","properties":{"cat":"Woodland","fill":"#2E7D32","text":"Enhance ancient woodland and temperate rainforests","url":"Click HERE to view the preferred habitat in our strategy"},"geometry":{"type":"Polygon","coordinates":[[[-2.74416,51.31927],[-2.74453,51.31925],[-2.74554,51.31928],[-2.74613,51.31962],[-2.74643,51.31968],[-2.74599,51.31964],[-2.74543,51.31931],[-2.7444,51.31928],[-2.74358,51.31932],[-2.74271,51.31942],[-2.74254,51.31963],[-2.74249,51.31964],[-2.74222,51.31966],[-2.74184,51.31962],[-2.74108,51.31972],[-2.74018,51.31975],[-2.73957,51.3197],[-2.73954,51.31977],[-2.73943,51.31981],[-2.7395,51.31977],[-2.73951,51.31967],[-2.74049,51.31971],[-2.74128,51.31967],[-2.74175,51.31959],[-2.74217,51.31962],[-2.74244,51.31959],[-2.74262,51.31939],[-2.74416,51.31927]]]}},{"type":"Feature","properties":{"cat":"Woodland","fill":"#2E7D32","text":"Establish trees outside of woodlands","url":"Click HERE to view the preferred habitat in our strategy"},"geometry":{"type":"Polygon","coordinates":[[[-2.78146,51.30724],[-2.78159,51.30725],[-2.78164,51.30731],[-2.78144,51.30728],[-2.78146,51.30724]]]}},{"type":"Feature","properties":{"cat":"Woodland","fill":"#2E7D32","text":"Improve structure and diversity of existing woodlands","url":"Click HERE to view the preferred habitat in our strategy"},"geometry":{"type":"Polygon","coordinates":[[[-2.80535,51.2854],[-2.80414,51.28545],[-2.80416,51.28531],[-2.80419,51.28529],[-2.80535,51.2852],[-2.80551,51.28537],[-2.80535,51.2854]]]}},{"type":"Feature","properties":{"cat":"Woodland","fill":"#2E7D32","text":"Improve structure and diversity of existing woodlands","url":"Click HERE to view the preferred habitat in our strategy"},"geometry":{"type":"Polygon","coordinates":[[[-2.79172,51.30401],[-2.79218,51.30416],[-2.793,51.30453],[-2.79211,51.30457],[-2.79172,51.30419],[-2.7916,51.30393],[-2.79172,51.30401]]]}},{"type":"Feature","properties":{"cat":"Woodland","fill":"#2E7D32","text":"Improve structure and diversity of existing woodlands","url":"Click HERE to view the preferred habitat in our strategy"},"geometry":{"type":"Polygon","coordinates":[[[-2.79902,51.30898],[-2.79916,51.30929],[-2.79935,51.3095],[-2.79934,51.30954],[-2.79906,51.30942],[-2.79892,51.30929],[-2.79899,51.30906],[-2.79896,51.30897],[-2.79902,51.30898]]]}},{"type":"Feature","properties":{"cat":"Woodland","fill":"#2E7D32","text":"Improve structure and diversity of existing woodlands","url":"Click HERE to view the preferred habitat in our strategy"},"geometry":{"type":"Polygon","coordinates":[[[-2.7732,51.30806],[-2.77254,51.30787],[-2.77187,51.30773],[-2.77137,51.30764],[-2.7706,51.30761],[-2.77009,51.30745],[-2.76991,51.30743],[-2.76839,51.30738],[-2.76797,51.30747],[-2.76695,51.30746],[-2.76704,51.30735],[-2.76722,51.30739],[-2.76807,51.30738],[-2.76859,51.30719],[-2.76928,51.30699],[-2.76961,51.30693],[-2.77065,51.30686],[-2.77105,51.30689],[-2.77153,51.30715],[-2.77312,51.30764],[-2.77345,51.3077],[-2.77453,51.30814],[-2.77457,51.30819],[-2.77468,51.30822],[-2.77477,51.30829],[-2.77544,51.30854],[-2.77526,51.30858],[-2.77483,51.30845],[-2.7732,51.30806]]]}},{"type":"Feature","properties":{"cat":"Woodland","fill":"#2E7D32","text":"Enhance ancient woodland and temperate rainforests","url":"Click HERE to view the preferred habitat in our strategy"},"geometry":{"type":"Polygon","coordinates":[[[-2.79738,51.28912],[-2.79752,51.28895],[-2.79766,51.28899],[-2.79758,51.28906],[-2.79763,51.28908],[-2.79769,51.28901],[-2.79773,51.28902],[-2.79753,51.28924],[-2.79735,51.2892],[-2.79738,51.28912]],[[-2.79756,51.28907],[-2.79751,51.28914],[-2.79754,51.28915],[-2.7976,51.28908],[-2.79756,51.28907]]]}},{"type":"Feature","properties":{"cat":"Woodland","fill":"#2E7D32","text":"Establish trees outside of woodlands","url":"Click HERE to view the preferred habitat in our strategy"},"geometry":{"type":"Polygon","coordinates":[[[-2.77861,51.32352],[-2.77844,51.3235],[-2.77828,51.32354],[-2.77834,51.32339],[-2.77849,51.32331],[-2.77863,51.32336],[-2.77865,51.32342],[-2.77861,51.32352]]]}},{"type":"Feature","properties":{"cat":"Woodland","fill":"#2E7D32","text":"Enhance ancient woodland and temperate rainforests","url":"Click HERE to view the preferred habitat in our strategy"},"geometry":{"type":"Polygon","coordinates":[[[-2.80015,51.31792],[-2.79989,51.31804],[-2.79978,51.31806],[-2.79971,51.31786],[-2.7998,51.31787],[-2.79983,51.31783],[-2.79943,51.31757],[-2.79938,51.31749],[-2.79972,51.31763],[-2.79985,51.31775],[-2.80014,51.31787],[-2.80019,51.31791],[-2.80015,51.31792]]]}},{"type":"Feature","properties":{"cat":"Woodland","fill":"#2E7D32","text":"Establish new woodland","url":"Click HERE to view the preferred habitat in our strategy"},"geometry":{"type":"Polygon","coordinates":[[[-2.78288,51.31018],[-2.78298,51.31042],[-2.78249,51.31045],[-2.78246,51.31021],[-2.78288,51.31018]]]}},{"type":"Feature","properties":{"cat":"Woodland","fill":"#2E7D32","text":"Establish trees outside of woodlands","url":"Click HERE to view the preferred habitat in our strategy"},"geometry":{"type":"Polygon","coordinates":[[[-2.75778,51.32344],[-2.75755,51.32328],[-2.75733,51.32319],[-2.75738,51.32317],[-2.75867,51.32289],[-2.7592,51.32273],[-2.75997,51.32244],[-2.76111,51.32209],[-2.76133,51.32206],[-2.76161,51.3221],[-2.76135,51.32215],[-2.76109,51.32226],[-2.76054,51.32238],[-2.7597,51.32275],[-2.75778,51.32344]]]}},{"type":"Feature","properties":{"cat":"Woodland","fill":"#2E7D32","text":"Establish new woodland","url":"Click HERE to view the preferred habitat in our strategy"},"geometry":{"type":"Polygon","coordinates":[[[-2.80137,51.31238],[-2.80116,51.31239],[-2.80116,51.31228],[-2.80084,51.31228],[-2.80116,51.31227],[-2.80117,51.31232],[-2.80127,51.31232],[-2.80127,51.31227],[-2.80131,51.31227],[-2.80131,51.31223],[-2.80213,51.31221],[-2.8018,51.31262],[-2.80143,51.31246],[-2.80137,51.31238]]]}},{"type":"Feature","properties":{"cat":"Woodland","fill":"#2E7D32","text":"Establish new woodland","url":"Click HERE to view the preferred habitat in our strategy"},"geometry":{"type":"Polygon","coordinates":[[[-2.80781,51.30495],[-2.80808,51.30587],[-2.80726,51.30601],[-2.80552,51.30619],[-2.8052,51.30496],[-2.80645,51.30485],[-2.80775,51.30469],[-2.80781,51.30495]]]}},{"type":"Feature","properties":{"cat":"Woodland","fill":"#2E7D32","text":"Enhance conifer and mixed woodlands","url":"Click HERE to view the preferred habitat in our strategy"},"geometry":{"type":"Polygon","coordinates":[[[-2.78474,51.31203],[-2.78485,51.31221],[-2.78457,51.31223],[-2.78451,51.31217],[-2.78454,51.31195],[-2.78462,51.31186],[-2.78478,51.31183],[-2.78474,51.31203]]]}},{"type":"Feature","properties":{"cat":"Woodland","fill":"#2E7D32","text":"Establish new woodland","url":"Click HERE to view the preferred habitat in our strategy"},"geometry":{"type":"Polygon","coordinates":[[[-2.79702,51.30265],[-2.79724,51.3034],[-2.79621,51.30349],[-2.79621,51.30345],[-2.79614,51.30346],[-2.79599,51.30291],[-2.79599,51.3028],[-2.797,51.30258],[-2.79702,51.30265]]]}},{"type":"Feature","properties":{"cat":"Woodland","fill":"#2E7D32","text":"Establish trees outside of woodlands","url":"Click HERE to view the preferred habitat in our strategy"},"geometry":{"type":"Polygon","coordinates":[[[-2.79062,51.32455],[-2.79066,51.32444],[-2.79067,51.32412],[-2.79078,51.32407],[-2.79092,51.3241],[-2.79103,51.32424],[-2.79108,51.32423],[-2.79112,51.32434],[-2.79122,51.32439],[-2.79123,51.32443],[-2.79119,51.32445],[-2.79126,51.32449],[-2.79197,51.32447],[-2.79284,51.32439],[-2.79284,51.32426],[-2.79441,51.32445],[-2.79418,51.32451],[-2.79374,51.32454],[-2.79322,51.32462],[-2.79269,51.32477],[-2.7923,51.32492],[-2.79186,51.325],[-2.79167,51.32507],[-2.79137,51.32502],[-2.79139,51.32494],[-2.79092,51.32488],[-2.79057,51.32476],[-2.79062,51.32455]],[[-2.79076,51.32443],[-2.79075,51.32446],[-2.79078,51.32446],[-2.79079,51.32443],[-2.79076,51.32443]]]}},{"type":"Feature","properties":{"cat":"Woodland","fill":"#2E7D32","text":"Establish new woodland","url":"Click HERE to view the preferred habitat in our strategy"},"geometry":{"type":"Polygon","coordinates":[[[-2.7343,51.28821],[-2.73438,51.28793],[-2.73461,51.28756],[-2.73462,51.28732],[-2.73419,51.28559],[-2.73437,51.28564],[-2.73754,51.28465],[-2.73752,51.28471],[-2.73755,51.28474],[-2.73873,51.28573],[-2.73811,51.28609],[-2.73765,51.28662],[-2.73745,51.28679],[-2.73677,51.28727],[-2.73624,51.28759],[-2.73533,51.28804],[-2.73456,51.28834],[-2.73433,51.28841],[-2.7343,51.28821]]]}},{"type":"Feature","properties":{"cat":"Woodland","fill":"#2E7D32","text":"Establish new woodland","url":"Click HERE to view the preferred habitat in our strategy"},"geometry":{"type":"Polygon","coordinates":[[[-2.77684,51.30758],[-2.77689,51.30756],[-2.77749,51.30804],[-2.77735,51.3081],[-2.77706,51.30815],[-2.77707,51.30822],[-2.77714,51.30821],[-2.77713,51.30817],[-2.77723,51.30816],[-2.7772,51.30819],[-2.77725,51.30829],[-2.77693,51.30829],[-2.77653,51.30762],[-2.77643,51.30738],[-2.77662,51.30735],[-2.77684,51.30758]]]}},{"type":"Feature","properties":{"cat":"Woodland","fill":"#2E7D32","text":"Establish new woodland","url":"Click HERE to view the preferred habitat in our strategy"},"geometry":{"type":"Polygon","coordinates":[[[-2.80546,51.30619],[-2.80426,51.30629],[-2.80399,51.30496],[-2.80521,51.30496],[-2.80552,51.30619],[-2.80546,51.30619]]]}},{"type":"Feature","properties":{"cat":"Woodland","fill":"#2E7D32","text":"Establish new woodland","url":"Click HERE to view the preferred habitat in our strategy"},"geometry":{"type":"Polygon","coordinates":[[[-2.78065,51.30781],[-2.78058,51.30843],[-2.77933,51.3085],[-2.77943,51.30779],[-2.78065,51.30781]]]}},{"type":"Feature","properties":{"cat":"Woodland","fill":"#2E7D32","text":"Establish trees outside of woodlands","url":"Click HERE to view the preferred habitat in our strategy"},"geometry":{"type":"Polygon","coordinates":[[[-2.79718,51.30989],[-2.79677,51.31],[-2.79662,51.30972],[-2.79704,51.30963],[-2.79718,51.30989]]]}},{"type":"Feature","properties":{"cat":"Woodland","fill":"#2E7D32","text":"Improve structure and diversity of existing woodlands","url":"Click HERE to view the preferred habitat in our strategy"},"geometry":{"type":"Polygon","coordinates":[[[-2.77922,51.2911],[-2.77924,51.29114],[-2.77918,51.29115],[-2.77916,51.29111],[-2.77922,51.2911]]]}},{"type":"Feature","properties":{"cat":"Woodland","fill":"#2E7D32","text":"Improve structure and diversity of existing woodlands","url":"Click HERE to view the preferred habitat in our strategy"},"geometry":{"type":"Polygon","coordinates":[[[-2.79078,51.32446],[-2.79075,51.32446],[-2.79076,51.32443],[-2.79079,51.32443],[-2.79078,51.32446]]]}},{"type":"Feature","properties":{"cat":"Woodland","fill":"#2E7D32","text":"Conserve and restore traditional orchards","url":"Click HERE to view the preferred habitat in our strategy"},"geometry":{"type":"Polygon","coordinates":[[[-2.8536,51.27896],[-2.85392,51.27932],[-2.85354,51.27923],[-2.85344,51.27911],[-2.85356,51.27907],[-2.85358,51.27904],[-2.85353,51.27897],[-2.8536,51.27896]]]}},{"type":"Feature","properties":{"cat":"Woodland","fill":"#2E7D32","text":"Conserve and restore traditional orchards","url":"Click HERE to view the preferred habitat in our strategy"},"geometry":{"type":"Polygon","coordinates":[[[-2.85335,51.27904],[-2.85334,51.27903],[-2.85335,51.27902],[-2.85338,51.27907],[-2.85335,51.27904]]]}},{"type":"Feature","properties":{"cat":"Woodland","fill":"#2E7D32","text":"Establish trees outside of woodlands","url":"Click HERE to view the preferred habitat in our strategy"},"geometry":{"type":"Polygon","coordinates":[[[-2.79234,51.29306],[-2.79136,51.293],[-2.79163,51.29233],[-2.79207,51.2924],[-2.79264,51.29238],[-2.79251,51.29307],[-2.79234,51.29306]]]}},{"type":"Feature","properties":{"cat":"Woodland","fill":"#2E7D32","text":"Establish trees outside of woodlands","url":"Click HERE to view the preferred habitat in our strategy"},"geometry":{"type":"Polygon","coordinates":[[[-2.789,51.30779],[-2.78898,51.30769],[-2.78939,51.30766],[-2.78935,51.30745],[-2.78894,51.30748],[-2.78879,51.30675],[-2.78987,51.30671],[-2.79078,51.30677],[-2.79184,51.30689],[-2.79185,51.30704],[-2.79178,51.30735],[-2.79358,51.3075],[-2.79315,51.30882],[-2.79293,51.30885],[-2.79286,51.30895],[-2.79287,51.309],[-2.79048,51.30936],[-2.78942,51.30945],[-2.789,51.30779]]]}},{"type":"Feature","properties":{"cat":"Woodland","fill":"#2E7D32","text":"Establish trees outside of woodlands","url":"Click HERE to view the preferred habitat in our strategy"},"geometry":{"type":"Polygon","coordinates":[[[-2.7793,51.32215],[-2.77908,51.32214],[-2.77864,51.32238],[-2.77775,51.32248],[-2.77652,51.32243],[-2.77811,51.32212],[-2.77851,51.322],[-2.77901,51.32175],[-2.77912,51.32175],[-2.77927,51.32189],[-2.77932,51.32204],[-2.7793,51.32215]]]}},{"type":"Feature","properties":{"cat":"Woodland","fill":"#2E7D32","text":"Establish trees outside of woodlands","url":"Click HERE to view the preferred habitat in our strategy"},"geometry":{"type":"Polygon","coordinates":[[[-2.79619,51.30985],[-2.79618,51.30982],[-2.79662,51.30972],[-2.79677,51.31],[-2.79719,51.3099],[-2.79731,51.31014],[-2.7972,51.31017],[-2.79737,51.31051],[-2.79648,51.31069],[-2.79619,51.30985]],[[-2.79684,51.31009],[-2.7966,51.3101],[-2.79661,51.31017],[-2.79685,51.31016],[-2.79684,51.31009]]]}},{"type":"Feature","properties":{"cat":"Woodland","fill":"#2E7D32","text":"Conserve and restore traditional orchards","url":"Click HERE to view the preferred habitat in our strategy"},"geometry":{"type":"Polygon","coordinates":[[[-2.80734,51.31902],[-2.80753,51.31908],[-2.80752,51.31914],[-2.8073,51.31911],[-2.80728,51.31905],[-2.80734,51.31902]]]}},{"type":"Feature","properties":{"cat":"Woodland","fill":"#2E7D32","text":"Establish trees outside of woodlands","url":"Click HERE to view the preferred habitat in our strategy"},"geometry":{"type":"Polygon","coordinates":[[[-2.75182,51.29441],[-2.75145,51.2952],[-2.74686,51.29435],[-2.74722,51.29268],[-2.74715,51.29261],[-2.74717,51.29239],[-2.75003,51.29282],[-2.75169,51.29298],[-2.75251,51.29329],[-2.75196,51.29444],[-2.75182,51.29441]],[[-2.74871,51.29449],[-2.74889,51.29443],[-2.74884,51.29438],[-2.74867,51.29444],[-2.74871,51.29449]],[[-2.74719,51.29263],[-2.74727,51.29266],[-2.74734,51.2926],[-2.7473,51.29256],[-2.74724,51.29256],[-2.74719,51.29259],[-2.74719,51.29263]]]}},{"type":"Feature","properties":{"cat":"Woodland","fill":"#2E7D32","text":"Enhance conifer and mixed woodlands","url":"Click HERE to view the preferred habitat in our strategy"},"geometry":{"type":"Polygon","coordinates":[[[-2.78718,51.31092],[-2.78717,51.3112],[-2.7876,51.31121],[-2.78817,51.31117],[-2.78822,51.3112],[-2.78824,51.31127],[-2.78713,51.31128],[-2.78688,51.31093],[-2.78718,51.31092]]]}},{"type":"Feature","properties":{"cat":"Woodland","fill":"#2E7D32","text":"Improve structure and diversity of existing woodlands","url":"Click HERE to view the preferred habitat in our strategy"},"geometry":{"type":"Polygon","coordinates":[[[-2.78746,51.30512],[-2.78732,51.30516],[-2.78731,51.30511],[-2.78734,51.30508],[-2.78749,51.30506],[-2.78752,51.3051],[-2.78746,51.30512]]]}},{"type":"Feature","properties":{"cat":"Woodland","fill":"#2E7D32","text":"Establish trees outside of woodlands","url":"Click HERE to view the preferred habitat in our strategy"},"geometry":{"type":"Polygon","coordinates":[[[-2.77469,51.29651],[-2.77401,51.29643],[-2.77404,51.29636],[-2.77471,51.29641],[-2.77469,51.29651]]]}},{"type":"Feature","properties":{"cat":"Woodland","fill":"#2E7D32","text":"Establish trees outside of woodlands","url":"Click HERE to view the preferred habitat in our strategy"},"geometry":{"type":"Polygon","coordinates":[[[-2.77071,51.30438],[-2.76966,51.30426],[-2.76871,51.30422],[-2.76732,51.30402],[-2.76384,51.30277],[-2.76381,51.30272],[-2.76455,51.30174],[-2.76804,51.30218],[-2.77246,51.30269],[-2.77252,51.30283],[-2.77256,51.30332],[-2.77261,51.3035],[-2.77289,51.30403],[-2.77294,51.30429],[-2.7729,51.30447],[-2.77247,51.30438],[-2.77216,51.30437],[-2.77185,51.30454],[-2.77071,51.30438]]]}},{"type":"Feature","properties":{"cat":"Woodland","fill":"#2E7D32","text":"Establish trees outside of woodlands","url":"Click HERE to view the preferred habitat in our strategy"},"geometry":{"type":"Polygon","coordinates":[[[-2.79771,51.30743],[-2.79673,51.30738],[-2.7959,51.30738],[-2.79384,51.30746],[-2.79377,51.30745],[-2.79383,51.30738],[-2.79368,51.30715],[-2.79376,51.30682],[-2.7947,51.30662],[-2.79685,51.30598],[-2.79689,51.306],[-2.7976,51.30712],[-2.79779,51.30737],[-2.79779,51.30742],[-2.79771,51.30743]]]}},{"type":"Feature","properties":{"cat":"Woodland","fill":"#2E7D32","text":"Establish trees outside of woodlands","url":"Click HERE to view the preferred habitat in our strategy"},"geometry":{"type":"Polygon","coordinates":[[[-2.73943,51.31965],[-2.73942,51.31977],[-2.73811,51.31969],[-2.736,51.31962],[-2.73592,51.31942],[-2.73762,51.31839],[-2.73907,51.31866],[-2.73934,51.31866],[-2.73943,51.31924],[-2.73943,51.31965]]]}},{"type":"Feature","properties":{"cat":"Woodland","fill":"#2E7D32","text":"Establish trees outside of woodlands","url":"Click HERE to view the preferred habitat in our strategy"},"geometry":{"type":"Polygon","coordinates":[[[-2.79726,51.3256],[-2.7968,51.3252],[-2.79661,51.32496],[-2.7965,51.32474],[-2.79651,51.32459],[-2.7966,51.32446],[-2.79701,51.32418],[-2.79733,51.32404],[-2.79921,51.32355],[-2.79944,51.32429],[-2.79926,51.32445],[-2.7994,51.32451],[-2.79946,51.32449],[-2.79955,51.32485],[-2.79974,51.32539],[-2.79986,51.32562],[-2.79995,51.32594],[-2.79972,51.32621],[-2.79921,51.32657],[-2.79894,51.32681],[-2.79891,51.32688],[-2.79856,51.32692],[-2.79851,51.32687],[-2.79843,51.32646],[-2.79851,51.32627],[-2.79836,51.3262],[-2.79827,51.32605],[-2.79811,51.3259],[-2.79782,51.32578],[-2.79778,51.32574],[-2.79778,51.32567],[-2.79773,51.32558],[-2.79755,51.32554],[-2.79736,51.32567],[-2.79726,51.3256]],[[-2.79917,51.32376],[-2.79912,51.32379],[-2.7992,51.32379],[-2.79917,51.32376]]]}},{"type":"Feature","properties":{"cat":"Woodland","fill":"#2E7D32","text":"Establish trees outside of woodlands","url":"Click HERE to view the preferred habitat in our strategy"},"geometry":{"type":"Polygon","coordinates":[[[-2.82982,51.29204],[-2.83009,51.29243],[-2.83022,51.29269],[-2.83048,51.29351],[-2.83049,51.29392],[-2.83053,51.29397],[-2.83062,51.294],[-2.83041,51.29438],[-2.83028,51.29437],[-2.83024,51.29404],[-2.83016,51.29384],[-2.83013,51.29362],[-2.83003,51.2934],[-2.82978,51.29309],[-2.82936,51.29225],[-2.8293,51.29206],[-2.82978,51.29199],[-2.82982,51.29204]]]}},{"type":"Feature","properties":{"cat":"Woodland","fill":"#2E7D32","text":"Establish trees outside of woodlands","url":"Click HERE to view the preferred habitat in our strategy"},"geometry":{"type":"Polygon","coordinates":[[[-2.83213,51.29219],[-2.83216,51.2927],[-2.83224,51.29271],[-2.83201,51.29313],[-2.83187,51.29353],[-2.83154,51.29395],[-2.83143,51.2942],[-2.83138,51.29445],[-2.83121,51.29465],[-2.831,51.29449],[-2.831,51.29426],[-2.83111,51.29418],[-2.83112,51.29412],[-2.8311,51.29402],[-2.83102,51.29389],[-2.83189,51.29228],[-2.83213,51.29219]],[[-2.83205,51.29223],[-2.83205,51.29226],[-2.8321,51.29224],[-2.83205,51.29223]]]}},{"type":"Feature","properties":{"cat":"Woodland","fill":"#2E7D32","text":"Establish trees outside of woodlands","url":"Click HERE to view the preferred habitat in our strategy"},"geometry":{"type":"Polygon","coordinates":[[[-2.81429,51.28883],[-2.8145,51.28882],[-2.81452,51.28886],[-2.81456,51.28885],[-2.81455,51.28882],[-2.81471,51.28881],[-2.81485,51.28899],[-2.81433,51.28902],[-2.81429,51.28883]]]}},{"type":"Feature","properties":{"cat":"Woodland","fill":"#2E7D32","text":"Establish trees outside of woodlands","url":"Click HERE to view the preferred habitat in our strategy"},"geometry":{"type":"Polygon","coordinates":[[[-2.81697,51.28852],[-2.81871,51.28843],[-2.81885,51.28851],[-2.81921,51.28853],[-2.81657,51.28866],[-2.81696,51.28855],[-2.81697,51.28852]]]}},{"type":"Feature","properties":{"cat":"Woodland","fill":"#2E7D32","text":"Improve structure and diversity of existing woodlands","url":"Click HERE to view the preferred habitat in our strategy"},"geometry":{"type":"Polygon","coordinates":[[[-2.7828,51.31859],[-2.78304,51.31874],[-2.78282,51.31885],[-2.7827,51.31866],[-2.7827,51.31863],[-2.7828,51.31859]]]}},{"type":"Feature","properties":{"cat":"Woodland","fill":"#2E7D32","text":"Establish trees outside of woodlands","url":"Click HERE to view the preferred habitat in our strategy"},"geometry":{"type":"Polygon","coordinates":[[[-2.72833,51.30069],[-2.72742,51.3005],[-2.72742,51.29932],[-2.72995,51.29941],[-2.72937,51.30066],[-2.7285,51.30073],[-2.72833,51.30069]],[[-2.72889,51.30058],[-2.72858,51.30059],[-2.72855,51.30062],[-2.72858,51.30068],[-2.72885,51.30069],[-2.729,51.30067],[-2.72896,51.3006],[-2.72889,51.30058]]]}},{"type":"Feature","properties":{"cat":"Woodland","fill":"#2E7D32","text":"Establish trees outside of woodlands","url":"Click HERE to view the preferred habitat in our strategy"},"geometry":{"type":"Polygon","coordinates":[[[-2.80416,51.30611],[-2.80413,51.30611],[-2.80411,51.30606],[-2.80399,51.30607],[-2.80393,51.30608],[-2.80392,51.30613],[-2.80381,51.30614],[-2.80383,51.30604],[-2.80415,51.30602],[-2.80416,51.30611]]]}},{"type":"Feature","properties":{"cat":"Woodland","fill":"#2E7D32","text":"Improve structure and diversity of existing woodlands","url":"Click HERE to view the preferred habitat in our strategy"},"geometry":{"type":"Polygon","coordinates":[[[-2.80567,51.29039],[-2.80641,51.29042],[-2.80713,51.29049],[-2.80637,51.29047],[-2.80567,51.29039]]]}},{"type":"Feature","properties":{"cat":"Woodland","fill":"#2E7D32","text":"Establish trees outside of woodlands","url":"Click HERE to view the preferred habitat in our strategy"},"geometry":{"type":"Polygon","coordinates":[[[-2.80582,51.32082],[-2.80561,51.32092],[-2.80558,51.32089],[-2.80579,51.3208],[-2.80582,51.32082]]]}},{"type":"Feature","properties":{"cat":"Woodland","fill":"#2E7D32","text":"Improve structure and diversity of existing woodlands","url":"Click HERE to view the preferred habitat in our strategy"},"geometry":{"type":"Polygon","coordinates":[[[-2.82659,51.30089],[-2.82674,51.30089],[-2.82682,51.30089],[-2.82683,51.30089],[-2.82682,51.3009],[-2.82648,51.3009],[-2.82648,51.3009],[-2.82659,51.30089]]]}},{"type":"Feature","properties":{"cat":"Woodland","fill":"#2E7D32","text":"Improve structure and diversity of existing woodlands","url":"Click HERE to view the preferred habitat in our strategy"},"geometry":{"type":"Polygon","coordinates":[[[-2.7701,51.31528],[-2.77093,51.31555],[-2.77124,51.31571],[-2.77123,51.31605],[-2.77129,51.3164],[-2.7713,51.31691],[-2.77122,51.31703],[-2.77099,51.31723],[-2.77086,51.31731],[-2.77037,51.3175],[-2.76997,51.3162],[-2.76927,51.31508],[-2.76929,51.31506],[-2.76954,51.31512],[-2.7701,51.31528]]]}},{"type":"Feature","properties":{"cat":"Woodland","fill":"#2E7D32","text":"Improve structure and diversity of existing woodlands","url":"Click HERE to view the preferred habitat in our strategy"},"geometry":{"type":"Polygon","coordinates":[[[-2.77721,51.28852],[-2.7772,51.28853],[-2.77719,51.28851],[-2.77714,51.28847],[-2.77721,51.28852]]]}},{"type":"Feature","properties":{"cat":"Woodland","fill":"#2E7D32","text":"Improve structure and diversity of existing woodlands","url":"Click HERE to view the preferred habitat in our strategy"},"geometry":{"type":"Polygon","coordinates":[[[-2.78902,51.30507],[-2.78862,51.30509],[-2.78857,51.30505],[-2.78869,51.30501],[-2.78894,51.30501],[-2.78901,51.30503],[-2.78902,51.30507]]]}},{"type":"Feature","properties":{"cat":"Woodland","fill":"#2E7D32","text":"Improve structure and diversity of existing woodlands","url":"Click HERE to view the preferred habitat in our strategy"},"geometry":{"type":"Polygon","coordinates":[[[-2.77243,51.28396],[-2.77242,51.28403],[-2.7722,51.284],[-2.77218,51.28387],[-2.77221,51.2838],[-2.77242,51.28387],[-2.77243,51.28396]]]}},{"type":"Feature","properties":{"cat":"Woodland","fill":"#2E7D32","text":"Improve structure and diversity of existing woodlands","url":"Click HERE to view the preferred habitat in our strategy"},"geometry":{"type":"Polygon","coordinates":[[[-2.82253,51.28957],[-2.82258,51.28927],[-2.82254,51.28899],[-2.82315,51.28895],[-2.8232,51.28901],[-2.82329,51.28942],[-2.82345,51.28955],[-2.82344,51.28964],[-2.82327,51.28972],[-2.8226,51.28987],[-2.82233,51.28997],[-2.82224,51.28995],[-2.82241,51.28982],[-2.82253,51.28957]]]}},{"type":"Feature","properties":{"cat":"Woodland","fill":"#2E7D32","text":"Improve structure and diversity of existing woodlands","url":"Click HERE to view the preferred habitat in our strategy"},"geometry":{"type":"Polygon","coordinates":[[[-2.7738,51.28973],[-2.77404,51.28943],[-2.77418,51.28945],[-2.77422,51.28951],[-2.77385,51.29],[-2.77356,51.29027],[-2.7731,51.29013],[-2.77329,51.28976],[-2.77368,51.28989],[-2.7738,51.28973]],[[-2.77326,51.28983],[-2.77332,51.28984],[-2.77334,51.28981],[-2.77328,51.2898],[-2.77326,51.28983]]]}},{"type":"Feature","properties":{"cat":"Woodland","fill":"#2E7D32","text":"Improve structure and diversity of existing woodlands","url":"Click HERE to view the preferred habitat in our strategy"},"geometry":{"type":"Polygon","coordinates":[[[-2.80512,51.3157],[-2.80469,51.31581],[-2.80417,51.31582],[-2.80409,51.31571],[-2.804,51.31566],[-2.80359,51.3156],[-2.80413,51.31558],[-2.80472,51.31561],[-2.80516,51.31557],[-2.80515,51.3157],[-2.80512,51.3157]]]}},{"type":"Feature","properties":{"cat":"Woodland","fill":"#2E7D32","text":"Improve structure and diversity of existing woodlands","url":"Click HERE to view the preferred habitat in our strategy"},"geometry":{"type":"Polygon","coordinates":[[[-2.77872,51.29214],[-2.77916,51.29207],[-2.77916,51.29188],[-2.77978,51.29199],[-2.77993,51.29229],[-2.77966,51.29235],[-2.77931,51.29271],[-2.77887,51.29273],[-2.77864,51.29249],[-2.7785,51.29217],[-2.77872,51.29214]]]}},{"type":"Feature","properties":{"cat":"Woodland","fill":"#2E7D32","text":"Improve structure and diversity of existing woodlands","url":"Click HERE to view the preferred habitat in our strategy"},"geometry":{"type":"Polygon","coordinates":[[[-2.78049,51.31902],[-2.78065,51.31913],[-2.78117,51.3196],[-2.78117,51.31966],[-2.78049,51.31902]]]}},{"type":"Feature","properties":{"cat":"Woodland","fill":"#2E7D32","text":"Improve structure and diversity of existing woodlands","url":"Click HERE to view the preferred habitat in our strategy"},"geometry":{"type":"Polygon","coordinates":[[[-2.83733,51.28795],[-2.83788,51.28785],[-2.83808,51.28743],[-2.83869,51.28754],[-2.83845,51.28786],[-2.83847,51.28789],[-2.83873,51.28756],[-2.83835,51.28809],[-2.83805,51.28801],[-2.83788,51.28801],[-2.83773,51.28804],[-2.8375,51.28814],[-2.83733,51.28795]]]}},{"type":"Feature","properties":{"cat":"Woodland","fill":"#2E7D32","text":"Improve structure and diversity of existing woodlands","url":"Click HERE to view the preferred habitat in our strategy"},"geometry":{"type":"Polygon","coordinates":[[[-2.73797,51.3],[-2.7381,51.30004],[-2.73809,51.30008],[-2.73786,51.30006],[-2.73791,51.29999],[-2.73797,51.3]]]}},{"type":"Feature","properties":{"cat":"Woodland","fill":"#2E7D32","text":"Improve structure and diversity of existing woodlands","url":"Click HERE to view the preferred habitat in our strategy"},"geometry":{"type":"Polygon","coordinates":[[[-2.76619,51.30837],[-2.76692,51.30748],[-2.76712,51.3075],[-2.76782,51.30748],[-2.76792,51.30751],[-2.76854,51.30802],[-2.76854,51.30805],[-2.76849,51.30807],[-2.7681,51.30803],[-2.76738,51.30807],[-2.76703,51.30815],[-2.76676,51.30815],[-2.76665,51.30818],[-2.76663,51.30828],[-2.7667,51.30841],[-2.76663,51.3084],[-2.76656,51.30847],[-2.76613,51.30909],[-2.76564,51.30902],[-2.76619,51.30837]]]}},{"type":"Feature","properties":{"cat":"Woodland","fill":"#2E7D32","text":"Improve structure and diversity of existing woodlands","url":"Click HERE to view the preferred habitat in our strategy"},"geometry":{"type":"Polygon","coordinates":[[[-2.7873,51.3197],[-2.7866,51.31985],[-2.78626,51.31981],[-2.78589,51.31974],[-2.78549,51.31961],[-2.78518,51.31946],[-2.78457,51.3193],[-2.78445,51.31922],[-2.78478,51.31935],[-2.78519,51.31943],[-2.7854,51.31953],[-2.786,51.31973],[-2.78646,51.31981],[-2.78674,51.31981],[-2.78716,51.3197],[-2.78729,51.31968],[-2.7873,51.3197]]]}},{"type":"Feature","properties":{"cat":"Woodland","fill":"#2E7D32","text":"Improve structure and diversity of existing woodlands","url":"Click HERE to view the preferred habitat in our strategy"},"geometry":{"type":"Polygon","coordinates":[[[-2.78655,51.31981],[-2.786,51.31973],[-2.7854,51.31953],[-2.78519,51.31943],[-2.78462,51.3193],[-2.78432,51.31917],[-2.78452,51.31881],[-2.78383,51.31867],[-2.78333,51.31863],[-2.78324,51.31876],[-2.78307,51.31869],[-2.78329,51.31822],[-2.78349,51.31794],[-2.78364,51.31801],[-2.78401,51.3183],[-2.7849,51.31871],[-2.78517,51.31888],[-2.78607,51.31965],[-2.78637,51.31974],[-2.7867,51.31976],[-2.78725,51.31963],[-2.78729,51.31968],[-2.78681,51.3198],[-2.78655,51.31981]],[[-2.7847,51.3188],[-2.78443,51.31912],[-2.78463,51.31926],[-2.78493,51.31929],[-2.78517,51.31911],[-2.78496,51.31893],[-2.7847,51.3188]]]}},{"type":"Feature","properties":{"cat":"Woodland","fill":"#2E7D32","text":"Improve structure and diversity of existing woodlands","url":"Click HERE to view the preferred habitat in our strategy"},"geometry":{"type":"Polygon","coordinates":[[[-2.79759,51.31655],[-2.79789,51.31658],[-2.79803,51.31662],[-2.79808,51.31668],[-2.79801,51.31677],[-2.7979,51.3168],[-2.79741,51.3167],[-2.79748,51.31654],[-2.79759,51.31655]]]}},{"type":"Feature","properties":{"cat":"Woodland","fill":"#2E7D32","text":"Improve structure and diversity of existing woodlands","url":"Click HERE to view the preferred habitat in our strategy"},"geometry":{"type":"Polygon","coordinates":[[[-2.81546,51.32677],[-2.81521,51.32698],[-2.81492,51.32708],[-2.81424,51.32715],[-2.8133,51.32708],[-2.81245,51.32721],[-2.81214,51.32715],[-2.81243,51.32715],[-2.81318,51.32702],[-2.81369,51.32703],[-2.81426,51.32709],[-2.81506,51.32696],[-2.81523,51.32688],[-2.81544,51.32672],[-2.81546,51.32677]]]}},{"type":"Feature","properties":{"cat":"Woodland","fill":"#2E7D32","text":"Improve structure and diversity of existing woodlands","url":"Click HERE to view the preferred habitat in our strategy"},"geometry":{"type":"Polygon","coordinates":[[[-2.80472,51.30453],[-2.80488,51.30451],[-2.80498,51.30454],[-2.80495,51.30457],[-2.80476,51.30456],[-2.80461,51.30461],[-2.80458,51.30458],[-2.80472,51.30453]]]}},{"type":"Feature","properties":{"cat":"Woodland","fill":"#2E7D32","text":"Improve structure and diversity of existing woodlands","url":"Click HERE to view the preferred habitat in our strategy"},"geometry":{"type":"Polygon","coordinates":[[[-2.78072,51.31999],[-2.7804,51.32001],[-2.78039,51.32009],[-2.7802,51.32012],[-2.78014,51.31999],[-2.7801,51.32],[-2.78011,51.32003],[-2.78003,51.32],[-2.77983,51.31953],[-2.78077,51.31944],[-2.78111,51.31967],[-2.78072,51.31999]]]}},{"type":"Feature","properties":{"cat":"Woodland","fill":"#2E7D32","text":"Enhance conifer and mixed woodlands","url":"Click HERE to view the preferred habitat in our strategy"},"geometry":{"type":"Polygon","coordinates":[[[-2.76876,51.30838],[-2.76862,51.30839],[-2.76814,51.30827],[-2.76791,51.30825],[-2.76728,51.30841],[-2.76713,51.3084],[-2.7669,51.30846],[-2.76678,51.30844],[-2.7667,51.30841],[-2.76663,51.30828],[-2.76663,51.3082],[-2.7667,51.30816],[-2.76703,51.30815],[-2.76738,51.30807],[-2.76771,51.30807],[-2.76799,51.30803],[-2.76849,51.30807],[-2.76854,51.30803],[-2.76914,51.30839],[-2.77024,51.3088],[-2.77103,51.30918],[-2.77098,51.3092],[-2.77079,51.30917],[-2.77034,51.30907],[-2.76982,51.30888],[-2.76914,51.30852],[-2.76876,51.30838]]]}},{"type":"Feature","properties":{"cat":"Woodland","fill":"#2E7D32","text":"Enhance conifer and mixed woodlands","url":"Click HERE to view the preferred habitat in our strategy"},"geometry":{"type":"Polygon","coordinates":[[[-2.78114,51.31532],[-2.78063,51.31465],[-2.78058,51.31457],[-2.78058,51.3145],[-2.7806,51.31444],[-2.78102,51.31416],[-2.78121,51.31389],[-2.7813,51.31339],[-2.78127,51.31304],[-2.78121,51.3129],[-2.78115,51.31285],[-2.7804,51.31252],[-2.78004,51.31241],[-2.78009,51.31239],[-2.78032,51.31243],[-2.78038,51.31248],[-2.78117,51.31281],[-2.7819,51.31306],[-2.78204,51.31318],[-2.78189,51.31344],[-2.7819,51.31349],[-2.78195,51.3135],[-2.7819,51.31366],[-2.78196,51.3137],[-2.78196,51.31375],[-2.78171,51.31437],[-2.7817,51.31442],[-2.78175,51.31455],[-2.78196,51.3148],[-2.7819,51.31483],[-2.78197,51.31492],[-2.78238,51.31534],[-2.78242,51.31534],[-2.78273,51.31556],[-2.78316,51.31595],[-2.78207,51.31634],[-2.78114,51.31532]]]}},{"type":"Feature","properties":{"cat":"Woodland","fill":"#2E7D32","text":"Enhance conifer and mixed woodlands","url":"Click HERE to view the preferred habitat in our strategy"},"geometry":{"type":"Polygon","coordinates":[[[-2.8516,51.28105],[-2.85203,51.28126],[-2.85286,51.28152],[-2.8532,51.2818],[-2.85277,51.28199],[-2.8527,51.28206],[-2.85272,51.28211],[-2.85257,51.28212],[-2.85245,51.28198],[-2.85241,51.28174],[-2.85236,51.28168],[-2.85125,51.28136],[-2.8516,51.28105]]]}},{"type":"Feature","properties":{"cat":"Woodland","fill":"#2E7D32","text":"Enhance ancient woodland and temperate rainforests","url":"Click HERE to view the preferred habitat in our strategy"},"geometry":{"type":"Polygon","coordinates":[[[-2.73763,51.30013],[-2.73729,51.30022],[-2.73714,51.30016],[-2.73729,51.30021],[-2.73766,51.3001],[-2.73763,51.30013]]]}},{"type":"Feature","properties":{"cat":"Woodland","fill":"#2E7D32","text":"Conserve and restore traditional orchards","url":"Click HERE to view the preferred habitat in our strategy"},"geometry":{"type":"Polygon","coordinates":[[[-2.80742,51.31934],[-2.80754,51.31936],[-2.80753,51.31928],[-2.80748,51.31927],[-2.80753,51.31908],[-2.80737,51.31903],[-2.80739,51.31901],[-2.80796,51.31927],[-2.80789,51.31966],[-2.80747,51.31955],[-2.80749,51.31951],[-2.80742,51.31949],[-2.80746,51.31939],[-2.80741,51.31938],[-2.80742,51.31934]]]}},{"type":"Feature","properties":{"cat":"Woodland","fill":"#2E7D32","text":"Conserve and restore traditional orchards","url":"Click HERE to view the preferred habitat in our strategy"},"geometry":{"type":"Polygon","coordinates":[[[-2.81584,51.27881],[-2.81576,51.27892],[-2.81567,51.27896],[-2.81519,51.27897],[-2.81376,51.27897],[-2.81373,51.27881],[-2.81584,51.27881]]]}},{"type":"Feature","properties":{"cat":"Woodland","fill":"#2E7D32","text":"Establish trees outside of woodlands","url":"Click HERE to view the preferred habitat in our strategy"},"geometry":{"type":"Polygon","coordinates":[[[-2.78827,51.31893],[-2.78837,51.31906],[-2.78834,51.31913],[-2.78836,51.31917],[-2.7879,51.31935],[-2.788,51.31945],[-2.78727,51.31959],[-2.78721,51.31951],[-2.78721,51.31944],[-2.78716,51.31942],[-2.78706,51.31924],[-2.78827,51.31893]]]}},{"type":"Feature","properties":{"cat":"Woodland","fill":"#2E7D32","text":"Establish trees outside of woodlands","url":"Click HERE to view the preferred habitat in our strategy"},"geometry":{"type":"Polygon","coordinates":[[[-2.78388,51.31547],[-2.78403,51.31567],[-2.784,51.31568],[-2.78392,51.3157],[-2.78388,51.31567],[-2.78328,51.31583],[-2.78313,51.31567],[-2.78388,51.31547]]]}},{"type":"Feature","properties":{"cat":"Woodland","fill":"#2E7D32","text":"Establish trees outside of woodlands","url":"Click HERE to view the preferred habitat in our strategy"},"geometry":{"type":"Polygon","coordinates":[[[-2.77845,51.30776],[-2.77862,51.30778],[-2.77836,51.30815],[-2.77806,51.30798],[-2.77823,51.30775],[-2.77845,51.30776]],[[-2.7782,51.308],[-2.77822,51.30805],[-2.77829,51.30808],[-2.77839,51.30807],[-2.77844,51.30803],[-2.77843,51.30796],[-2.77838,51.30793],[-2.77824,51.30794],[-2.7782,51.308]]]}},{"type":"Feature","properties":{"cat":"Woodland","fill":"#2E7D32","text":"Establish trees outside of woodlands","url":"Click HERE to view the preferred habitat in our strategy"},"geometry":{"type":"Polygon","coordinates":[[[-2.79156,51.32507],[-2.79146,51.32505],[-2.79136,51.32503],[-2.79137,51.32502],[-2.79164,51.32507],[-2.79163,51.32508],[-2.79156,51.32507]]]}},{"type":"Feature","properties":{"cat":"Woodland","fill":"#2E7D32","text":"Establish trees outside of woodlands","url":"Click HERE to view the preferred habitat in our strategy"},"geometry":{"type":"Polygon","coordinates":[[[-2.78644,51.32467],[-2.78675,51.32408],[-2.78834,51.32388],[-2.78899,51.3239],[-2.78932,51.32399],[-2.7898,51.32406],[-2.7901,51.32421],[-2.79047,51.32409],[-2.79056,51.32395],[-2.79058,51.32442],[-2.79056,51.32449],[-2.79032,51.32458],[-2.79031,51.32462],[-2.78931,51.32456],[-2.78914,51.32464],[-2.78783,51.32464],[-2.78682,51.32474],[-2.78674,51.32471],[-2.78642,51.32474],[-2.78644,51.32467]]]}},{"type":"Feature","properties":{"cat":"Woodland","fill":"#2E7D32","text":"Improve structure and diversity of existing woodlands","url":"Click HERE to view the preferred habitat in our strategy"},"geometry":{"type":"Polygon","coordinates":[[[-2.76445,51.27921],[-2.76455,51.27923],[-2.7645,51.27939],[-2.76423,51.27972],[-2.76428,51.2795],[-2.764,51.27918],[-2.76433,51.27918],[-2.76445,51.27921]]]}},{"type":"Feature","properties":{"cat":"Woodland","fill":"#2E7D32","text":"Establish trees outside of woodlands","url":"Click HERE to view the preferred habitat in our strategy"},"geometry":{"type":"Polygon","coordinates":[[[-2.83963,51.28975],[-2.84008,51.28976],[-2.8401,51.2898],[-2.8405,51.28983],[-2.84076,51.28982],[-2.84077,51.28979],[-2.84122,51.28981],[-2.84122,51.28985],[-2.84136,51.28989],[-2.84137,51.29007],[-2.84134,51.29012],[-2.84086,51.29042],[-2.84071,51.29044],[-2.84042,51.2904],[-2.8401,51.2903],[-2.83958,51.28999],[-2.83963,51.28975]]]}},{"type":"Feature","properties":{"cat":"Woodland","fill":"#2E7D32","text":"Establish trees outside of woodlands","url":"Click HERE to view the preferred habitat in our strategy"},"geometry":{"type":"Polygon","coordinates":[[[-2.80948,51.28372],[-2.81034,51.28382],[-2.81003,51.28387],[-2.80959,51.28381],[-2.80948,51.28372]]]}},{"type":"Feature","properties":{"cat":"Woodland","fill":"#2E7D32","text":"Improve structure and diversity of existing woodlands","url":"Click HERE to view the preferred habitat in our strategy"},"geometry":{"type":"Polygon","coordinates":[[[-2.78506,51.32211],[-2.78494,51.32194],[-2.78518,51.32166],[-2.78529,51.3213],[-2.78559,51.3213],[-2.78566,51.32137],[-2.78575,51.32157],[-2.78574,51.32189],[-2.7857,51.32195],[-2.78569,51.32213],[-2.78537,51.32212],[-2.78516,51.32224],[-2.78506,51.32211]],[[-2.78567,51.32175],[-2.78551,51.32178],[-2.78558,51.32181],[-2.78568,51.3218],[-2.78567,51.32175]],[[-2.78559,51.32134],[-2.78551,51.32134],[-2.78552,51.32139],[-2.7856,51.32139],[-2.78559,51.32134]],[[-2.78527,51.32149],[-2.78526,51.32153],[-2.7853,51.32153],[-2.78531,51.32149],[-2.78527,51.32149]]]}},{"type":"Feature","properties":{"cat":"Woodland","fill":"#2E7D32","text":"Improve structure and diversity of existing woodlands","url":"Click HERE to view the preferred habitat in our strategy"},"geometry":{"type":"Polygon","coordinates":[[[-2.80566,51.32051],[-2.80577,51.32063],[-2.80571,51.32065],[-2.80541,51.32023],[-2.80566,51.32051]]]}},{"type":"Feature","properties":{"cat":"Woodland","fill":"#2E7D32","text":"Improve structure and diversity of existing woodlands","url":"Click HERE to view the preferred habitat in our strategy"},"geometry":{"type":"Polygon","coordinates":[[[-2.79847,51.31669],[-2.79849,51.31658],[-2.79853,51.31654],[-2.79858,51.31651],[-2.79865,51.31652],[-2.79894,51.3168],[-2.79877,51.3169],[-2.79847,51.31669]]]}},{"type":"Feature","properties":{"cat":"Woodland","fill":"#2E7D32","text":"Establish trees outside of woodlands","url":"Click HERE to view the preferred habitat in our strategy"},"geometry":{"type":"Polygon","coordinates":[[[-2.80302,51.3064],[-2.80282,51.30642],[-2.80282,51.30634],[-2.80301,51.30634],[-2.80302,51.3064]]]}},{"type":"Feature","properties":{"cat":"Woodland","fill":"#2E7D32","text":"Establish trees outside of woodlands","url":"Click HERE to view the preferred habitat in our strategy"},"geometry":{"type":"Polygon","coordinates":[[[-2.80425,51.30623],[-2.80424,51.30623],[-2.80422,51.30617],[-2.80424,51.30617],[-2.80425,51.30623]]]}},{"type":"Feature","properties":{"cat":"Woodland","fill":"#2E7D32","text":"Improve structure and diversity of existing woodlands","url":"Click HERE to view the preferred habitat in our strategy"},"geometry":{"type":"Polygon","coordinates":[[[-2.75625,51.32457],[-2.75627,51.32459],[-2.75624,51.32459],[-2.75625,51.32457]]]}},{"type":"Feature","properties":{"cat":"Woodland","fill":"#2E7D32","text":"Improve structure and diversity of existing woodlands","url":"Click HERE to view the preferred habitat in our strategy"},"geometry":{"type":"Polygon","coordinates":[[[-2.78487,51.30548],[-2.7846,51.30553],[-2.78448,51.30559],[-2.78444,51.30555],[-2.78454,51.30549],[-2.78484,51.30543],[-2.78487,51.30548]]]}},{"type":"Feature","properties":{"cat":"Woodland","fill":"#2E7D32","text":"Improve structure and diversity of existing woodlands","url":"Click HERE to view the preferred habitat in our strategy"},"geometry":{"type":"Polygon","coordinates":[[[-2.76816,51.28416],[-2.76957,51.28325],[-2.76986,51.28339],[-2.77038,51.28322],[-2.7704,51.28324],[-2.77011,51.28337],[-2.76949,51.28351],[-2.76938,51.28362],[-2.76893,51.28377],[-2.76869,51.28397],[-2.7682,51.28417],[-2.76816,51.28416]]]}},{"type":"Feature","properties":{"cat":"Woodland","fill":"#2E7D32","text":"Improve structure and diversity of existing woodlands","url":"Click HERE to view the preferred habitat in our strategy"},"geometry":{"type":"Polygon","coordinates":[[[-2.75781,51.28043],[-2.75723,51.2803],[-2.75601,51.27991],[-2.75647,51.27969],[-2.75674,51.27973],[-2.75802,51.28015],[-2.75781,51.28043]]]}},{"type":"Feature","properties":{"cat":"Woodland","fill":"#2E7D32","text":"Establish trees outside of woodlands","url":"Click HERE to view the preferred habitat in our strategy"},"geometry":{"type":"Polygon","coordinates":[[[-2.7642,51.27981],[-2.76424,51.27991],[-2.7645,51.28012],[-2.76466,51.2802],[-2.76481,51.28023],[-2.76467,51.28027],[-2.76426,51.27996],[-2.76412,51.27981],[-2.7642,51.27981]]]}},{"type":"Feature","properties":{"cat":"Woodland","fill":"#2E7D32","text":"Improve structure and diversity of existing woodlands","url":"Click HERE to view the preferred habitat in our strategy"},"geometry":{"type":"Polygon","coordinates":[[[-2.85286,51.29368],[-2.85297,51.29379],[-2.85361,51.29401],[-2.85342,51.29425],[-2.85312,51.29408],[-2.85279,51.29382],[-2.85286,51.29368]]]}},{"type":"Feature","properties":{"cat":"Woodland","fill":"#2E7D32","text":"Improve structure and diversity of existing woodlands","url":"Click HERE to view the preferred habitat in our strategy"},"geometry":{"type":"Polygon","coordinates":[[[-2.73325,51.30242],[-2.73297,51.30277],[-2.7324,51.3032],[-2.73233,51.3034],[-2.73243,51.3036],[-2.73242,51.3038],[-2.73238,51.30379],[-2.73235,51.3037],[-2.7324,51.30366],[-2.73241,51.3036],[-2.73228,51.30349],[-2.73237,51.30319],[-2.73297,51.30274],[-2.73338,51.30223],[-2.73341,51.30216],[-2.73339,51.30209],[-2.73345,51.30216],[-2.73325,51.30242]]]}},{"type":"Feature","properties":{"cat":"Woodland","fill":"#2E7D32","text":"Improve structure and diversity of existing woodlands","url":"Click HERE to view the preferred habitat in our strategy"},"geometry":{"type":"Polygon","coordinates":[[[-2.8312,51.29465],[-2.831,51.29484],[-2.83101,51.29491],[-2.83105,51.29491],[-2.83102,51.29648],[-2.83092,51.29649],[-2.83086,51.29653],[-2.83089,51.29466],[-2.83087,51.29431],[-2.83094,51.29405],[-2.83102,51.29389],[-2.8311,51.29402],[-2.83112,51.29412],[-2.83111,51.29418],[-2.831,51.29426],[-2.831,51.29449],[-2.8312,51.29465]]]}},{"type":"Feature","properties":{"cat":"Woodland","fill":"#2E7D32","text":"Improve structure and diversity of existing woodlands","url":"Click HERE to view the preferred habitat in our strategy"},"geometry":{"type":"Polygon","coordinates":[[[-2.81199,51.31025],[-2.81201,51.31013],[-2.81205,51.3101],[-2.81199,51.31025]]]}},{"type":"Feature","properties":{"cat":"Woodland","fill":"#2E7D32","text":"Improve structure and diversity of existing woodlands","url":"Click HERE to view the preferred habitat in our strategy"},"geometry":{"type":"Polygon","coordinates":[[[-2.80931,51.30376],[-2.80925,51.30375],[-2.80929,51.3037],[-2.80935,51.30371],[-2.80931,51.30376]]]}},{"type":"Feature","properties":{"cat":"Woodland","fill":"#2E7D32","text":"Improve structure and diversity of existing woodlands","url":"Click HERE to view the preferred habitat in our strategy"},"geometry":{"type":"Polygon","coordinates":[[[-2.80726,51.29049],[-2.80716,51.29067],[-2.80568,51.29059],[-2.80567,51.29041],[-2.80637,51.29047],[-2.80726,51.29049]]]}},{"type":"Feature","properties":{"cat":"Woodland","fill":"#2E7D32","text":"Improve structure and diversity of existing woodlands","url":"Click HERE to view the preferred habitat in our strategy"},"geometry":{"type":"Polygon","coordinates":[[[-2.78595,51.30048],[-2.78689,51.30243],[-2.78675,51.30256],[-2.7867,51.30254],[-2.78567,51.30259],[-2.785,51.3003],[-2.78578,51.30015],[-2.78595,51.30048]]]}},{"type":"Feature","properties":{"cat":"Woodland","fill":"#2E7D32","text":"Improve structure and diversity of existing woodlands","url":"Click HERE to view the preferred habitat in our strategy"},"geometry":{"type":"Polygon","coordinates":[[[-2.81067,51.32628],[-2.81074,51.32631],[-2.81077,51.32637],[-2.81077,51.32668],[-2.81066,51.32667],[-2.81059,51.3265],[-2.81058,51.32631],[-2.81064,51.32631],[-2.81063,51.32626],[-2.81067,51.32628]]]}},{"type":"Feature","properties":{"cat":"Woodland","fill":"#2E7D32","text":"Improve structure and diversity of existing woodlands","url":"Click HERE to view the preferred habitat in our strategy"},"geometry":{"type":"Polygon","coordinates":[[[-2.76013,51.28051],[-2.76003,51.28042],[-2.76034,51.28023],[-2.76072,51.28034],[-2.76109,51.28035],[-2.76114,51.28044],[-2.76114,51.28047],[-2.76081,51.28051],[-2.76044,51.2805],[-2.76019,51.28055],[-2.76013,51.28051]]]}},{"type":"Feature","properties":{"cat":"Woodland","fill":"#2E7D32","text":"Establish trees outside of woodlands","url":"Click HERE to view the preferred habitat in our strategy"},"geometry":{"type":"Polygon","coordinates":[[[-2.78237,51.31113],[-2.78244,51.31144],[-2.78242,51.31146],[-2.78198,51.31146],[-2.78194,51.31119],[-2.78237,51.31113]]]}},{"type":"Feature","properties":{"cat":"Woodland","fill":"#2E7D32","text":"Establish trees outside of woodlands","url":"Click HERE to view the preferred habitat in our strategy"},"geometry":{"type":"Polygon","coordinates":[[[-2.77313,51.30437],[-2.77311,51.3045],[-2.77291,51.30451],[-2.77294,51.30432],[-2.77313,51.30437]]]}},{"type":"Feature","properties":{"cat":"Woodland","fill":"#2E7D32","text":"Establish trees outside of woodlands","url":"Click HERE to view the preferred habitat in our strategy"},"geometry":{"type":"Polygon","coordinates":[[[-2.78303,51.2866],[-2.78293,51.28656],[-2.78305,51.28644],[-2.78374,51.28641],[-2.78376,51.28653],[-2.78363,51.28658],[-2.78308,51.28663],[-2.78303,51.2866]]]}},{"type":"Feature","properties":{"cat":"Woodland","fill":"#2E7D32","text":"Improve structure and diversity of existing woodlands","url":"Click HERE to view the preferred habitat in our strategy"},"geometry":{"type":"Polygon","coordinates":[[[-2.80619,51.28524],[-2.80632,51.28525],[-2.80611,51.28528],[-2.80619,51.28524]]]}},{"type":"Feature","properties":{"cat":"Woodland","fill":"#2E7D32","text":"Improve structure and diversity of existing woodlands","url":"Click HERE to view the preferred habitat in our strategy"},"geometry":{"type":"Polygon","coordinates":[[[-2.80928,51.30358],[-2.80936,51.30361],[-2.80926,51.3036],[-2.80928,51.30358]]]}},{"type":"Feature","properties":{"cat":"Woodland","fill":"#2E7D32","text":"Conserve and restore traditional orchards","url":"Click HERE to view the preferred habitat in our strategy"},"geometry":{"type":"Polygon","coordinates":[[[-2.80838,51.28589],[-2.80866,51.28667],[-2.80859,51.28655],[-2.80848,51.28656],[-2.80853,51.28669],[-2.80827,51.2867],[-2.80798,51.28589],[-2.80838,51.28589]]]}},{"type":"Feature","properties":{"cat":"Woodland","fill":"#2E7D32","text":"Improve structure and diversity of existing woodlands","url":"Click HERE to view the preferred habitat in our strategy"},"geometry":{"type":"Polygon","coordinates":[[[-2.79852,51.30993],[-2.79848,51.30962],[-2.79853,51.30957],[-2.79869,51.30973],[-2.79877,51.30986],[-2.79852,51.30993]]]}},{"type":"Feature","properties":{"cat":"Woodland","fill":"#2E7D32","text":"Improve structure and diversity of existing woodlands","url":"Click HERE to view the preferred habitat in our strategy"},"geometry":{"type":"Polygon","coordinates":[[[-2.76425,51.2798],[-2.76456,51.27952],[-2.76478,51.27947],[-2.76476,51.27951],[-2.76459,51.27951],[-2.76443,51.27968],[-2.76425,51.2798]]]}},{"type":"Feature","properties":{"cat":"Woodland","fill":"#2E7D32","text":"Improve structure and diversity of existing woodlands","url":"Click HERE to view the preferred habitat in our strategy"},"geometry":{"type":"Polygon","coordinates":[[[-2.76721,51.31429],[-2.7656,51.31411],[-2.76557,51.31409],[-2.76545,51.31363],[-2.76551,51.31357],[-2.76567,51.31406],[-2.76692,51.31422],[-2.76721,51.31429]]]}},{"type":"Feature","properties":{"cat":"Woodland","fill":"#2E7D32","text":"Improve structure and diversity of existing woodlands","url":"Click HERE to view the preferred habitat in our strategy"},"geometry":{"type":"Polygon","coordinates":[[[-2.77877,51.31753],[-2.77711,51.31616],[-2.77686,51.316],[-2.77612,51.31569],[-2.77605,51.31561],[-2.77706,51.31608],[-2.7792,51.31783],[-2.78049,51.319],[-2.78046,51.31901],[-2.77877,51.31753]]]}},{"type":"Feature","properties":{"cat":"Woodland","fill":"#2E7D32","text":"Improve structure and diversity of existing woodlands","url":"Click HERE to view the preferred habitat in our strategy"},"geometry":{"type":"Polygon","coordinates":[[[-2.77747,51.28872],[-2.77742,51.28871],[-2.77744,51.28868],[-2.77748,51.28869],[-2.77747,51.28872]]]}},{"type":"Feature","properties":{"cat":"Woodland","fill":"#2E7D32","text":"Improve structure and diversity of existing woodlands","url":"Click HERE to view the preferred habitat in our strategy"},"geometry":{"type":"Polygon","coordinates":[[[-2.80236,51.29063],[-2.80262,51.29066],[-2.8024,51.2907],[-2.80236,51.29063]]]}},{"type":"Feature","properties":{"cat":"Woodland","fill":"#2E7D32","text":"Improve structure and diversity of existing woodlands","url":"Click HERE to view the preferred habitat in our strategy"},"geometry":{"type":"Polygon","coordinates":[[[-2.79767,51.32593],[-2.79768,51.32598],[-2.79755,51.32599],[-2.79751,51.32594],[-2.79767,51.32593]]]}},{"type":"Feature","properties":{"cat":"Woodland","fill":"#2E7D32","text":"Improve structure and diversity of existing woodlands","url":"Click HERE to view the preferred habitat in our strategy"},"geometry":{"type":"Polygon","coordinates":[[[-2.80353,51.31583],[-2.80352,51.3157],[-2.80403,51.3157],[-2.8041,51.31581],[-2.80353,51.31583]]]}},{"type":"Feature","properties":{"cat":"Woodland","fill":"#2E7D32","text":"Improve structure and diversity of existing woodlands","url":"Click HERE to view the preferred habitat in our strategy"},"geometry":{"type":"Polygon","coordinates":[[[-2.7408,51.30112],[-2.74115,51.30102],[-2.7412,51.30103],[-2.7408,51.30114],[-2.74069,51.30115],[-2.74064,51.30112],[-2.7408,51.30112]]]}},{"type":"Feature","properties":{"cat":"Woodland","fill":"#2E7D32","text":"Improve structure and diversity of existing woodlands","url":"Click HERE to view the preferred habitat in our strategy"},"geometry":{"type":"Polygon","coordinates":[[[-2.80217,51.3114],[-2.8026,51.31134],[-2.80305,51.31123],[-2.80366,51.31138],[-2.80508,51.3116],[-2.805,51.31169],[-2.80507,51.3117],[-2.80514,51.3118],[-2.80516,51.31198],[-2.80507,51.31208],[-2.8051,51.3121],[-2.80403,51.31211],[-2.80329,51.31202],[-2.80261,51.31186],[-2.80217,51.31145],[-2.80214,51.31141],[-2.80217,51.3114]]]}},{"type":"Feature","properties":{"cat":"Woodland","fill":"#2E7D32","text":"Improve structure and diversity of existing woodlands","url":"Click HERE to view the preferred habitat in our strategy"},"geometry":{"type":"Polygon","coordinates":[[[-2.81189,51.31076],[-2.81163,51.31086],[-2.81142,51.31],[-2.8113,51.30997],[-2.81089,51.31004],[-2.81047,51.31021],[-2.80991,51.31028],[-2.80943,51.31046],[-2.80853,51.31071],[-2.80831,51.31072],[-2.8079,51.31062],[-2.80765,51.31062],[-2.80736,51.31068],[-2.80724,51.31064],[-2.80725,51.31061],[-2.80751,51.31057],[-2.8078,51.31057],[-2.80849,51.31068],[-2.80888,51.31058],[-2.80909,51.31047],[-2.80941,51.31039],[-2.80952,51.31031],[-2.80976,51.31021],[-2.8101,51.31012],[-2.81035,51.3101],[-2.81101,51.30989],[-2.81122,51.30986],[-2.8116,51.31003],[-2.81193,51.31006],[-2.81204,51.3101],[-2.81199,51.31019],[-2.81197,51.31034],[-2.81202,51.31054],[-2.81201,51.31061],[-2.81206,51.31071],[-2.81189,51.31076]]]}},{"type":"Feature","properties":{"cat":"Woodland","fill":"#2E7D32","text":"Improve structure and diversity of existing woodlands","url":"Click HERE to view the preferred habitat in our strategy"},"geometry":{"type":"Polygon","coordinates":[[[-2.77536,51.30949],[-2.77593,51.30943],[-2.77616,51.3093],[-2.77639,51.30929],[-2.77677,51.30942],[-2.77699,51.30934],[-2.77703,51.3094],[-2.77711,51.30942],[-2.77711,51.30948],[-2.77721,51.30953],[-2.77731,51.30965],[-2.77726,51.30974],[-2.77716,51.30965],[-2.77692,51.30956],[-2.77673,51.30944],[-2.77648,51.30941],[-2.77633,51.30935],[-2.77619,51.30935],[-2.77595,51.30946],[-2.77556,51.30952],[-2.77535,51.30951],[-2.77533,51.3095],[-2.77536,51.30949]]]}},{"type":"Feature","properties":{"cat":"Woodland","fill":"#2E7D32","text":"Improve structure and diversity of existing woodlands","url":"Click HERE to view the preferred habitat in our strategy"},"geometry":{"type":"Polygon","coordinates":[[[-2.80753,51.28509],[-2.80823,51.28495],[-2.80782,51.28507],[-2.80755,51.28511],[-2.80753,51.28509]]]}},{"type":"Feature","properties":{"cat":"Woodland","fill":"#2E7D32","text":"Improve structure and diversity of existing woodlands","url":"Click HERE to view the preferred habitat in our strategy"},"geometry":{"type":"Polygon","coordinates":[[[-2.77664,51.28816],[-2.77654,51.28807],[-2.77659,51.28803],[-2.77655,51.28801],[-2.7767,51.28788],[-2.77702,51.28775],[-2.77758,51.28784],[-2.77763,51.28783],[-2.77766,51.28777],[-2.77777,51.28776],[-2.77756,51.28798],[-2.77748,51.28798],[-2.77745,51.28801],[-2.77688,51.28795],[-2.77684,51.28812],[-2.7774,51.28819],[-2.77741,51.28814],[-2.77753,51.28815],[-2.77763,51.28803],[-2.77774,51.28799],[-2.77783,51.28797],[-2.77791,51.28803],[-2.77791,51.2881],[-2.77783,51.28819],[-2.77765,51.2882],[-2.7776,51.28823],[-2.77688,51.28818],[-2.77685,51.28829],[-2.77714,51.28847],[-2.77664,51.28816]],[[-2.77778,51.28799],[-2.77768,51.28803],[-2.77762,51.28813],[-2.77782,51.28818],[-2.77788,51.28801],[-2.77778,51.28799]],[[-2.7767,51.28812],[-2.77668,51.28814],[-2.77672,51.28816],[-2.77675,51.28814],[-2.7767,51.28812]],[[-2.77702,51.28777],[-2.77701,51.2878],[-2.77709,51.2878],[-2.77702,51.28777]]]}},{"type":"Feature","properties":{"cat":"Woodland","fill":"#2E7D32","text":"Improve structure and diversity of existing woodlands","url":"Click HERE to view the preferred habitat in our strategy"},"geometry":{"type":"Polygon","coordinates":[[[-2.78072,51.31255],[-2.78026,51.31236],[-2.78026,51.31231],[-2.77953,51.31154],[-2.77986,51.31139],[-2.78061,51.312],[-2.78087,51.31241],[-2.78072,51.31255]]]}},{"type":"Feature","properties":{"cat":"Woodland","fill":"#2E7D32","text":"Improve structure and diversity of existing woodlands","url":"Click HERE to view the preferred habitat in our strategy"},"geometry":{"type":"Polygon","coordinates":[[[-2.77999,51.28864],[-2.77998,51.28895],[-2.77938,51.28884],[-2.77932,51.28865],[-2.77999,51.28864]],[[-2.77979,51.28879],[-2.77981,51.28884],[-2.77989,51.28883],[-2.77987,51.28878],[-2.77979,51.28879]]]}},{"type":"Feature","properties":{"cat":"Woodland","fill":"#2E7D32","text":"Improve structure and diversity of existing woodlands","url":"Click HERE to view the preferred habitat in our strategy"},"geometry":{"type":"Polygon","coordinates":[[[-2.77714,51.2885],[-2.77719,51.28857],[-2.77679,51.28863],[-2.77661,51.2891],[-2.77687,51.28912],[-2.7774,51.28936],[-2.77763,51.28948],[-2.77816,51.2899],[-2.77796,51.28987],[-2.77773,51.28969],[-2.77727,51.28942],[-2.77655,51.28916],[-2.77679,51.28854],[-2.77714,51.2885]]]}},{"type":"Feature","properties":{"cat":"Woodland","fill":"#2E7D32","text":"Improve structure and diversity of existing woodlands","url":"Click HERE to view the preferred habitat in our strategy"},"geometry":{"type":"Polygon","coordinates":[[[-2.78023,51.28582],[-2.78055,51.28617],[-2.78053,51.2862],[-2.78018,51.2858],[-2.77992,51.28544],[-2.77956,51.2846],[-2.77988,51.28533],[-2.78023,51.28582]]]}},{"type":"Feature","properties":{"cat":"Woodland","fill":"#2E7D32","text":"Improve structure and diversity of existing woodlands","url":"Click HERE to view the preferred habitat in our strategy"},"geometry":{"type":"Polygon","coordinates":[[[-2.80775,51.30469],[-2.80774,51.30465],[-2.80986,51.30437],[-2.80964,51.30452],[-2.80822,51.30473],[-2.80781,51.30495],[-2.80775,51.30469]]]}},{"type":"Feature","properties":{"cat":"Woodland","fill":"#2E7D32","text":"Improve structure and diversity of existing woodlands","url":"Click HERE to view the preferred habitat in our strategy"},"geometry":{"type":"Polygon","coordinates":[[[-2.81849,51.32638],[-2.81838,51.32637],[-2.81833,51.32635],[-2.81827,51.32633],[-2.81831,51.32634],[-2.81836,51.32635],[-2.81839,51.32636],[-2.81844,51.32638],[-2.81845,51.32638],[-2.81845,51.32638],[-2.81849,51.32638],[-2.81849,51.32638]]]}},{"type":"Feature","properties":{"cat":"Woodland","fill":"#2E7D32","text":"Improve structure and diversity of existing woodlands","url":"Click HERE to view the preferred habitat in our strategy"},"geometry":{"type":"Polygon","coordinates":[[[-2.81755,51.32646],[-2.81751,51.32642],[-2.8178,51.32635],[-2.81789,51.3263],[-2.81815,51.3263],[-2.81755,51.32646]]]}},{"type":"Feature","properties":{"cat":"Woodland","fill":"#2E7D32","text":"Improve structure and diversity of existing woodlands","url":"Click HERE to view the preferred habitat in our strategy"},"geometry":{"type":"Polygon","coordinates":[[[-2.80721,51.31526],[-2.80667,51.31531],[-2.80611,51.31543],[-2.80593,51.3155],[-2.80516,51.31559],[-2.80578,51.3155],[-2.80667,51.3153],[-2.80721,51.31526]]]}},{"type":"Feature","properties":{"cat":"Woodland","fill":"#2E7D32","text":"Improve structure and diversity of existing woodlands","url":"Click HERE to view the preferred habitat in our strategy"},"geometry":{"type":"Polygon","coordinates":[[[-2.80181,51.31014],[-2.80274,51.31099],[-2.80168,51.31141],[-2.80158,51.31131],[-2.80165,51.31103],[-2.8016,51.31084],[-2.80161,51.31054],[-2.80151,51.3103],[-2.80181,51.31014]]]}},{"type":"Feature","properties":{"cat":"Woodland","fill":"#2E7D32","text":"Improve structure and diversity of existing woodlands","url":"Click HERE to view the preferred habitat in our strategy"},"geometry":{"type":"Polygon","coordinates":[[[-2.7822,51.28629],[-2.78193,51.28624],[-2.78197,51.28615],[-2.78211,51.28617],[-2.78224,51.2862],[-2.7822,51.28629]],[[-2.78205,51.28622],[-2.78214,51.28625],[-2.78216,51.28622],[-2.78207,51.28619],[-2.78205,51.28622]]]}},{"type":"Feature","properties":{"cat":"Woodland","fill":"#2E7D32","text":"Improve structure and diversity of existing woodlands","url":"Click HERE to view the preferred habitat in our strategy"},"geometry":{"type":"Polygon","coordinates":[[[-2.80959,51.30279],[-2.80964,51.30275],[-2.80971,51.30275],[-2.80965,51.30282],[-2.80956,51.30281],[-2.80959,51.30279]]]}},{"type":"Feature","properties":{"cat":"Woodland","fill":"#2E7D32","text":"Improve structure and diversity of existing woodlands","url":"Click HERE to view the preferred habitat in our strategy"},"geometry":{"type":"Polygon","coordinates":[[[-2.79662,51.31128],[-2.79664,51.3114],[-2.79669,51.31147],[-2.79629,51.31154],[-2.79628,51.31158],[-2.79587,51.31159],[-2.79543,51.31155],[-2.79541,51.31126],[-2.79572,51.31131],[-2.79599,51.31129],[-2.79639,51.31121],[-2.7966,51.31113],[-2.79662,51.31128]]]}},{"type":"Feature","properties":{"cat":"Woodland","fill":"#2E7D32","text":"Improve structure and diversity of existing woodlands","url":"Click HERE to view the preferred habitat in our strategy"},"geometry":{"type":"Polygon","coordinates":[[[-2.7712,51.28978],[-2.77126,51.29062],[-2.77027,51.2904],[-2.77048,51.28956],[-2.77118,51.28957],[-2.7712,51.28978]]]}},{"type":"Feature","properties":{"cat":"Woodland","fill":"#2E7D32","text":"Improve structure and diversity of existing woodlands","url":"Click HERE to view the preferred habitat in our strategy"},"geometry":{"type":"Polygon","coordinates":[[[-2.78117,51.31966],[-2.78112,51.31977],[-2.78095,51.31992],[-2.78073,51.32002],[-2.78039,51.32009],[-2.7804,51.32001],[-2.78072,51.31999],[-2.78111,51.31967],[-2.78117,51.31966]]]}},{"type":"Feature","properties":{"cat":"Woodland","fill":"#2E7D32","text":"Improve structure and diversity of existing woodlands","url":"Click HERE to view the preferred habitat in our strategy"},"geometry":{"type":"Polygon","coordinates":[[[-2.80794,51.31632],[-2.8078,51.31599],[-2.80817,51.31573],[-2.809,51.31594],[-2.80901,51.31638],[-2.80862,51.31631],[-2.80813,51.31633],[-2.80805,51.31636],[-2.80798,51.31646],[-2.80794,51.31632]]]}},{"type":"Feature","properties":{"cat":"Woodland","fill":"#2E7D32","text":"Improve structure and diversity of existing woodlands","url":"Click HERE to view the preferred habitat in our strategy"},"geometry":{"type":"Polygon","coordinates":[[[-2.8017,51.28901],[-2.80161,51.28883],[-2.80157,51.28865],[-2.80183,51.28909],[-2.80183,51.28912],[-2.8017,51.28901]]]}},{"type":"Feature","properties":{"cat":"Woodland","fill":"#2E7D32","text":"Improve structure and diversity of existing woodlands","url":"Click HERE to view the preferred habitat in our strategy"},"geometry":{"type":"Polygon","coordinates":[[[-2.8076,51.3042],[-2.80793,51.30421],[-2.8081,51.30428],[-2.80839,51.30428],[-2.80848,51.30425],[-2.80849,51.3043],[-2.80843,51.30434],[-2.80822,51.30436],[-2.80764,51.30435],[-2.8076,51.3042]]]}},{"type":"Feature","properties":{"cat":"Woodland","fill":"#2E7D32","text":"Improve structure and diversity of existing woodlands","url":"Click HERE to view the preferred habitat in our strategy"},"geometry":{"type":"Polygon","coordinates":[[[-2.7293,51.3168],[-2.72893,51.31639],[-2.72958,51.31632],[-2.72949,51.31645],[-2.72981,51.31659],[-2.72969,51.31672],[-2.72948,51.31686],[-2.72943,51.31688],[-2.7293,51.3168]]]}},{"type":"Feature","properties":{"cat":"Woodland","fill":"#2E7D32","text":"Improve structure and diversity of existing woodlands","url":"Click HERE to view the preferred habitat in our strategy"},"geometry":{"type":"Polygon","coordinates":[[[-2.80062,51.28505],[-2.80145,51.28515],[-2.80136,51.28549],[-2.80104,51.28547],[-2.80046,51.28537],[-2.80062,51.28505]]]}},{"type":"Feature","properties":{"cat":"Woodland","fill":"#2E7D32","text":"Improve structure and diversity of existing woodlands","url":"Click HERE to view the preferred habitat in our strategy"},"geometry":{"type":"Polygon","coordinates":[[[-2.78812,51.3051],[-2.78794,51.30509],[-2.78774,51.30514],[-2.7877,51.30509],[-2.78782,51.30503],[-2.78812,51.30502],[-2.78819,51.30508],[-2.78812,51.3051]]]}},{"type":"Feature","properties":{"cat":"Woodland","fill":"#2E7D32","text":"Improve structure and diversity of existing woodlands","url":"Click HERE to view the preferred habitat in our strategy"},"geometry":{"type":"Polygon","coordinates":[[[-2.76757,51.32318],[-2.76755,51.32321],[-2.76673,51.32284],[-2.76517,51.32242],[-2.76503,51.32235],[-2.76645,51.32268],[-2.76761,51.32314],[-2.76757,51.32318]]]}},{"type":"Feature","properties":{"cat":"Woodland","fill":"#2E7D32","text":"Improve structure and diversity of existing woodlands","url":"Click HERE to view the preferred habitat in our strategy"},"geometry":{"type":"Polygon","coordinates":[[[-2.83078,51.30017],[-2.83078,51.3004],[-2.83084,51.3004],[-2.83084,51.29971],[-2.83091,51.29971],[-2.83099,51.30023],[-2.83096,51.30046],[-2.83076,51.30048],[-2.83062,51.30045],[-2.83061,51.30041],[-2.83071,51.29968],[-2.83077,51.29968],[-2.83078,51.30017]]]}},{"type":"Feature","properties":{"cat":"Woodland","fill":"#2E7D32","text":"Improve structure and diversity of existing woodlands","url":"Click HERE to view the preferred habitat in our strategy"},"geometry":{"type":"Polygon","coordinates":[[[-2.77377,51.31434],[-2.77372,51.31432],[-2.77369,51.31435],[-2.77355,51.31431],[-2.77342,51.31436],[-2.77235,51.31486],[-2.77224,51.31493],[-2.77224,51.31501],[-2.77198,51.31492],[-2.7735,51.31422],[-2.77356,51.31415],[-2.77392,51.31432],[-2.77374,51.31437],[-2.77377,51.31434]]]}},{"type":"Feature","properties":{"cat":"Woodland","fill":"#2E7D32","text":"Improve structure and diversity of existing woodlands","url":"Click HERE to view the preferred habitat in our strategy"},"geometry":{"type":"Polygon","coordinates":[[[-2.78054,51.2902],[-2.78078,51.29021],[-2.7808,51.29031],[-2.78067,51.29035],[-2.78054,51.2902]]]}},{"type":"Feature","properties":{"cat":"Woodland","fill":"#2E7D32","text":"Improve structure and diversity of existing woodlands","url":"Click HERE to view the preferred habitat in our strategy"},"geometry":{"type":"Polygon","coordinates":[[[-2.79538,51.31616],[-2.79566,51.31618],[-2.79562,51.31623],[-2.7954,51.31644],[-2.79514,51.31642],[-2.79533,51.31618],[-2.79538,51.31616]]]}},{"type":"Feature","properties":{"cat":"Woodland","fill":"#2E7D32","text":"Improve structure and diversity of existing woodlands","url":"Click HERE to view the preferred habitat in our strategy"},"geometry":{"type":"Polygon","coordinates":[[[-2.78623,51.32092],[-2.7863,51.32099],[-2.78626,51.3212],[-2.78636,51.32159],[-2.78641,51.32164],[-2.78641,51.32172],[-2.7865,51.32174],[-2.78662,51.3217],[-2.7869,51.32232],[-2.78665,51.32234],[-2.78588,51.3217],[-2.78606,51.3211],[-2.78616,51.32088],[-2.78623,51.32092]]]}},{"type":"Feature","properties":{"cat":"Woodland","fill":"#2E7D32","text":"Enhance conifer and mixed woodlands","url":"Click HERE to view the preferred habitat in our strategy"},"geometry":{"type":"Polygon","coordinates":[[[-2.77315,51.31385],[-2.77334,51.31344],[-2.773,51.31333],[-2.77306,51.31322],[-2.77262,51.31314],[-2.77235,51.31372],[-2.77085,51.31359],[-2.77001,51.31348],[-2.76991,51.31343],[-2.76987,51.31336],[-2.76991,51.3133],[-2.77011,51.31321],[-2.77139,51.31298],[-2.772,51.31283],[-2.77253,51.31264],[-2.77317,51.31227],[-2.77335,51.31206],[-2.7734,51.31195],[-2.77344,51.31203],[-2.77356,51.31382],[-2.7735,51.31389],[-2.77334,51.31393],[-2.77322,51.31392],[-2.77315,51.31385]]]}},{"type":"Feature","properties":{"cat":"Woodland","fill":"#2E7D32","text":"Improve structure and diversity of existing woodlands","url":"Click HERE to view the preferred habitat in our strategy"},"geometry":{"type":"Polygon","coordinates":[[[-2.79791,51.32681],[-2.79786,51.32679],[-2.79778,51.32665],[-2.79771,51.32635],[-2.79759,51.32609],[-2.79744,51.32588],[-2.79725,51.32571],[-2.79755,51.32554],[-2.79773,51.32558],[-2.79778,51.32567],[-2.79778,51.32574],[-2.79782,51.32578],[-2.79811,51.3259],[-2.79827,51.32605],[-2.79836,51.3262],[-2.79851,51.32627],[-2.79843,51.32646],[-2.79852,51.32689],[-2.79856,51.32692],[-2.79865,51.32692],[-2.79891,51.32688],[-2.79846,51.32694],[-2.79791,51.32681]],[[-2.79767,51.32594],[-2.79751,51.32594],[-2.79755,51.32599],[-2.79768,51.32598],[-2.79767,51.32594]]]}},{"type":"Feature","properties":{"cat":"Woodland","fill":"#2E7D32","text":"Enhance conifer and mixed woodlands","url":"Click HERE to view the preferred habitat in our strategy"},"geometry":{"type":"Polygon","coordinates":[[[-2.77586,51.2877],[-2.77578,51.28765],[-2.7755,51.28759],[-2.77546,51.28732],[-2.77636,51.28762],[-2.77602,51.28781],[-2.77586,51.2877]]]}},{"type":"Feature","properties":{"cat":"Woodland","fill":"#2E7D32","text":"Enhance conifer and mixed woodlands","url":"Click HERE to view the preferred habitat in our strategy"},"geometry":{"type":"Polygon","coordinates":[[[-2.80847,51.30166],[-2.80839,51.30009],[-2.80866,51.30008],[-2.80873,51.30162],[-2.80847,51.30166]]]}},{"type":"Feature","properties":{"cat":"Woodland","fill":"#2E7D32","text":"Improve structure and diversity of existing woodlands","url":"Click HERE to view the preferred habitat in our strategy"},"geometry":{"type":"Polygon","coordinates":[[[-2.80767,51.28488],[-2.80667,51.28511],[-2.8059,51.28523],[-2.80578,51.28527],[-2.80577,51.28532],[-2.80565,51.28538],[-2.80571,51.28528],[-2.80585,51.28521],[-2.80682,51.28505],[-2.80765,51.28484],[-2.80767,51.28488]]]}},{"type":"Feature","properties":{"cat":"Woodland","fill":"#2E7D32","text":"Establish trees outside of woodlands","url":"Click HERE to view the preferred habitat in our strategy"},"geometry":{"type":"Polygon","coordinates":[[[-2.81543,51.28875],[-2.81565,51.28913],[-2.81557,51.2892],[-2.81511,51.28934],[-2.81471,51.28881],[-2.81543,51.28875]]]}},{"type":"Feature","properties":{"cat":"Woodland","fill":"#2E7D32","text":"Improve structure and diversity of existing woodlands","url":"Click HERE to view the preferred habitat in our strategy"},"geometry":{"type":"Polygon","coordinates":[[[-2.74099,51.30106],[-2.74083,51.30112],[-2.73983,51.30112],[-2.73853,51.30092],[-2.7383,51.30091],[-2.73802,51.30096],[-2.73797,51.30096],[-2.73797,51.30093],[-2.73806,51.3005],[-2.73829,51.30054],[-2.73833,51.30043],[-2.73842,51.30044],[-2.73856,51.30015],[-2.73857,51.30006],[-2.7386,51.30006],[-2.73859,51.2999],[-2.73865,51.29993],[-2.73865,51.30015],[-2.73871,51.30042],[-2.73903,51.30067],[-2.73921,51.30075],[-2.73989,51.3009],[-2.74071,51.30091],[-2.741,51.30095],[-2.74115,51.30102],[-2.74099,51.30106]]]}},{"type":"Feature","properties":{"cat":"Woodland","fill":"#2E7D32","text":"Improve structure and diversity of existing woodlands","url":"Click HERE to view the preferred habitat in our strategy"},"geometry":{"type":"Polygon","coordinates":[[[-2.77093,51.28732],[-2.77074,51.28714],[-2.77075,51.28707],[-2.77085,51.28699],[-2.77088,51.28686],[-2.77071,51.28674],[-2.77073,51.28668],[-2.77109,51.28642],[-2.77122,51.2862],[-2.77134,51.28611],[-2.77149,51.28587],[-2.77177,51.2858],[-2.77202,51.28582],[-2.77217,51.2859],[-2.77225,51.28618],[-2.77222,51.28628],[-2.77231,51.28639],[-2.77213,51.28626],[-2.77218,51.28626],[-2.7722,51.28605],[-2.77213,51.28604],[-2.77218,51.28599],[-2.77213,51.28595],[-2.77201,51.2859],[-2.77191,51.28599],[-2.77176,51.28593],[-2.77173,51.28596],[-2.77169,51.28595],[-2.77165,51.28599],[-2.77167,51.2861],[-2.77135,51.28646],[-2.77122,51.28669],[-2.77109,51.28707],[-2.77109,51.2871],[-2.77116,51.2871],[-2.77133,51.28721],[-2.77151,51.28725],[-2.7717,51.28713],[-2.77183,51.28694],[-2.77187,51.28695],[-2.77189,51.28692],[-2.77185,51.28691],[-2.77192,51.28677],[-2.77214,51.2867],[-2.77217,51.28666],[-2.7723,51.28669],[-2.77204,51.28677],[-2.77198,51.2869],[-2.77201,51.28709],[-2.77185,51.28712],[-2.77169,51.28731],[-2.77186,51.28738],[-2.77188,51.28736],[-2.77201,51.2874],[-2.77206,51.28734],[-2.77214,51.28738],[-2.77204,51.28744],[-2.7717,51.28736],[-2.77172,51.28754],[-2.77168,51.28761],[-2.77156,51.28767],[-2.77124,51.28772],[-2.77094,51.28765],[-2.77093,51.28758],[-2.77098,51.28744],[-2.77093,51.28732]]]}},{"type":"Feature","properties":{"cat":"Woodland","fill":"#2E7D32","text":"Improve structure and diversity of existing woodlands","url":"Click HERE to view the preferred habitat in our strategy"},"geometry":{"type":"Polygon","coordinates":[[[-2.77842,51.28939],[-2.77787,51.28909],[-2.77792,51.28905],[-2.77725,51.28869],[-2.77719,51.28863],[-2.77721,51.28859],[-2.7774,51.28876],[-2.77805,51.28908],[-2.77829,51.2893],[-2.77845,51.28937],[-2.77842,51.28939]]]}},{"type":"Feature","properties":{"cat":"Woodland","fill":"#2E7D32","text":"Improve structure and diversity of existing woodlands","url":"Click HERE to view the preferred habitat in our strategy"},"geometry":{"type":"Polygon","coordinates":[[[-2.78406,51.30549],[-2.78423,51.30544],[-2.78427,51.30551],[-2.78408,51.30554],[-2.78406,51.30549]]]}},{"type":"Feature","properties":{"cat":"Woodland","fill":"#2E7D32","text":"Improve structure and diversity of existing woodlands","url":"Click HERE to view the preferred habitat in our strategy"},"geometry":{"type":"Polygon","coordinates":[[[-2.78434,51.31937],[-2.78347,51.31918],[-2.78339,51.31914],[-2.78343,51.31906],[-2.78316,51.31897],[-2.78303,51.31887],[-2.78298,51.31878],[-2.78306,51.31873],[-2.78344,51.31884],[-2.78346,51.3189],[-2.78361,51.31891],[-2.78441,51.31924],[-2.78454,51.31934],[-2.78448,51.31941],[-2.78434,51.31937]],[[-2.78328,51.31889],[-2.78326,51.31892],[-2.78334,51.31895],[-2.78331,51.31897],[-2.78335,51.319],[-2.78341,51.31893],[-2.78328,51.31889]]]}},{"type":"Feature","properties":{"cat":"Woodland","fill":"#2E7D32","text":"Improve structure and diversity of existing woodlands","url":"Click HERE to view the preferred habitat in our strategy"},"geometry":{"type":"Polygon","coordinates":[[[-2.80011,51.30206],[-2.79925,51.30209],[-2.79708,51.30257],[-2.79698,51.30256],[-2.79894,51.30214],[-2.79892,51.30211],[-2.79926,51.30204],[-2.80015,51.30199],[-2.80016,51.30205],[-2.80011,51.30206]]]}},{"type":"Feature","properties":{"cat":"Woodland","fill":"#2E7D32","text":"Improve structure and diversity of existing woodlands","url":"Click HERE to view the preferred habitat in our strategy"},"geometry":{"type":"Polygon","coordinates":[[[-2.77126,51.291],[-2.77066,51.29102],[-2.77013,51.29097],[-2.77027,51.2904],[-2.77126,51.29062],[-2.77138,51.29096],[-2.77138,51.29102],[-2.77126,51.291]]]}},{"type":"Feature","properties":{"cat":"Woodland","fill":"#2E7D32","text":"Improve structure and diversity of existing woodlands","url":"Click HERE to view the preferred habitat in our strategy"},"geometry":{"type":"Polygon","coordinates":[[[-2.78095,51.29182],[-2.78057,51.29188],[-2.78019,51.29175],[-2.78016,51.29165],[-2.7809,51.29168],[-2.78095,51.29182]]]}},{"type":"Feature","properties":{"cat":"Woodland","fill":"#2E7D32","text":"Enhance conifer and mixed woodlands","url":"Click HERE to view the preferred habitat in our strategy"},"geometry":{"type":"Polygon","coordinates":[[[-2.76553,51.31692],[-2.76559,51.31701],[-2.76556,51.31716],[-2.7656,51.31751],[-2.76538,51.31838],[-2.76539,51.31885],[-2.76517,51.31894],[-2.76478,51.31902],[-2.76412,51.31899],[-2.76422,51.31877],[-2.76463,51.31875],[-2.76487,51.31865],[-2.76494,51.31859],[-2.76483,51.31826],[-2.76485,51.31818],[-2.76511,51.31774],[-2.76515,51.31741],[-2.76529,51.31716],[-2.76526,51.31676],[-2.76529,51.31656],[-2.76553,51.31692]]]}},{"type":"Feature","properties":{"cat":"Woodland","fill":"#2E7D32","text":"Improve structure and diversity of existing woodlands","url":"Click HERE to view the preferred habitat in our strategy"},"geometry":{"type":"Polygon","coordinates":[[[-2.80157,51.28865],[-2.8016,51.28879],[-2.80115,51.28826],[-2.80117,51.28825],[-2.80148,51.2886],[-2.80157,51.28865]]]}},{"type":"Feature","properties":{"cat":"Woodland","fill":"#2E7D32","text":"Enhance conifer and mixed woodlands","url":"Click HERE to view the preferred habitat in our strategy"},"geometry":{"type":"Polygon","coordinates":[[[-2.772,51.28691],[-2.77207,51.28677],[-2.7723,51.28669],[-2.7726,51.28678],[-2.77269,51.28701],[-2.77289,51.28701],[-2.77293,51.2872],[-2.77332,51.2874],[-2.77357,51.28771],[-2.77316,51.28795],[-2.77303,51.28783],[-2.77278,51.28769],[-2.77272,51.2876],[-2.77222,51.28721],[-2.77196,51.28712],[-2.77204,51.28709],[-2.77201,51.28705],[-2.772,51.28691]]]}},{"type":"Feature","properties":{"cat":"Woodland","fill":"#2E7D32","text":"Enhance conifer and mixed woodlands","url":"Click HERE to view the preferred habitat in our strategy"},"geometry":{"type":"Polygon","coordinates":[[[-2.78838,51.31251],[-2.78853,51.31265],[-2.78919,51.31273],[-2.78957,51.31272],[-2.78959,51.31284],[-2.78967,51.31297],[-2.78861,51.31276],[-2.78841,51.31263],[-2.78835,51.31251],[-2.78838,51.31251]]]}},{"type":"Feature","properties":{"cat":"Woodland","fill":"#2E7D32","text":"Enhance conifer and mixed woodlands","url":"Click HERE to view the preferred habitat in our strategy"},"geometry":{"type":"Polygon","coordinates":[[[-2.81041,51.30742],[-2.81029,51.30714],[-2.81031,51.30688],[-2.81041,51.30667],[-2.81082,51.30737],[-2.81041,51.30742]]]}},{"type":"Feature","properties":{"cat":"Woodland","fill":"#2E7D32","text":"Enhance conifer and mixed woodlands","url":"Click HERE to view the preferred habitat in our strategy"},"geometry":{"type":"Polygon","coordinates":[[[-2.77354,51.31418],[-2.77198,51.31492],[-2.77156,51.31484],[-2.77097,51.31499],[-2.76997,51.31505],[-2.76946,51.31504],[-2.76926,51.31499],[-2.76772,51.31441],[-2.76743,51.31433],[-2.76692,51.31422],[-2.76567,51.31406],[-2.76551,51.31357],[-2.76559,51.31353],[-2.76625,51.31352],[-2.76756,51.31337],[-2.76914,51.31341],[-2.77004,51.3136],[-2.77209,51.31382],[-2.77323,51.3141],[-2.77348,51.31413],[-2.77356,51.31415],[-2.77354,51.31418]],[[-2.7674,51.31361],[-2.76731,51.31364],[-2.76741,51.31365],[-2.7674,51.31361]]]}},{"type":"Feature","properties":{"cat":"Woodland","fill":"#2E7D32","text":"Enhance conifer and mixed woodlands","url":"Click HERE to view the preferred habitat in our strategy"},"geometry":{"type":"Polygon","coordinates":[[[-2.78688,51.31093],[-2.7869,51.3107],[-2.78612,51.31059],[-2.78621,51.31014],[-2.78647,51.31012],[-2.78649,51.31007],[-2.78697,51.31009],[-2.78739,51.31003],[-2.78744,51.3108],[-2.78804,51.31083],[-2.78809,51.31108],[-2.78776,51.31108],[-2.78774,51.31093],[-2.78688,51.31093]]]}},{"type":"Feature","properties":{"cat":"Woodland","fill":"#2E7D32","text":"Enhance conifer and mixed woodlands","url":"Click HERE to view the preferred habitat in our strategy"},"geometry":{"type":"Polygon","coordinates":[[[-2.77742,51.31516],[-2.77758,51.31532],[-2.77757,51.31536],[-2.77744,51.31542],[-2.77746,51.31547],[-2.77773,51.31552],[-2.77782,51.31557],[-2.77793,51.31569],[-2.77852,51.31616],[-2.77889,51.31637],[-2.77909,51.31652],[-2.78044,51.31617],[-2.78041,51.31611],[-2.78018,51.31598],[-2.78015,51.31593],[-2.78017,51.31587],[-2.78024,51.31582],[-2.78049,51.3159],[-2.78058,51.31597],[-2.78069,51.31611],[-2.78072,51.31631],[-2.78058,51.31636],[-2.78055,51.31646],[-2.78015,51.31652],[-2.7801,51.31655],[-2.78006,51.31665],[-2.78009,51.31671],[-2.78101,51.31735],[-2.78094,51.31823],[-2.78113,51.31875],[-2.78115,51.31925],[-2.78118,51.3194],[-2.78121,51.3194],[-2.78119,51.31945],[-2.78109,51.31946],[-2.78022,51.31865],[-2.78059,51.31857],[-2.78075,51.31846],[-2.78057,51.31743],[-2.78044,51.31731],[-2.77936,51.3166],[-2.77823,51.31693],[-2.7782,51.31691],[-2.77712,51.31602],[-2.77716,51.3156],[-2.77727,51.31514],[-2.77729,51.31511],[-2.77742,51.31516]]]}},{"type":"Feature","properties":{"cat":"Woodland","fill":"#2E7D32","text":"Enhance conifer and mixed woodlands","url":"Click HERE to view the preferred habitat in our strategy"},"geometry":{"type":"Polygon","coordinates":[[[-2.78384,51.31698],[-2.78368,51.31761],[-2.78343,51.31757],[-2.78324,51.31732],[-2.78322,51.31719],[-2.78314,51.31701],[-2.78313,51.31678],[-2.78265,51.31613],[-2.78319,51.31594],[-2.7834,51.31613],[-2.78384,51.31698]]]}},{"type":"Feature","properties":{"cat":"Woodland","fill":"#2E7D32","text":"Enhance conifer and mixed woodlands","url":"Click HERE to view the preferred habitat in our strategy"},"geometry":{"type":"Polygon","coordinates":[[[-2.76538,51.3189],[-2.76537,51.31932],[-2.7654,51.31968],[-2.76462,51.31981],[-2.76426,51.31983],[-2.76385,51.31966],[-2.76371,51.31953],[-2.76375,51.31937],[-2.76412,51.31899],[-2.76478,51.31902],[-2.76517,51.31894],[-2.76539,51.31885],[-2.76538,51.3189]]]}},{"type":"Feature","properties":{"cat":"Woodland","fill":"#2E7D32","text":"Enhance conifer and mixed woodlands","url":"Click HERE to view the preferred habitat in our strategy"},"geometry":{"type":"Polygon","coordinates":[[[-2.81023,51.31578],[-2.81018,51.31578],[-2.81008,51.31558],[-2.81014,51.3156],[-2.81023,51.31578]]]}},{"type":"Feature","properties":{"cat":"Woodland","fill":"#2E7D32","text":"Enhance conifer and mixed woodlands","url":"Click HERE to view the preferred habitat in our strategy"},"geometry":{"type":"Polygon","coordinates":[[[-2.76678,51.31869],[-2.76688,51.31873],[-2.76697,51.31891],[-2.76691,51.31917],[-2.76683,51.31925],[-2.76673,51.31933],[-2.76568,51.3196],[-2.76566,51.31903],[-2.76571,51.31837],[-2.76678,51.31869]]]}},{"type":"Feature","properties":{"cat":"Woodland","fill":"#2E7D32","text":"Enhance conifer and mixed woodlands","url":"Click HERE to view the preferred habitat in our strategy"},"geometry":{"type":"Polygon","coordinates":[[[-2.77346,51.30976],[-2.77213,51.30966],[-2.77198,51.30956],[-2.77056,51.3089],[-2.769,51.30826],[-2.76849,51.30793],[-2.76817,51.30763],[-2.76887,51.30786],[-2.77124,51.30833],[-2.77316,51.30879],[-2.77359,51.309],[-2.77428,51.30925],[-2.77457,51.30939],[-2.77421,51.30952],[-2.77453,51.30983],[-2.77423,51.30995],[-2.77405,51.30984],[-2.77346,51.30976]]]}},{"type":"Feature","properties":{"cat":"Woodland","fill":"#2E7D32","text":"Enhance conifer and mixed woodlands","url":"Click HERE to view the preferred habitat in our strategy"},"geometry":{"type":"Polygon","coordinates":[[[-2.77686,51.3144],[-2.77758,51.31454],[-2.77759,51.31458],[-2.77724,51.31508],[-2.77714,51.31501],[-2.7767,51.31484],[-2.77661,51.31475],[-2.77657,51.31465],[-2.77641,51.31458],[-2.77628,51.31443],[-2.77686,51.3144]]]}},{"type":"Feature","properties":{"cat":"Woodland","fill":"#2E7D32","text":"Enhance conifer and mixed woodlands","url":"Click HERE to view the preferred habitat in our strategy"},"geometry":{"type":"Polygon","coordinates":[[[-2.77389,51.31418],[-2.77509,51.31443],[-2.77564,51.31446],[-2.77628,51.31443],[-2.77641,51.31458],[-2.77657,51.31465],[-2.77661,51.31475],[-2.7767,51.31484],[-2.77714,51.31501],[-2.77723,51.31508],[-2.77711,51.31546],[-2.77705,51.31597],[-2.77583,51.31538],[-2.77504,51.31486],[-2.77385,51.31419],[-2.77389,51.31418]]]}},{"type":"Feature","properties":{"cat":"Woodland","fill":"#2E7D32","text":"Enhance conifer and mixed woodlands","url":"Click HERE to view the preferred habitat in our strategy"},"geometry":{"type":"Polygon","coordinates":[[[-2.76366,51.31319],[-2.76417,51.31207],[-2.76483,51.31268],[-2.76512,51.31344],[-2.76361,51.31333],[-2.76366,51.31319]]]}},{"type":"Feature","properties":{"cat":"Woodland","fill":"#2E7D32","text":"Enhance conifer and mixed woodlands","url":"Click HERE to view the preferred habitat in our strategy"},"geometry":{"type":"Polygon","coordinates":[[[-2.78011,51.31248],[-2.78047,51.31258],[-2.78106,51.31284],[-2.78117,51.31292],[-2.78123,51.31303],[-2.78126,51.31334],[-2.78116,51.31392],[-2.78101,51.31413],[-2.78063,51.3144],[-2.78081,51.31414],[-2.78087,51.314],[-2.78089,51.31369],[-2.78087,51.31345],[-2.78061,51.31292],[-2.78011,51.31248]]]}},{"type":"Feature","properties":{"cat":"Woodland","fill":"#2E7D32","text":"Enhance conifer and mixed woodlands","url":"Click HERE to view the preferred habitat in our strategy"},"geometry":{"type":"Polygon","coordinates":[[[-2.82118,51.28949],[-2.82125,51.28933],[-2.82132,51.28934],[-2.82138,51.28927],[-2.82152,51.28931],[-2.82161,51.2894],[-2.82154,51.28964],[-2.82118,51.28949]]]}},{"type":"Feature","properties":{"cat":"Woodland","fill":"#2E7D32","text":"Enhance conifer and mixed woodlands","url":"Click HERE to view the preferred habitat in our strategy"},"geometry":{"type":"Polygon","coordinates":[[[-2.77014,51.30924],[-2.76952,51.30909],[-2.76896,51.30906],[-2.76847,51.30896],[-2.7678,51.30888],[-2.7673,51.3089],[-2.76703,51.30887],[-2.76642,51.30874],[-2.76663,51.30842],[-2.76693,51.30848],[-2.76711,51.30842],[-2.76744,51.3084],[-2.76801,51.30826],[-2.76861,51.30841],[-2.76882,51.30841],[-2.76914,51.30854],[-2.76973,51.30886],[-2.77034,51.30909],[-2.77104,51.30923],[-2.77119,51.30923],[-2.77203,51.30963],[-2.77135,51.30957],[-2.77135,51.30954],[-2.77127,51.30951],[-2.77014,51.30924]]]}},{"type":"Feature","properties":{"cat":"Woodland","fill":"#2E7D32","text":"Enhance conifer and mixed woodlands","url":"Click HERE to view the preferred habitat in our strategy"},"geometry":{"type":"Polygon","coordinates":[[[-2.77991,51.31253],[-2.77996,51.31249],[-2.78006,51.3125],[-2.7805,51.31284],[-2.78076,51.31327],[-2.78083,51.31345],[-2.78084,51.31385],[-2.7807,51.31388],[-2.78064,51.3138],[-2.78068,51.31371],[-2.78067,51.31347],[-2.7807,51.3134],[-2.78062,51.3133],[-2.78055,51.31307],[-2.78026,51.31275],[-2.78006,51.31259],[-2.77991,51.31256],[-2.77991,51.31253]]]}},{"type":"Feature","properties":{"cat":"Woodland","fill":"#2E7D32","text":"Enhance conifer and mixed woodlands","url":"Click HERE to view the preferred habitat in our strategy"},"geometry":{"type":"Polygon","coordinates":[[[-2.78639,51.31207],[-2.7864,51.31202],[-2.78816,51.31224],[-2.78828,51.3122],[-2.78829,51.31243],[-2.78797,51.3124],[-2.78709,51.31219],[-2.78639,51.31207]]]}},{"type":"Feature","properties":{"cat":"Woodland","fill":"#2E7D32","text":"Establish trees outside of woodlands","url":"Click HERE to view the preferred habitat in our strategy"},"geometry":{"type":"Polygon","coordinates":[[[-2.78591,51.32007],[-2.78595,51.31981],[-2.78599,51.31976],[-2.7866,51.31985],[-2.78724,51.3197],[-2.7879,51.3196],[-2.78898,51.3193],[-2.789,51.31933],[-2.78923,51.3193],[-2.78933,51.31936],[-2.78946,51.31955],[-2.78964,51.3201],[-2.7894,51.32015],[-2.78941,51.32021],[-2.78937,51.32028],[-2.788,51.32043],[-2.78794,51.32019],[-2.78788,51.32008],[-2.78721,51.32021],[-2.78728,51.32044],[-2.78691,51.32051],[-2.78613,51.32059],[-2.78594,51.32022],[-2.78591,51.32007]]]}},{"type":"Feature","properties":{"cat":"Woodland","fill":"#2E7D32","text":"Improve structure and diversity of existing woodlands","url":"Click HERE to view the preferred habitat in our strategy"},"geometry":{"type":"Polygon","coordinates":[[[-2.73796,51.30046],[-2.73797,51.30035],[-2.73791,51.30021],[-2.738,51.30016],[-2.738,51.30012],[-2.73809,51.30013],[-2.73799,51.30049],[-2.73796,51.30046]]]}},{"type":"Feature","properties":{"cat":"Woodland","fill":"#2E7D32","text":"Establish trees outside of woodlands","url":"Click HERE to view the preferred habitat in our strategy"},"geometry":{"type":"Polygon","coordinates":[[[-2.77969,51.30698],[-2.77975,51.30698],[-2.77976,51.30693],[-2.77969,51.30693],[-2.77971,51.30672],[-2.77975,51.3068],[-2.77982,51.30682],[-2.7803,51.30684],[-2.78026,51.30704],[-2.77968,51.307],[-2.77969,51.30698]],[[-2.77983,51.30683],[-2.77981,51.30697],[-2.78022,51.30698],[-2.78024,51.30685],[-2.77983,51.30683]]]}},{"type":"Feature","properties":{"cat":"Woodland","fill":"#2E7D32","text":"Enhance ancient woodland and temperate rainforests","url":"Click HERE to view the preferred habitat in our strategy"},"geometry":{"type":"Polygon","coordinates":[[[-2.80498,51.31987],[-2.80472,51.31995],[-2.80422,51.3199],[-2.8039,51.31974],[-2.80383,51.31968],[-2.80387,51.31961],[-2.80365,51.31962],[-2.80349,51.31959],[-2.803,51.31929],[-2.80262,51.31918],[-2.80237,51.31903],[-2.80216,51.31897],[-2.80206,51.31889],[-2.80192,51.31889],[-2.80173,51.31894],[-2.80161,51.31888],[-2.80181,51.31857],[-2.80208,51.31833],[-2.80322,51.31891],[-2.80357,51.31904],[-2.80438,51.31943],[-2.80472,51.31963],[-2.80498,51.31987]]]}},{"type":"Feature","properties":{"cat":"Woodland","fill":"#2E7D32","text":"Establish trees outside of woodlands","url":"Click HERE to view the preferred habitat in our strategy"},"geometry":{"type":"Polygon","coordinates":[[[-2.74965,51.29923],[-2.74859,51.29889],[-2.74831,51.29885],[-2.74786,51.29868],[-2.74882,51.29884],[-2.74888,51.29892],[-2.74985,51.29924],[-2.75,51.29922],[-2.74995,51.29928],[-2.74987,51.2993],[-2.74965,51.29923]]]}},{"type":"Feature","properties":{"cat":"Woodland","fill":"#2E7D32","text":"Establish trees outside of woodlands","url":"Click HERE to view the preferred habitat in our strategy"},"geometry":{"type":"Polygon","coordinates":[[[-2.78254,51.28713],[-2.78212,51.28716],[-2.78204,51.28688],[-2.78289,51.28677],[-2.78293,51.28697],[-2.78291,51.28709],[-2.78274,51.28713],[-2.78254,51.28713]]]}},{"type":"Feature","properties":{"cat":"Woodland","fill":"#2E7D32","text":"Establish trees outside of woodlands","url":"Click HERE to view the preferred habitat in our strategy"},"geometry":{"type":"Polygon","coordinates":[[[-2.76787,51.27885],[-2.76856,51.27886],[-2.76856,51.27949],[-2.76783,51.27946],[-2.76787,51.27885]]]}},{"type":"Feature","properties":{"cat":"Woodland","fill":"#2E7D32","text":"Establish trees outside of woodlands","url":"Click HERE to view the preferred habitat in our strategy"},"geometry":{"type":"Polygon","coordinates":[[[-2.80751,51.31956],[-2.80789,51.31966],[-2.80814,51.31968],[-2.80823,51.32038],[-2.8066,51.3206],[-2.80641,51.32025],[-2.80619,51.31974],[-2.80723,51.31987],[-2.80735,51.31966],[-2.80749,51.3197],[-2.80753,51.31963],[-2.80744,51.31961],[-2.80747,51.31955],[-2.80751,51.31956]]]}},{"type":"Feature","properties":{"cat":"Woodland","fill":"#2E7D32","text":"Establish trees outside of woodlands","url":"Click HERE to view the preferred habitat in our strategy"},"geometry":{"type":"Polygon","coordinates":[[[-2.78287,51.31443],[-2.78303,51.31453],[-2.78208,51.31504],[-2.7819,51.31483],[-2.78287,51.31443]]]}},{"type":"Feature","properties":{"cat":"Woodland","fill":"#2E7D32","text":"Establish trees outside of woodlands","url":"Click HERE to view the preferred habitat in our strategy"},"geometry":{"type":"Polygon","coordinates":[[[-2.72812,51.31466],[-2.72832,51.31474],[-2.72817,51.31525],[-2.72858,51.31611],[-2.72876,51.31641],[-2.72859,51.31643],[-2.72817,51.31594],[-2.72808,51.31568],[-2.72807,51.31549],[-2.72794,51.31539],[-2.72789,51.31529],[-2.72788,51.3152],[-2.72798,51.31483],[-2.72803,51.31473],[-2.72812,51.31466]]]}},{"type":"Feature","properties":{"cat":"Woodland","fill":"#2E7D32","text":"Establish trees outside of woodlands","url":"Click HERE to view the preferred habitat in our strategy"},"geometry":{"type":"Polygon","coordinates":[[[-2.78278,51.31169],[-2.78282,51.31184],[-2.78179,51.31198],[-2.78154,51.31169],[-2.78151,51.31157],[-2.78272,51.3115],[-2.78278,51.31169]]]}},{"type":"Feature","properties":{"cat":"Woodland","fill":"#2E7D32","text":"Establish trees outside of woodlands","url":"Click HERE to view the preferred habitat in our strategy"},"geometry":{"type":"Polygon","coordinates":[[[-2.80895,51.31539],[-2.80871,51.3153],[-2.8092,51.31543],[-2.80985,51.31553],[-2.80949,51.31551],[-2.80895,51.31539]]]}},{"type":"Feature","properties":{"cat":"Woodland","fill":"#2E7D32","text":"Establish trees outside of woodlands","url":"Click HERE to view the preferred habitat in our strategy"},"geometry":{"type":"Polygon","coordinates":[[[-2.80864,51.31528],[-2.80859,51.31526],[-2.80856,51.31525],[-2.80853,51.31524],[-2.8085,51.31522],[-2.80847,51.31521],[-2.80844,51.31519],[-2.8084,51.31518],[-2.80838,51.31517],[-2.80843,51.31518],[-2.80844,51.31518],[-2.80867,51.31529],[-2.80864,51.31528]]]}},{"type":"Feature","properties":{"cat":"Woodland","fill":"#2E7D32","text":"Establish trees outside of woodlands","url":"Click HERE to view the preferred habitat in our strategy"},"geometry":{"type":"Polygon","coordinates":[[[-2.8065,51.31409],[-2.80652,51.31343],[-2.80657,51.31341],[-2.80691,51.3135],[-2.80746,51.31355],[-2.80735,51.3138],[-2.80727,51.31381],[-2.80726,51.31397],[-2.80735,51.31398],[-2.80736,51.31402],[-2.8073,51.31405],[-2.80731,51.31412],[-2.8065,51.31426],[-2.8065,51.31409]],[[-2.80718,51.31406],[-2.80722,51.31358],[-2.80659,51.31351],[-2.80657,51.31413],[-2.80718,51.31406]]]}},{"type":"Feature","properties":{"cat":"Woodland","fill":"#2E7D32","text":"Establish trees outside of woodlands","url":"Click HERE to view the preferred habitat in our strategy"},"geometry":{"type":"Polygon","coordinates":[[[-2.77289,51.28528],[-2.77296,51.28526],[-2.77297,51.2853],[-2.77303,51.28529],[-2.77302,51.28525],[-2.77347,51.2851],[-2.77383,51.28563],[-2.7731,51.28577],[-2.77302,51.28552],[-2.77289,51.28528]]]}},{"type":"Feature","properties":{"cat":"Woodland","fill":"#2E7D32","text":"Establish trees outside of woodlands","url":"Click HERE to view the preferred habitat in our strategy"},"geometry":{"type":"Polygon","coordinates":[[[-2.77804,51.30671],[-2.77834,51.30673],[-2.77812,51.30675],[-2.77802,51.30688],[-2.778,51.30687],[-2.77804,51.30671]]]}},{"type":"Feature","properties":{"cat":"Woodland","fill":"#2E7D32","text":"Improve structure and diversity of existing woodlands","url":"Click HERE to view the preferred habitat in our strategy"},"geometry":{"type":"Polygon","coordinates":[[[-2.77532,51.28817],[-2.77533,51.2882],[-2.7751,51.28852],[-2.77489,51.28852],[-2.77485,51.28837],[-2.77486,51.28828],[-2.77512,51.28823],[-2.77532,51.28814],[-2.77532,51.28817]]]}},{"type":"Feature","properties":{"cat":"Woodland","fill":"#2E7D32","text":"Establish trees outside of woodlands","url":"Click HERE to view the preferred habitat in our strategy"},"geometry":{"type":"Polygon","coordinates":[[[-2.78729,51.31962],[-2.7867,51.31976],[-2.78637,51.31974],[-2.78607,51.31965],[-2.78517,51.31888],[-2.7849,51.31871],[-2.7845,51.31853],[-2.78524,51.31826],[-2.78628,51.31799],[-2.78671,51.31856],[-2.78795,51.3183],[-2.7882,51.31885],[-2.78827,51.31893],[-2.78707,51.31922],[-2.78729,51.31962]]]}},{"type":"Feature","properties":{"cat":"Woodland","fill":"#2E7D32","text":"Establish trees outside of woodlands","url":"Click HERE to view the preferred habitat in our strategy"},"geometry":{"type":"Polygon","coordinates":[[[-2.80216,51.31277],[-2.80226,51.31284],[-2.8025,51.31284],[-2.80254,51.31285],[-2.80254,51.31288],[-2.80264,51.3129],[-2.80215,51.3129],[-2.80216,51.31277]]]}},{"type":"Feature","properties":{"cat":"Woodland","fill":"#2E7D32","text":"Establish trees outside of woodlands","url":"Click HERE to view the preferred habitat in our strategy"},"geometry":{"type":"Polygon","coordinates":[[[-2.78162,51.311],[-2.78165,51.31106],[-2.78162,51.31111],[-2.78134,51.3112],[-2.78099,51.31098],[-2.7813,51.31079],[-2.78162,51.311]]]}},{"type":"Feature","properties":{"cat":"Woodland","fill":"#2E7D32","text":"Establish trees outside of woodlands","url":"Click HERE to view the preferred habitat in our strategy"},"geometry":{"type":"Polygon","coordinates":[[[-2.78007,51.2863],[-2.77996,51.28602],[-2.7803,51.28599],[-2.78047,51.2862],[-2.78007,51.2863]]]}},{"type":"Feature","properties":{"cat":"Woodland","fill":"#2E7D32","text":"Establish trees outside of woodlands","url":"Click HERE to view the preferred habitat in our strategy"},"geometry":{"type":"Polygon","coordinates":[[[-2.78098,51.2873],[-2.78102,51.28748],[-2.78056,51.2877],[-2.78039,51.28794],[-2.78039,51.28806],[-2.78024,51.28807],[-2.78023,51.28763],[-2.78032,51.28727],[-2.78094,51.28717],[-2.78098,51.2873]]]}},{"type":"Feature","properties":{"cat":"Woodland","fill":"#2E7D32","text":"Establish trees outside of woodlands","url":"Click HERE to view the preferred habitat in our strategy"},"geometry":{"type":"Polygon","coordinates":[[[-2.80736,51.29777],[-2.80654,51.29779],[-2.80641,51.29648],[-2.80724,51.29648],[-2.80729,51.29667],[-2.80729,51.29728],[-2.80736,51.29777]]]}},{"type":"Feature","properties":{"cat":"Woodland","fill":"#2E7D32","text":"Establish trees outside of woodlands","url":"Click HERE to view the preferred habitat in our strategy"},"geometry":{"type":"Polygon","coordinates":[[[-2.80902,51.28876],[-2.81066,51.28883],[-2.81179,51.28883],[-2.81172,51.28983],[-2.81166,51.28986],[-2.81016,51.28979],[-2.80991,51.28983],[-2.80901,51.28988],[-2.80893,51.28985],[-2.80889,51.28981],[-2.80888,51.28972],[-2.8091,51.28969],[-2.80905,51.28956],[-2.809,51.28953],[-2.80869,51.2888],[-2.80896,51.28884],[-2.80898,51.28876],[-2.80902,51.28876]],[[-2.80981,51.28888],[-2.80982,51.2889],[-2.80989,51.28889],[-2.80989,51.28887],[-2.80981,51.28888]]]}},{"type":"Feature","properties":{"cat":"Woodland","fill":"#2E7D32","text":"Establish trees outside of woodlands","url":"Click HERE to view the preferred habitat in our strategy"},"geometry":{"type":"Polygon","coordinates":[[[-2.80736,51.29782],[-2.80662,51.29786],[-2.80655,51.29786],[-2.80654,51.29782],[-2.80736,51.29782]]]}},{"type":"Feature","properties":{"cat":"Woodland","fill":"#2E7D32","text":"Establish trees outside of woodlands","url":"Click HERE to view the preferred habitat in our strategy"},"geometry":{"type":"Polygon","coordinates":[[[-2.77976,51.28727],[-2.77969,51.28713],[-2.78046,51.28701],[-2.78078,51.28695],[-2.78081,51.28692],[-2.78086,51.28696],[-2.78094,51.28717],[-2.7798,51.28734],[-2.77976,51.28727]]]}},{"type":"Feature","properties":{"cat":"Woodland","fill":"#2E7D32","text":"Establish trees outside of woodlands","url":"Click HERE to view the preferred habitat in our strategy"},"geometry":{"type":"Polygon","coordinates":[[[-2.80998,51.30451],[-2.80997,51.30436],[-2.81002,51.30435],[-2.81,51.30463],[-2.80998,51.30451]]]}},{"type":"Feature","properties":{"cat":"Woodland","fill":"#2E7D32","text":"Establish trees outside of woodlands","url":"Click HERE to view the preferred habitat in our strategy"},"geometry":{"type":"Polygon","coordinates":[[[-2.81808,51.28859],[-2.8181,51.28871],[-2.81718,51.28876],[-2.81722,51.28892],[-2.81751,51.28892],[-2.8175,51.28897],[-2.81708,51.28901],[-2.81704,51.28864],[-2.81808,51.28859]]]}},{"type":"Feature","properties":{"cat":"Woodland","fill":"#2E7D32","text":"Establish trees outside of woodlands","url":"Click HERE to view the preferred habitat in our strategy"},"geometry":{"type":"Polygon","coordinates":[[[-2.78299,51.28658],[-2.78308,51.28663],[-2.78289,51.28677],[-2.78204,51.28688],[-2.78212,51.28716],[-2.78188,51.28718],[-2.78157,51.28679],[-2.78176,51.28673],[-2.78207,51.28673],[-2.78216,51.28674],[-2.78223,51.28679],[-2.78231,51.28678],[-2.78286,51.28664],[-2.78293,51.28656],[-2.78299,51.28658]]]}},{"type":"Feature","properties":{"cat":"Woodland","fill":"#2E7D32","text":"Establish trees outside of woodlands","url":"Click HERE to view the preferred habitat in our strategy"},"geometry":{"type":"Polygon","coordinates":[[[-2.72742,51.31609],[-2.72759,51.31615],[-2.72757,51.31632],[-2.728,51.31659],[-2.72817,51.31676],[-2.72831,51.31681],[-2.72828,51.317],[-2.72812,51.31715],[-2.72802,51.3172],[-2.72742,51.31699],[-2.72742,51.31609]]]}},{"type":"Feature","properties":{"cat":"Woodland","fill":"#2E7D32","text":"Establish trees outside of woodlands","url":"Click HERE to view the preferred habitat in our strategy"},"geometry":{"type":"Polygon","coordinates":[[[-2.80197,51.31566],[-2.80266,51.31566],[-2.80285,51.31562],[-2.80348,51.31561],[-2.80353,51.31571],[-2.80351,51.31575],[-2.80357,51.31601],[-2.80356,51.31622],[-2.80198,51.31619],[-2.80197,51.31566]]]}},{"type":"Feature","properties":{"cat":"Woodland","fill":"#2E7D32","text":"Establish trees outside of woodlands","url":"Click HERE to view the preferred habitat in our strategy"},"geometry":{"type":"Polygon","coordinates":[[[-2.76442,51.30626],[-2.7636,51.30598],[-2.76311,51.30589],[-2.76328,51.30566],[-2.76338,51.30564],[-2.76335,51.3056],[-2.76337,51.30558],[-2.76304,51.30547],[-2.76381,51.30487],[-2.7639,51.30471],[-2.76397,51.30476],[-2.764,51.30473],[-2.76448,51.30503],[-2.76488,51.30537],[-2.76493,51.30535],[-2.76499,51.30541],[-2.76494,51.30543],[-2.76515,51.30558],[-2.76494,51.30559],[-2.76518,51.30561],[-2.76538,51.30579],[-2.7656,51.3059],[-2.76581,51.30613],[-2.76589,51.30607],[-2.76592,51.30609],[-2.76589,51.30612],[-2.76602,51.30616],[-2.76557,51.30671],[-2.76442,51.30626]],[[-2.76522,51.3061],[-2.76522,51.30604],[-2.76518,51.306],[-2.76491,51.30583],[-2.76484,51.30582],[-2.76473,51.30591],[-2.76505,51.30609],[-2.76516,51.3062],[-2.76541,51.30635],[-2.7655,51.30638],[-2.76562,51.3063],[-2.76559,51.30627],[-2.76562,51.30625],[-2.76522,51.3061]],[[-2.76478,51.30571],[-2.76491,51.30556],[-2.76484,51.30555],[-2.76461,51.30587],[-2.76465,51.30589],[-2.76478,51.30571]]]}},{"type":"Feature","properties":{"cat":"Woodland","fill":"#2E7D32","text":"Establish trees outside of woodlands","url":"Click HERE to view the preferred habitat in our strategy"},"geometry":{"type":"Polygon","coordinates":[[[-2.81708,51.28901],[-2.81655,51.28907],[-2.81651,51.2887],[-2.81656,51.28866],[-2.81704,51.28864],[-2.81708,51.28901]]]}},{"type":"Feature","properties":{"cat":"Woodland","fill":"#2E7D32","text":"Establish trees outside of woodlands","url":"Click HERE to view the preferred habitat in our strategy"},"geometry":{"type":"Polygon","coordinates":[[[-2.77773,51.30816],[-2.77765,51.30809],[-2.77775,51.30804],[-2.77767,51.30809],[-2.77801,51.30831],[-2.77822,51.30817],[-2.77788,51.30796],[-2.7778,51.30801],[-2.77778,51.30799],[-2.7779,51.3079],[-2.77836,51.30815],[-2.77799,51.30836],[-2.77773,51.30816]]]}},{"type":"Feature","properties":{"cat":"Woodland","fill":"#2E7D32","text":"Establish trees outside of woodlands","url":"Click HERE to view the preferred habitat in our strategy"},"geometry":{"type":"Polygon","coordinates":[[[-2.7801,51.32368],[-2.78094,51.32378],[-2.78016,51.3237],[-2.78003,51.32365],[-2.7801,51.32368]]]}},{"type":"Feature","properties":{"cat":"Woodland","fill":"#2E7D32","text":"Establish trees outside of woodlands","url":"Click HERE to view the preferred habitat in our strategy"},"geometry":{"type":"Polygon","coordinates":[[[-2.77327,51.28851],[-2.77371,51.28873],[-2.77358,51.289],[-2.77338,51.28897],[-2.77312,51.28887],[-2.77327,51.28851]]]}},{"type":"Feature","properties":{"cat":"Woodland","fill":"#2E7D32","text":"Establish trees outside of woodlands","url":"Click HERE to view the preferred habitat in our strategy"},"geometry":{"type":"Polygon","coordinates":[[[-2.77878,51.30761],[-2.77856,51.30756],[-2.77878,51.30755],[-2.77878,51.30761]]]}},{"type":"Feature","properties":{"cat":"Woodland","fill":"#2E7D32","text":"Establish trees outside of woodlands","url":"Click HERE to view the preferred habitat in our strategy"},"geometry":{"type":"Polygon","coordinates":[[[-2.82806,51.29015],[-2.82836,51.2903],[-2.82899,51.29079],[-2.82903,51.29079],[-2.82974,51.29151],[-2.82963,51.29155],[-2.82934,51.29123],[-2.82887,51.29083],[-2.82875,51.29068],[-2.8284,51.29049],[-2.82806,51.29015]]]}},{"type":"Feature","properties":{"cat":"Woodland","fill":"#2E7D32","text":"Establish trees outside of woodlands","url":"Click HERE to view the preferred habitat in our strategy"},"geometry":{"type":"Polygon","coordinates":[[[-2.77591,51.28244],[-2.77601,51.28244],[-2.77603,51.28259],[-2.77457,51.28273],[-2.77368,51.28279],[-2.77366,51.28263],[-2.77408,51.28261],[-2.77404,51.28243],[-2.7759,51.28234],[-2.77591,51.28244]]]}},{"type":"Feature","properties":{"cat":"Woodland","fill":"#2E7D32","text":"Establish trees outside of woodlands","url":"Click HERE to view the preferred habitat in our strategy"},"geometry":{"type":"Polygon","coordinates":[[[-2.76785,51.27881],[-2.76787,51.2789],[-2.76783,51.27946],[-2.76706,51.27938],[-2.76708,51.27881],[-2.76785,51.27881]]]}},{"type":"Feature","properties":{"cat":"Woodland","fill":"#2E7D32","text":"Establish trees outside of woodlands","url":"Click HERE to view the preferred habitat in our strategy"},"geometry":{"type":"Polygon","coordinates":[[[-2.78421,51.31561],[-2.78403,51.31567],[-2.78388,51.31547],[-2.78313,51.31567],[-2.78266,51.3152],[-2.78375,51.31462],[-2.78499,51.31546],[-2.7848,51.31563],[-2.78466,51.3157],[-2.78443,51.31569],[-2.78421,51.31561]],[[-2.78418,51.31545],[-2.78398,51.31547],[-2.784,51.31557],[-2.78421,51.31554],[-2.78418,51.31545]]]}},{"type":"Feature","properties":{"cat":"Woodland","fill":"#2E7D32","text":"Establish trees outside of woodlands","url":"Click HERE to view the preferred habitat in our strategy"},"geometry":{"type":"Polygon","coordinates":[[[-2.73003,51.31563],[-2.73093,51.31588],[-2.7318,51.3159],[-2.73218,51.31697],[-2.73234,51.31753],[-2.73254,51.31792],[-2.73289,51.31825],[-2.73298,51.3184],[-2.73302,51.31866],[-2.73301,51.31887],[-2.72988,51.31806],[-2.72963,51.31744],[-2.72924,51.31711],[-2.72923,51.31707],[-2.72926,51.31705],[-2.72919,51.31701],[-2.7296,51.31679],[-2.72981,51.31659],[-2.72949,51.31645],[-2.72987,51.31592],[-2.73003,51.31563]]]}},{"type":"Feature","properties":{"cat":"Woodland","fill":"#2E7D32","text":"Improve structure and diversity of existing woodlands","url":"Click HERE to view the preferred habitat in our strategy"},"geometry":{"type":"Polygon","coordinates":[[[-2.78311,51.32283],[-2.78296,51.32321],[-2.78244,51.32307],[-2.7825,51.32291],[-2.7825,51.32278],[-2.78311,51.32283]]]}},{"type":"Feature","properties":{"cat":"Woodland","fill":"#2E7D32","text":"Conserve and restore traditional orchards","url":"Click HERE to view the preferred habitat in our strategy"},"geometry":{"type":"Polygon","coordinates":[[[-2.85382,51.2789],[-2.85405,51.27914],[-2.85392,51.27918],[-2.85397,51.27926],[-2.85412,51.27922],[-2.85422,51.27937],[-2.85402,51.27943],[-2.8536,51.27896],[-2.85382,51.2789]]]}},{"type":"Feature","properties":{"cat":"Woodland","fill":"#2E7D32","text":"Conserve and restore traditional orchards","url":"Click HERE to view the preferred habitat in our strategy"},"geometry":{"type":"Polygon","coordinates":[[[-2.81279,51.31847],[-2.81234,51.31865],[-2.81149,51.31743],[-2.81193,51.31744],[-2.81198,51.31765],[-2.81262,51.31817],[-2.81273,51.31831],[-2.81279,51.31847]]]}},{"type":"Feature","properties":{"cat":"Woodland","fill":"#2E7D32","text":"Conserve and restore traditional orchards","url":"Click HERE to view the preferred habitat in our strategy"},"geometry":{"type":"Polygon","coordinates":[[[-2.80633,51.31944],[-2.80629,51.31952],[-2.80654,51.31955],[-2.80651,51.31959],[-2.80659,51.31961],[-2.80655,51.31969],[-2.80679,51.31973],[-2.80683,51.3197],[-2.80686,51.31959],[-2.80706,51.31961],[-2.80697,51.31984],[-2.80619,51.31974],[-2.80606,51.31941],[-2.80633,51.31944]]]}},{"type":"Feature","properties":{"cat":"Woodland","fill":"#2E7D32","text":"Conserve and restore traditional orchards","url":"Click HERE to view the preferred habitat in our strategy"},"geometry":{"type":"Polygon","coordinates":[[[-2.80518,51.28746],[-2.80506,51.28721],[-2.80511,51.28721],[-2.80509,51.28716],[-2.80504,51.28717],[-2.80502,51.28714],[-2.80458,51.28628],[-2.80486,51.28624],[-2.80541,51.28725],[-2.80552,51.28747],[-2.8052,51.28752],[-2.80518,51.28746]],[[-2.80542,51.28734],[-2.80536,51.28731],[-2.80515,51.28734],[-2.8052,51.28751],[-2.80529,51.2875],[-2.80528,51.28744],[-2.80545,51.28742],[-2.80542,51.28734]]]}},{"type":"Feature","properties":{"cat":"Woodland","fill":"#2E7D32","text":"Establish trees outside of woodlands","url":"Click HERE to view the preferred habitat in our strategy"},"geometry":{"type":"Polygon","coordinates":[[[-2.81812,51.28885],[-2.81751,51.28892],[-2.81722,51.28892],[-2.81718,51.28876],[-2.8181,51.28871],[-2.81812,51.28885]]]}},{"type":"Feature","properties":{"cat":"Woodland","fill":"#2E7D32","text":"Establish trees outside of woodlands","url":"Click HERE to view the preferred habitat in our strategy"},"geometry":{"type":"Polygon","coordinates":[[[-2.73702,51.31785],[-2.73764,51.31783],[-2.73762,51.3183],[-2.73701,51.31823],[-2.73693,51.31786],[-2.73702,51.31785]]]}},{"type":"Feature","properties":{"cat":"Woodland","fill":"#2E7D32","text":"Conserve and restore traditional orchards","url":"Click HERE to view the preferred habitat in our strategy"},"geometry":{"type":"Polygon","coordinates":[[[-2.85026,51.28102],[-2.85032,51.2808],[-2.84963,51.28078],[-2.84964,51.28075],[-2.85057,51.28074],[-2.8509,51.28076],[-2.8511,51.28081],[-2.8516,51.28105],[-2.85129,51.28131],[-2.85051,51.28114],[-2.8504,51.28106],[-2.85025,51.28104],[-2.85026,51.28102]]]}},{"type":"Feature","properties":{"cat":"Woodland","fill":"#2E7D32","text":"Improve structure and diversity of existing woodlands","url":"Click HERE to view the preferred habitat in our strategy"},"geometry":{"type":"Polygon","coordinates":[[[-2.79267,51.30249],[-2.793,51.30453],[-2.79218,51.30416],[-2.79172,51.30401],[-2.79053,51.30325],[-2.7889,51.30243],[-2.79262,51.30222],[-2.79267,51.30249]]]}},{"type":"Feature","properties":{"cat":"Woodland","fill":"#2E7D32","text":"Enhance conifer and mixed woodlands","url":"Click HERE to view the preferred habitat in our strategy"},"geometry":{"type":"Polygon","coordinates":[[[-2.78191,51.31826],[-2.78186,51.31813],[-2.78183,51.31784],[-2.78216,51.31784],[-2.78215,51.31829],[-2.78191,51.31826]]]}},{"type":"Feature","properties":{"cat":"Woodland","fill":"#2E7D32","text":"Enhance conifer and mixed woodlands","url":"Click HERE to view the preferred habitat in our strategy"},"geometry":{"type":"Polygon","coordinates":[[[-2.76597,51.30911],[-2.77209,51.30969],[-2.77254,51.31007],[-2.77279,51.31033],[-2.77321,51.31085],[-2.77331,51.3111],[-2.77332,51.31138],[-2.77324,51.31149],[-2.77311,51.31152],[-2.76729,51.31119],[-2.76708,51.31101],[-2.76663,51.31076],[-2.76616,51.31062],[-2.76539,51.31047],[-2.76535,51.31044],[-2.76535,51.3104],[-2.76567,51.31002],[-2.76567,51.30995],[-2.76557,51.30984],[-2.76555,51.30977],[-2.76578,51.30923],[-2.76584,51.30915],[-2.76597,51.30911]]]}},{"type":"Feature","properties":{"cat":"Woodland","fill":"#2E7D32","text":"Enhance conifer and mixed woodlands","url":"Click HERE to view the preferred habitat in our strategy"},"geometry":{"type":"Polygon","coordinates":[[[-2.77611,51.32241],[-2.77504,51.32243],[-2.77427,51.32235],[-2.7729,51.32197],[-2.77169,51.32144],[-2.77177,51.32139],[-2.77388,51.3215],[-2.77428,51.32147],[-2.77572,51.32111],[-2.77591,51.32121],[-2.77634,51.3213],[-2.77728,51.32137],[-2.77749,51.32142],[-2.77787,51.32159],[-2.7784,51.32203],[-2.77811,51.32212],[-2.77652,51.32243],[-2.77611,51.32241]]]}},{"type":"Feature","properties":{"cat":"Woodland","fill":"#2E7D32","text":"Enhance conifer and mixed woodlands","url":"Click HERE to view the preferred habitat in our strategy"},"geometry":{"type":"Polygon","coordinates":[[[-2.80083,51.32385],[-2.80115,51.32402],[-2.79979,51.32441],[-2.79967,51.32423],[-2.80083,51.32385]]]}},{"type":"Feature","properties":{"cat":"Woodland","fill":"#2E7D32","text":"Enhance conifer and mixed woodlands","url":"Click HERE to view the preferred habitat in our strategy"},"geometry":{"type":"Polygon","coordinates":[[[-2.72785,51.28694],[-2.72756,51.28693],[-2.72756,51.28657],[-2.72749,51.28617],[-2.72742,51.28605],[-2.72742,51.28582],[-2.72761,51.28575],[-2.72785,51.28694]]]}},{"type":"Feature","properties":{"cat":"Woodland","fill":"#2E7D32","text":"Enhance conifer and mixed woodlands","url":"Click HERE to view the preferred habitat in our strategy"},"geometry":{"type":"Polygon","coordinates":[[[-2.79615,51.2893],[-2.79559,51.28936],[-2.7954,51.28934],[-2.79519,51.28925],[-2.79531,51.28922],[-2.79635,51.28928],[-2.79615,51.2893]]]}},{"type":"Feature","properties":{"cat":"Woodland","fill":"#2E7D32","text":"Enhance conifer and mixed woodlands","url":"Click HERE to view the preferred habitat in our strategy"},"geometry":{"type":"Polygon","coordinates":[[[-2.77706,51.30971],[-2.7774,51.31004],[-2.77779,51.31051],[-2.77765,51.31051],[-2.77719,51.3102],[-2.77668,51.30992],[-2.77587,51.30975],[-2.77534,51.30968],[-2.7761,51.30949],[-2.77665,51.30944],[-2.77706,51.30971]]]}},{"type":"Feature","properties":{"cat":"Woodland","fill":"#2E7D32","text":"Establish trees outside of woodlands","url":"Click HERE to view the preferred habitat in our strategy"},"geometry":{"type":"Polygon","coordinates":[[[-2.78323,51.31465],[-2.78344,51.31478],[-2.78287,51.31509],[-2.78238,51.31534],[-2.78223,51.31518],[-2.78323,51.31465]]]}},{"type":"Feature","properties":{"cat":"Woodland","fill":"#2E7D32","text":"Enhance conifer and mixed woodlands","url":"Click HERE to view the preferred habitat in our strategy"},"geometry":{"type":"Polygon","coordinates":[[[-2.78545,51.32379],[-2.78545,51.32414],[-2.7854,51.32416],[-2.78473,51.32408],[-2.78437,51.32408],[-2.78422,51.32368],[-2.78419,51.32348],[-2.78545,51.32356],[-2.78545,51.32379]]]}},{"type":"Feature","properties":{"cat":"Woodland","fill":"#2E7D32","text":"Improve structure and diversity of existing woodlands","url":"Click HERE to view the preferred habitat in our strategy"},"geometry":{"type":"Polygon","coordinates":[[[-2.78995,51.30484],[-2.78945,51.30484],[-2.7892,51.30491],[-2.78915,51.305],[-2.78909,51.305],[-2.78907,51.30496],[-2.78911,51.30487],[-2.78954,51.30476],[-2.78995,51.30479],[-2.78995,51.30484]]]}},{"type":"Feature","properties":{"cat":"Woodland","fill":"#2E7D32","text":"Improve structure and diversity of existing woodlands","url":"Click HERE to view the preferred habitat in our strategy"},"geometry":{"type":"Polygon","coordinates":[[[-2.79468,51.31638],[-2.79489,51.31613],[-2.79513,51.31614],[-2.79491,51.3164],[-2.79468,51.31638]]]}},{"type":"Feature","properties":{"cat":"Woodland","fill":"#2E7D32","text":"Establish trees outside of woodlands","url":"Click HERE to view the preferred habitat in our strategy"},"geometry":{"type":"Polygon","coordinates":[[[-2.75152,51.29817],[-2.75149,51.2982],[-2.75142,51.29818],[-2.75142,51.29815],[-2.75152,51.29817]]]}},{"type":"Feature","properties":{"cat":"Woodland","fill":"#2E7D32","text":"Establish trees outside of woodlands","url":"Click HERE to view the preferred habitat in our strategy"},"geometry":{"type":"Polygon","coordinates":[[[-2.78266,51.3152],[-2.78313,51.31567],[-2.78292,51.31573],[-2.7824,51.31533],[-2.78266,51.3152]]]}},{"type":"Feature","properties":{"cat":"Woodland","fill":"#2E7D32","text":"Improve structure and diversity of existing woodlands","url":"Click HERE to view the preferred habitat in our strategy"},"geometry":{"type":"Polygon","coordinates":[[[-2.774,51.3141],[-2.77407,51.31409],[-2.77413,51.3142],[-2.77381,51.31414],[-2.77357,51.31223],[-2.77338,51.3115],[-2.77341,51.31138],[-2.77348,51.31144],[-2.77358,51.31175],[-2.77373,51.31259],[-2.77377,51.31311],[-2.77392,51.31403],[-2.77399,51.31406],[-2.774,51.3141]]]}},{"type":"Feature","properties":{"cat":"Woodland","fill":"#2E7D32","text":"Improve structure and diversity of existing woodlands","url":"Click HERE to view the preferred habitat in our strategy"},"geometry":{"type":"Polygon","coordinates":[[[-2.80442,51.29012],[-2.80506,51.29015],[-2.80508,51.29018],[-2.80445,51.29015],[-2.80442,51.29012]]]}},{"type":"Feature","properties":{"cat":"Woodland","fill":"#2E7D32","text":"Improve structure and diversity of existing woodlands","url":"Click HERE to view the preferred habitat in our strategy"},"geometry":{"type":"Polygon","coordinates":[[[-2.79848,51.30197],[-2.79881,51.3019],[-2.79894,51.30214],[-2.79861,51.30221],[-2.79848,51.30197]]]}},{"type":"Feature","properties":{"cat":"Woodland","fill":"#2E7D32","text":"Improve structure and diversity of existing woodlands","url":"Click HERE to view the preferred habitat in our strategy"},"geometry":{"type":"Polygon","coordinates":[[[-2.80268,51.3047],[-2.8023,51.30472],[-2.80227,51.30469],[-2.80268,51.30466],[-2.80268,51.3047]]]}},{"type":"Feature","properties":{"cat":"Woodland","fill":"#2E7D32","text":"Establish trees outside of woodlands","url":"Click HERE to view the preferred habitat in our strategy"},"geometry":{"type":"Polygon","coordinates":[[[-2.80685,51.30186],[-2.80694,51.30186],[-2.80695,51.30195],[-2.80688,51.30195],[-2.80682,51.30187],[-2.80685,51.30186]]]}},{"type":"Feature","properties":{"cat":"Woodland","fill":"#2E7D32","text":"Establish trees outside of woodlands","url":"Click HERE to view the preferred habitat in our strategy"},"geometry":{"type":"Polygon","coordinates":[[[-2.79641,51.30487],[-2.79607,51.30405],[-2.79587,51.30347],[-2.79599,51.30345],[-2.79622,51.30432],[-2.79648,51.30495],[-2.79644,51.30495],[-2.79641,51.30487]]]}},{"type":"Feature","properties":{"cat":"Woodland","fill":"#2E7D32","text":"Enhance conifer and mixed woodlands","url":"Click HERE to view the preferred habitat in our strategy"},"geometry":{"type":"Polygon","coordinates":[[[-2.77386,51.28761],[-2.77349,51.28745],[-2.7732,51.2871],[-2.77325,51.28715],[-2.77339,51.28718],[-2.77354,51.28712],[-2.77358,51.28705],[-2.77377,51.28731],[-2.77432,51.28774],[-2.77386,51.28761]]]}},{"type":"Feature","properties":{"cat":"Woodland","fill":"#2E7D32","text":"Improve structure and diversity of existing woodlands","url":"Click HERE to view the preferred habitat in our strategy"},"geometry":{"type":"Polygon","coordinates":[[[-2.82644,51.3009],[-2.82643,51.3009],[-2.82626,51.3009],[-2.82628,51.3009],[-2.82629,51.3009],[-2.82636,51.3009],[-2.82636,51.3009],[-2.82644,51.3009]]]}},{"type":"Feature","properties":{"cat":"Woodland","fill":"#2E7D32","text":"Establish trees outside of woodlands","url":"Click HERE to view the preferred habitat in our strategy"},"geometry":{"type":"Polygon","coordinates":[[[-2.82253,51.28957],[-2.82241,51.28982],[-2.82222,51.28997],[-2.82154,51.28968],[-2.82159,51.28945],[-2.82172,51.28949],[-2.82177,51.28927],[-2.82255,51.28952],[-2.82253,51.28957]]]}},{"type":"Feature","properties":{"cat":"Woodland","fill":"#2E7D32","text":"Improve structure and diversity of existing woodlands","url":"Click HERE to view the preferred habitat in our strategy"},"geometry":{"type":"Polygon","coordinates":[[[-2.81295,51.3184],[-2.81279,51.31847],[-2.81273,51.31831],[-2.81294,51.31829],[-2.813,51.31838],[-2.81295,51.3184]]]}},{"type":"Feature","properties":{"cat":"Woodland","fill":"#2E7D32","text":"Establish trees outside of woodlands","url":"Click HERE to view the preferred habitat in our strategy"},"geometry":{"type":"Polygon","coordinates":[[[-2.78007,51.2863],[-2.78047,51.28621],[-2.78068,51.28649],[-2.78081,51.28683],[-2.78081,51.28693],[-2.78035,51.28702],[-2.78007,51.2863]],[[-2.78018,51.28629],[-2.78012,51.28629],[-2.78015,51.28643],[-2.7802,51.28643],[-2.78018,51.28629]]]}},{"type":"Feature","properties":{"cat":"Woodland","fill":"#2E7D32","text":"Establish trees outside of woodlands","url":"Click HERE to view the preferred habitat in our strategy"},"geometry":{"type":"Polygon","coordinates":[[[-2.729,51.31503],[-2.72929,51.31515],[-2.72913,51.31534],[-2.72897,51.31566],[-2.72895,51.31594],[-2.72904,51.31638],[-2.72876,51.31641],[-2.72852,51.31551],[-2.72857,51.31544],[-2.7287,51.31543],[-2.729,51.31503]]]}},{"type":"Feature","properties":{"cat":"Woodland","fill":"#2E7D32","text":"Establish trees outside of woodlands","url":"Click HERE to view the preferred habitat in our strategy"},"geometry":{"type":"Polygon","coordinates":[[[-2.78317,51.31084],[-2.78325,51.31102],[-2.78257,51.31107],[-2.78255,51.31089],[-2.78317,51.31084]]]}},{"type":"Feature","properties":{"cat":"Woodland","fill":"#2E7D32","text":"Improve structure and diversity of existing woodlands","url":"Click HERE to view the preferred habitat in our strategy"},"geometry":{"type":"Polygon","coordinates":[[[-2.7682,51.28417],[-2.76802,51.28436],[-2.76782,51.2845],[-2.76748,51.28464],[-2.76738,51.28471],[-2.76735,51.2847],[-2.76816,51.28416],[-2.7682,51.28417]]]}},{"type":"Feature","properties":{"cat":"Woodland","fill":"#2E7D32","text":"Improve structure and diversity of existing woodlands","url":"Click HERE to view the preferred habitat in our strategy"},"geometry":{"type":"Polygon","coordinates":[[[-2.85497,51.295],[-2.85473,51.29491],[-2.85472,51.29483],[-2.85475,51.2948],[-2.85497,51.29487],[-2.85497,51.295]]]}},{"type":"Feature","properties":{"cat":"Woodland","fill":"#2E7D32","text":"Improve structure and diversity of existing woodlands","url":"Click HERE to view the preferred habitat in our strategy"},"geometry":{"type":"Polygon","coordinates":[[[-2.82257,51.30077],[-2.8223,51.30087],[-2.82198,51.30072],[-2.82206,51.30053],[-2.82237,51.30052],[-2.8225,51.30057],[-2.82257,51.30077]]]}},{"type":"Feature","properties":{"cat":"Woodland","fill":"#2E7D32","text":"Establish trees outside of woodlands","url":"Click HERE to view the preferred habitat in our strategy"},"geometry":{"type":"Polygon","coordinates":[[[-2.82488,51.28907],[-2.82467,51.28917],[-2.82452,51.28883],[-2.82482,51.28893],[-2.82491,51.28906],[-2.82488,51.28907]]]}},{"type":"Feature","properties":{"cat":"Woodland","fill":"#2E7D32","text":"Establish trees outside of woodlands","url":"Click HERE to view the preferred habitat in our strategy"},"geometry":{"type":"Polygon","coordinates":[[[-2.84219,51.29016],[-2.84209,51.2902],[-2.84192,51.29016],[-2.84197,51.29008],[-2.84185,51.29005],[-2.84178,51.29014],[-2.84177,51.28986],[-2.84219,51.28991],[-2.84218,51.28995],[-2.84234,51.28998],[-2.84292,51.29004],[-2.84283,51.29026],[-2.84247,51.29025],[-2.84219,51.29016]]]}},{"type":"Feature","properties":{"cat":"Woodland","fill":"#2E7D32","text":"Enhance ancient woodland and temperate rainforests","url":"Click HERE to view the preferred habitat in our strategy"},"geometry":{"type":"Polygon","coordinates":[[[-2.73846,51.29931],[-2.73842,51.29921],[-2.73832,51.2991],[-2.73806,51.29897],[-2.73785,51.29894],[-2.73719,51.29895],[-2.73717,51.29892],[-2.73828,51.2989],[-2.73851,51.29931],[-2.73846,51.29931]]]}},{"type":"Feature","properties":{"cat":"Woodland","fill":"#2E7D32","text":"Establish trees outside of woodlands","url":"Click HERE to view the preferred habitat in our strategy"},"geometry":{"type":"Polygon","coordinates":[[[-2.80506,51.31167],[-2.8052,51.31166],[-2.80508,51.3117],[-2.80506,51.31167]]]}},{"type":"Feature","properties":{"cat":"Woodland","fill":"#2E7D32","text":"Improve structure and diversity of existing woodlands","url":"Click HERE to view the preferred habitat in our strategy"},"geometry":{"type":"Polygon","coordinates":[[[-2.72812,51.31715],[-2.72828,51.317],[-2.72832,51.31687],[-2.72827,51.31663],[-2.72828,51.31644],[-2.72825,51.31631],[-2.72812,51.31604],[-2.72801,51.31592],[-2.72792,51.31555],[-2.72773,51.31537],[-2.72776,51.31487],[-2.72786,51.31461],[-2.72797,51.31464],[-2.72784,51.31495],[-2.7278,51.3153],[-2.72798,51.3156],[-2.72805,51.31589],[-2.72816,51.31607],[-2.72831,51.31647],[-2.72832,51.31695],[-2.72826,51.31707],[-2.72812,51.31715]]]}},{"type":"Feature","properties":{"cat":"Woodland","fill":"#2E7D32","text":"Improve structure and diversity of existing woodlands","url":"Click HERE to view the preferred habitat in our strategy"},"geometry":{"type":"Polygon","coordinates":[[[-2.78282,51.31889],[-2.78282,51.31885],[-2.78298,51.31878],[-2.78304,51.31888],[-2.78323,51.319],[-2.78309,51.31911],[-2.78303,51.31908],[-2.78306,51.31905],[-2.78299,51.31897],[-2.78282,51.31889]]]}},{"type":"Feature","properties":{"cat":"Woodland","fill":"#2E7D32","text":"Improve structure and diversity of existing woodlands","url":"Click HERE to view the preferred habitat in our strategy"},"geometry":{"type":"Polygon","coordinates":[[[-2.78859,51.29969],[-2.78894,51.29964],[-2.78893,51.29959],[-2.78835,51.29966],[-2.78832,51.29964],[-2.78834,51.29951],[-2.78826,51.29947],[-2.78813,51.29948],[-2.78828,51.29941],[-2.78822,51.29936],[-2.78863,51.29922],[-2.78928,51.29908],[-2.79014,51.29881],[-2.79021,51.29911],[-2.79002,51.29913],[-2.78993,51.29917],[-2.78987,51.29925],[-2.78988,51.29934],[-2.79,51.29946],[-2.78999,51.29948],[-2.78964,51.2993],[-2.78916,51.29922],[-2.78893,51.29926],[-2.78916,51.29941],[-2.78929,51.29944],[-2.7893,51.29957],[-2.78922,51.29963],[-2.78877,51.29968],[-2.78864,51.29974],[-2.78833,51.29972],[-2.78859,51.29969]]]}},{"type":"Feature","properties":{"cat":"Woodland","fill":"#2E7D32","text":"Improve structure and diversity of existing woodlands","url":"Click HERE to view the preferred habitat in our strategy"},"geometry":{"type":"Polygon","coordinates":[[[-2.77912,51.28878],[-2.77938,51.28884],[-2.77964,51.28901],[-2.77982,51.28922],[-2.78031,51.28992],[-2.78035,51.29003],[-2.77974,51.2894],[-2.77955,51.28932],[-2.77904,51.28899],[-2.77901,51.28894],[-2.7791,51.28877],[-2.77912,51.28878]]]}},{"type":"Feature","properties":{"cat":"Woodland","fill":"#2E7D32","text":"Improve structure and diversity of existing woodlands","url":"Click HERE to view the preferred habitat in our strategy"},"geometry":{"type":"Polygon","coordinates":[[[-2.80192,51.30808],[-2.80157,51.30813],[-2.80144,51.30812],[-2.80014,51.30781],[-2.8001,51.3074],[-2.80019,51.30628],[-2.80109,51.3064],[-2.80235,51.30651],[-2.80133,51.30693],[-2.802,51.30797],[-2.80205,51.30807],[-2.80192,51.30808]]]}},{"type":"Feature","properties":{"cat":"Woodland","fill":"#2E7D32","text":"Improve structure and diversity of existing woodlands","url":"Click HERE to view the preferred habitat in our strategy"},"geometry":{"type":"Polygon","coordinates":[[[-2.80999,51.30348],[-2.80984,51.30346],[-2.80986,51.30348],[-2.80983,51.3035],[-2.80978,51.30344],[-2.80994,51.30343],[-2.80998,51.30344],[-2.80999,51.30348]]]}},{"type":"Feature","properties":{"cat":"Woodland","fill":"#2E7D32","text":"Improve structure and diversity of existing woodlands","url":"Click HERE to view the preferred habitat in our strategy"},"geometry":{"type":"Polygon","coordinates":[[[-2.78612,51.32088],[-2.78599,51.32118],[-2.78586,51.32118],[-2.78582,51.32098],[-2.78568,51.32075],[-2.78555,51.32034],[-2.78564,51.32025],[-2.78573,51.32033],[-2.78593,51.32065],[-2.78612,51.32088]]]}},{"type":"Feature","properties":{"cat":"Woodland","fill":"#2E7D32","text":"Improve structure and diversity of existing woodlands","url":"Click HERE to view the preferred habitat in our strategy"},"geometry":{"type":"Polygon","coordinates":[[[-2.79073,51.29211],[-2.79063,51.29224],[-2.79035,51.29247],[-2.79004,51.29303],[-2.78974,51.29332],[-2.78971,51.29331],[-2.78989,51.29316],[-2.79011,51.29291],[-2.79032,51.29247],[-2.79073,51.29211]]]}},{"type":"Feature","properties":{"cat":"Woodland","fill":"#2E7D32","text":"Improve structure and diversity of existing woodlands","url":"Click HERE to view the preferred habitat in our strategy"},"geometry":{"type":"Polygon","coordinates":[[[-2.79813,51.31111],[-2.79805,51.31113],[-2.79807,51.31116],[-2.79797,51.31118],[-2.79795,51.31114],[-2.79797,51.31113],[-2.79794,51.31113],[-2.79661,51.31127],[-2.79659,51.31119],[-2.7966,51.31114],[-2.79667,51.3111],[-2.79722,51.31113],[-2.79813,51.31108],[-2.79813,51.31111]]]}},{"type":"Feature","properties":{"cat":"Woodland","fill":"#2E7D32","text":"Improve structure and diversity of existing woodlands","url":"Click HERE to view the preferred habitat in our strategy"},"geometry":{"type":"Polygon","coordinates":[[[-2.78578,51.3215],[-2.78563,51.32121],[-2.78573,51.32117],[-2.78573,51.32105],[-2.78568,51.32102],[-2.78564,51.32061],[-2.78568,51.32075],[-2.78582,51.32098],[-2.78586,51.32118],[-2.78565,51.32121],[-2.78573,51.3214],[-2.78586,51.32154],[-2.78578,51.3215]]]}},{"type":"Feature","properties":{"cat":"Woodland","fill":"#2E7D32","text":"Improve structure and diversity of existing woodlands","url":"Click HERE to view the preferred habitat in our strategy"},"geometry":{"type":"Polygon","coordinates":[[[-2.78195,51.2862],[-2.78173,51.28663],[-2.78176,51.28672],[-2.78162,51.28654],[-2.78161,51.28634],[-2.78186,51.28589],[-2.78196,51.2856],[-2.78205,51.28559],[-2.78201,51.28576],[-2.78204,51.28592],[-2.78195,51.2862]],[[-2.78184,51.28606],[-2.78165,51.28647],[-2.78171,51.28646],[-2.78178,51.28634],[-2.78189,51.28606],[-2.78184,51.28606]]]}},{"type":"Feature","properties":{"cat":"Woodland","fill":"#2E7D32","text":"Improve structure and diversity of existing woodlands","url":"Click HERE to view the preferred habitat in our strategy"},"geometry":{"type":"Polygon","coordinates":[[[-2.77524,51.30965],[-2.77485,51.30949],[-2.77494,51.30946],[-2.77502,51.30944],[-2.77535,51.30951],[-2.77556,51.30952],[-2.77595,51.30946],[-2.77619,51.30935],[-2.77633,51.30935],[-2.77648,51.30941],[-2.77673,51.30944],[-2.77692,51.30956],[-2.77694,51.30964],[-2.77665,51.30944],[-2.7761,51.30949],[-2.77534,51.30968],[-2.77524,51.30965]]]}},{"type":"Feature","properties":{"cat":"Woodland","fill":"#2E7D32","text":"Improve structure and diversity of existing woodlands","url":"Click HERE to view the preferred habitat in our strategy"},"geometry":{"type":"Polygon","coordinates":[[[-2.79935,51.30959],[-2.79939,51.3096],[-2.79907,51.3097],[-2.79916,51.30988],[-2.79894,51.30993],[-2.799,51.30977],[-2.79897,51.3095],[-2.79899,51.30946],[-2.79935,51.30959]]]}},{"type":"Feature","properties":{"cat":"Woodland","fill":"#2E7D32","text":"Establish trees outside of woodlands","url":"Click HERE to view the preferred habitat in our strategy"},"geometry":{"type":"Polygon","coordinates":[[[-2.80519,51.31166],[-2.80505,51.31166],[-2.80508,51.3116],[-2.80522,51.31161],[-2.80519,51.31166]]]}},{"type":"Feature","properties":{"cat":"Woodland","fill":"#2E7D32","text":"Improve structure and diversity of existing woodlands","url":"Click HERE to view the preferred habitat in our strategy"},"geometry":{"type":"Polygon","coordinates":[[[-2.80566,51.32048],[-2.80564,51.32049],[-2.80521,51.32004],[-2.80536,51.32001],[-2.80543,51.32006],[-2.80577,51.32045],[-2.80566,51.32048]]]}},{"type":"Feature","properties":{"cat":"Woodland","fill":"#2E7D32","text":"Improve structure and diversity of existing woodlands","url":"Click HERE to view the preferred habitat in our strategy"},"geometry":{"type":"Polygon","coordinates":[[[-2.77305,51.28706],[-2.77296,51.28702],[-2.77279,51.28684],[-2.77261,51.28643],[-2.77239,51.28645],[-2.77235,51.28642],[-2.77278,51.28635],[-2.77289,51.28675],[-2.77316,51.28711],[-2.77305,51.28706]]]}},{"type":"Feature","properties":{"cat":"Woodland","fill":"#2E7D32","text":"Improve structure and diversity of existing woodlands","url":"Click HERE to view the preferred habitat in our strategy"},"geometry":{"type":"Polygon","coordinates":[[[-2.79701,51.29001],[-2.79766,51.29018],[-2.79769,51.29022],[-2.79771,51.2903],[-2.79768,51.2904],[-2.79757,51.29051],[-2.79749,51.2905],[-2.79749,51.29055],[-2.7974,51.29063],[-2.79742,51.29077],[-2.79686,51.2906],[-2.79705,51.29037],[-2.79699,51.2903],[-2.79704,51.29013],[-2.79667,51.29015],[-2.7968,51.29005],[-2.79686,51.29004],[-2.79686,51.28998],[-2.79701,51.29001]]]}},{"type":"Feature","properties":{"cat":"Woodland","fill":"#2E7D32","text":"Improve structure and diversity of existing woodlands","url":"Click HERE to view the preferred habitat in our strategy"},"geometry":{"type":"Polygon","coordinates":[[[-2.80502,51.30418],[-2.80528,51.30427],[-2.80757,51.30408],[-2.80775,51.30469],[-2.80645,51.30485],[-2.8052,51.30496],[-2.80502,51.30418]]]}},{"type":"Feature","properties":{"cat":"Woodland","fill":"#2E7D32","text":"Improve structure and diversity of existing woodlands","url":"Click HERE to view the preferred habitat in our strategy"},"geometry":{"type":"Polygon","coordinates":[[[-2.80303,51.31123],[-2.80242,51.31137],[-2.80168,51.31143],[-2.8017,51.31139],[-2.80186,51.31132],[-2.80274,51.31099],[-2.80283,51.31106],[-2.80287,51.31117],[-2.80308,51.31121],[-2.80311,51.31123],[-2.80303,51.31123]]]}},{"type":"Feature","properties":{"cat":"Woodland","fill":"#2E7D32","text":"Improve structure and diversity of existing woodlands","url":"Click HERE to view the preferred habitat in our strategy"},"geometry":{"type":"Polygon","coordinates":[[[-2.83064,51.29668],[-2.83073,51.29665],[-2.83076,51.29658],[-2.83077,51.29663],[-2.83075,51.29762],[-2.83077,51.29968],[-2.83057,51.29967],[-2.83066,51.29893],[-2.83061,51.29824],[-2.83058,51.29703],[-2.83064,51.29668]]]}},{"type":"Feature","properties":{"cat":"Woodland","fill":"#2E7D32","text":"Improve structure and diversity of existing woodlands","url":"Click HERE to view the preferred habitat in our strategy"},"geometry":{"type":"Polygon","coordinates":[[[-2.7966,51.31113],[-2.79619,51.31126],[-2.79572,51.31131],[-2.79543,51.31127],[-2.79539,51.31116],[-2.79572,51.31115],[-2.7959,51.31128],[-2.7966,51.31113]]]}},{"type":"Feature","properties":{"cat":"Woodland","fill":"#2E7D32","text":"Improve structure and diversity of existing woodlands","url":"Click HERE to view the preferred habitat in our strategy"},"geometry":{"type":"Polygon","coordinates":[[[-2.80022,51.30316],[-2.80032,51.30407],[-2.79741,51.30416],[-2.79721,51.3034],[-2.80022,51.30316]]]}},{"type":"Feature","properties":{"cat":"Woodland","fill":"#2E7D32","text":"Improve structure and diversity of existing woodlands","url":"Click HERE to view the preferred habitat in our strategy"},"geometry":{"type":"Polygon","coordinates":[[[-2.79836,51.31672],[-2.79841,51.3165],[-2.79847,51.3165],[-2.79858,51.31642],[-2.79844,51.31661],[-2.79843,51.31667],[-2.79848,51.3167],[-2.79836,51.31672]]]}},{"type":"Feature","properties":{"cat":"Woodland","fill":"#2E7D32","text":"Improve structure and diversity of existing woodlands","url":"Click HERE to view the preferred habitat in our strategy"},"geometry":{"type":"Polygon","coordinates":[[[-2.78653,51.32141],[-2.78662,51.3217],[-2.78645,51.32174],[-2.78641,51.32172],[-2.78641,51.32164],[-2.78636,51.32159],[-2.78629,51.32134],[-2.78656,51.32132],[-2.78653,51.32141]]]}},{"type":"Feature","properties":{"cat":"Woodland","fill":"#2E7D32","text":"Improve structure and diversity of existing woodlands","url":"Click HERE to view the preferred habitat in our strategy"},"geometry":{"type":"Polygon","coordinates":[[[-2.73303,51.31833],[-2.73263,51.31795],[-2.73257,51.31786],[-2.73251,51.31764],[-2.73237,51.31733],[-2.73235,51.31692],[-2.73224,51.3166],[-2.73227,51.31646],[-2.73243,51.31646],[-2.73268,51.31729],[-2.73287,51.31769],[-2.73302,51.31816],[-2.73315,51.31837],[-2.73306,51.31838],[-2.73303,51.31833]]]}},{"type":"Feature","properties":{"cat":"Woodland","fill":"#2E7D32","text":"Improve structure and diversity of existing woodlands","url":"Click HERE to view the preferred habitat in our strategy"},"geometry":{"type":"Polygon","coordinates":[[[-2.77719,51.28857],[-2.77719,51.28863],[-2.77725,51.28869],[-2.77792,51.28905],[-2.77787,51.28909],[-2.77842,51.28939],[-2.77816,51.2899],[-2.77763,51.28948],[-2.7774,51.28936],[-2.77687,51.28912],[-2.77661,51.2891],[-2.77679,51.28863],[-2.77719,51.28857]]]}},{"type":"Feature","properties":{"cat":"Woodland","fill":"#2E7D32","text":"Improve structure and diversity of existing woodlands","url":"Click HERE to view the preferred habitat in our strategy"},"geometry":{"type":"Polygon","coordinates":[[[-2.80211,51.29026],[-2.80205,51.29022],[-2.80174,51.28958],[-2.80231,51.28952],[-2.80254,51.29028],[-2.80211,51.29026]]]}},{"type":"Feature","properties":{"cat":"Woodland","fill":"#2E7D32","text":"Improve structure and diversity of existing woodlands","url":"Click HERE to view the preferred habitat in our strategy"},"geometry":{"type":"Polygon","coordinates":[[[-2.7774,51.2914],[-2.77766,51.29098],[-2.77788,51.29075],[-2.77816,51.28989],[-2.7784,51.28942],[-2.77847,51.28934],[-2.77882,51.28943],[-2.77893,51.28944],[-2.77903,51.28941],[-2.77935,51.28962],[-2.77921,51.28973],[-2.77877,51.28948],[-2.77864,51.28945],[-2.77855,51.28949],[-2.77853,51.28953],[-2.77868,51.29011],[-2.77896,51.29028],[-2.77902,51.2904],[-2.77926,51.29066],[-2.77913,51.29069],[-2.77941,51.29162],[-2.77788,51.2915],[-2.7774,51.2914]],[[-2.77754,51.29135],[-2.7775,51.2914],[-2.7776,51.29143],[-2.77764,51.29138],[-2.77754,51.29135]],[[-2.77922,51.2911],[-2.77916,51.29111],[-2.77918,51.29115],[-2.77924,51.29114],[-2.77922,51.2911]]]}},{"type":"Feature","properties":{"cat":"Woodland","fill":"#2E7D32","text":"Improve structure and diversity of existing woodlands","url":"Click HERE to view the preferred habitat in our strategy"},"geometry":{"type":"Polygon","coordinates":[[[-2.80285,51.29055],[-2.80261,51.29064],[-2.80235,51.29063],[-2.80209,51.29028],[-2.80254,51.29028],[-2.80261,51.29054],[-2.80285,51.29055]]]}},{"type":"Feature","properties":{"cat":"Woodland","fill":"#2E7D32","text":"Improve structure and diversity of existing woodlands","url":"Click HERE to view the preferred habitat in our strategy"},"geometry":{"type":"Polygon","coordinates":[[[-2.73365,51.30138],[-2.73369,51.30138],[-2.73363,51.30144],[-2.73339,51.30163],[-2.73335,51.30173],[-2.73359,51.30193],[-2.73342,51.30199],[-2.73328,51.30209],[-2.73324,51.30216],[-2.73325,51.30221],[-2.73317,51.30231],[-2.73285,51.30245],[-2.73281,51.30251],[-2.73284,51.30265],[-2.73268,51.30274],[-2.73263,51.30279],[-2.73262,51.30286],[-2.73229,51.30303],[-2.73222,51.30324],[-2.73209,51.30341],[-2.7321,51.30345],[-2.7323,51.30363],[-2.73226,51.30381],[-2.73201,51.30381],[-2.73186,51.30349],[-2.73186,51.30341],[-2.73189,51.30321],[-2.73203,51.30297],[-2.73294,51.30219],[-2.73326,51.30196],[-2.73329,51.30164],[-2.73365,51.30138]]]}},{"type":"Feature","properties":{"cat":"Woodland","fill":"#2E7D32","text":"Improve structure and diversity of existing woodlands","url":"Click HERE to view the preferred habitat in our strategy"},"geometry":{"type":"Polygon","coordinates":[[[-2.72976,51.31237],[-2.72954,51.31284],[-2.72937,51.31305],[-2.72923,51.31334],[-2.72907,51.31358],[-2.72893,51.31367],[-2.72914,51.31341],[-2.72924,51.31319],[-2.72944,51.31295],[-2.72943,51.31286],[-2.72957,51.31267],[-2.72955,51.31259],[-2.72959,51.31252],[-2.72976,51.31237]]]}},{"type":"Feature","properties":{"cat":"Woodland","fill":"#2E7D32","text":"Improve structure and diversity of existing woodlands","url":"Click HERE to view the preferred habitat in our strategy"},"geometry":{"type":"Polygon","coordinates":[[[-2.78111,51.31967],[-2.78077,51.31944],[-2.77983,51.31953],[-2.78003,51.32],[-2.78008,51.32004],[-2.77971,51.31994],[-2.77929,51.31914],[-2.7803,51.31906],[-2.78021,51.31913],[-2.77995,51.31923],[-2.77948,51.31927],[-2.77943,51.31933],[-2.77945,51.31938],[-2.77953,51.31943],[-2.77972,51.31946],[-2.78046,51.31931],[-2.78049,51.31923],[-2.78041,51.31915],[-2.78039,51.31908],[-2.78049,51.31902],[-2.78117,51.31966],[-2.78111,51.31967]]]}},{"type":"Feature","properties":{"cat":"Woodland","fill":"#2E7D32","text":"Improve structure and diversity of existing woodlands","url":"Click HERE to view the preferred habitat in our strategy"},"geometry":{"type":"Polygon","coordinates":[[[-2.78053,51.30571],[-2.78355,51.30554],[-2.78591,51.30515],[-2.78633,51.30504],[-2.78646,51.3055],[-2.781,51.30642],[-2.78037,51.30655],[-2.78053,51.30571]],[[-2.78448,51.30559],[-2.7846,51.30553],[-2.78487,51.30548],[-2.78484,51.30543],[-2.78461,51.30547],[-2.78444,51.30555],[-2.78448,51.30559]],[[-2.78384,51.30559],[-2.78381,51.30556],[-2.78348,51.30564],[-2.78347,51.30567],[-2.78349,51.30572],[-2.78384,51.30559]],[[-2.78423,51.30544],[-2.78406,51.30549],[-2.78408,51.30554],[-2.78427,51.30551],[-2.78423,51.30544]]]}},{"type":"Feature","properties":{"cat":"Woodland","fill":"#2E7D32","text":"Improve structure and diversity of existing woodlands","url":"Click HERE to view the preferred habitat in our strategy"},"geometry":{"type":"Polygon","coordinates":[[[-2.7703,51.28601],[-2.77078,51.28586],[-2.77095,51.28575],[-2.77109,51.28572],[-2.77161,51.2857],[-2.77217,51.28576],[-2.77229,51.28602],[-2.7723,51.28638],[-2.77222,51.28628],[-2.77225,51.28618],[-2.77219,51.28592],[-2.77202,51.28582],[-2.77177,51.2858],[-2.77149,51.28587],[-2.77105,51.28618],[-2.77081,51.28638],[-2.77072,51.28653],[-2.77066,51.28655],[-2.77028,51.28608],[-2.77024,51.28602],[-2.7703,51.28601]]]}},{"type":"Feature","properties":{"cat":"Woodland","fill":"#2E7D32","text":"Improve structure and diversity of existing woodlands","url":"Click HERE to view the preferred habitat in our strategy"},"geometry":{"type":"Polygon","coordinates":[[[-2.78064,51.31079],[-2.77955,51.31004],[-2.77878,51.30904],[-2.77834,51.30865],[-2.77773,51.3082],[-2.77777,51.30819],[-2.77836,51.30863],[-2.77864,51.3089],[-2.77893,51.30912],[-2.77943,51.30983],[-2.77973,51.31014],[-2.78025,51.31047],[-2.78063,51.31075],[-2.78066,51.31078],[-2.78064,51.31079]]]}},{"type":"Feature","properties":{"cat":"Woodland","fill":"#2E7D32","text":"Improve structure and diversity of existing woodlands","url":"Click HERE to view the preferred habitat in our strategy"},"geometry":{"type":"Polygon","coordinates":[[[-2.80759,51.28474],[-2.80794,51.28461],[-2.80826,51.28444],[-2.80839,51.28454],[-2.8083,51.28452],[-2.80803,51.28463],[-2.80805,51.28469],[-2.80767,51.28481],[-2.80763,51.28482],[-2.80759,51.28474]]]}},{"type":"Feature","properties":{"cat":"Woodland","fill":"#2E7D32","text":"Improve structure and diversity of existing woodlands","url":"Click HERE to view the preferred habitat in our strategy"},"geometry":{"type":"Polygon","coordinates":[[[-2.78175,51.28669],[-2.78173,51.28663],[-2.78193,51.28624],[-2.7822,51.28629],[-2.78208,51.28661],[-2.782,51.28674],[-2.78177,51.28674],[-2.78175,51.28669]]]}},{"type":"Feature","properties":{"cat":"Woodland","fill":"#2E7D32","text":"Improve structure and diversity of existing woodlands","url":"Click HERE to view the preferred habitat in our strategy"},"geometry":{"type":"Polygon","coordinates":[[[-2.80338,51.30498],[-2.80282,51.30504],[-2.80277,51.30495],[-2.80271,51.30456],[-2.80341,51.30455],[-2.80356,51.30451],[-2.80356,51.30447],[-2.8039,51.3045],[-2.80392,51.30459],[-2.8039,51.30461],[-2.80393,51.30462],[-2.80398,51.30492],[-2.80338,51.30498]]]}},{"type":"Feature","properties":{"cat":"Woodland","fill":"#2E7D32","text":"Improve structure and diversity of existing woodlands","url":"Click HERE to view the preferred habitat in our strategy"},"geometry":{"type":"Polygon","coordinates":[[[-2.72944,51.31214],[-2.72954,51.31225],[-2.7297,51.31235],[-2.72955,51.31249],[-2.7295,51.31259],[-2.72953,51.31264],[-2.72938,51.31285],[-2.72939,51.31294],[-2.72919,51.31318],[-2.72909,51.3134],[-2.72892,51.31361],[-2.72859,51.31385],[-2.72853,51.31383],[-2.72865,51.31363],[-2.72892,51.31348],[-2.72911,51.31321],[-2.72911,51.31316],[-2.72848,51.31287],[-2.72875,51.31281],[-2.72876,51.31274],[-2.72908,51.31242],[-2.72941,51.31212],[-2.72944,51.31214]],[[-2.72866,51.3129],[-2.72868,51.31291],[-2.72872,51.31288],[-2.7287,51.31287],[-2.72866,51.3129]]]}},{"type":"Feature","properties":{"cat":"Woodland","fill":"#2E7D32","text":"Improve structure and diversity of existing woodlands","url":"Click HERE to view the preferred habitat in our strategy"},"geometry":{"type":"Polygon","coordinates":[[[-2.78018,51.29169],[-2.78025,51.29206],[-2.78027,51.29237],[-2.78022,51.29246],[-2.78012,51.29257],[-2.7799,51.29263],[-2.77973,51.29276],[-2.77948,51.29285],[-2.77936,51.29282],[-2.77931,51.29271],[-2.77966,51.29235],[-2.77993,51.29229],[-2.77978,51.29199],[-2.77916,51.29188],[-2.77916,51.29207],[-2.77846,51.29218],[-2.77855,51.29206],[-2.77889,51.29202],[-2.77868,51.29184],[-2.77845,51.29179],[-2.77813,51.29159],[-2.77788,51.2915],[-2.78016,51.29165],[-2.78018,51.29169]],[[-2.78025,51.29232],[-2.78024,51.29222],[-2.78018,51.29222],[-2.78019,51.29232],[-2.78025,51.29232]]]}},{"type":"Feature","properties":{"cat":"Woodland","fill":"#2E7D32","text":"Improve structure and diversity of existing woodlands","url":"Click HERE to view the preferred habitat in our strategy"},"geometry":{"type":"Polygon","coordinates":[[[-2.78096,51.29183],[-2.781,51.29217],[-2.78027,51.29237],[-2.78019,51.29175],[-2.78057,51.29188],[-2.78096,51.29183]]]}},{"type":"Feature","properties":{"cat":"Woodland","fill":"#2E7D32","text":"Improve structure and diversity of existing woodlands","url":"Click HERE to view the preferred habitat in our strategy"},"geometry":{"type":"Polygon","coordinates":[[[-2.80145,51.28515],[-2.80152,51.28515],[-2.80147,51.28531],[-2.80144,51.28532],[-2.80142,51.28547],[-2.80136,51.28549],[-2.80145,51.28515]]]}},{"type":"Feature","properties":{"cat":"Woodland","fill":"#2E7D32","text":"Improve structure and diversity of existing woodlands","url":"Click HERE to view the preferred habitat in our strategy"},"geometry":{"type":"Polygon","coordinates":[[[-2.74644,51.31967],[-2.74714,51.31971],[-2.74711,51.31951],[-2.74812,51.3196],[-2.74775,51.31978],[-2.74736,51.31975],[-2.74705,51.31979],[-2.74617,51.31969],[-2.74604,51.31965],[-2.74622,51.31968],[-2.74644,51.31967]]]}},{"type":"Feature","properties":{"cat":"Woodland","fill":"#2E7D32","text":"Improve structure and diversity of existing woodlands","url":"Click HERE to view the preferred habitat in our strategy"},"geometry":{"type":"Polygon","coordinates":[[[-2.77329,51.30677],[-2.7731,51.30687],[-2.773,51.30699],[-2.77297,51.30711],[-2.77304,51.30722],[-2.77323,51.30733],[-2.77403,51.30765],[-2.77437,51.30776],[-2.77455,51.30777],[-2.77462,51.30788],[-2.77474,51.30794],[-2.77496,51.30799],[-2.77506,51.30813],[-2.77517,51.30822],[-2.77533,51.30829],[-2.77563,51.30836],[-2.7757,51.30844],[-2.7757,51.30849],[-2.77566,51.30849],[-2.77562,51.30842],[-2.77531,51.30832],[-2.77472,51.30795],[-2.77334,51.3074],[-2.77312,51.30728],[-2.77295,51.30714],[-2.77295,51.30701],[-2.77311,51.30684],[-2.77329,51.30677]]]}},{"type":"Feature","properties":{"cat":"Woodland","fill":"#2E7D32","text":"Improve structure and diversity of existing woodlands","url":"Click HERE to view the preferred habitat in our strategy"},"geometry":{"type":"Polygon","coordinates":[[[-2.78043,51.29153],[-2.78022,51.29065],[-2.78024,51.29062],[-2.78018,51.2906],[-2.78014,51.29049],[-2.77996,51.29028],[-2.78001,51.29021],[-2.77998,51.29007],[-2.77984,51.28994],[-2.77982,51.28987],[-2.77937,51.28961],[-2.77968,51.28937],[-2.77974,51.2894],[-2.78062,51.29031],[-2.78067,51.29035],[-2.7808,51.29031],[-2.78089,51.29089],[-2.78081,51.2909],[-2.78082,51.29097],[-2.7809,51.29096],[-2.78091,51.291],[-2.78096,51.29137],[-2.78094,51.2916],[-2.7809,51.29168],[-2.78046,51.29166],[-2.78043,51.29153]]]}},{"type":"Feature","properties":{"cat":"Woodland","fill":"#2E7D32","text":"Improve structure and diversity of existing woodlands","url":"Click HERE to view the preferred habitat in our strategy"},"geometry":{"type":"Polygon","coordinates":[[[-2.7796,51.30978],[-2.77993,51.31026],[-2.77973,51.31014],[-2.7794,51.30979],[-2.7796,51.30978]]]}},{"type":"Feature","properties":{"cat":"Woodland","fill":"#2E7D32","text":"Improve structure and diversity of existing woodlands","url":"Click HERE to view the preferred habitat in our strategy"},"geometry":{"type":"Polygon","coordinates":[[[-2.79459,51.31636],[-2.7945,51.31631],[-2.79403,51.31627],[-2.79416,51.31612],[-2.79489,51.31613],[-2.79468,51.31638],[-2.79459,51.31636]]]}},{"type":"Feature","properties":{"cat":"Woodland","fill":"#2E7D32","text":"Improve structure and diversity of existing woodlands","url":"Click HERE to view the preferred habitat in our strategy"},"geometry":{"type":"Polygon","coordinates":[[[-2.77442,51.28853],[-2.77434,51.28863],[-2.77406,51.28877],[-2.77386,51.28891],[-2.77339,51.2896],[-2.77048,51.28956],[-2.77049,51.28949],[-2.77043,51.28945],[-2.77047,51.28941],[-2.77149,51.28886],[-2.7701,51.28864],[-2.76953,51.28864],[-2.76924,51.28866],[-2.76913,51.2887],[-2.76914,51.28862],[-2.77052,51.28859],[-2.77135,51.28852],[-2.77202,51.28854],[-2.77223,51.28857],[-2.77243,51.28866],[-2.7731,51.28916],[-2.77335,51.28919],[-2.77356,51.2891],[-2.7738,51.28883],[-2.77423,51.28866],[-2.77442,51.28853]]]}},{"type":"Feature","properties":{"cat":"Woodland","fill":"#2E7D32","text":"Improve structure and diversity of existing woodlands","url":"Click HERE to view the preferred habitat in our strategy"},"geometry":{"type":"Polygon","coordinates":[[[-2.7788,51.28863],[-2.77893,51.28873],[-2.7791,51.28877],[-2.77901,51.28894],[-2.77871,51.28904],[-2.77827,51.28886],[-2.77828,51.28884],[-2.77821,51.28881],[-2.77749,51.28872],[-2.77742,51.28867],[-2.77745,51.28859],[-2.77876,51.28869],[-2.77874,51.28863],[-2.7788,51.28863]]]}},{"type":"Feature","properties":{"cat":"Woodland","fill":"#2E7D32","text":"Improve structure and diversity of existing woodlands","url":"Click HERE to view the preferred habitat in our strategy"},"geometry":{"type":"Polygon","coordinates":[[[-2.79446,51.30212],[-2.79449,51.30222],[-2.79444,51.30227],[-2.7941,51.30237],[-2.79378,51.30241],[-2.7939,51.30302],[-2.79399,51.3032],[-2.79444,51.30378],[-2.79485,51.30443],[-2.793,51.30453],[-2.79262,51.30222],[-2.79446,51.30212]]]}},{"type":"Feature","properties":{"cat":"Woodland","fill":"#2E7D32","text":"Improve structure and diversity of existing woodlands","url":"Click HERE to view the preferred habitat in our strategy"},"geometry":{"type":"Polygon","coordinates":[[[-2.79464,51.31117],[-2.794,51.31118],[-2.794,51.31146],[-2.79362,51.31146],[-2.79327,51.31138],[-2.79391,51.31124],[-2.79397,51.31117],[-2.79411,51.31113],[-2.79471,51.31115],[-2.79541,51.31127],[-2.79464,51.31117]]]}},{"type":"Feature","properties":{"cat":"Woodland","fill":"#2E7D32","text":"Improve structure and diversity of existing woodlands","url":"Click HERE to view the preferred habitat in our strategy"},"geometry":{"type":"Polygon","coordinates":[[[-2.77048,51.28158],[-2.77044,51.28166],[-2.77029,51.28178],[-2.77022,51.28182],[-2.7702,51.2818],[-2.77048,51.28158]]]}},{"type":"Feature","properties":{"cat":"Woodland","fill":"#2E7D32","text":"Improve structure and diversity of existing woodlands","url":"Click HERE to view the preferred habitat in our strategy"},"geometry":{"type":"Polygon","coordinates":[[[-2.80277,51.31191],[-2.80261,51.31186],[-2.80329,51.31202],[-2.80387,51.3121],[-2.80506,51.31211],[-2.80391,51.31212],[-2.80322,51.31203],[-2.80277,51.31191]]]}},{"type":"Feature","properties":{"cat":"Woodland","fill":"#2E7D32","text":"Improve structure and diversity of existing woodlands","url":"Click HERE to view the preferred habitat in our strategy"},"geometry":{"type":"Polygon","coordinates":[[[-2.79083,51.28011],[-2.79098,51.28025],[-2.79109,51.2802],[-2.79139,51.28037],[-2.79122,51.2805],[-2.79068,51.28002],[-2.79083,51.28011]]]}},{"type":"Feature","properties":{"cat":"Woodland","fill":"#2E7D32","text":"Improve structure and diversity of existing woodlands","url":"Click HERE to view the preferred habitat in our strategy"},"geometry":{"type":"Polygon","coordinates":[[[-2.77317,51.28708],[-2.77306,51.28694],[-2.77305,51.2869],[-2.7731,51.28688],[-2.77309,51.2869],[-2.77336,51.28715],[-2.77345,51.2871],[-2.77319,51.28678],[-2.77294,51.28657],[-2.7729,51.28648],[-2.7729,51.28638],[-2.77299,51.28616],[-2.77304,51.2862],[-2.77301,51.28631],[-2.77308,51.28636],[-2.7731,51.28648],[-2.77315,51.28655],[-2.77341,51.28674],[-2.77358,51.28705],[-2.77354,51.28712],[-2.77339,51.28718],[-2.77325,51.28715],[-2.77317,51.28708]]]}},{"type":"Feature","properties":{"cat":"Woodland","fill":"#2E7D32","text":"Improve structure and diversity of existing woodlands","url":"Click HERE to view the preferred habitat in our strategy"},"geometry":{"type":"Polygon","coordinates":[[[-2.77236,51.28465],[-2.77265,51.28462],[-2.77273,51.28504],[-2.77269,51.28511],[-2.7727,51.28521],[-2.77283,51.28533],[-2.77299,51.28572],[-2.77302,51.28588],[-2.77295,51.28617],[-2.7728,51.28628],[-2.77231,51.28639],[-2.77229,51.28602],[-2.77217,51.28576],[-2.77161,51.2857],[-2.77109,51.28572],[-2.77095,51.28575],[-2.77078,51.28586],[-2.77047,51.28597],[-2.77023,51.28602],[-2.77018,51.28593],[-2.77021,51.28585],[-2.77015,51.28575],[-2.77008,51.2857],[-2.76994,51.28572],[-2.76977,51.28486],[-2.77058,51.2849],[-2.77234,51.2846],[-2.77236,51.28465]]]}},{"type":"Feature","properties":{"cat":"Woodland","fill":"#2E7D32","text":"Improve structure and diversity of existing woodlands","url":"Click HERE to view the preferred habitat in our strategy"},"geometry":{"type":"Polygon","coordinates":[[[-2.76414,51.27974],[-2.76413,51.27972],[-2.76384,51.27978],[-2.76373,51.27967],[-2.7635,51.27957],[-2.76368,51.27946],[-2.76361,51.27939],[-2.76385,51.27905],[-2.76419,51.27949],[-2.7642,51.27961],[-2.76417,51.27973],[-2.76414,51.27974]]]}},{"type":"Feature","properties":{"cat":"Woodland","fill":"#2E7D32","text":"Improve structure and diversity of existing woodlands","url":"Click HERE to view the preferred habitat in our strategy"},"geometry":{"type":"Polygon","coordinates":[[[-2.73681,51.30022],[-2.73694,51.29999],[-2.73701,51.29996],[-2.73701,51.30005],[-2.7371,51.30015],[-2.73701,51.30032],[-2.73669,51.30043],[-2.73611,51.30047],[-2.73614,51.30043],[-2.73674,51.30022],[-2.73681,51.30022]]]}},{"type":"Feature","properties":{"cat":"Woodland","fill":"#2E7D32","text":"Improve structure and diversity of existing woodlands","url":"Click HERE to view the preferred habitat in our strategy"},"geometry":{"type":"Polygon","coordinates":[[[-2.73989,51.29601],[-2.73955,51.2959],[-2.73953,51.29572],[-2.73946,51.29561],[-2.73939,51.29533],[-2.73928,51.29511],[-2.73943,51.29515],[-2.7397,51.29539],[-2.73987,51.2956],[-2.7401,51.29566],[-2.74015,51.29574],[-2.74013,51.29582],[-2.74003,51.29587],[-2.7402,51.2961],[-2.73989,51.29601]]]}},{"type":"Feature","properties":{"cat":"Woodland","fill":"#2E7D32","text":"Improve structure and diversity of existing woodlands","url":"Click HERE to view the preferred habitat in our strategy"},"geometry":{"type":"Polygon","coordinates":[[[-2.76423,51.27972],[-2.76422,51.27979],[-2.7642,51.27973],[-2.76424,51.27953],[-2.76421,51.27947],[-2.76369,51.27881],[-2.76381,51.2789],[-2.764,51.27918],[-2.76428,51.2795],[-2.76423,51.27972]]]}},{"type":"Feature","properties":{"cat":"Woodland","fill":"#2E7D32","text":"Improve structure and diversity of existing woodlands","url":"Click HERE to view the preferred habitat in our strategy"},"geometry":{"type":"Polygon","coordinates":[[[-2.74446,51.29838],[-2.74411,51.29863],[-2.74405,51.29862],[-2.74371,51.29848],[-2.7433,51.29836],[-2.74304,51.29837],[-2.74214,51.29807],[-2.74178,51.298],[-2.74131,51.29779],[-2.74161,51.29742],[-2.74249,51.29772],[-2.74454,51.29831],[-2.74446,51.29838]]]}},{"type":"Feature","properties":{"cat":"Woodland","fill":"#2E7D32","text":"Improve structure and diversity of existing woodlands","url":"Click HERE to view the preferred habitat in our strategy"},"geometry":{"type":"Polygon","coordinates":[[[-2.76892,51.2822],[-2.76926,51.28216],[-2.76928,51.28219],[-2.76943,51.28216],[-2.76945,51.28218],[-2.76971,51.28211],[-2.76969,51.28207],[-2.76992,51.28201],[-2.7702,51.28188],[-2.77049,51.28165],[-2.77052,51.28157],[-2.77059,51.28153],[-2.77065,51.28162],[-2.77048,51.28186],[-2.77018,51.2821],[-2.77008,51.28203],[-2.76938,51.2823],[-2.76943,51.28245],[-2.76849,51.28243],[-2.76852,51.28223],[-2.76892,51.2822]]]}},{"type":"Feature","properties":{"cat":"Woodland","fill":"#2E7D32","text":"Improve structure and diversity of existing woodlands","url":"Click HERE to view the preferred habitat in our strategy"},"geometry":{"type":"Polygon","coordinates":[[[-2.73903,51.29937],[-2.73928,51.29938],[-2.73937,51.29934],[-2.73956,51.29901],[-2.73985,51.29916],[-2.73998,51.29929],[-2.74014,51.29972],[-2.73913,51.29958],[-2.73893,51.2995],[-2.739,51.29936],[-2.73903,51.29937]],[[-2.73906,51.29939],[-2.73907,51.29943],[-2.73917,51.2995],[-2.73928,51.29954],[-2.73933,51.29952],[-2.73912,51.29939],[-2.73906,51.29939]]]}},{"type":"Feature","properties":{"cat":"Woodland","fill":"#2E7D32","text":"Improve structure and diversity of existing woodlands","url":"Click HERE to view the preferred habitat in our strategy"},"geometry":{"type":"Polygon","coordinates":[[[-2.73859,51.2999],[-2.73864,51.29974],[-2.73872,51.29972],[-2.73872,51.29951],[-2.73865,51.2995],[-2.73862,51.29944],[-2.73856,51.29942],[-2.73842,51.29947],[-2.73831,51.29962],[-2.73816,51.29959],[-2.73824,51.29936],[-2.73836,51.29932],[-2.739,51.29936],[-2.73893,51.2995],[-2.73913,51.29958],[-2.74014,51.29972],[-2.74005,51.29978],[-2.73995,51.29993],[-2.73945,51.29991],[-2.73938,51.29994],[-2.73932,51.30004],[-2.73928,51.30024],[-2.73869,51.30032],[-2.73865,51.30015],[-2.73865,51.29993],[-2.73859,51.2999]],[[-2.73875,51.29954],[-2.73874,51.29961],[-2.73881,51.29961],[-2.7388,51.29954],[-2.73875,51.29954]]]}},{"type":"Feature","properties":{"cat":"Woodland","fill":"#2E7D32","text":"Improve structure and diversity of existing woodlands","url":"Click HERE to view the preferred habitat in our strategy"},"geometry":{"type":"Polygon","coordinates":[[[-2.72901,51.31682],[-2.72894,51.31683],[-2.72888,51.31678],[-2.72859,51.31643],[-2.72893,51.31639],[-2.72925,51.31677],[-2.72913,51.31684],[-2.72901,51.31682]]]}},{"type":"Feature","properties":{"cat":"Woodland","fill":"#2E7D32","text":"Improve structure and diversity of existing woodlands","url":"Click HERE to view the preferred habitat in our strategy"},"geometry":{"type":"Polygon","coordinates":[[[-2.83323,51.30065],[-2.83332,51.30065],[-2.83332,51.30065],[-2.83355,51.30064],[-2.83388,51.30063],[-2.83349,51.30065],[-2.83323,51.30066],[-2.83323,51.30065]]]}},{"type":"Feature","properties":{"cat":"Woodland","fill":"#2E7D32","text":"Improve structure and diversity of existing woodlands","url":"Click HERE to view the preferred habitat in our strategy"},"geometry":{"type":"Polygon","coordinates":[[[-2.85351,51.29414],[-2.85379,51.29376],[-2.8539,51.29381],[-2.8539,51.29388],[-2.85372,51.29406],[-2.85373,51.29421],[-2.85386,51.29433],[-2.85424,51.29451],[-2.85434,51.29462],[-2.85422,51.29462],[-2.85404,51.29455],[-2.85377,51.29455],[-2.85362,51.29448],[-2.85342,51.29425],[-2.85351,51.29414]]]}},{"type":"Feature","properties":{"cat":"Woodland","fill":"#2E7D32","text":"Improve structure and diversity of existing woodlands","url":"Click HERE to view the preferred habitat in our strategy"},"geometry":{"type":"Polygon","coordinates":[[[-2.84591,51.29649],[-2.84591,51.29635],[-2.84643,51.29639],[-2.84647,51.29631],[-2.84663,51.29589],[-2.84659,51.29574],[-2.84677,51.29495],[-2.84686,51.29412],[-2.84692,51.29411],[-2.84689,51.29512],[-2.84671,51.29585],[-2.84666,51.29629],[-2.84667,51.29646],[-2.84658,51.29653],[-2.84627,51.29656],[-2.84592,51.29655],[-2.84591,51.29649]]]}},{"type":"Feature","properties":{"cat":"Woodland","fill":"#2E7D32","text":"Improve structure and diversity of existing woodlands","url":"Click HERE to view the preferred habitat in our strategy"},"geometry":{"type":"Polygon","coordinates":[[[-2.79021,51.32402],[-2.79056,51.32382],[-2.79056,51.32395],[-2.79047,51.32409],[-2.79028,51.32417],[-2.79007,51.32421],[-2.78993,51.32413],[-2.79021,51.32402]]]}},{"type":"Feature","properties":{"cat":"Woodland","fill":"#2E7D32","text":"Improve structure and diversity of existing woodlands","url":"Click HERE to view the preferred habitat in our strategy"},"geometry":{"type":"Polygon","coordinates":[[[-2.80754,51.28514],[-2.8082,51.28501],[-2.80809,51.28522],[-2.80777,51.28529],[-2.8076,51.28531],[-2.80754,51.28514]]]}},{"type":"Feature","properties":{"cat":"Woodland","fill":"#2E7D32","text":"Improve structure and diversity of existing woodlands","url":"Click HERE to view the preferred habitat in our strategy"},"geometry":{"type":"Polygon","coordinates":[[[-2.77719,51.31091],[-2.77757,51.31128],[-2.77866,51.3122],[-2.77968,51.31301],[-2.77981,51.31317],[-2.77979,51.31331],[-2.77911,51.31379],[-2.77877,51.31411],[-2.77862,51.31422],[-2.77809,51.31449],[-2.77793,51.31452],[-2.77809,51.31438],[-2.77835,51.31401],[-2.77873,51.31327],[-2.77874,51.31299],[-2.77861,51.31278],[-2.77802,51.31219],[-2.7774,51.31151],[-2.77725,51.31123],[-2.7772,51.31103],[-2.77716,51.31101],[-2.77712,51.31082],[-2.77719,51.31091]]]}},{"type":"Feature","properties":{"cat":"Woodland","fill":"#2E7D32","text":"Improve structure and diversity of existing woodlands","url":"Click HERE to view the preferred habitat in our strategy"},"geometry":{"type":"Polygon","coordinates":[[[-2.78505,51.30049],[-2.78567,51.30259],[-2.78431,51.30265],[-2.78411,51.30045],[-2.785,51.3003],[-2.78505,51.30049]],[[-2.78414,51.30046],[-2.78415,51.30049],[-2.7842,51.30048],[-2.78419,51.30045],[-2.78414,51.30046]]]}},{"type":"Feature","properties":{"cat":"Woodland","fill":"#2E7D32","text":"Improve structure and diversity of existing woodlands","url":"Click HERE to view the preferred habitat in our strategy"},"geometry":{"type":"Polygon","coordinates":[[[-2.78259,51.31753],[-2.78262,51.31759],[-2.78263,51.31782],[-2.78263,51.31821],[-2.78259,51.31822],[-2.78259,51.31753]]]}},{"type":"Feature","properties":{"cat":"Woodland","fill":"#2E7D32","text":"Improve structure and diversity of existing woodlands","url":"Click HERE to view the preferred habitat in our strategy"},"geometry":{"type":"Polygon","coordinates":[[[-2.80439,51.28999],[-2.80477,51.28995],[-2.80477,51.28979],[-2.80427,51.28976],[-2.8042,51.28971],[-2.80512,51.28963],[-2.80526,51.29011],[-2.80514,51.29013],[-2.80437,51.2901],[-2.80439,51.28999]]]}},{"type":"Feature","properties":{"cat":"Woodland","fill":"#2E7D32","text":"Improve structure and diversity of existing woodlands","url":"Click HERE to view the preferred habitat in our strategy"},"geometry":{"type":"Polygon","coordinates":[[[-2.75682,51.3235],[-2.75684,51.32361],[-2.75712,51.32353],[-2.75715,51.32365],[-2.75694,51.32375],[-2.75679,51.32362],[-2.75677,51.3235],[-2.75681,51.32348],[-2.75682,51.3235]],[[-2.75695,51.32364],[-2.75696,51.3237],[-2.75702,51.32367],[-2.757,51.32363],[-2.75695,51.32364]]]}},{"type":"Feature","properties":{"cat":"Woodland","fill":"#2E7D32","text":"Improve structure and diversity of existing woodlands","url":"Click HERE to view the preferred habitat in our strategy"},"geometry":{"type":"Polygon","coordinates":[[[-2.79823,51.30413],[-2.79899,51.30411],[-2.79903,51.30468],[-2.79823,51.30413]]]}},{"type":"Feature","properties":{"cat":"Woodland","fill":"#2E7D32","text":"Improve structure and diversity of existing woodlands","url":"Click HERE to view the preferred habitat in our strategy"},"geometry":{"type":"Polygon","coordinates":[[[-2.74861,51.31869],[-2.74849,51.31894],[-2.7485,51.31902],[-2.7484,51.31923],[-2.74824,51.31938],[-2.74822,51.31956],[-2.74812,51.3196],[-2.74711,51.31951],[-2.74698,51.31918],[-2.74661,51.31872],[-2.74648,51.31847],[-2.74657,51.31839],[-2.74756,51.31857],[-2.7484,51.31857],[-2.74854,51.31854],[-2.74865,51.31845],[-2.74871,51.31845],[-2.74871,51.31853],[-2.74865,51.31853],[-2.74861,51.31869]]]}},{"type":"Feature","properties":{"cat":"Woodland","fill":"#2E7D32","text":"Improve structure and diversity of existing woodlands","url":"Click HERE to view the preferred habitat in our strategy"},"geometry":{"type":"Polygon","coordinates":[[[-2.80261,51.31186],[-2.80214,51.31172],[-2.80222,51.3116],[-2.80213,51.31154],[-2.80184,51.3116],[-2.80173,51.31155],[-2.80164,51.31144],[-2.80214,51.31141],[-2.80261,51.31186]]]}},{"type":"Feature","properties":{"cat":"Woodland","fill":"#2E7D32","text":"Improve structure and diversity of existing woodlands","url":"Click HERE to view the preferred habitat in our strategy"},"geometry":{"type":"Polygon","coordinates":[[[-2.73999,51.30142],[-2.73967,51.30132],[-2.73951,51.30123],[-2.73977,51.30134],[-2.74003,51.30137],[-2.73999,51.30142]]]}},{"type":"Feature","properties":{"cat":"Woodland","fill":"#2E7D32","text":"Improve structure and diversity of existing woodlands","url":"Click HERE to view the preferred habitat in our strategy"},"geometry":{"type":"Polygon","coordinates":[[[-2.811,51.30984],[-2.81114,51.30978],[-2.81138,51.30975],[-2.81172,51.30962],[-2.81218,51.30958],[-2.8122,51.3096],[-2.81207,51.30986],[-2.81212,51.30999],[-2.81204,51.3101],[-2.81193,51.31006],[-2.8116,51.31003],[-2.81122,51.30986],[-2.81101,51.30989],[-2.81035,51.3101],[-2.8101,51.31012],[-2.80976,51.31021],[-2.80974,51.31018],[-2.80997,51.31011],[-2.81022,51.31009],[-2.811,51.30984]]]}},{"type":"Feature","properties":{"cat":"Woodland","fill":"#2E7D32","text":"Improve structure and diversity of existing woodlands","url":"Click HERE to view the preferred habitat in our strategy"},"geometry":{"type":"Polygon","coordinates":[[[-2.80122,51.31044],[-2.80151,51.3103],[-2.80161,51.31056],[-2.80134,51.31056],[-2.80117,51.31049],[-2.80115,51.31047],[-2.80122,51.31044]]]}},{"type":"Feature","properties":{"cat":"Woodland","fill":"#2E7D32","text":"Improve structure and diversity of existing woodlands","url":"Click HERE to view the preferred habitat in our strategy"},"geometry":{"type":"Polygon","coordinates":[[[-2.7763,51.28903],[-2.77605,51.28895],[-2.77618,51.28885],[-2.77603,51.2887],[-2.7763,51.28852],[-2.77646,51.28847],[-2.77643,51.28838],[-2.77658,51.28823],[-2.77654,51.28817],[-2.77649,51.28819],[-2.77647,51.2881],[-2.77669,51.2882],[-2.77714,51.2885],[-2.77679,51.28854],[-2.77655,51.28916],[-2.7763,51.28903]],[[-2.77649,51.28907],[-2.77648,51.2891],[-2.77654,51.28911],[-2.77655,51.28909],[-2.77649,51.28907]]]}},{"type":"Feature","properties":{"cat":"Woodland","fill":"#2E7D32","text":"Improve structure and diversity of existing woodlands","url":"Click HERE to view the preferred habitat in our strategy"},"geometry":{"type":"Polygon","coordinates":[[[-2.77965,51.31245],[-2.77944,51.31224],[-2.77917,51.31205],[-2.77841,51.31108],[-2.77847,51.3111],[-2.77893,51.31149],[-2.77901,51.31162],[-2.77889,51.31167],[-2.77972,51.3125],[-2.77993,51.31242],[-2.77926,51.31176],[-2.77945,51.31186],[-2.7799,51.31218],[-2.77997,51.31234],[-2.77985,51.31262],[-2.77965,51.31245]]]}},{"type":"Feature","properties":{"cat":"Woodland","fill":"#2E7D32","text":"Improve structure and diversity of existing woodlands","url":"Click HERE to view the preferred habitat in our strategy"},"geometry":{"type":"Polygon","coordinates":[[[-2.77966,51.31216],[-2.77993,51.31242],[-2.77972,51.3125],[-2.77889,51.31167],[-2.77901,51.31162],[-2.77925,51.31201],[-2.77947,51.31223],[-2.77966,51.31216]]]}},{"type":"Feature","properties":{"cat":"Woodland","fill":"#2E7D32","text":"Improve structure and diversity of existing woodlands","url":"Click HERE to view the preferred habitat in our strategy"},"geometry":{"type":"Polygon","coordinates":[[[-2.81214,51.32716],[-2.81186,51.32708],[-2.81127,51.32683],[-2.81082,51.32671],[-2.81083,51.32662],[-2.81093,51.32671],[-2.81215,51.32714],[-2.81214,51.32716]]]}},{"type":"Feature","properties":{"cat":"Woodland","fill":"#2E7D32","text":"Improve structure and diversity of existing woodlands","url":"Click HERE to view the preferred habitat in our strategy"},"geometry":{"type":"Polygon","coordinates":[[[-2.74175,51.31959],[-2.74144,51.31964],[-2.74148,51.31948],[-2.74155,51.31925],[-2.74189,51.31907],[-2.74181,51.31959],[-2.74175,51.31959]]]}},{"type":"Feature","properties":{"cat":"Woodland","fill":"#2E7D32","text":"Improve structure and diversity of existing woodlands","url":"Click HERE to view the preferred habitat in our strategy"},"geometry":{"type":"Polygon","coordinates":[[[-2.82697,51.30089],[-2.82744,51.30083],[-2.82777,51.30089],[-2.82804,51.3009],[-2.82697,51.30089]]]}},{"type":"Feature","properties":{"cat":"Woodland","fill":"#2E7D32","text":"Improve structure and diversity of existing woodlands","url":"Click HERE to view the preferred habitat in our strategy"},"geometry":{"type":"Polygon","coordinates":[[[-2.80398,51.30465],[-2.80432,51.30467],[-2.80435,51.30464],[-2.80422,51.30464],[-2.80426,51.30461],[-2.80412,51.30459],[-2.80392,51.30459],[-2.8039,51.3045],[-2.80447,51.3045],[-2.80426,51.30486],[-2.80397,51.30487],[-2.80393,51.30462],[-2.80398,51.30465]]]}},{"type":"Feature","properties":{"cat":"Woodland","fill":"#2E7D32","text":"Enhance conifer and mixed woodlands","url":"Click HERE to view the preferred habitat in our strategy"},"geometry":{"type":"Polygon","coordinates":[[[-2.76448,51.31986],[-2.76545,51.31975],[-2.76572,51.32036],[-2.76433,51.31988],[-2.76448,51.31986]]]}},{"type":"Feature","properties":{"cat":"Woodland","fill":"#2E7D32","text":"Improve structure and diversity of existing woodlands","url":"Click HERE to view the preferred habitat in our strategy"},"geometry":{"type":"Polygon","coordinates":[[[-2.81219,51.30962],[-2.81209,51.30983],[-2.81208,51.30993],[-2.81207,51.30986],[-2.81219,51.30962]]]}},{"type":"Feature","properties":{"cat":"Woodland","fill":"#2E7D32","text":"Improve structure and diversity of existing woodlands","url":"Click HERE to view the preferred habitat in our strategy"},"geometry":{"type":"Polygon","coordinates":[[[-2.81211,51.30998],[-2.8121,51.30996],[-2.81209,51.30994],[-2.81208,51.30994],[-2.81211,51.30997],[-2.81211,51.30998],[-2.81211,51.30998]]]}},{"type":"Feature","properties":{"cat":"Woodland","fill":"#2E7D32","text":"Improve structure and diversity of existing woodlands","url":"Click HERE to view the preferred habitat in our strategy"},"geometry":{"type":"Polygon","coordinates":[[[-2.81212,51.32718],[-2.81214,51.32715],[-2.81242,51.3272],[-2.8122,51.3272],[-2.81179,51.32708],[-2.81212,51.32718]]]}},{"type":"Feature","properties":{"cat":"Woodland","fill":"#2E7D32","text":"Establish trees outside of woodlands","url":"Click HERE to view the preferred habitat in our strategy"},"geometry":{"type":"Polygon","coordinates":[[[-2.79865,51.30788],[-2.79886,51.30803],[-2.79901,51.3082],[-2.79887,51.30825],[-2.79881,51.30809],[-2.7985,51.3078],[-2.79865,51.30788]]]}},{"type":"Feature","properties":{"cat":"Woodland","fill":"#2E7D32","text":"Improve structure and diversity of existing woodlands","url":"Click HERE to view the preferred habitat in our strategy"},"geometry":{"type":"Polygon","coordinates":[[[-2.79538,51.30161],[-2.79577,51.30187],[-2.79594,51.30193],[-2.79644,51.30231],[-2.79658,51.30234],[-2.79681,51.30232],[-2.797,51.30258],[-2.79595,51.30281],[-2.79566,51.30245],[-2.79626,51.30226],[-2.79616,51.30211],[-2.79604,51.30202],[-2.79546,51.3022],[-2.79524,51.30193],[-2.79519,51.30172],[-2.79522,51.30162],[-2.79538,51.30161]]]}},{"type":"Feature","properties":{"cat":"Woodland","fill":"#2E7D32","text":"Improve structure and diversity of existing woodlands","url":"Click HERE to view the preferred habitat in our strategy"},"geometry":{"type":"Polygon","coordinates":[[[-2.79211,51.30545],[-2.79206,51.30542],[-2.79044,51.30533],[-2.78877,51.30533],[-2.78702,51.3054],[-2.78645,51.30546],[-2.78628,51.30489],[-2.78991,51.30469],[-2.78999,51.30477],[-2.79041,51.30481],[-2.7905,51.30485],[-2.79041,51.30487],[-2.79025,51.30484],[-2.79014,51.30489],[-2.79018,51.30491],[-2.79047,51.30492],[-2.79085,51.30488],[-2.79088,51.30492],[-2.7912,51.30502],[-2.79121,51.30499],[-2.79101,51.30492],[-2.79092,51.30484],[-2.79162,51.30487],[-2.79165,51.30495],[-2.79171,51.305],[-2.79179,51.30501],[-2.79192,51.30496],[-2.79187,51.30498],[-2.79196,51.30505],[-2.79211,51.30506],[-2.79234,51.30515],[-2.79296,51.30501],[-2.79295,51.30498],[-2.79278,51.30499],[-2.79266,51.30469],[-2.79267,51.30454],[-2.79495,51.30443],[-2.79506,51.30462],[-2.79468,51.30484],[-2.79436,51.30507],[-2.79419,51.30515],[-2.79379,51.30527],[-2.79334,51.30535],[-2.79232,51.30547],[-2.79211,51.30545]],[[-2.79376,51.30505],[-2.79407,51.30499],[-2.79404,51.30495],[-2.79257,51.30525],[-2.7926,51.30528],[-2.79297,51.30522],[-2.79376,51.30505]],[[-2.7892,51.30491],[-2.78945,51.30484],[-2.78995,51.30484],[-2.78995,51.30479],[-2.78954,51.30476],[-2.78911,51.30487],[-2.78907,51.30496],[-2.78909,51.305],[-2.78915,51.305],[-2.7892,51.30491]],[[-2.78774,51.30514],[-2.78785,51.3051],[-2.78819,51.30508],[-2.78812,51.30502],[-2.78782,51.30503],[-2.7877,51.30509],[-2.78774,51.30514]],[[-2.78862,51.30509],[-2.78902,51.30507],[-2.78901,51.30503],[-2.78894,51.30501],[-2.78869,51.30501],[-2.78857,51.30505],[-2.78862,51.30509]],[[-2.78677,51.30518],[-2.78691,51.30515],[-2.78682,51.30511],[-2.78665,51.30513],[-2.78658,51.30519],[-2.78677,51.30518]],[[-2.78732,51.30516],[-2.78752,51.3051],[-2.78749,51.30506],[-2.78734,51.30508],[-2.78731,51.30511],[-2.78732,51.30516]],[[-2.79469,51.30465],[-2.79459,51.3047],[-2.79463,51.30472],[-2.79473,51.30469],[-2.79469,51.30465]]]}},{"type":"Feature","properties":{"cat":"Woodland","fill":"#2E7D32","text":"Improve structure and diversity of existing woodlands","url":"Click HERE to view the preferred habitat in our strategy"},"geometry":{"type":"Polygon","coordinates":[[[-2.76705,51.30733],[-2.76691,51.30738],[-2.76665,51.30729],[-2.76653,51.30737],[-2.76649,51.3072],[-2.76683,51.30724],[-2.76736,51.30673],[-2.76748,51.30645],[-2.76613,51.30619],[-2.76593,51.30614],[-2.76589,51.30612],[-2.76592,51.30609],[-2.76711,51.30635],[-2.76749,51.30632],[-2.76786,51.30638],[-2.76913,51.30637],[-2.76914,51.30606],[-2.76974,51.30611],[-2.76981,51.30622],[-2.77017,51.30637],[-2.77101,51.30687],[-2.77079,51.30687],[-2.77066,51.30678],[-2.77063,51.30687],[-2.76994,51.30689],[-2.76961,51.30693],[-2.76928,51.30699],[-2.76859,51.30719],[-2.76807,51.30738],[-2.76722,51.30739],[-2.76704,51.30735],[-2.76705,51.30733]],[[-2.76881,51.30646],[-2.76876,51.30645],[-2.76875,51.30647],[-2.7688,51.30648],[-2.76881,51.30646]]]}},{"type":"Feature","properties":{"cat":"Woodland","fill":"#2E7D32","text":"Improve structure and diversity of existing woodlands","url":"Click HERE to view the preferred habitat in our strategy"},"geometry":{"type":"Polygon","coordinates":[[[-2.72742,51.31538],[-2.7275,51.31546],[-2.72754,51.31562],[-2.72769,51.31583],[-2.72803,51.31605],[-2.72812,51.31604],[-2.72827,51.31639],[-2.72829,51.31655],[-2.72827,51.31663],[-2.72831,51.31681],[-2.72817,51.31676],[-2.728,51.31659],[-2.72757,51.31632],[-2.72759,51.31615],[-2.72742,51.31609],[-2.72742,51.31538]]]}},{"type":"Feature","properties":{"cat":"Woodland","fill":"#2E7D32","text":"Improve structure and diversity of existing woodlands","url":"Click HERE to view the preferred habitat in our strategy"},"geometry":{"type":"Polygon","coordinates":[[[-2.77329,51.28645],[-2.77346,51.28661],[-2.7737,51.28654],[-2.77368,51.28664],[-2.77359,51.28663],[-2.7735,51.28668],[-2.77347,51.28666],[-2.77342,51.28668],[-2.77346,51.2867],[-2.77344,51.28672],[-2.77318,51.28652],[-2.77315,51.28645],[-2.77325,51.28639],[-2.77329,51.28645]]]}},{"type":"Feature","properties":{"cat":"Woodland","fill":"#2E7D32","text":"Improve structure and diversity of existing woodlands","url":"Click HERE to view the preferred habitat in our strategy"},"geometry":{"type":"Polygon","coordinates":[[[-2.73227,51.31646],[-2.73224,51.3166],[-2.73235,51.31692],[-2.73237,51.31733],[-2.7326,51.31791],[-2.73299,51.31827],[-2.73306,51.31838],[-2.73302,51.31839],[-2.73304,51.31887],[-2.73301,51.31887],[-2.73302,51.31866],[-2.73298,51.3184],[-2.73289,51.31825],[-2.73254,51.31792],[-2.73229,51.31742],[-2.73218,51.31697],[-2.732,51.31646],[-2.73227,51.31646]]]}},{"type":"Feature","properties":{"cat":"Woodland","fill":"#2E7D32","text":"Improve structure and diversity of existing woodlands","url":"Click HERE to view the preferred habitat in our strategy"},"geometry":{"type":"Polygon","coordinates":[[[-2.80226,51.30504],[-2.80223,51.30502],[-2.80239,51.30491],[-2.8025,51.30491],[-2.80256,51.30495],[-2.80256,51.30499],[-2.80245,51.30495],[-2.80231,51.30506],[-2.80226,51.30504]]]}},{"type":"Feature","properties":{"cat":"Woodland","fill":"#2E7D32","text":"Improve structure and diversity of existing woodlands","url":"Click HERE to view the preferred habitat in our strategy"},"geometry":{"type":"Polygon","coordinates":[[[-2.79881,51.3019],[-2.79848,51.30197],[-2.79846,51.30195],[-2.79792,51.301],[-2.79783,51.30083],[-2.79781,51.30065],[-2.79771,51.30056],[-2.7976,51.29939],[-2.79754,51.29927],[-2.79714,51.29885],[-2.79706,51.29866],[-2.79697,51.29858],[-2.79698,51.29855],[-2.79732,51.29854],[-2.79746,51.2985],[-2.79776,51.29852],[-2.79793,51.29858],[-2.79805,51.29869],[-2.79799,51.29876],[-2.79905,51.29914],[-2.79936,51.29967],[-2.79945,51.29985],[-2.79933,51.29986],[-2.79921,51.2997],[-2.79916,51.29971],[-2.79948,51.30027],[-2.79951,51.30049],[-2.79972,51.30089],[-2.79994,51.30145],[-2.80007,51.30151],[-2.80015,51.30199],[-2.79926,51.30204],[-2.79892,51.30211],[-2.79881,51.3019]]]}},{"type":"Feature","properties":{"cat":"Woodland","fill":"#2E7D32","text":"Improve structure and diversity of existing woodlands","url":"Click HERE to view the preferred habitat in our strategy"},"geometry":{"type":"Polygon","coordinates":[[[-2.80475,51.31414],[-2.80468,51.31419],[-2.80453,51.31442],[-2.80415,51.31424],[-2.80329,51.31415],[-2.80323,51.31405],[-2.80337,51.31403],[-2.80475,51.31414]]]}},{"type":"Feature","properties":{"cat":"Woodland","fill":"#2E7D32","text":"Improve structure and diversity of existing woodlands","url":"Click HERE to view the preferred habitat in our strategy"},"geometry":{"type":"Polygon","coordinates":[[[-2.77431,51.30806],[-2.77345,51.3077],[-2.77312,51.30764],[-2.77153,51.30715],[-2.77105,51.30689],[-2.77088,51.30688],[-2.77141,51.30682],[-2.77157,51.30675],[-2.77193,51.30681],[-2.77317,51.30667],[-2.77462,51.3067],[-2.77597,51.30682],[-2.77602,51.3068],[-2.77607,51.30682],[-2.77587,51.30683],[-2.77445,51.30672],[-2.77365,51.30669],[-2.77331,51.30672],[-2.7731,51.30679],[-2.77298,51.30687],[-2.77288,51.307],[-2.77287,51.30707],[-2.77292,51.30717],[-2.77303,51.30726],[-2.7733,51.30741],[-2.77474,51.30799],[-2.7754,51.3084],[-2.77546,51.30851],[-2.77544,51.30854],[-2.77533,51.30852],[-2.77525,51.30845],[-2.77477,51.30829],[-2.77468,51.30822],[-2.77457,51.30819],[-2.77453,51.30814],[-2.77431,51.30806]]]}},{"type":"Feature","properties":{"cat":"Woodland","fill":"#2E7D32","text":"Enhance conifer and mixed woodlands","url":"Click HERE to view the preferred habitat in our strategy"},"geometry":{"type":"Polygon","coordinates":[[[-2.79754,51.30954],[-2.79757,51.30946],[-2.79776,51.3094],[-2.79766,51.30954],[-2.79773,51.30963],[-2.79754,51.30967],[-2.79761,51.30968],[-2.79759,51.3097],[-2.79788,51.31014],[-2.79736,51.31023],[-2.79708,51.30969],[-2.79754,51.30954]]]}},{"type":"Feature","properties":{"cat":"Woodland","fill":"#2E7D32","text":"Improve structure and diversity of existing woodlands","url":"Click HERE to view the preferred habitat in our strategy"},"geometry":{"type":"Polygon","coordinates":[[[-2.80312,51.29092],[-2.80272,51.29098],[-2.80263,51.29079],[-2.80261,51.29064],[-2.803,51.29052],[-2.80312,51.29092]]]}},{"type":"Feature","properties":{"cat":"Woodland","fill":"#2E7D32","text":"Improve structure and diversity of existing woodlands","url":"Click HERE to view the preferred habitat in our strategy"},"geometry":{"type":"Polygon","coordinates":[[[-2.73292,51.301],[-2.73247,51.30092],[-2.73237,51.30087],[-2.73236,51.30076],[-2.73268,51.30069],[-2.73313,51.30066],[-2.73314,51.30101],[-2.73292,51.301]]]}},{"type":"Feature","properties":{"cat":"Woodland","fill":"#2E7D32","text":"Improve structure and diversity of existing woodlands","url":"Click HERE to view the preferred habitat in our strategy"},"geometry":{"type":"Polygon","coordinates":[[[-2.74431,51.29851],[-2.74454,51.29831],[-2.74542,51.29855],[-2.74752,51.29902],[-2.7478,51.29915],[-2.74817,51.29926],[-2.74815,51.29928],[-2.74834,51.29935],[-2.74856,51.29938],[-2.74906,51.29954],[-2.74907,51.29958],[-2.74903,51.29961],[-2.74886,51.29961],[-2.74821,51.29952],[-2.74801,51.29944],[-2.74796,51.29949],[-2.7479,51.29949],[-2.74781,51.29945],[-2.74779,51.29939],[-2.74774,51.29938],[-2.7476,51.29944],[-2.74753,51.29943],[-2.74624,51.29912],[-2.74581,51.2991],[-2.74549,51.29899],[-2.74494,51.29888],[-2.74411,51.29863],[-2.74431,51.29851]]]}},{"type":"Feature","properties":{"cat":"Woodland","fill":"#2E7D32","text":"Improve structure and diversity of existing woodlands","url":"Click HERE to view the preferred habitat in our strategy"},"geometry":{"type":"Polygon","coordinates":[[[-2.81213,51.30977],[-2.81214,51.30975],[-2.81212,51.30979],[-2.81211,51.3098],[-2.81213,51.30977]]]}},{"type":"Feature","properties":{"cat":"Woodland","fill":"#2E7D32","text":"Improve structure and diversity of existing woodlands","url":"Click HERE to view the preferred habitat in our strategy"},"geometry":{"type":"Polygon","coordinates":[[[-2.8122,51.3096],[-2.81222,51.30956],[-2.81223,51.30951],[-2.81224,51.30947],[-2.81223,51.30955],[-2.81222,51.30958],[-2.81221,51.3096],[-2.8122,51.3096]]]}},{"type":"Feature","properties":{"cat":"Woodland","fill":"#2E7D32","text":"Improve structure and diversity of existing woodlands","url":"Click HERE to view the preferred habitat in our strategy"},"geometry":{"type":"Polygon","coordinates":[[[-2.81195,51.30847],[-2.81196,51.30848],[-2.81196,51.30849],[-2.81195,51.30847]]]}},{"type":"Feature","properties":{"cat":"Woodland","fill":"#2E7D32","text":"Improve structure and diversity of existing woodlands","url":"Click HERE to view the preferred habitat in our strategy"},"geometry":{"type":"Polygon","coordinates":[[[-2.8111,51.30764],[-2.81107,51.30762],[-2.81106,51.30761],[-2.81101,51.30756],[-2.811,51.30755],[-2.81094,51.30749],[-2.81088,51.30744],[-2.81087,51.30743],[-2.81082,51.30737],[-2.8108,51.30733],[-2.81098,51.30753],[-2.81112,51.30766],[-2.8111,51.30764]]]}},{"type":"Feature","properties":{"cat":"Woodland","fill":"#2E7D32","text":"Improve structure and diversity of existing woodlands","url":"Click HERE to view the preferred habitat in our strategy"},"geometry":{"type":"Polygon","coordinates":[[[-2.81212,51.30999],[-2.81212,51.30999],[-2.81212,51.30999],[-2.81212,51.30999],[-2.81212,51.30999]]]}},{"type":"Feature","properties":{"cat":"Woodland","fill":"#2E7D32","text":"Improve structure and diversity of existing woodlands","url":"Click HERE to view the preferred habitat in our strategy"},"geometry":{"type":"Polygon","coordinates":[[[-2.80656,51.31333],[-2.80655,51.31325],[-2.80716,51.31338],[-2.80723,51.31333],[-2.80704,51.31285],[-2.80673,51.31255],[-2.80674,51.31246],[-2.80682,51.31237],[-2.80641,51.31223],[-2.80621,51.31224],[-2.80548,51.3121],[-2.8051,51.3121],[-2.80507,51.31208],[-2.80516,51.31198],[-2.80514,51.3118],[-2.80509,51.31175],[-2.80543,51.31176],[-2.80625,51.31189],[-2.80659,51.31203],[-2.80687,51.3121],[-2.80711,51.31226],[-2.80715,51.31236],[-2.80712,51.31249],[-2.80753,51.31325],[-2.80744,51.31326],[-2.80735,51.31353],[-2.80685,51.31349],[-2.80657,51.31341],[-2.80656,51.31333]]]}},{"type":"Feature","properties":{"cat":"Woodland","fill":"#2E7D32","text":"Improve structure and diversity of existing woodlands","url":"Click HERE to view the preferred habitat in our strategy"},"geometry":{"type":"Polygon","coordinates":[[[-2.76495,51.32245],[-2.76479,51.32227],[-2.76488,51.32229],[-2.76515,51.32244],[-2.76637,51.32275],[-2.76737,51.32315],[-2.76679,51.32295],[-2.76621,51.32281],[-2.76516,51.32245],[-2.76495,51.32245]]]}},{"type":"Feature","properties":{"cat":"Woodland","fill":"#2E7D32","text":"Improve structure and diversity of existing woodlands","url":"Click HERE to view the preferred habitat in our strategy"},"geometry":{"type":"Polygon","coordinates":[[[-2.83084,51.29971],[-2.83082,51.29789],[-2.83086,51.29659],[-2.83094,51.29668],[-2.83113,51.2967],[-2.83108,51.29759],[-2.83096,51.2987],[-2.83097,51.29925],[-2.83107,51.29971],[-2.83084,51.29971]]]}},{"type":"Feature","properties":{"cat":"Woodland","fill":"#2E7D32","text":"Improve structure and diversity of existing woodlands","url":"Click HERE to view the preferred habitat in our strategy"},"geometry":{"type":"Polygon","coordinates":[[[-2.77788,51.31072],[-2.77838,51.31109],[-2.77913,51.31206],[-2.7794,51.31224],[-2.78007,51.3129],[-2.78009,51.31304],[-2.77989,51.31326],[-2.77982,51.31331],[-2.77984,51.31316],[-2.77979,51.31307],[-2.7778,51.31143],[-2.7774,51.31108],[-2.77716,51.31082],[-2.77788,51.31072]]]}},{"type":"Feature","properties":{"cat":"Woodland","fill":"#2E7D32","text":"Improve structure and diversity of existing woodlands","url":"Click HERE to view the preferred habitat in our strategy"},"geometry":{"type":"Polygon","coordinates":[[[-2.77071,51.32367],[-2.77141,51.32352],[-2.77155,51.32352],[-2.77155,51.32357],[-2.77071,51.32367]]]}},{"type":"Feature","properties":{"cat":"Woodland","fill":"#2E7D32","text":"Improve structure and diversity of existing woodlands","url":"Click HERE to view the preferred habitat in our strategy"},"geometry":{"type":"Polygon","coordinates":[[[-2.78878,51.29755],[-2.78849,51.29732],[-2.78832,51.297],[-2.78822,51.29693],[-2.7881,51.29692],[-2.78783,51.297],[-2.78759,51.29693],[-2.78737,51.29675],[-2.7867,51.29655],[-2.78664,51.29645],[-2.78647,51.2963],[-2.78634,51.29601],[-2.78636,51.29594],[-2.78643,51.29591],[-2.78628,51.29563],[-2.78629,51.2955],[-2.78614,51.29554],[-2.78627,51.29538],[-2.78606,51.29541],[-2.78635,51.2953],[-2.7865,51.29533],[-2.78706,51.29552],[-2.78733,51.29577],[-2.78742,51.29581],[-2.78783,51.29576],[-2.78807,51.29585],[-2.78829,51.29584],[-2.78828,51.29557],[-2.78847,51.29536],[-2.78852,51.29542],[-2.78844,51.29554],[-2.78842,51.29586],[-2.78835,51.29594],[-2.78818,51.29595],[-2.78791,51.29588],[-2.78772,51.29588],[-2.7875,51.29598],[-2.78722,51.29603],[-2.78719,51.29607],[-2.78723,51.29625],[-2.78744,51.29641],[-2.78778,51.29642],[-2.78805,51.29657],[-2.78815,51.29657],[-2.78834,51.29654],[-2.7886,51.2964],[-2.78855,51.29635],[-2.78855,51.29624],[-2.78861,51.29612],[-2.7888,51.29591],[-2.78893,51.29591],[-2.78896,51.29595],[-2.78889,51.29599],[-2.78887,51.29606],[-2.78888,51.29608],[-2.78897,51.29605],[-2.78902,51.2962],[-2.78895,51.29651],[-2.78889,51.29657],[-2.78876,51.29662],[-2.78841,51.29663],[-2.78825,51.29667],[-2.78832,51.29681],[-2.7884,51.29687],[-2.78847,51.29725],[-2.78878,51.29755]]]}},{"type":"Feature","properties":{"cat":"Woodland","fill":"#2E7D32","text":"Improve structure and diversity of existing woodlands","url":"Click HERE to view the preferred habitat in our strategy"},"geometry":{"type":"Polygon","coordinates":[[[-2.78074,51.31255],[-2.78087,51.31241],[-2.78062,51.31201],[-2.77986,51.31139],[-2.7806,51.31106],[-2.78072,51.31114],[-2.78096,51.31101],[-2.78112,51.31113],[-2.78098,51.31123],[-2.78094,51.31136],[-2.78099,51.31145],[-2.78121,51.31162],[-2.78127,51.3118],[-2.78119,51.31187],[-2.78119,51.31196],[-2.78128,51.31207],[-2.78149,51.31214],[-2.78163,51.31226],[-2.78158,51.31244],[-2.78177,51.31258],[-2.78183,51.31281],[-2.78205,51.31289],[-2.78215,51.31299],[-2.78074,51.31255]]]}},{"type":"Feature","properties":{"cat":"Woodland","fill":"#2E7D32","text":"Improve structure and diversity of existing woodlands","url":"Click HERE to view the preferred habitat in our strategy"},"geometry":{"type":"Polygon","coordinates":[[[-2.76941,51.28478],[-2.76919,51.28467],[-2.76932,51.28455],[-2.76943,51.28416],[-2.76951,51.28401],[-2.76957,51.28398],[-2.76973,51.28399],[-2.76979,51.28406],[-2.76966,51.28447],[-2.76953,51.28471],[-2.76945,51.2848],[-2.76941,51.28478]]]}},{"type":"Feature","properties":{"cat":"Woodland","fill":"#2E7D32","text":"Improve structure and diversity of existing woodlands","url":"Click HERE to view the preferred habitat in our strategy"},"geometry":{"type":"Polygon","coordinates":[[[-2.77392,51.31432],[-2.77527,51.31509],[-2.77605,51.31561],[-2.77612,51.31569],[-2.7769,51.31602],[-2.77718,51.31621],[-2.77883,51.31758],[-2.77813,51.31781],[-2.77808,51.3177],[-2.77779,51.31735],[-2.77741,51.31701],[-2.77631,51.31625],[-2.77621,51.31627],[-2.77735,51.31705],[-2.7778,51.31746],[-2.778,51.31771],[-2.77729,51.31784],[-2.77697,51.31749],[-2.77646,51.31709],[-2.77455,51.31599],[-2.77355,51.31547],[-2.77322,51.31533],[-2.77224,51.31501],[-2.77224,51.31493],[-2.77235,51.31486],[-2.77342,51.31436],[-2.77355,51.31431],[-2.77374,51.31437],[-2.77392,51.31432]]]}},{"type":"Feature","properties":{"cat":"Woodland","fill":"#2E7D32","text":"Improve structure and diversity of existing woodlands","url":"Click HERE to view the preferred habitat in our strategy"},"geometry":{"type":"Polygon","coordinates":[[[-2.7573,51.32322],[-2.7576,51.32335],[-2.75775,51.32347],[-2.75714,51.3237],[-2.75711,51.32366],[-2.75715,51.32365],[-2.75712,51.32353],[-2.75683,51.3236],[-2.75681,51.32348],[-2.75712,51.32329],[-2.7573,51.32322]]]}},{"type":"Feature","properties":{"cat":"Woodland","fill":"#2E7D32","text":"Improve structure and diversity of existing woodlands","url":"Click HERE to view the preferred habitat in our strategy"},"geometry":{"type":"Polygon","coordinates":[[[-2.80263,51.29099],[-2.8024,51.2907],[-2.80262,51.29066],[-2.80263,51.29079],[-2.80272,51.29098],[-2.80263,51.29099]]]}},{"type":"Feature","properties":{"cat":"Woodland","fill":"#2E7D32","text":"Improve structure and diversity of existing woodlands","url":"Click HERE to view the preferred habitat in our strategy"},"geometry":{"type":"Polygon","coordinates":[[[-2.80012,51.30212],[-2.80022,51.30316],[-2.79724,51.3034],[-2.79701,51.30258],[-2.79925,51.30209],[-2.80011,51.30206],[-2.80012,51.30212]]]}},{"type":"Feature","properties":{"cat":"Woodland","fill":"#2E7D32","text":"Improve structure and diversity of existing woodlands","url":"Click HERE to view the preferred habitat in our strategy"},"geometry":{"type":"Polygon","coordinates":[[[-2.83034,51.29525],[-2.8302,51.29525],[-2.83021,51.29511],[-2.83027,51.29507],[-2.83024,51.29506],[-2.83043,51.2948],[-2.83072,51.29448],[-2.83066,51.29513],[-2.83042,51.29529],[-2.83034,51.29525]]]}},{"type":"Feature","properties":{"cat":"Woodland","fill":"#2E7D32","text":"Improve structure and diversity of existing woodlands","url":"Click HERE to view the preferred habitat in our strategy"},"geometry":{"type":"Polygon","coordinates":[[[-2.80801,51.3155],[-2.80809,51.31547],[-2.80821,51.31548],[-2.80868,51.31565],[-2.80876,51.31574],[-2.80876,51.31582],[-2.80875,51.31584],[-2.8082,51.31571],[-2.80804,51.31561],[-2.80801,51.3155]]]}},{"type":"Feature","properties":{"cat":"Woodland","fill":"#2E7D32","text":"Improve structure and diversity of existing woodlands","url":"Click HERE to view the preferred habitat in our strategy"},"geometry":{"type":"Polygon","coordinates":[[[-2.78599,51.32118],[-2.78586,51.32154],[-2.78573,51.3214],[-2.78565,51.32121],[-2.78576,51.32118],[-2.78599,51.32118]]]}},{"type":"Feature","properties":{"cat":"Woodland","fill":"#2E7D32","text":"Improve structure and diversity of existing woodlands","url":"Click HERE to view the preferred habitat in our strategy"},"geometry":{"type":"Polygon","coordinates":[[[-2.77935,51.28962],[-2.77903,51.28941],[-2.77893,51.28944],[-2.77857,51.28916],[-2.77861,51.28913],[-2.77867,51.28914],[-2.7792,51.28931],[-2.7795,51.28951],[-2.77935,51.28962]]]}},{"type":"Feature","properties":{"cat":"Woodland","fill":"#2E7D32","text":"Improve structure and diversity of existing woodlands","url":"Click HERE to view the preferred habitat in our strategy"},"geometry":{"type":"Polygon","coordinates":[[[-2.79778,51.32665],[-2.79787,51.3268],[-2.79837,51.32692],[-2.7978,51.32682],[-2.79778,51.32665]]]}},{"type":"Feature","properties":{"cat":"Woodland","fill":"#2E7D32","text":"Improve structure and diversity of existing woodlands","url":"Click HERE to view the preferred habitat in our strategy"},"geometry":{"type":"Polygon","coordinates":[[[-2.79843,51.32693],[-2.7986,51.32694],[-2.7989,51.32689],[-2.79887,51.32692],[-2.79846,51.32697],[-2.79843,51.32693]]]}},{"type":"Feature","properties":{"cat":"Woodland","fill":"#2E7D32","text":"Improve structure and diversity of existing woodlands","url":"Click HERE to view the preferred habitat in our strategy"},"geometry":{"type":"Polygon","coordinates":[[[-2.77758,51.30826],[-2.77788,51.30834],[-2.77842,51.30876],[-2.77881,51.30911],[-2.77952,51.31005],[-2.77995,51.31038],[-2.78071,51.31085],[-2.78072,51.31088],[-2.78051,51.31099],[-2.7806,51.31106],[-2.77953,51.31154],[-2.77786,51.30978],[-2.77693,51.30829],[-2.77725,51.30829],[-2.77727,51.30832],[-2.77758,51.30826]]]}},{"type":"Feature","properties":{"cat":"Woodland","fill":"#2E7D32","text":"Improve structure and diversity of existing woodlands","url":"Click HERE to view the preferred habitat in our strategy"},"geometry":{"type":"Polygon","coordinates":[[[-2.80462,51.32015],[-2.80478,51.32023],[-2.80495,51.32027],[-2.80508,51.3204],[-2.80532,51.32053],[-2.80533,51.3206],[-2.80521,51.32078],[-2.80512,51.32071],[-2.80497,51.32071],[-2.80492,51.32065],[-2.80488,51.32065],[-2.80455,51.32029],[-2.8042,51.32033],[-2.8041,51.32032],[-2.80405,51.32028],[-2.80405,51.32022],[-2.80409,51.3202],[-2.80444,51.32022],[-2.80458,51.32014],[-2.80462,51.32015]]]}},{"type":"Feature","properties":{"cat":"Woodland","fill":"#2E7D32","text":"Improve structure and diversity of existing woodlands","url":"Click HERE to view the preferred habitat in our strategy"},"geometry":{"type":"Polygon","coordinates":[[[-2.83096,51.29336],[-2.83098,51.29346],[-2.83079,51.29369],[-2.8307,51.29394],[-2.83066,51.29398],[-2.83057,51.29396],[-2.83054,51.29393],[-2.83053,51.29354],[-2.83064,51.29341],[-2.83096,51.29336]]]}},{"type":"Feature","properties":{"cat":"Woodland","fill":"#2E7D32","text":"Improve structure and diversity of existing woodlands","url":"Click HERE to view the preferred habitat in our strategy"},"geometry":{"type":"Polygon","coordinates":[[[-2.78926,51.30131],[-2.7893,51.30123],[-2.78943,51.30112],[-2.78948,51.30102],[-2.78946,51.3009],[-2.78929,51.30077],[-2.78928,51.30073],[-2.78937,51.30047],[-2.78964,51.30021],[-2.78981,51.30015],[-2.7899,51.30022],[-2.79003,51.30044],[-2.78996,51.30055],[-2.79,51.30075],[-2.79015,51.30087],[-2.79053,51.30107],[-2.79106,51.30126],[-2.79158,51.3014],[-2.79181,51.3014],[-2.79155,51.30147],[-2.79082,51.30152],[-2.79038,51.30161],[-2.78973,51.30187],[-2.78894,51.30211],[-2.78873,51.30227],[-2.78866,51.30237],[-2.78865,51.30244],[-2.7886,51.30244],[-2.78848,51.30237],[-2.78852,51.30236],[-2.7886,51.30219],[-2.78887,51.30189],[-2.78923,51.30158],[-2.78927,51.30151],[-2.78926,51.30131]]]}},{"type":"Feature","properties":{"cat":"Woodland","fill":"#2E7D32","text":"Improve structure and diversity of existing woodlands","url":"Click HERE to view the preferred habitat in our strategy"},"geometry":{"type":"Polygon","coordinates":[[[-2.75597,51.32452],[-2.75625,51.32457],[-2.75624,51.3246],[-2.75599,51.32457],[-2.75597,51.32452]]]}},{"type":"Feature","properties":{"cat":"Woodland","fill":"#2E7D32","text":"Improve structure and diversity of existing woodlands","url":"Click HERE to view the preferred habitat in our strategy"},"geometry":{"type":"Polygon","coordinates":[[[-2.77697,51.30935],[-2.77677,51.30942],[-2.77639,51.30929],[-2.77616,51.3093],[-2.77593,51.30943],[-2.77533,51.3095],[-2.77502,51.30944],[-2.77485,51.30949],[-2.7746,51.30937],[-2.77527,51.30945],[-2.7756,51.30925],[-2.77654,51.30911],[-2.7764,51.30901],[-2.77568,51.30865],[-2.77575,51.30862],[-2.77581,51.30868],[-2.77595,51.3087],[-2.7764,51.30889],[-2.7766,51.30915],[-2.77692,51.30923],[-2.77699,51.30934],[-2.77697,51.30935]]]}},{"type":"Feature","properties":{"cat":"Woodland","fill":"#2E7D32","text":"Improve structure and diversity of existing woodlands","url":"Click HERE to view the preferred habitat in our strategy"},"geometry":{"type":"Polygon","coordinates":[[[-2.73377,51.30138],[-2.73396,51.30136],[-2.73392,51.30146],[-2.73375,51.30166],[-2.73369,51.30183],[-2.73371,51.30194],[-2.73352,51.30199],[-2.73338,51.30207],[-2.73341,51.30213],[-2.73338,51.30223],[-2.73297,51.30274],[-2.73237,51.30319],[-2.73228,51.30349],[-2.73241,51.3036],[-2.7324,51.30366],[-2.73235,51.3037],[-2.73237,51.30378],[-2.73249,51.30382],[-2.73245,51.30388],[-2.73238,51.30381],[-2.73226,51.30381],[-2.7323,51.30363],[-2.7321,51.30345],[-2.73209,51.30341],[-2.73222,51.30324],[-2.73229,51.30303],[-2.73262,51.30286],[-2.73263,51.30279],[-2.73268,51.30274],[-2.73284,51.30265],[-2.73281,51.30251],[-2.73285,51.30245],[-2.73317,51.30231],[-2.73324,51.30223],[-2.73328,51.30209],[-2.73342,51.30199],[-2.73359,51.30193],[-2.73356,51.30188],[-2.73335,51.30174],[-2.73336,51.30169],[-2.7334,51.30162],[-2.73369,51.30138],[-2.73377,51.30138]],[[-2.73294,51.30242],[-2.73299,51.30241],[-2.73295,51.30239],[-2.73291,51.30243],[-2.73294,51.30242]]]}},{"type":"Feature","properties":{"cat":"Woodland","fill":"#2E7D32","text":"Improve structure and diversity of existing woodlands","url":"Click HERE to view the preferred habitat in our strategy"},"geometry":{"type":"Polygon","coordinates":[[[-2.7715,51.32346],[-2.77233,51.32312],[-2.77282,51.32297],[-2.7729,51.32203],[-2.77147,51.32142],[-2.76618,51.3205],[-2.76668,51.32124],[-2.76752,51.3223],[-2.76805,51.32269],[-2.76807,51.32278],[-2.76798,51.32298],[-2.76796,51.32311],[-2.76814,51.32344],[-2.76834,51.32359],[-2.76822,51.32354],[-2.76793,51.32318],[-2.7678,51.323],[-2.76762,51.32252],[-2.76698,51.32179],[-2.76657,51.32126],[-2.76602,51.32044],[-2.77133,51.32137],[-2.77378,51.32147],[-2.77403,51.32145],[-2.77474,51.32132],[-2.77566,51.3211],[-2.77712,51.32042],[-2.77719,51.32037],[-2.7772,51.32026],[-2.77715,51.31956],[-2.77709,51.31947],[-2.7772,51.31951],[-2.77724,51.32039],[-2.77628,51.32088],[-2.77564,51.32115],[-2.77428,51.32147],[-2.77388,51.3215],[-2.77177,51.32139],[-2.77169,51.32144],[-2.7729,51.32197],[-2.77427,51.32235],[-2.77504,51.32243],[-2.77652,51.32243],[-2.77647,51.32246],[-2.77451,51.32242],[-2.77429,51.32245],[-2.77397,51.32255],[-2.77315,51.3229],[-2.77254,51.32308],[-2.77163,51.32345],[-2.77157,51.3235],[-2.7714,51.3235],[-2.7711,51.32358],[-2.7709,51.32359],[-2.77114,51.32356],[-2.7715,51.32346]],[[-2.77422,51.32239],[-2.77299,51.32207],[-2.77292,51.32294],[-2.77328,51.32283],[-2.77383,51.32259],[-2.77423,51.32246],[-2.77422,51.32239]]]}},{"type":"Feature","properties":{"cat":"Woodland","fill":"#2E7D32","text":"Improve structure and diversity of existing woodlands","url":"Click HERE to view the preferred habitat in our strategy"},"geometry":{"type":"Polygon","coordinates":[[[-2.78116,51.31982],[-2.78132,51.32002],[-2.78162,51.32024],[-2.78084,51.32],[-2.78102,51.31991],[-2.78116,51.31979],[-2.78116,51.31982]]]}},{"type":"Feature","properties":{"cat":"Woodland","fill":"#2E7D32","text":"Improve structure and diversity of existing woodlands","url":"Click HERE to view the preferred habitat in our strategy"},"geometry":{"type":"Polygon","coordinates":[[[-2.7288,51.3175],[-2.72859,51.31742],[-2.72872,51.3173],[-2.72831,51.31709],[-2.72837,51.31693],[-2.72837,51.31666],[-2.72833,51.31636],[-2.72824,51.31617],[-2.72883,51.31682],[-2.72888,51.31686],[-2.72896,51.31684],[-2.72926,51.31705],[-2.72923,51.3171],[-2.72958,51.31738],[-2.72966,51.31749],[-2.72986,51.31801],[-2.72979,51.31802],[-2.7288,51.3175]]]}},{"type":"Feature","properties":{"cat":"Woodland","fill":"#2E7D32","text":"Improve structure and diversity of existing woodlands","url":"Click HERE to view the preferred habitat in our strategy"},"geometry":{"type":"Polygon","coordinates":[[[-2.81005,51.30387],[-2.81005,51.30381],[-2.81008,51.30381],[-2.81001,51.30444],[-2.81005,51.30387]]]}},{"type":"Feature","properties":{"cat":"Woodland","fill":"#2E7D32","text":"Improve structure and diversity of existing woodlands","url":"Click HERE to view the preferred habitat in our strategy"},"geometry":{"type":"Polygon","coordinates":[[[-2.80986,51.30437],[-2.80774,51.30465],[-2.80764,51.30435],[-2.80837,51.30435],[-2.80848,51.30431],[-2.80849,51.30426],[-2.8081,51.30428],[-2.80793,51.30421],[-2.80765,51.30421],[-2.8076,51.3042],[-2.80757,51.30408],[-2.80779,51.30403],[-2.80808,51.30383],[-2.8092,51.30336],[-2.80925,51.30323],[-2.80916,51.30308],[-2.80917,51.30302],[-2.80925,51.30295],[-2.80947,51.30285],[-2.80956,51.30276],[-2.80962,51.30229],[-2.80973,51.3021],[-2.80985,51.30198],[-2.81015,51.30214],[-2.81007,51.30357],[-2.80995,51.3038],[-2.8099,51.30414],[-2.80992,51.30436],[-2.80986,51.30437]],[[-2.80929,51.3037],[-2.80925,51.30375],[-2.80931,51.30376],[-2.80935,51.30371],[-2.80929,51.3037]],[[-2.8094,51.30343],[-2.80934,51.30354],[-2.80941,51.30357],[-2.80948,51.30344],[-2.8094,51.30343]],[[-2.80936,51.30361],[-2.80928,51.30358],[-2.80926,51.3036],[-2.80936,51.30361]],[[-2.80998,51.30344],[-2.80978,51.30344],[-2.80983,51.3035],[-2.80986,51.30348],[-2.80984,51.30346],[-2.80999,51.30348],[-2.80998,51.30344]],[[-2.80923,51.30387],[-2.80917,51.3038],[-2.8089,51.30389],[-2.80881,51.30389],[-2.80876,51.30385],[-2.80867,51.3039],[-2.80858,51.30401],[-2.80914,51.30402],[-2.80922,51.30397],[-2.80923,51.30387]],[[-2.80956,51.30281],[-2.80965,51.30282],[-2.80971,51.30275],[-2.80964,51.30275],[-2.80956,51.30281]],[[-2.80946,51.30337],[-2.80957,51.30336],[-2.80966,51.30327],[-2.80981,51.30319],[-2.80981,51.30311],[-2.80973,51.30305],[-2.80967,51.3031],[-2.80961,51.30308],[-2.80953,51.30312],[-2.80951,51.30328],[-2.80941,51.30334],[-2.80946,51.30337]],[[-2.81003,51.3024],[-2.80998,51.30235],[-2.80993,51.30236],[-2.80984,51.30231],[-2.80973,51.30236],[-2.80976,51.3024],[-2.80989,51.30245],[-2.81,51.30245],[-2.81003,51.3024]]]}},{"type":"Feature","properties":{"cat":"Woodland","fill":"#2E7D32","text":"Improve structure and diversity of existing woodlands","url":"Click HERE to view the preferred habitat in our strategy"},"geometry":{"type":"Polygon","coordinates":[[[-2.78046,51.31462],[-2.78031,51.31475],[-2.7802,51.31508],[-2.78028,51.31544],[-2.78047,51.31577],[-2.78036,51.31566],[-2.78028,51.31551],[-2.78018,51.31525],[-2.78016,51.31505],[-2.78022,51.31472],[-2.78039,51.31452],[-2.78056,51.31402],[-2.78062,51.31372],[-2.78062,51.31346],[-2.78053,51.31324],[-2.78025,51.31286],[-2.77998,51.31264],[-2.77988,51.31266],[-2.77991,51.31256],[-2.77999,51.3126],[-2.78006,51.31259],[-2.78026,51.31275],[-2.78055,51.31307],[-2.78062,51.3133],[-2.7807,51.3134],[-2.78067,51.31347],[-2.78068,51.31371],[-2.78064,51.3138],[-2.7807,51.31388],[-2.78063,51.31394],[-2.78068,51.31408],[-2.78062,51.31417],[-2.78062,51.31423],[-2.78055,51.31428],[-2.78057,51.31436],[-2.78051,51.31443],[-2.78048,51.31461],[-2.78071,51.31493],[-2.78083,51.315],[-2.78101,51.31525],[-2.78185,51.31612],[-2.78244,51.3171],[-2.78245,51.31724],[-2.78251,51.31742],[-2.78244,51.31736],[-2.7822,51.31672],[-2.78193,51.31629],[-2.78089,51.31524],[-2.78046,51.31462]]]}},{"type":"Feature","properties":{"cat":"Woodland","fill":"#2E7D32","text":"Improve structure and diversity of existing woodlands","url":"Click HERE to view the preferred habitat in our strategy"},"geometry":{"type":"Polygon","coordinates":[[[-2.7803,51.31244],[-2.78009,51.31239],[-2.78004,51.31241],[-2.77992,51.31216],[-2.7797,51.31204],[-2.77951,51.31186],[-2.77931,51.31177],[-2.77911,51.31162],[-2.779,51.31148],[-2.7786,51.31111],[-2.77843,51.31107],[-2.7782,51.31083],[-2.77811,51.31066],[-2.77795,51.31046],[-2.77792,51.31031],[-2.77776,51.31016],[-2.77777,51.31009],[-2.7777,51.31004],[-2.77768,51.30993],[-2.77757,51.30988],[-2.77743,51.30972],[-2.77731,51.30965],[-2.77721,51.30953],[-2.77712,51.30949],[-2.77712,51.30943],[-2.77703,51.3094],[-2.77692,51.30923],[-2.7766,51.30915],[-2.77641,51.3089],[-2.77698,51.30921],[-2.77712,51.30919],[-2.77721,51.30923],[-2.77741,51.30923],[-2.77749,51.30927],[-2.77783,51.30979],[-2.77969,51.31174],[-2.7799,51.31211],[-2.78031,51.31242],[-2.7803,51.31244]]]}},{"type":"Feature","properties":{"cat":"Woodland","fill":"#2E7D32","text":"Improve structure and diversity of existing woodlands","url":"Click HERE to view the preferred habitat in our strategy"},"geometry":{"type":"Polygon","coordinates":[[[-2.77242,51.28403],[-2.77236,51.28427],[-2.77208,51.28453],[-2.77183,51.28468],[-2.77058,51.2849],[-2.7696,51.28485],[-2.76945,51.2848],[-2.76966,51.28447],[-2.76979,51.28406],[-2.76973,51.28399],[-2.76957,51.28398],[-2.76951,51.28401],[-2.76943,51.28416],[-2.76932,51.28455],[-2.76919,51.28467],[-2.76847,51.28431],[-2.76856,51.28403],[-2.76869,51.28397],[-2.76893,51.28377],[-2.76938,51.28362],[-2.76949,51.28351],[-2.77011,51.28337],[-2.7704,51.28324],[-2.77045,51.2833],[-2.77165,51.28364],[-2.77135,51.28366],[-2.77121,51.28362],[-2.77105,51.28367],[-2.77085,51.28366],[-2.77078,51.28362],[-2.77079,51.28354],[-2.77057,51.28349],[-2.77047,51.2835],[-2.77037,51.28358],[-2.77037,51.28362],[-2.7705,51.28374],[-2.77056,51.28391],[-2.77069,51.28388],[-2.77086,51.28389],[-2.77109,51.2841],[-2.77108,51.28414],[-2.77094,51.28418],[-2.77089,51.28428],[-2.77102,51.28437],[-2.77116,51.28453],[-2.77127,51.28452],[-2.77127,51.28444],[-2.77131,51.28442],[-2.77151,51.28447],[-2.77162,51.28442],[-2.7717,51.28428],[-2.77162,51.28409],[-2.77166,51.28401],[-2.7721,51.28414],[-2.77219,51.28411],[-2.7722,51.284],[-2.77242,51.28403]]]}},{"type":"Feature","properties":{"cat":"Woodland","fill":"#2E7D32","text":"Improve structure and diversity of existing woodlands","url":"Click HERE to view the preferred habitat in our strategy"},"geometry":{"type":"Polygon","coordinates":[[[-2.79321,51.30035],[-2.79167,51.29973],[-2.79166,51.29964],[-2.79178,51.29949],[-2.79172,51.29905],[-2.79197,51.29871],[-2.79187,51.29906],[-2.79186,51.29931],[-2.79195,51.29961],[-2.79199,51.29964],[-2.79298,51.30001],[-2.79321,51.29994],[-2.7934,51.29994],[-2.79395,51.30006],[-2.79415,51.30015],[-2.79424,51.30024],[-2.79415,51.30025],[-2.79361,51.30015],[-2.79339,51.30015],[-2.79338,51.30022],[-2.79312,51.30016],[-2.79306,51.30018],[-2.79308,51.3002],[-2.79302,51.30027],[-2.79324,51.30033],[-2.79329,51.30026],[-2.79342,51.30028],[-2.79335,51.30037],[-2.79321,51.30035]],[[-2.79329,51.30016],[-2.79328,51.30013],[-2.79322,51.30016],[-2.79329,51.30016]]]}},{"type":"Feature","properties":{"cat":"Woodland","fill":"#2E7D32","text":"Improve structure and diversity of existing woodlands","url":"Click HERE to view the preferred habitat in our strategy"},"geometry":{"type":"Polygon","coordinates":[[[-2.80301,51.29029],[-2.80301,51.29019],[-2.80318,51.29015],[-2.80329,51.29007],[-2.8035,51.2902],[-2.8035,51.29026],[-2.80338,51.29023],[-2.80333,51.29031],[-2.80348,51.29035],[-2.80352,51.29022],[-2.80339,51.2901],[-2.80338,51.29005],[-2.80344,51.2901],[-2.80378,51.29008],[-2.8041,51.2901],[-2.8041,51.29014],[-2.80418,51.29014],[-2.804,51.29034],[-2.80349,51.29039],[-2.80302,51.29051],[-2.80301,51.29029]]]}},{"type":"Feature","properties":{"cat":"Woodland","fill":"#2E7D32","text":"Improve structure and diversity of existing woodlands","url":"Click HERE to view the preferred habitat in our strategy"},"geometry":{"type":"Polygon","coordinates":[[[-2.79431,51.29178],[-2.7942,51.29186],[-2.79363,51.29191],[-2.79342,51.2919],[-2.79341,51.29181],[-2.79309,51.29183],[-2.79308,51.29187],[-2.79292,51.29189],[-2.79289,51.29183],[-2.79282,51.29184],[-2.79281,51.29189],[-2.79268,51.29189],[-2.79268,51.29184],[-2.79261,51.29184],[-2.79259,51.29189],[-2.79255,51.29189],[-2.79239,51.29184],[-2.79196,51.29183],[-2.792,51.29176],[-2.79235,51.2916],[-2.79359,51.29144],[-2.79378,51.29145],[-2.79378,51.29175],[-2.79447,51.29169],[-2.79483,51.2916],[-2.79512,51.29163],[-2.79484,51.29184],[-2.79449,51.29203],[-2.79434,51.2922],[-2.79425,51.29236],[-2.79342,51.29232],[-2.79223,51.29238],[-2.79222,51.29188],[-2.79236,51.29188],[-2.79257,51.29194],[-2.79308,51.29192],[-2.79312,51.29198],[-2.79316,51.29198],[-2.79314,51.29208],[-2.79299,51.29212],[-2.79287,51.29208],[-2.79276,51.29209],[-2.7926,51.29219],[-2.79258,51.29213],[-2.79242,51.29216],[-2.79244,51.29222],[-2.79261,51.2922],[-2.79277,51.2921],[-2.79302,51.29213],[-2.79315,51.29208],[-2.79337,51.29219],[-2.79352,51.29219],[-2.79369,51.29214],[-2.79376,51.29216],[-2.79377,51.29219],[-2.79389,51.29216],[-2.79385,51.29211],[-2.79349,51.29217],[-2.79332,51.29216],[-2.79329,51.29213],[-2.79344,51.29212],[-2.79361,51.292],[-2.79397,51.29194],[-2.79412,51.29199],[-2.79423,51.29197],[-2.79421,51.29192],[-2.79367,51.29197],[-2.79347,51.29209],[-2.79327,51.29213],[-2.7932,51.29208],[-2.79318,51.29197],[-2.79343,51.29196],[-2.79342,51.29191],[-2.79364,51.29193],[-2.79421,51.29187],[-2.79427,51.29186],[-2.79434,51.29179],[-2.79435,51.29184],[-2.79447,51.29183],[-2.79445,51.29178],[-2.79431,51.29178]],[[-2.79401,51.29181],[-2.79389,51.29182],[-2.7939,51.29187],[-2.79402,51.29186],[-2.79401,51.29181]],[[-2.79372,51.29201],[-2.7936,51.29204],[-2.79363,51.29208],[-2.79374,51.29206],[-2.79372,51.29201]],[[-2.79397,51.29197],[-2.79385,51.29199],[-2.79388,51.29204],[-2.794,51.29201],[-2.79397,51.29197]],[[-2.79291,51.29214],[-2.79277,51.29215],[-2.79278,51.29221],[-2.79293,51.29219],[-2.79291,51.29214]],[[-2.7932,51.2917],[-2.79329,51.29169],[-2.79325,51.29158],[-2.79317,51.2916],[-2.7932,51.2917]],[[-2.79233,51.29164],[-2.79223,51.29173],[-2.7923,51.29176],[-2.7924,51.29167],[-2.79233,51.29164]],[[-2.79253,51.29174],[-2.79262,51.29164],[-2.79254,51.29161],[-2.79246,51.29172],[-2.79253,51.29174]],[[-2.79327,51.2921],[-2.79344,51.29206],[-2.79342,51.29201],[-2.79324,51.29205],[-2.79327,51.2921]],[[-2.79281,51.29162],[-2.79273,51.29163],[-2.79277,51.29175],[-2.79286,51.29174],[-2.79281,51.29162]],[[-2.79294,51.29162],[-2.793,51.29174],[-2.79308,51.29172],[-2.79303,51.2916],[-2.79294,51.29162]],[[-2.79296,51.29209],[-2.79314,51.29202],[-2.79309,51.29198],[-2.79301,51.29201],[-2.79291,51.29205],[-2.79296,51.29209]],[[-2.7925,51.29196],[-2.79232,51.29203],[-2.79237,51.29208],[-2.79255,51.292],[-2.7925,51.29196]],[[-2.7928,51.29196],[-2.79261,51.29203],[-2.79266,51.29208],[-2.79284,51.29201],[-2.7928,51.29196]],[[-2.79341,51.29169],[-2.79351,51.29167],[-2.79345,51.29155],[-2.79335,51.29157],[-2.79341,51.29169]],[[-2.79357,51.29165],[-2.79367,51.29164],[-2.79366,51.29151],[-2.79357,51.29151],[-2.79357,51.29165]],[[-2.79377,51.29183],[-2.79365,51.29185],[-2.79366,51.2919],[-2.79378,51.29188],[-2.79377,51.29183]],[[-2.79414,51.29185],[-2.79426,51.29184],[-2.79424,51.29179],[-2.79412,51.29181],[-2.79414,51.29185]],[[-2.79321,51.29215],[-2.79309,51.29216],[-2.79311,51.29221],[-2.79322,51.29219],[-2.79321,51.29215]]]}},{"type":"Feature","properties":{"cat":"Woodland","fill":"#2E7D32","text":"Improve structure and diversity of existing woodlands","url":"Click HERE to view the preferred habitat in our strategy"},"geometry":{"type":"Polygon","coordinates":[[[-2.77485,51.28914],[-2.7749,51.28916],[-2.77496,51.28928],[-2.77499,51.2894],[-2.77497,51.28948],[-2.77453,51.28997],[-2.77455,51.29006],[-2.77464,51.29009],[-2.77439,51.29034],[-2.77403,51.29062],[-2.77355,51.29087],[-2.77345,51.29091],[-2.77312,51.29085],[-2.77327,51.29073],[-2.7739,51.29036],[-2.77461,51.28951],[-2.77474,51.28917],[-2.77485,51.28914]]]}},{"type":"Feature","properties":{"cat":"Woodland","fill":"#2E7D32","text":"Improve structure and diversity of existing woodlands","url":"Click HERE to view the preferred habitat in our strategy"},"geometry":{"type":"Polygon","coordinates":[[[-2.77306,51.28635],[-2.77301,51.28631],[-2.77304,51.2862],[-2.77299,51.28616],[-2.77307,51.28592],[-2.77313,51.28614],[-2.77309,51.28644],[-2.77306,51.28635]]]}},{"type":"Feature","properties":{"cat":"Woodland","fill":"#2E7D32","text":"Improve structure and diversity of existing woodlands","url":"Click HERE to view the preferred habitat in our strategy"},"geometry":{"type":"Polygon","coordinates":[[[-2.7295,51.31311],[-2.72998,51.31268],[-2.73011,51.31233],[-2.73024,51.31243],[-2.73029,51.31252],[-2.73023,51.31262],[-2.73038,51.31277],[-2.73016,51.31294],[-2.73007,51.31326],[-2.72998,51.31327],[-2.72978,51.31318],[-2.72949,51.31315],[-2.7295,51.31311]]]}},{"type":"Feature","properties":{"cat":"Woodland","fill":"#2E7D32","text":"Improve structure and diversity of existing woodlands","url":"Click HERE to view the preferred habitat in our strategy"},"geometry":{"type":"Polygon","coordinates":[[[-2.81215,51.32714],[-2.81086,51.32667],[-2.81082,51.32661],[-2.81082,51.32628],[-2.81213,51.32615],[-2.81277,51.32612],[-2.81358,51.32599],[-2.81432,51.32578],[-2.81482,51.32604],[-2.81498,51.32623],[-2.81515,51.32654],[-2.81527,51.32665],[-2.81544,51.32671],[-2.81523,51.32688],[-2.81506,51.32696],[-2.81434,51.32708],[-2.81414,51.32709],[-2.81369,51.32703],[-2.81318,51.32702],[-2.81243,51.32715],[-2.81215,51.32714]],[[-2.81089,51.32633],[-2.81084,51.32633],[-2.81084,51.32636],[-2.81089,51.32637],[-2.81089,51.32633]]]}},{"type":"Feature","properties":{"cat":"Woodland","fill":"#2E7D32","text":"Improve structure and diversity of existing woodlands","url":"Click HERE to view the preferred habitat in our strategy"},"geometry":{"type":"Polygon","coordinates":[[[-2.78054,51.31252],[-2.78039,51.31247],[-2.78044,51.31244],[-2.78069,51.31255],[-2.78221,51.31301],[-2.78277,51.31328],[-2.78274,51.31329],[-2.78286,51.31337],[-2.78148,51.31288],[-2.78109,51.31277],[-2.78054,51.31252]]]}},{"type":"Feature","properties":{"cat":"Woodland","fill":"#2E7D32","text":"Improve structure and diversity of existing woodlands","url":"Click HERE to view the preferred habitat in our strategy"},"geometry":{"type":"Polygon","coordinates":[[[-2.80281,51.30506],[-2.80282,51.30521],[-2.80176,51.30544],[-2.80138,51.30551],[-2.80052,51.30558],[-2.80026,51.30566],[-2.8,51.30564],[-2.79985,51.30559],[-2.79957,51.30537],[-2.79924,51.30526],[-2.79905,51.30511],[-2.79899,51.30411],[-2.80032,51.30407],[-2.80033,51.30423],[-2.8005,51.30423],[-2.8005,51.30437],[-2.80117,51.30436],[-2.80148,51.30448],[-2.80215,51.3045],[-2.80253,51.30444],[-2.80257,51.30431],[-2.80266,51.30432],[-2.8027,51.30451],[-2.80257,51.30452],[-2.80251,51.30456],[-2.80257,51.3046],[-2.80271,51.30456],[-2.80281,51.30506]],[[-2.8024,51.30497],[-2.80248,51.30495],[-2.80256,51.30499],[-2.80253,51.30492],[-2.80239,51.30491],[-2.80223,51.30502],[-2.80231,51.30506],[-2.8024,51.30497]],[[-2.80264,51.30466],[-2.80227,51.30469],[-2.8023,51.30472],[-2.80245,51.30472],[-2.80268,51.3047],[-2.80268,51.30466],[-2.80264,51.30466]]]}},{"type":"Feature","properties":{"cat":"Woodland","fill":"#2E7D32","text":"Improve structure and diversity of existing woodlands","url":"Click HERE to view the preferred habitat in our strategy"},"geometry":{"type":"Polygon","coordinates":[[[-2.74003,51.30137],[-2.73977,51.30134],[-2.73935,51.30113],[-2.73917,51.3011],[-2.73919,51.30106],[-2.73982,51.30116],[-2.74069,51.30118],[-2.74082,51.30118],[-2.74122,51.30107],[-2.74129,51.30109],[-2.74102,51.30115],[-2.7403,51.30144],[-2.74003,51.30137]]]}},{"type":"Feature","properties":{"cat":"Woodland","fill":"#2E7D32","text":"Improve structure and diversity of existing woodlands","url":"Click HERE to view the preferred habitat in our strategy"},"geometry":{"type":"Polygon","coordinates":[[[-2.78889,51.29592],[-2.78877,51.29593],[-2.78859,51.29615],[-2.78855,51.29624],[-2.78855,51.29635],[-2.7886,51.2964],[-2.78834,51.29654],[-2.78815,51.29657],[-2.78805,51.29657],[-2.78778,51.29642],[-2.78744,51.29641],[-2.78723,51.29625],[-2.78719,51.29607],[-2.78722,51.29603],[-2.7875,51.29598],[-2.78772,51.29588],[-2.78791,51.29588],[-2.78818,51.29595],[-2.78835,51.29594],[-2.78842,51.29586],[-2.78844,51.29554],[-2.78852,51.29542],[-2.78843,51.29525],[-2.78871,51.29544],[-2.78898,51.29586],[-2.78896,51.29591],[-2.78889,51.29592]]]}},{"type":"Feature","properties":{"cat":"Woodland","fill":"#2E7D32","text":"Improve structure and diversity of existing woodlands","url":"Click HERE to view the preferred habitat in our strategy"},"geometry":{"type":"Polygon","coordinates":[[[-2.77909,51.29575],[-2.77893,51.29576],[-2.77926,51.2954],[-2.77935,51.29516],[-2.77939,51.29486],[-2.77933,51.29442],[-2.77898,51.29339],[-2.77846,51.29218],[-2.7785,51.29217],[-2.77864,51.29249],[-2.77887,51.29273],[-2.77931,51.29271],[-2.77936,51.29282],[-2.77948,51.29285],[-2.77973,51.29276],[-2.7799,51.29263],[-2.78012,51.29257],[-2.78027,51.29237],[-2.781,51.29217],[-2.78103,51.29244],[-2.78101,51.29277],[-2.78085,51.29331],[-2.78066,51.29379],[-2.7801,51.29487],[-2.77992,51.29515],[-2.7794,51.29566],[-2.77924,51.29579],[-2.77909,51.29575]],[[-2.78067,51.29362],[-2.78077,51.29327],[-2.7808,51.29305],[-2.78078,51.29284],[-2.78039,51.29299],[-2.78012,51.29319],[-2.77967,51.2931],[-2.77959,51.29325],[-2.78007,51.2936],[-2.78009,51.29384],[-2.78016,51.29393],[-2.78023,51.29396],[-2.78045,51.294],[-2.78067,51.29362]]]}},{"type":"Feature","properties":{"cat":"Woodland","fill":"#2E7D32","text":"Improve structure and diversity of existing woodlands","url":"Click HERE to view the preferred habitat in our strategy"},"geometry":{"type":"Polygon","coordinates":[[[-2.77265,51.29043],[-2.77264,51.29026],[-2.77322,51.29049],[-2.77343,51.29028],[-2.77356,51.29027],[-2.77385,51.29],[-2.77422,51.28951],[-2.7742,51.28946],[-2.77404,51.28942],[-2.77438,51.28889],[-2.77413,51.28874],[-2.77437,51.2886],[-2.77444,51.28849],[-2.77442,51.28841],[-2.77422,51.28823],[-2.77422,51.2882],[-2.7743,51.28816],[-2.77428,51.28812],[-2.77417,51.28804],[-2.77388,51.28793],[-2.77353,51.28753],[-2.77413,51.28776],[-2.77436,51.28781],[-2.7745,51.2878],[-2.77503,51.28766],[-2.77547,51.28765],[-2.77564,51.28769],[-2.77585,51.2878],[-2.77606,51.28801],[-2.77584,51.28821],[-2.77551,51.28846],[-2.77548,51.28845],[-2.77533,51.28866],[-2.77523,51.28887],[-2.77524,51.28895],[-2.77531,51.28905],[-2.77526,51.28922],[-2.77511,51.2895],[-2.77498,51.28908],[-2.77483,51.289],[-2.77478,51.28895],[-2.77476,51.28887],[-2.77469,51.28887],[-2.7746,51.28931],[-2.77453,51.28947],[-2.77388,51.29024],[-2.77371,51.29039],[-2.77319,51.2907],[-2.77307,51.29081],[-2.77253,51.29085],[-2.77247,51.29085],[-2.77267,51.29072],[-2.77265,51.29043]],[[-2.77519,51.28839],[-2.77533,51.2882],[-2.77532,51.28814],[-2.7758,51.28794],[-2.77581,51.28792],[-2.77564,51.28779],[-2.77542,51.28771],[-2.77509,51.2877],[-2.77465,51.28779],[-2.77462,51.28789],[-2.77443,51.28793],[-2.77461,51.2882],[-2.77472,51.28827],[-2.77486,51.28828],[-2.77485,51.28837],[-2.77489,51.28852],[-2.7751,51.28852],[-2.77519,51.28839]]]}},{"type":"Feature","properties":{"cat":"Woodland","fill":"#2E7D32","text":"Improve structure and diversity of existing woodlands","url":"Click HERE to view the preferred habitat in our strategy"},"geometry":{"type":"Polygon","coordinates":[[[-2.77905,51.29682],[-2.77901,51.29674],[-2.77886,51.29667],[-2.7788,51.29667],[-2.77873,51.29677],[-2.7784,51.29668],[-2.77842,51.29651],[-2.77838,51.29645],[-2.77889,51.29617],[-2.77965,51.29679],[-2.77941,51.29683],[-2.77917,51.29682],[-2.77914,51.29695],[-2.77907,51.29693],[-2.77904,51.29688],[-2.77905,51.29682]]]}},{"type":"Feature","properties":{"cat":"Woodland","fill":"#2E7D32","text":"Improve structure and diversity of existing woodlands","url":"Click HERE to view the preferred habitat in our strategy"},"geometry":{"type":"Polygon","coordinates":[[[-2.76992,51.32371],[-2.76843,51.32369],[-2.76813,51.32366],[-2.76808,51.32363],[-2.76787,51.32334],[-2.7676,51.32323],[-2.76762,51.32316],[-2.76774,51.3231],[-2.76755,51.32257],[-2.76689,51.32182],[-2.76674,51.32178],[-2.76661,51.32165],[-2.76574,51.32039],[-2.76598,51.32044],[-2.7667,51.3215],[-2.76757,51.32251],[-2.76773,51.32295],[-2.76819,51.32356],[-2.76836,51.32362],[-2.76933,51.32366],[-2.77028,51.32366],[-2.77095,51.32361],[-2.77029,51.32371],[-2.76992,51.32371]]]}},{"type":"Feature","properties":{"cat":"Woodland","fill":"#2E7D32","text":"Improve structure and diversity of existing woodlands","url":"Click HERE to view the preferred habitat in our strategy"},"geometry":{"type":"Polygon","coordinates":[[[-2.8266,51.29845],[-2.82705,51.29845],[-2.82711,51.29855],[-2.82706,51.29872],[-2.82719,51.29893],[-2.82717,51.29909],[-2.82729,51.29939],[-2.82715,51.29934],[-2.82684,51.29906],[-2.82677,51.29883],[-2.82657,51.29845],[-2.8266,51.29845]]]}},{"type":"Feature","properties":{"cat":"Woodland","fill":"#2E7D32","text":"Improve structure and diversity of existing woodlands","url":"Click HERE to view the preferred habitat in our strategy"},"geometry":{"type":"Polygon","coordinates":[[[-2.79335,51.31125],[-2.79325,51.31125],[-2.79323,51.3112],[-2.79334,51.31111],[-2.7935,51.31078],[-2.79535,51.31071],[-2.79541,51.31126],[-2.79471,51.31115],[-2.79411,51.31113],[-2.79397,51.31117],[-2.79391,51.31124],[-2.7936,51.3113],[-2.79335,51.31125]]]}},{"type":"Feature","properties":{"cat":"Woodland","fill":"#2E7D32","text":"Improve structure and diversity of existing woodlands","url":"Click HERE to view the preferred habitat in our strategy"},"geometry":{"type":"Polygon","coordinates":[[[-2.78349,51.32338],[-2.78348,51.32365],[-2.78332,51.32361],[-2.78306,51.32347],[-2.78308,51.3233],[-2.78349,51.32338]]]}},{"type":"Feature","properties":{"cat":"Woodland","fill":"#2E7D32","text":"Improve structure and diversity of existing woodlands","url":"Click HERE to view the preferred habitat in our strategy"},"geometry":{"type":"Polygon","coordinates":[[[-2.76368,51.27944],[-2.76362,51.2795],[-2.76348,51.27956],[-2.76361,51.27939],[-2.76368,51.27944]]]}},{"type":"Feature","properties":{"cat":"Woodland","fill":"#2E7D32","text":"Improve structure and diversity of existing woodlands","url":"Click HERE to view the preferred habitat in our strategy"},"geometry":{"type":"Polygon","coordinates":[[[-2.79675,51.31653],[-2.79666,51.31655],[-2.79637,51.31641],[-2.79642,51.3163],[-2.79653,51.31624],[-2.79658,51.31627],[-2.7974,51.3164],[-2.79728,51.31665],[-2.79723,51.31669],[-2.79689,51.31655],[-2.79675,51.31653]]]}},{"type":"Feature","properties":{"cat":"Woodland","fill":"#2E7D32","text":"Improve structure and diversity of existing woodlands","url":"Click HERE to view the preferred habitat in our strategy"},"geometry":{"type":"Polygon","coordinates":[[[-2.77196,51.31501],[-2.77213,51.31519],[-2.77237,51.31562],[-2.77236,51.31575],[-2.77223,51.31581],[-2.77127,51.31569],[-2.77094,51.31553],[-2.76956,51.31507],[-2.77061,51.31505],[-2.77112,51.31499],[-2.77156,51.31487],[-2.77173,51.31488],[-2.77197,51.31495],[-2.77196,51.31501]]]}},{"type":"Feature","properties":{"cat":"Woodland","fill":"#2E7D32","text":"Improve structure and diversity of existing woodlands","url":"Click HERE to view the preferred habitat in our strategy"},"geometry":{"type":"Polygon","coordinates":[[[-2.78644,51.32466],[-2.78619,51.32456],[-2.78603,51.32436],[-2.78595,51.32419],[-2.78577,51.3242],[-2.7861,51.32332],[-2.78615,51.32261],[-2.78613,51.32226],[-2.78603,51.32208],[-2.78582,51.32184],[-2.78588,51.3217],[-2.78665,51.32233],[-2.78678,51.32247],[-2.78684,51.32261],[-2.78681,51.32275],[-2.78674,51.32283],[-2.78672,51.32302],[-2.78675,51.3232],[-2.78671,51.32324],[-2.7869,51.3235],[-2.78692,51.32368],[-2.78659,51.32398],[-2.78675,51.32408],[-2.78644,51.32466]]]}},{"type":"Feature","properties":{"cat":"Woodland","fill":"#2E7D32","text":"Improve structure and diversity of existing woodlands","url":"Click HERE to view the preferred habitat in our strategy"},"geometry":{"type":"Polygon","coordinates":[[[-2.77746,51.30915],[-2.7778,51.3097],[-2.77795,51.30989],[-2.78026,51.31231],[-2.78025,51.31235],[-2.78042,51.31244],[-2.78039,51.31247],[-2.78022,51.31237],[-2.7799,51.31211],[-2.77969,51.31174],[-2.77783,51.30979],[-2.77749,51.30927],[-2.77743,51.30916],[-2.77746,51.30915]]]}},{"type":"Feature","properties":{"cat":"Woodland","fill":"#2E7D32","text":"Improve structure and diversity of existing woodlands","url":"Click HERE to view the preferred habitat in our strategy"},"geometry":{"type":"Polygon","coordinates":[[[-2.80667,51.32073],[-2.80637,51.32071],[-2.80595,51.32057],[-2.80579,51.32048],[-2.80538,51.32002],[-2.80521,51.32004],[-2.80501,51.31984],[-2.80529,51.31971],[-2.80589,51.32024],[-2.80603,51.32017],[-2.80622,51.32037],[-2.80647,51.32037],[-2.80667,51.32073]]]}},{"type":"Feature","properties":{"cat":"Woodland","fill":"#2E7D32","text":"Improve structure and diversity of existing woodlands","url":"Click HERE to view the preferred habitat in our strategy"},"geometry":{"type":"Polygon","coordinates":[[[-2.78411,51.32183],[-2.78419,51.32187],[-2.78293,51.32214],[-2.78213,51.32241],[-2.78152,51.32256],[-2.78114,51.32227],[-2.78081,51.32195],[-2.78058,51.32167],[-2.78023,51.32033],[-2.7803,51.32034],[-2.78048,51.3208],[-2.78062,51.32088],[-2.78056,51.32097],[-2.78055,51.32107],[-2.78063,51.32152],[-2.7807,51.32169],[-2.78124,51.32228],[-2.78136,51.32236],[-2.78152,51.32241],[-2.78163,51.32241],[-2.78227,51.3223],[-2.78282,51.32213],[-2.78411,51.32183]]]}},{"type":"Feature","properties":{"cat":"Woodland","fill":"#2E7D32","text":"Improve structure and diversity of existing woodlands","url":"Click HERE to view the preferred habitat in our strategy"},"geometry":{"type":"Polygon","coordinates":[[[-2.78282,51.31885],[-2.78283,51.31894],[-2.78304,51.31925],[-2.78332,51.31939],[-2.78364,51.31945],[-2.78331,51.3194],[-2.78303,51.31926],[-2.78284,51.31899],[-2.78269,51.3187],[-2.78268,51.31832],[-2.78271,51.31832],[-2.7827,51.31866],[-2.78282,51.31885]]]}},{"type":"Feature","properties":{"cat":"Woodland","fill":"#2E7D32","text":"Improve structure and diversity of existing woodlands","url":"Click HERE to view the preferred habitat in our strategy"},"geometry":{"type":"Polygon","coordinates":[[[-2.80045,51.2867],[-2.801,51.28615],[-2.80098,51.28572],[-2.80145,51.28575],[-2.80145,51.28585],[-2.80139,51.28597],[-2.80124,51.28612],[-2.80115,51.28629],[-2.80099,51.28645],[-2.80057,51.28678],[-2.80042,51.28673],[-2.80045,51.2867]]]}},{"type":"Feature","properties":{"cat":"Woodland","fill":"#2E7D32","text":"Improve structure and diversity of existing woodlands","url":"Click HERE to view the preferred habitat in our strategy"},"geometry":{"type":"Polygon","coordinates":[[[-2.76977,51.28574],[-2.76881,51.28576],[-2.76885,51.28567],[-2.76885,51.28557],[-2.7688,51.28521],[-2.76791,51.28535],[-2.76721,51.28535],[-2.76726,51.28476],[-2.76782,51.2845],[-2.76802,51.28436],[-2.7682,51.28417],[-2.76945,51.2848],[-2.7696,51.28485],[-2.76977,51.28486],[-2.76994,51.28572],[-2.76977,51.28574]]]}},{"type":"Feature","properties":{"cat":"Woodland","fill":"#2E7D32","text":"Improve structure and diversity of existing woodlands","url":"Click HERE to view the preferred habitat in our strategy"},"geometry":{"type":"Polygon","coordinates":[[[-2.78981,51.27881],[-2.79142,51.28034],[-2.79096,51.28008],[-2.7896,51.27881],[-2.78981,51.27881]]]}},{"type":"Feature","properties":{"cat":"Woodland","fill":"#2E7D32","text":"Improve structure and diversity of existing woodlands","url":"Click HERE to view the preferred habitat in our strategy"},"geometry":{"type":"Polygon","coordinates":[[[-2.79861,51.30221],[-2.79698,51.30256],[-2.79687,51.30241],[-2.79852,51.30204],[-2.79861,51.30221]]]}},{"type":"Feature","properties":{"cat":"Woodland","fill":"#2E7D32","text":"Improve structure and diversity of existing woodlands","url":"Click HERE to view the preferred habitat in our strategy"},"geometry":{"type":"Polygon","coordinates":[[[-2.79787,51.28936],[-2.79753,51.28924],[-2.79773,51.28902],[-2.79752,51.28895],[-2.79755,51.28887],[-2.79794,51.28894],[-2.79817,51.28907],[-2.79807,51.28925],[-2.79802,51.28943],[-2.79787,51.28936]]]}},{"type":"Feature","properties":{"cat":"Woodland","fill":"#2E7D32","text":"Improve structure and diversity of existing woodlands","url":"Click HERE to view the preferred habitat in our strategy"},"geometry":{"type":"Polygon","coordinates":[[[-2.75627,51.32459],[-2.75628,51.32461],[-2.75624,51.3246],[-2.75627,51.32459]]]}},{"type":"Feature","properties":{"cat":"Woodland","fill":"#2E7D32","text":"Improve structure and diversity of existing woodlands","url":"Click HERE to view the preferred habitat in our strategy"},"geometry":{"type":"Polygon","coordinates":[[[-2.80274,51.31099],[-2.80181,51.31014],[-2.80184,51.31013],[-2.80206,51.31033],[-2.80269,51.31091],[-2.80276,51.31098],[-2.80274,51.31099]]]}},{"type":"Feature","properties":{"cat":"Woodland","fill":"#2E7D32","text":"Improve structure and diversity of existing woodlands","url":"Click HERE to view the preferred habitat in our strategy"},"geometry":{"type":"Polygon","coordinates":[[[-2.80945,51.30337],[-2.80941,51.30334],[-2.80951,51.30328],[-2.80953,51.30312],[-2.80961,51.30308],[-2.80967,51.3031],[-2.80973,51.30305],[-2.80981,51.30311],[-2.80981,51.30319],[-2.80966,51.30327],[-2.80957,51.30336],[-2.80945,51.30337]]]}},{"type":"Feature","properties":{"cat":"Woodland","fill":"#2E7D32","text":"Improve structure and diversity of existing woodlands","url":"Click HERE to view the preferred habitat in our strategy"},"geometry":{"type":"Polygon","coordinates":[[[-2.7974,51.3164],[-2.79755,51.31642],[-2.79742,51.31669],[-2.79737,51.31671],[-2.79723,51.31669],[-2.79728,51.31665],[-2.7974,51.3164]]]}},{"type":"Feature","properties":{"cat":"Woodland","fill":"#2E7D32","text":"Improve structure and diversity of existing woodlands","url":"Click HERE to view the preferred habitat in our strategy"},"geometry":{"type":"Polygon","coordinates":[[[-2.77368,51.28989],[-2.77329,51.28976],[-2.77339,51.2896],[-2.77374,51.28981],[-2.77368,51.28989]]]}},{"type":"Feature","properties":{"cat":"Woodland","fill":"#2E7D32","text":"Improve structure and diversity of existing woodlands","url":"Click HERE to view the preferred habitat in our strategy"},"geometry":{"type":"Polygon","coordinates":[[[-2.79397,51.31634],[-2.79344,51.31636],[-2.79332,51.31634],[-2.7933,51.31629],[-2.79383,51.31605],[-2.79383,51.31611],[-2.79416,51.31612],[-2.79397,51.31634]]]}},{"type":"Feature","properties":{"cat":"Woodland","fill":"#2E7D32","text":"Improve structure and diversity of existing woodlands","url":"Click HERE to view the preferred habitat in our strategy"},"geometry":{"type":"Polygon","coordinates":[[[-2.76575,51.31437],[-2.76583,51.3147],[-2.76595,51.31485],[-2.76587,51.31504],[-2.76603,51.3155],[-2.76609,51.31578],[-2.76609,51.31602],[-2.76588,51.31716],[-2.7659,51.31748],[-2.76859,51.31809],[-2.76891,51.31806],[-2.77027,51.31753],[-2.76991,51.31631],[-2.76963,51.31583],[-2.76902,51.31492],[-2.76995,51.31523],[-2.76929,51.31506],[-2.76927,51.31508],[-2.76997,51.3162],[-2.77037,51.3175],[-2.77086,51.31731],[-2.7711,51.31715],[-2.77126,51.31698],[-2.77131,51.31684],[-2.77129,51.3164],[-2.77123,51.31605],[-2.77123,51.31576],[-2.77124,51.31571],[-2.77144,51.31585],[-2.77139,51.31591],[-2.77137,51.31607],[-2.77144,51.31651],[-2.77145,51.3169],[-2.77139,51.31702],[-2.77122,51.3172],[-2.77106,51.3173],[-2.7704,51.31759],[-2.77043,51.31781],[-2.77062,51.31849],[-2.77071,51.31857],[-2.77149,51.31902],[-2.77187,51.31919],[-2.77313,51.31965],[-2.77319,51.3197],[-2.77167,51.31914],[-2.77063,51.31856],[-2.77051,51.31852],[-2.76761,51.31791],[-2.76585,51.3175],[-2.76583,51.31726],[-2.76602,51.31625],[-2.76604,51.31599],[-2.76599,51.31566],[-2.76561,51.3142],[-2.76564,51.31416],[-2.7657,51.31416],[-2.76575,51.31437]],[[-2.76995,51.31777],[-2.76893,51.31817],[-2.77051,51.3185],[-2.77027,51.31765],[-2.76995,51.31777]]]}},{"type":"Feature","properties":{"cat":"Woodland","fill":"#2E7D32","text":"Improve structure and diversity of existing woodlands","url":"Click HERE to view the preferred habitat in our strategy"},"geometry":{"type":"Polygon","coordinates":[[[-2.80167,51.28957],[-2.80171,51.28965],[-2.80157,51.28964],[-2.80139,51.2897],[-2.80137,51.2898],[-2.80142,51.29003],[-2.80154,51.29028],[-2.80171,51.29048],[-2.80203,51.29096],[-2.80216,51.29108],[-2.80227,51.29113],[-2.80189,51.29115],[-2.80126,51.29017],[-2.80108,51.28961],[-2.80166,51.28954],[-2.80167,51.28957]]]}},{"type":"Feature","properties":{"cat":"Woodland","fill":"#2E7D32","text":"Improve structure and diversity of existing woodlands","url":"Click HERE to view the preferred habitat in our strategy"},"geometry":{"type":"Polygon","coordinates":[[[-2.73339,51.30209],[-2.73338,51.30207],[-2.73345,51.30202],[-2.73369,51.30196],[-2.7337,51.30189],[-2.73382,51.30197],[-2.73373,51.30206],[-2.73345,51.30216],[-2.73339,51.30209]]]}},{"type":"Feature","properties":{"cat":"Woodland","fill":"#2E7D32","text":"Improve structure and diversity of existing woodlands","url":"Click HERE to view the preferred habitat in our strategy"},"geometry":{"type":"Polygon","coordinates":[[[-2.80272,51.29098],[-2.80312,51.29092],[-2.803,51.29052],[-2.80349,51.29039],[-2.804,51.29034],[-2.80418,51.29014],[-2.80509,51.29018],[-2.80539,51.29027],[-2.8056,51.2904],[-2.80567,51.29041],[-2.80568,51.29059],[-2.80398,51.29112],[-2.80294,51.29116],[-2.80279,51.29111],[-2.80272,51.29098]],[[-2.80345,51.29081],[-2.80352,51.29064],[-2.80319,51.29062],[-2.80311,51.29067],[-2.80319,51.29082],[-2.80317,51.29073],[-2.8032,51.2907],[-2.80331,51.29069],[-2.80343,51.29072],[-2.80343,51.29084],[-2.80345,51.29081]]]}},{"type":"Feature","properties":{"cat":"Woodland","fill":"#2E7D32","text":"Improve structure and diversity of existing woodlands","url":"Click HERE to view the preferred habitat in our strategy"},"geometry":{"type":"Polygon","coordinates":[[[-2.78007,51.2936],[-2.77959,51.29325],[-2.77967,51.2931],[-2.78012,51.29319],[-2.78039,51.29299],[-2.78078,51.29284],[-2.7808,51.29305],[-2.78077,51.29327],[-2.78064,51.29368],[-2.78007,51.2936]]]}},{"type":"Feature","properties":{"cat":"Woodland","fill":"#2E7D32","text":"Improve structure and diversity of existing woodlands","url":"Click HERE to view the preferred habitat in our strategy"},"geometry":{"type":"Polygon","coordinates":[[[-2.79656,51.31177],[-2.79629,51.31178],[-2.79629,51.31154],[-2.79669,51.31147],[-2.79673,51.31153],[-2.79675,51.31169],[-2.79656,51.31177]]]}},{"type":"Feature","properties":{"cat":"Woodland","fill":"#2E7D32","text":"Improve structure and diversity of existing woodlands","url":"Click HERE to view the preferred habitat in our strategy"},"geometry":{"type":"Polygon","coordinates":[[[-2.77847,51.28934],[-2.77834,51.2893],[-2.77803,51.28903],[-2.77736,51.2887],[-2.77746,51.28851],[-2.7776,51.28837],[-2.77764,51.28825],[-2.77758,51.28846],[-2.77745,51.28859],[-2.77742,51.28871],[-2.77821,51.28881],[-2.77828,51.28884],[-2.77827,51.28886],[-2.77871,51.28904],[-2.77858,51.28917],[-2.77848,51.2892],[-2.77847,51.28934]]]}},{"type":"Feature","properties":{"cat":"Woodland","fill":"#2E7D32","text":"Improve structure and diversity of existing woodlands","url":"Click HERE to view the preferred habitat in our strategy"},"geometry":{"type":"Polygon","coordinates":[[[-2.78295,51.31928],[-2.78287,51.3193],[-2.78284,51.31927],[-2.78291,51.31924],[-2.78292,51.3192],[-2.78273,51.31895],[-2.78274,51.31884],[-2.78262,51.31866],[-2.78261,51.31853],[-2.78264,51.31853],[-2.78265,51.31868],[-2.78276,51.31884],[-2.78279,51.31897],[-2.78302,51.31928],[-2.7832,51.31938],[-2.78339,51.31944],[-2.78416,51.31957],[-2.78497,51.31975],[-2.78541,51.32005],[-2.78546,51.32012],[-2.78498,51.31979],[-2.78329,51.31944],[-2.78295,51.31928]]]}},{"type":"Feature","properties":{"cat":"Woodland","fill":"#2E7D32","text":"Improve structure and diversity of existing woodlands","url":"Click HERE to view the preferred habitat in our strategy"},"geometry":{"type":"Polygon","coordinates":[[[-2.78995,51.29264],[-2.79005,51.29267],[-2.79014,51.29255],[-2.79004,51.29252],[-2.79007,51.29247],[-2.79035,51.29225],[-2.7904,51.29227],[-2.79016,51.29244],[-2.79017,51.29264],[-2.78978,51.29313],[-2.7896,51.29329],[-2.78951,51.29326],[-2.78995,51.29264]]]}},{"type":"Feature","properties":{"cat":"Woodland","fill":"#2E7D32","text":"Improve structure and diversity of existing woodlands","url":"Click HERE to view the preferred habitat in our strategy"},"geometry":{"type":"Polygon","coordinates":[[[-2.79073,51.29211],[-2.79032,51.29247],[-2.79011,51.29291],[-2.78997,51.29308],[-2.78973,51.29331],[-2.7896,51.29329],[-2.78978,51.29313],[-2.79017,51.29264],[-2.79016,51.29244],[-2.79064,51.29212],[-2.79073,51.29211]]]}},{"type":"Feature","properties":{"cat":"Woodland","fill":"#2E7D32","text":"Improve structure and diversity of existing woodlands","url":"Click HERE to view the preferred habitat in our strategy"},"geometry":{"type":"Polygon","coordinates":[[[-2.77957,51.28946],[-2.7795,51.28951],[-2.77918,51.2893],[-2.77861,51.28913],[-2.77871,51.28903],[-2.77901,51.28894],[-2.77923,51.28912],[-2.77962,51.28936],[-2.77968,51.28937],[-2.77957,51.28946]]]}},{"type":"Feature","properties":{"cat":"Woodland","fill":"#2E7D32","text":"Improve structure and diversity of existing woodlands","url":"Click HERE to view the preferred habitat in our strategy"},"geometry":{"type":"Polygon","coordinates":[[[-2.79591,51.31645],[-2.79589,51.31648],[-2.79565,51.31646],[-2.79588,51.3162],[-2.79607,51.31622],[-2.79591,51.31645]]]}},{"type":"Feature","properties":{"cat":"Woodland","fill":"#2E7D32","text":"Improve structure and diversity of existing woodlands","url":"Click HERE to view the preferred habitat in our strategy"},"geometry":{"type":"Polygon","coordinates":[[[-2.789,51.30631],[-2.79073,51.30635],[-2.79234,51.30633],[-2.79242,51.3063],[-2.79247,51.30619],[-2.7929,51.30611],[-2.79293,51.30617],[-2.79285,51.30624],[-2.79285,51.3063],[-2.79276,51.30632],[-2.7931,51.30666],[-2.7931,51.30678],[-2.79264,51.30682],[-2.79192,51.30682],[-2.79101,51.30668],[-2.78985,51.3066],[-2.78913,51.30664],[-2.789,51.30631]]]}},{"type":"Feature","properties":{"cat":"Woodland","fill":"#2E7D32","text":"Improve structure and diversity of existing woodlands","url":"Click HERE to view the preferred habitat in our strategy"},"geometry":{"type":"Polygon","coordinates":[[[-2.7724,51.28357],[-2.77255,51.28366],[-2.77261,51.28365],[-2.77268,51.2837],[-2.77273,51.2838],[-2.77269,51.28406],[-2.77255,51.28422],[-2.77259,51.2844],[-2.77229,51.28445],[-2.77234,51.2846],[-2.77175,51.28471],[-2.77208,51.28453],[-2.77236,51.28427],[-2.77241,51.28415],[-2.77243,51.28396],[-2.7724,51.28357]]]}},{"type":"Feature","properties":{"cat":"Woodland","fill":"#2E7D32","text":"Improve structure and diversity of existing woodlands","url":"Click HERE to view the preferred habitat in our strategy"},"geometry":{"type":"Polygon","coordinates":[[[-2.80923,51.30389],[-2.80922,51.30397],[-2.80914,51.30402],[-2.80858,51.30401],[-2.80867,51.3039],[-2.80876,51.30385],[-2.80881,51.30389],[-2.8089,51.30389],[-2.80917,51.3038],[-2.80923,51.30389]]]}},{"type":"Feature","properties":{"cat":"Woodland","fill":"#2E7D32","text":"Improve structure and diversity of existing woodlands","url":"Click HERE to view the preferred habitat in our strategy"},"geometry":{"type":"Polygon","coordinates":[[[-2.78101,51.28689],[-2.78091,51.28693],[-2.78088,51.28678],[-2.78073,51.28644],[-2.78053,51.2862],[-2.78055,51.28617],[-2.78018,51.28576],[-2.78073,51.28571],[-2.78073,51.28584],[-2.78082,51.28615],[-2.78087,51.28621],[-2.78099,51.28626],[-2.78114,51.28642],[-2.78117,51.28656],[-2.78126,51.28669],[-2.78157,51.28679],[-2.78103,51.28692],[-2.78101,51.28689]]]}},{"type":"Feature","properties":{"cat":"Woodland","fill":"#2E7D32","text":"Improve structure and diversity of existing woodlands","url":"Click HERE to view the preferred habitat in our strategy"},"geometry":{"type":"Polygon","coordinates":[[[-2.77637,51.28798],[-2.77674,51.28775],[-2.77682,51.28773],[-2.77697,51.2876],[-2.77707,51.28761],[-2.77702,51.28775],[-2.7767,51.28788],[-2.77661,51.28798],[-2.77642,51.28803],[-2.77638,51.28799],[-2.77629,51.28806],[-2.77631,51.28801],[-2.77637,51.28798]]]}},{"type":"Feature","properties":{"cat":"Woodland","fill":"#2E7D32","text":"Improve structure and diversity of existing woodlands","url":"Click HERE to view the preferred habitat in our strategy"},"geometry":{"type":"Polygon","coordinates":[[[-2.80391,51.31548],[-2.80391,51.3154],[-2.804,51.31521],[-2.80447,51.31533],[-2.80456,51.31539],[-2.80458,51.31544],[-2.80454,51.31549],[-2.80391,51.31548]]]}},{"type":"Feature","properties":{"cat":"Woodland","fill":"#2E7D32","text":"Improve structure and diversity of existing woodlands","url":"Click HERE to view the preferred habitat in our strategy"},"geometry":{"type":"Polygon","coordinates":[[[-2.73914,51.2994],[-2.73933,51.29952],[-2.73928,51.29954],[-2.7391,51.29946],[-2.73906,51.29939],[-2.73914,51.2994]]]}},{"type":"Feature","properties":{"cat":"Woodland","fill":"#2E7D32","text":"Improve structure and diversity of existing woodlands","url":"Click HERE to view the preferred habitat in our strategy"},"geometry":{"type":"Polygon","coordinates":[[[-2.81005,51.30359],[-2.81007,51.30357],[-2.81006,51.30365],[-2.81,51.3037],[-2.81005,51.30359]]]}},{"type":"Feature","properties":{"cat":"Woodland","fill":"#2E7D32","text":"Improve structure and diversity of existing woodlands","url":"Click HERE to view the preferred habitat in our strategy"},"geometry":{"type":"Polygon","coordinates":[[[-2.78341,51.31893],[-2.78335,51.319],[-2.78331,51.31897],[-2.78337,51.31892],[-2.78341,51.31893]]]}},{"type":"Feature","properties":{"cat":"Woodland","fill":"#2E7D32","text":"Improve structure and diversity of existing woodlands","url":"Click HERE to view the preferred habitat in our strategy"},"geometry":{"type":"Polygon","coordinates":[[[-2.84734,51.29326],[-2.84689,51.29319],[-2.8463,51.29315],[-2.84625,51.29312],[-2.84627,51.29301],[-2.84758,51.29324],[-2.84813,51.29316],[-2.8493,51.29278],[-2.84964,51.29272],[-2.84977,51.29271],[-2.84979,51.29274],[-2.8498,51.29286],[-2.84948,51.29293],[-2.84936,51.29291],[-2.84918,51.29293],[-2.84873,51.29311],[-2.84854,51.29314],[-2.84844,51.29323],[-2.84764,51.29327],[-2.84752,51.2933],[-2.84734,51.29326]]]}},{"type":"Feature","properties":{"cat":"Woodland","fill":"#2E7D32","text":"Improve structure and diversity of existing woodlands","url":"Click HERE to view the preferred habitat in our strategy"},"geometry":{"type":"Polygon","coordinates":[[[-2.78959,51.27897],[-2.78956,51.27898],[-2.7894,51.27881],[-2.78955,51.27881],[-2.79094,51.28011],[-2.79105,51.28018],[-2.79101,51.2802],[-2.79072,51.27994],[-2.79064,51.27998],[-2.78967,51.27909],[-2.78959,51.27897]]]}},{"type":"Feature","properties":{"cat":"Woodland","fill":"#2E7D32","text":"Improve structure and diversity of existing woodlands","url":"Click HERE to view the preferred habitat in our strategy"},"geometry":{"type":"Polygon","coordinates":[[[-2.77312,51.28588],[-2.77278,51.28504],[-2.77302,51.28552],[-2.77312,51.28588]]]}},{"type":"Feature","properties":{"cat":"Woodland","fill":"#2E7D32","text":"Improve structure and diversity of existing woodlands","url":"Click HERE to view the preferred habitat in our strategy"},"geometry":{"type":"Polygon","coordinates":[[[-2.80651,51.31426],[-2.80656,51.31425],[-2.80677,51.31444],[-2.80554,51.31473],[-2.80497,51.31482],[-2.80493,51.3147],[-2.80449,51.31469],[-2.80453,51.31442],[-2.80468,51.31419],[-2.80476,51.31413],[-2.80538,51.31421],[-2.80586,51.31418],[-2.80631,51.31427],[-2.80651,51.31426]]]}},{"type":"Feature","properties":{"cat":"Woodland","fill":"#2E7D32","text":"Improve structure and diversity of existing woodlands","url":"Click HERE to view the preferred habitat in our strategy"},"geometry":{"type":"Polygon","coordinates":[[[-2.77944,51.28964],[-2.77982,51.28987],[-2.77984,51.28994],[-2.77996,51.29004],[-2.78001,51.29014],[-2.78,51.29024],[-2.77996,51.29028],[-2.77993,51.2903],[-2.77921,51.28973],[-2.77937,51.28961],[-2.77944,51.28964]]]}},{"type":"Feature","properties":{"cat":"Woodland","fill":"#2E7D32","text":"Improve structure and diversity of existing woodlands","url":"Click HERE to view the preferred habitat in our strategy"},"geometry":{"type":"Polygon","coordinates":[[[-2.82933,51.30076],[-2.82937,51.30089],[-2.82834,51.3009],[-2.82931,51.30071],[-2.82933,51.30076]]]}},{"type":"Feature","properties":{"cat":"Woodland","fill":"#2E7D32","text":"Improve structure and diversity of existing woodlands","url":"Click HERE to view the preferred habitat in our strategy"},"geometry":{"type":"Polygon","coordinates":[[[-2.79295,51.30498],[-2.79296,51.30501],[-2.79234,51.30515],[-2.79211,51.30506],[-2.79196,51.30505],[-2.79187,51.30498],[-2.79212,51.30499],[-2.79231,51.30509],[-2.79295,51.30498]]]}},{"type":"Feature","properties":{"cat":"Woodland","fill":"#2E7D32","text":"Improve structure and diversity of existing woodlands","url":"Click HERE to view the preferred habitat in our strategy"},"geometry":{"type":"Polygon","coordinates":[[[-2.785,51.31974],[-2.7843,51.31958],[-2.78437,51.31945],[-2.78445,51.31946],[-2.78447,51.31942],[-2.78471,51.31945],[-2.785,51.31974]]]}},{"type":"Feature","properties":{"cat":"Woodland","fill":"#2E7D32","text":"Improve structure and diversity of existing woodlands","url":"Click HERE to view the preferred habitat in our strategy"},"geometry":{"type":"Polygon","coordinates":[[[-2.77828,51.31097],[-2.77812,51.31085],[-2.77808,51.31075],[-2.77751,51.31005],[-2.7775,51.31],[-2.77726,51.30974],[-2.77731,51.30965],[-2.77743,51.30972],[-2.77757,51.30988],[-2.77768,51.30993],[-2.7777,51.31004],[-2.77777,51.31009],[-2.77776,51.31016],[-2.77792,51.31031],[-2.77795,51.31046],[-2.77811,51.31066],[-2.77817,51.31079],[-2.77843,51.31105],[-2.77839,51.31106],[-2.77828,51.31097]]]}},{"type":"Feature","properties":{"cat":"Woodland","fill":"#2E7D32","text":"Improve structure and diversity of existing woodlands","url":"Click HERE to view the preferred habitat in our strategy"},"geometry":{"type":"Polygon","coordinates":[[[-2.78596,51.30049],[-2.78578,51.30015],[-2.78716,51.29988],[-2.78686,51.30004],[-2.78679,51.30012],[-2.78678,51.30027],[-2.78686,51.30035],[-2.78676,51.30045],[-2.78682,51.3006],[-2.7868,51.30063],[-2.78669,51.30068],[-2.78638,51.30065],[-2.78656,51.30094],[-2.78643,51.30146],[-2.78596,51.30049]]]}},{"type":"Feature","properties":{"cat":"Woodland","fill":"#2E7D32","text":"Improve structure and diversity of existing woodlands","url":"Click HERE to view the preferred habitat in our strategy"},"geometry":{"type":"Polygon","coordinates":[[[-2.79053,51.30484],[-2.79091,51.30483],[-2.79101,51.30492],[-2.79121,51.30499],[-2.7912,51.30502],[-2.79106,51.30499],[-2.79088,51.30492],[-2.79085,51.30488],[-2.79047,51.30492],[-2.79018,51.30491],[-2.79014,51.30489],[-2.79025,51.30484],[-2.79041,51.30487],[-2.79053,51.30484]]]}},{"type":"Feature","properties":{"cat":"Woodland","fill":"#2E7D32","text":"Improve structure and diversity of existing woodlands","url":"Click HERE to view the preferred habitat in our strategy"},"geometry":{"type":"Polygon","coordinates":[[[-2.79247,51.30619],[-2.79233,51.30607],[-2.79198,51.30549],[-2.79213,51.30547],[-2.79237,51.30579],[-2.79261,51.30615],[-2.79247,51.30619]]]}},{"type":"Feature","properties":{"cat":"Woodland","fill":"#2E7D32","text":"Improve structure and diversity of existing woodlands","url":"Click HERE to view the preferred habitat in our strategy"},"geometry":{"type":"Polygon","coordinates":[[[-2.81735,51.3265],[-2.8172,51.32655],[-2.81546,51.32677],[-2.81544,51.32672],[-2.81722,51.3265],[-2.81733,51.32644],[-2.81735,51.3265]]]}},{"type":"Feature","properties":{"cat":"Woodland","fill":"#2E7D32","text":"Improve structure and diversity of existing woodlands","url":"Click HERE to view the preferred habitat in our strategy"},"geometry":{"type":"Polygon","coordinates":[[[-2.7727,51.28403],[-2.77264,51.28421],[-2.77263,51.28441],[-2.77259,51.2844],[-2.77255,51.28422],[-2.7727,51.28403]]]}},{"type":"Feature","properties":{"cat":"Woodland","fill":"#2E7D32","text":"Improve structure and diversity of existing woodlands","url":"Click HERE to view the preferred habitat in our strategy"},"geometry":{"type":"Polygon","coordinates":[[[-2.79057,51.32403],[-2.79056,51.32395],[-2.79062,51.32389],[-2.79088,51.32409],[-2.79078,51.32407],[-2.79067,51.32412],[-2.79066,51.32444],[-2.7906,51.32464],[-2.79048,51.32462],[-2.79058,51.32442],[-2.79057,51.32403]]]}},{"type":"Feature","properties":{"cat":"Woodland","fill":"#2E7D32","text":"Improve structure and diversity of existing woodlands","url":"Click HERE to view the preferred habitat in our strategy"},"geometry":{"type":"Polygon","coordinates":[[[-2.7827,51.31863],[-2.78269,51.31843],[-2.78274,51.31843],[-2.7828,51.31858],[-2.7827,51.31863]]]}},{"type":"Feature","properties":{"cat":"Woodland","fill":"#2E7D32","text":"Improve structure and diversity of existing woodlands","url":"Click HERE to view the preferred habitat in our strategy"},"geometry":{"type":"Polygon","coordinates":[[[-2.79939,51.31751],[-2.79943,51.31757],[-2.79983,51.31783],[-2.7998,51.31787],[-2.79971,51.31786],[-2.79976,51.31799],[-2.79909,51.31793],[-2.79909,51.31784],[-2.79911,51.31789],[-2.79968,51.31793],[-2.79967,51.31784],[-2.7996,51.31777],[-2.79959,51.3177],[-2.79926,51.31755],[-2.79915,51.31746],[-2.79918,51.31744],[-2.79929,51.31746],[-2.79939,51.31751]]]}},{"type":"Feature","properties":{"cat":"Woodland","fill":"#2E7D32","text":"Improve structure and diversity of existing woodlands","url":"Click HERE to view the preferred habitat in our strategy"},"geometry":{"type":"Polygon","coordinates":[[[-2.80713,51.29048],[-2.80567,51.29039],[-2.80566,51.29024],[-2.80724,51.29031],[-2.80735,51.29035],[-2.80728,51.29046],[-2.80726,51.29049],[-2.80713,51.29048]]]}},{"type":"Feature","properties":{"cat":"Woodland","fill":"#2E7D32","text":"Improve structure and diversity of existing woodlands","url":"Click HERE to view the preferred habitat in our strategy"},"geometry":{"type":"Polygon","coordinates":[[[-2.80703,51.28515],[-2.80713,51.28514],[-2.80715,51.28515],[-2.80702,51.28517],[-2.80699,51.28517],[-2.80703,51.28515]]]}},{"type":"Feature","properties":{"cat":"Woodland","fill":"#2E7D32","text":"Improve structure and diversity of existing woodlands","url":"Click HERE to view the preferred habitat in our strategy"},"geometry":{"type":"Polygon","coordinates":[[[-2.78271,51.31832],[-2.78284,51.31858],[-2.783,51.3187],[-2.78309,51.31873],[-2.78304,51.31874],[-2.78291,51.31868],[-2.7828,51.31859],[-2.78274,51.31843],[-2.78269,51.31843],[-2.78271,51.31832]]]}},{"type":"Feature","properties":{"cat":"Woodland","fill":"#2E7D32","text":"Improve structure and diversity of existing woodlands","url":"Click HERE to view the preferred habitat in our strategy"},"geometry":{"type":"Polygon","coordinates":[[[-2.78299,51.31897],[-2.78306,51.31905],[-2.78303,51.31908],[-2.78309,51.31911],[-2.78299,51.31917],[-2.78283,51.31894],[-2.78283,51.3189],[-2.78299,51.31897]]]}},{"type":"Feature","properties":{"cat":"Woodland","fill":"#2E7D32","text":"Improve structure and diversity of existing woodlands","url":"Click HERE to view the preferred habitat in our strategy"},"geometry":{"type":"Polygon","coordinates":[[[-2.78018,51.28576],[-2.77991,51.28538],[-2.77979,51.28514],[-2.78018,51.28524],[-2.78053,51.28573],[-2.78018,51.28576]]]}},{"type":"Feature","properties":{"cat":"Woodland","fill":"#2E7D32","text":"Improve structure and diversity of existing woodlands","url":"Click HERE to view the preferred habitat in our strategy"},"geometry":{"type":"Polygon","coordinates":[[[-2.74871,51.31853],[-2.74887,51.31885],[-2.74912,51.31915],[-2.74909,51.31919],[-2.74898,51.31913],[-2.74823,51.31955],[-2.74824,51.31938],[-2.7484,51.31923],[-2.7485,51.31902],[-2.74849,51.31894],[-2.74857,51.3188],[-2.74865,51.31853],[-2.74871,51.31853]]]}},{"type":"Feature","properties":{"cat":"Woodland","fill":"#2E7D32","text":"Improve structure and diversity of existing woodlands","url":"Click HERE to view the preferred habitat in our strategy"},"geometry":{"type":"Polygon","coordinates":[[[-2.77745,51.30919],[-2.77749,51.30927],[-2.77741,51.30923],[-2.77721,51.30923],[-2.77718,51.3092],[-2.77743,51.30916],[-2.77745,51.30919]]]}},{"type":"Feature","properties":{"cat":"Woodland","fill":"#2E7D32","text":"Improve structure and diversity of existing woodlands","url":"Click HERE to view the preferred habitat in our strategy"},"geometry":{"type":"Polygon","coordinates":[[[-2.80392,51.30459],[-2.80412,51.30459],[-2.80426,51.30461],[-2.80422,51.30464],[-2.80435,51.30464],[-2.80432,51.30467],[-2.80398,51.30465],[-2.80392,51.30459]]]}},{"type":"Feature","properties":{"cat":"Woodland","fill":"#2E7D32","text":"Improve structure and diversity of existing woodlands","url":"Click HERE to view the preferred habitat in our strategy"},"geometry":{"type":"Polygon","coordinates":[[[-2.7858,51.32188],[-2.78576,51.32238],[-2.78574,51.32209],[-2.78577,51.32187],[-2.78582,51.32174],[-2.78586,51.32174],[-2.7858,51.32188]]]}},{"type":"Feature","properties":{"cat":"Woodland","fill":"#2E7D32","text":"Improve structure and diversity of existing woodlands","url":"Click HERE to view the preferred habitat in our strategy"},"geometry":{"type":"Polygon","coordinates":[[[-2.75678,51.32352],[-2.75681,51.32366],[-2.75695,51.32377],[-2.7565,51.32394],[-2.75637,51.32402],[-2.7563,51.32412],[-2.7564,51.3239],[-2.75655,51.32371],[-2.75652,51.32368],[-2.75677,51.3235],[-2.75678,51.32352]]]}},{"type":"Feature","properties":{"cat":"Woodland","fill":"#2E7D32","text":"Improve structure and diversity of existing woodlands","url":"Click HERE to view the preferred habitat in our strategy"},"geometry":{"type":"Polygon","coordinates":[[[-2.75626,51.32457],[-2.75625,51.32457],[-2.75625,51.32453],[-2.75627,51.32457],[-2.75626,51.32457]]]}},{"type":"Feature","properties":{"cat":"Woodland","fill":"#2E7D32","text":"Improve structure and diversity of existing woodlands","url":"Click HERE to view the preferred habitat in our strategy"},"geometry":{"type":"Polygon","coordinates":[[[-2.78513,51.32025],[-2.78502,51.32026],[-2.78473,51.32011],[-2.78331,51.31967],[-2.7839,51.31979],[-2.78394,51.31974],[-2.78398,51.31974],[-2.78467,51.31986],[-2.78519,51.32018],[-2.78521,51.3202],[-2.78519,51.32024],[-2.7853,51.32036],[-2.78513,51.32025]]]}},{"type":"Feature","properties":{"cat":"Woodland","fill":"#2E7D32","text":"Improve structure and diversity of existing woodlands","url":"Click HERE to view the preferred habitat in our strategy"},"geometry":{"type":"Polygon","coordinates":[[[-2.82261,51.29829],[-2.82297,51.29814],[-2.8232,51.29821],[-2.82379,51.29826],[-2.82498,51.29843],[-2.8263,51.29845],[-2.82627,51.29851],[-2.82581,51.29863],[-2.82438,51.29843],[-2.8242,51.29863],[-2.82402,51.29863],[-2.82382,51.29855],[-2.82365,51.29836],[-2.82358,51.29834],[-2.8233,51.29833],[-2.82304,51.29825],[-2.82261,51.29829]]]}},{"type":"Feature","properties":{"cat":"Woodland","fill":"#2E7D32","text":"Improve structure and diversity of existing woodlands","url":"Click HERE to view the preferred habitat in our strategy"},"geometry":{"type":"Polygon","coordinates":[[[-2.73999,51.30143],[-2.73948,51.30128],[-2.73951,51.30123],[-2.73975,51.30135],[-2.73996,51.30139],[-2.73999,51.30143]]]}},{"type":"Feature","properties":{"cat":"Woodland","fill":"#2E7D32","text":"Improve structure and diversity of existing woodlands","url":"Click HERE to view the preferred habitat in our strategy"},"geometry":{"type":"Polygon","coordinates":[[[-2.80534,51.29024],[-2.80506,51.29014],[-2.80439,51.2901],[-2.80514,51.29013],[-2.80526,51.29011],[-2.80529,51.29019],[-2.80549,51.29021],[-2.80737,51.29031],[-2.80735,51.29035],[-2.80724,51.29031],[-2.80566,51.29024],[-2.80567,51.29039],[-2.80562,51.29039],[-2.80548,51.29029],[-2.80534,51.29024]]]}},{"type":"Feature","properties":{"cat":"Woodland","fill":"#2E7D32","text":"Improve structure and diversity of existing woodlands","url":"Click HERE to view the preferred habitat in our strategy"},"geometry":{"type":"Polygon","coordinates":[[[-2.80318,51.31844],[-2.80389,51.31878],[-2.80431,51.31893],[-2.80401,51.31922],[-2.80286,51.31868],[-2.80318,51.31844]]]}},{"type":"Feature","properties":{"cat":"Woodland","fill":"#2E7D32","text":"Improve structure and diversity of existing woodlands","url":"Click HERE to view the preferred habitat in our strategy"},"geometry":{"type":"Polygon","coordinates":[[[-2.78625,51.32088],[-2.78605,51.32072],[-2.78609,51.32071],[-2.78607,51.32067],[-2.78584,51.32032],[-2.7854,51.31998],[-2.78544,51.31996],[-2.78537,51.31991],[-2.78533,51.31993],[-2.7851,51.31979],[-2.78457,51.3193],[-2.78518,51.31946],[-2.78549,51.31961],[-2.78599,51.31976],[-2.78591,51.31997],[-2.78594,51.32022],[-2.78622,51.32077],[-2.78659,51.32096],[-2.78681,51.32097],[-2.78682,51.321],[-2.7867,51.32104],[-2.78655,51.32104],[-2.78625,51.32088]]]}},{"type":"Feature","properties":{"cat":"Woodland","fill":"#2E7D32","text":"Improve structure and diversity of existing woodlands","url":"Click HERE to view the preferred habitat in our strategy"},"geometry":{"type":"Polygon","coordinates":[[[-2.78309,51.31873],[-2.783,51.3187],[-2.78284,51.31858],[-2.78271,51.31832],[-2.78269,51.31821],[-2.78271,51.31765],[-2.78252,51.31723],[-2.78252,51.31714],[-2.78254,51.31709],[-2.78314,51.31693],[-2.78324,51.31732],[-2.78332,51.31745],[-2.78347,51.31759],[-2.78368,51.31761],[-2.78361,51.31777],[-2.78329,51.31822],[-2.78307,51.31869],[-2.78309,51.31873]]]}},{"type":"Feature","properties":{"cat":"Woodland","fill":"#2E7D32","text":"Enhance conifer and mixed woodlands","url":"Click HERE to view the preferred habitat in our strategy"},"geometry":{"type":"Polygon","coordinates":[[[-2.80737,51.31163],[-2.80725,51.31173],[-2.80713,51.31191],[-2.80709,51.31186],[-2.80707,51.3116],[-2.80711,51.31147],[-2.80721,51.31135],[-2.80719,51.31121],[-2.80727,51.31114],[-2.80742,51.31158],[-2.80737,51.31163]]]}},{"type":"Feature","properties":{"cat":"Woodland","fill":"#2E7D32","text":"Enhance conifer and mixed woodlands","url":"Click HERE to view the preferred habitat in our strategy"},"geometry":{"type":"Polygon","coordinates":[[[-2.80329,51.31069],[-2.80276,51.31098],[-2.80192,51.31021],[-2.80263,51.30989],[-2.80317,51.31053],[-2.80335,51.31066],[-2.80329,51.31069]]]}},{"type":"Feature","properties":{"cat":"Woodland","fill":"#2E7D32","text":"Enhance conifer and mixed woodlands","url":"Click HERE to view the preferred habitat in our strategy"},"geometry":{"type":"Polygon","coordinates":[[[-2.77961,51.31993],[-2.77831,51.3197],[-2.77814,51.31962],[-2.77756,51.31919],[-2.77738,51.31909],[-2.77741,51.31865],[-2.7774,51.31808],[-2.77737,51.31796],[-2.77729,51.31784],[-2.778,51.31771],[-2.77836,51.3184],[-2.7785,51.3186],[-2.77879,51.31884],[-2.77929,51.31914],[-2.77971,51.31994],[-2.77961,51.31993]]]}},{"type":"Feature","properties":{"cat":"Woodland","fill":"#2E7D32","text":"Enhance conifer and mixed woodlands","url":"Click HERE to view the preferred habitat in our strategy"},"geometry":{"type":"Polygon","coordinates":[[[-2.78422,51.32185],[-2.78481,51.32159],[-2.7853,51.32094],[-2.78515,51.32162],[-2.78493,51.3219],[-2.7848,51.32196],[-2.78469,51.32196],[-2.78449,51.32188],[-2.78422,51.32185]]]}},{"type":"Feature","properties":{"cat":"Woodland","fill":"#2E7D32","text":"Enhance conifer and mixed woodlands","url":"Click HERE to view the preferred habitat in our strategy"},"geometry":{"type":"Polygon","coordinates":[[[-2.77299,51.3208],[-2.77294,51.3214],[-2.77163,51.32135],[-2.77101,51.31988],[-2.77064,51.31865],[-2.77142,51.31908],[-2.77194,51.31931],[-2.7731,51.31973],[-2.77299,51.3208]]]}},{"type":"Feature","properties":{"cat":"Woodland","fill":"#2E7D32","text":"Enhance conifer and mixed woodlands","url":"Click HERE to view the preferred habitat in our strategy"},"geometry":{"type":"Polygon","coordinates":[[[-2.7694,51.31339],[-2.76796,51.31334],[-2.76743,51.31335],[-2.76648,51.31348],[-2.7654,51.31349],[-2.76501,51.31256],[-2.76439,51.31197],[-2.76493,51.31096],[-2.76518,51.31078],[-2.76528,51.3105],[-2.76536,51.31049],[-2.76621,51.31065],[-2.76684,51.31095],[-2.76778,51.3116],[-2.76833,51.31194],[-2.7692,51.31277],[-2.76939,51.31302],[-2.76959,51.31331],[-2.7694,51.31339]]]}},{"type":"Feature","properties":{"cat":"Woodland","fill":"#2E7D32","text":"Enhance conifer and mixed woodlands","url":"Click HERE to view the preferred habitat in our strategy"},"geometry":{"type":"Polygon","coordinates":[[[-2.76526,51.31636],[-2.76492,51.31584],[-2.76471,51.31566],[-2.76453,51.31533],[-2.76427,51.31507],[-2.7642,51.31479],[-2.76411,51.3147],[-2.76399,51.31448],[-2.76374,51.31347],[-2.76379,51.31345],[-2.76524,51.31356],[-2.76531,51.31389],[-2.76564,51.31495],[-2.7659,51.31598],[-2.76578,51.31661],[-2.76567,51.31695],[-2.76526,51.31636]]]}},{"type":"Feature","properties":{"cat":"Woodland","fill":"#2E7D32","text":"Enhance conifer and mixed woodlands","url":"Click HERE to view the preferred habitat in our strategy"},"geometry":{"type":"Polygon","coordinates":[[[-2.77716,51.31082],[-2.77709,51.31071],[-2.77698,51.31037],[-2.7768,51.31004],[-2.77685,51.31004],[-2.77722,51.31026],[-2.77788,51.31072],[-2.77716,51.31082]]]}},{"type":"Feature","properties":{"cat":"Woodland","fill":"#2E7D32","text":"Enhance conifer and mixed woodlands","url":"Click HERE to view the preferred habitat in our strategy"},"geometry":{"type":"Polygon","coordinates":[[[-2.80214,51.32328],[-2.8021,51.3234],[-2.80175,51.32359],[-2.80153,51.32352],[-2.80111,51.32359],[-2.80107,51.32353],[-2.80113,51.32356],[-2.80214,51.32328]]]}},{"type":"Feature","properties":{"cat":"Woodland","fill":"#2E7D32","text":"Enhance conifer and mixed woodlands","url":"Click HERE to view the preferred habitat in our strategy"},"geometry":{"type":"Polygon","coordinates":[[[-2.78102,51.31827],[-2.78108,51.31744],[-2.78106,51.31734],[-2.78017,51.31668],[-2.78022,51.31657],[-2.78078,51.31648],[-2.78084,51.3164],[-2.78085,51.31633],[-2.78084,51.31619],[-2.78051,51.3158],[-2.78028,51.31537],[-2.78024,51.31509],[-2.78035,51.31476],[-2.78042,51.31477],[-2.78054,51.31485],[-2.78088,51.31528],[-2.78184,51.31624],[-2.78213,51.3167],[-2.78235,51.31715],[-2.78242,51.31738],[-2.78258,51.3175],[-2.78261,51.31784],[-2.78259,51.31828],[-2.78234,51.31834],[-2.78214,51.31846],[-2.78191,51.31875],[-2.78197,51.3192],[-2.78186,51.31947],[-2.78177,51.31959],[-2.78164,51.31969],[-2.78137,51.31978],[-2.78119,51.31979],[-2.78125,51.31953],[-2.78125,51.31936],[-2.7812,51.31915],[-2.78121,51.31882],[-2.78102,51.31827]],[[-2.78183,51.31784],[-2.78186,51.31813],[-2.78191,51.31826],[-2.78215,51.31829],[-2.78216,51.31784],[-2.78183,51.31784]]]}},{"type":"Feature","properties":{"cat":"Woodland","fill":"#2E7D32","text":"Enhance conifer and mixed woodlands","url":"Click HERE to view the preferred habitat in our strategy"},"geometry":{"type":"Polygon","coordinates":[[[-2.77717,51.32029],[-2.77712,51.32038],[-2.77566,51.32107],[-2.77491,51.32058],[-2.77457,51.3204],[-2.77542,51.32029],[-2.77627,51.32009],[-2.77715,51.3201],[-2.77717,51.32029]]]}},{"type":"Feature","properties":{"cat":"Woodland","fill":"#2E7D32","text":"Enhance conifer and mixed woodlands","url":"Click HERE to view the preferred habitat in our strategy"},"geometry":{"type":"Polygon","coordinates":[[[-2.77792,51.32163],[-2.77762,51.32147],[-2.77737,51.32139],[-2.77718,51.32135],[-2.77634,51.3213],[-2.77591,51.32121],[-2.77572,51.32111],[-2.77628,51.32088],[-2.77724,51.32039],[-2.7772,51.31951],[-2.77707,51.31945],[-2.77697,51.31926],[-2.77711,51.3193],[-2.77731,51.31942],[-2.77745,51.31963],[-2.77761,51.31979],[-2.77836,51.32042],[-2.77866,51.32062],[-2.77877,51.32074],[-2.77907,51.32127],[-2.77912,51.32175],[-2.77898,51.32176],[-2.77846,51.32202],[-2.7784,51.32203],[-2.77792,51.32163]]]}},{"type":"Feature","properties":{"cat":"Woodland","fill":"#2E7D32","text":"Enhance conifer and mixed woodlands","url":"Click HERE to view the preferred habitat in our strategy"},"geometry":{"type":"Polygon","coordinates":[[[-2.79583,51.28939],[-2.79654,51.28928],[-2.79659,51.28909],[-2.79663,51.28907],[-2.79718,51.28908],[-2.79721,51.28911],[-2.79677,51.28974],[-2.79637,51.28977],[-2.79627,51.2897],[-2.79606,51.28971],[-2.79594,51.28979],[-2.79498,51.28988],[-2.79494,51.2898],[-2.79495,51.28961],[-2.79518,51.28955],[-2.79574,51.28954],[-2.79581,51.28951],[-2.79583,51.28939]]]}},{"type":"Feature","properties":{"cat":"Woodland","fill":"#2E7D32","text":"Enhance conifer and mixed woodlands","url":"Click HERE to view the preferred habitat in our strategy"},"geometry":{"type":"Polygon","coordinates":[[[-2.79681,51.30232],[-2.7969,51.30234],[-2.7971,51.3022],[-2.79705,51.30214],[-2.79725,51.30184],[-2.79757,51.30122],[-2.79769,51.3008],[-2.79771,51.30056],[-2.79781,51.30065],[-2.79781,51.30075],[-2.79786,51.30089],[-2.79852,51.30204],[-2.79687,51.30241],[-2.79681,51.30232]]]}},{"type":"Feature","properties":{"cat":"Woodland","fill":"#2E7D32","text":"Enhance conifer and mixed woodlands","url":"Click HERE to view the preferred habitat in our strategy"},"geometry":{"type":"Polygon","coordinates":[[[-2.76575,51.32042],[-2.76657,51.3216],[-2.76674,51.32178],[-2.76661,51.32175],[-2.76533,51.3208],[-2.76414,51.31998],[-2.76386,51.32033],[-2.76391,51.32092],[-2.76387,51.32159],[-2.76384,51.32151],[-2.76386,51.32107],[-2.76384,51.32041],[-2.7638,51.32027],[-2.76365,51.31999],[-2.76368,51.3197],[-2.76383,51.3197],[-2.76429,51.3199],[-2.76519,51.32023],[-2.76574,51.32039],[-2.76575,51.32042]],[[-2.7638,51.32004],[-2.76373,51.32003],[-2.76376,51.32009],[-2.76386,51.32011],[-2.7638,51.32004]]]}},{"type":"Feature","properties":{"cat":"Woodland","fill":"#2E7D32","text":"Enhance conifer and mixed woodlands","url":"Click HERE to view the preferred habitat in our strategy"},"geometry":{"type":"Polygon","coordinates":[[[-2.7764,51.30889],[-2.77595,51.3087],[-2.77581,51.30868],[-2.77575,51.30862],[-2.7757,51.30863],[-2.77568,51.30865],[-2.7764,51.30901],[-2.77654,51.30911],[-2.7756,51.30925],[-2.77527,51.30945],[-2.7746,51.30937],[-2.77434,51.30924],[-2.77377,51.30904],[-2.77306,51.30873],[-2.77105,51.30826],[-2.77033,51.30814],[-2.76878,51.30781],[-2.76838,51.30766],[-2.76817,51.30756],[-2.76816,51.30752],[-2.76829,51.30742],[-2.76852,51.3074],[-2.76961,51.30744],[-2.77005,51.30748],[-2.77059,51.30764],[-2.77141,51.30767],[-2.77266,51.30793],[-2.77538,51.30864],[-2.77547,51.30864],[-2.77555,51.30857],[-2.77569,51.30853],[-2.7765,51.30881],[-2.77712,51.30919],[-2.77698,51.30921],[-2.7764,51.30889]]]}},{"type":"Feature","properties":{"cat":"Woodland","fill":"#2E7D32","text":"Enhance conifer and mixed woodlands","url":"Click HERE to view the preferred habitat in our strategy"},"geometry":{"type":"Polygon","coordinates":[[[-2.79428,51.28971],[-2.79425,51.28939],[-2.79429,51.28932],[-2.79437,51.28927],[-2.79492,51.28929],[-2.79522,51.28927],[-2.79543,51.28937],[-2.79568,51.28939],[-2.79576,51.28945],[-2.79575,51.2895],[-2.79571,51.28952],[-2.79516,51.28952],[-2.79431,51.28975],[-2.79428,51.28971]]]}},{"type":"Feature","properties":{"cat":"Woodland","fill":"#2E7D32","text":"Enhance conifer and mixed woodlands","url":"Click HERE to view the preferred habitat in our strategy"},"geometry":{"type":"Polygon","coordinates":[[[-2.80007,51.31276],[-2.80009,51.31269],[-2.79996,51.31267],[-2.8001,51.31224],[-2.80024,51.31219],[-2.80036,51.31204],[-2.8005,51.31207],[-2.80049,51.31219],[-2.8004,51.31237],[-2.80042,51.31239],[-2.80034,51.31252],[-2.80029,51.31251],[-2.80011,51.31276],[-2.80007,51.31276]]]}},{"type":"Feature","properties":{"cat":"Woodland","fill":"#2E7D32","text":"Enhance conifer and mixed woodlands","url":"Click HERE to view the preferred habitat in our strategy"},"geometry":{"type":"Polygon","coordinates":[[[-2.76701,51.31859],[-2.76591,51.3183],[-2.76576,51.31816],[-2.76587,51.31764],[-2.77053,51.31858],[-2.77092,51.31985],[-2.77154,51.32134],[-2.77109,51.32129],[-2.76614,51.32042],[-2.76581,51.31993],[-2.76573,51.31972],[-2.76659,51.3195],[-2.767,51.3193],[-2.76717,51.31907],[-2.76721,51.31888],[-2.7672,51.31873],[-2.76716,51.31867],[-2.76701,51.31859]]]}},{"type":"Feature","properties":{"cat":"Woodland","fill":"#2E7D32","text":"Enhance conifer and mixed woodlands","url":"Click HERE to view the preferred habitat in our strategy"},"geometry":{"type":"Polygon","coordinates":[[[-2.77946,51.32242],[-2.77939,51.32223],[-2.77937,51.32194],[-2.77916,51.32172],[-2.77912,51.32129],[-2.77883,51.32076],[-2.77868,51.32059],[-2.7783,51.32033],[-2.77753,51.31966],[-2.77732,51.31935],[-2.77735,51.31911],[-2.7782,51.31969],[-2.77841,51.31976],[-2.7792,51.3199],[-2.77996,51.32014],[-2.78006,51.32029],[-2.78022,51.3203],[-2.78061,51.32171],[-2.78034,51.3219],[-2.7803,51.32211],[-2.78019,51.32224],[-2.77996,51.32234],[-2.77946,51.32242]]]}},{"type":"Feature","properties":{"cat":"Woodland","fill":"#2E7D32","text":"Enhance conifer and mixed woodlands","url":"Click HERE to view the preferred habitat in our strategy"},"geometry":{"type":"Polygon","coordinates":[[[-2.78689,51.31268],[-2.78669,51.31265],[-2.78603,51.31267],[-2.7856,51.31263],[-2.78518,51.31269],[-2.78538,51.31258],[-2.78558,51.31255],[-2.78762,51.31267],[-2.78775,51.31265],[-2.78837,51.31274],[-2.78904,51.3129],[-2.78871,51.31284],[-2.78843,51.31285],[-2.78751,51.31274],[-2.78735,51.31269],[-2.78689,51.31268]]]}},{"type":"Feature","properties":{"cat":"Woodland","fill":"#2E7D32","text":"Enhance conifer and mixed woodlands","url":"Click HERE to view the preferred habitat in our strategy"},"geometry":{"type":"Polygon","coordinates":[[[-2.77947,51.31223],[-2.77925,51.31201],[-2.77901,51.31162],[-2.77906,51.31161],[-2.77923,51.31173],[-2.77965,51.31214],[-2.77966,51.31216],[-2.77947,51.31223]]]}},{"type":"Feature","properties":{"cat":"Woodland","fill":"#2E7D32","text":"Enhance conifer and mixed woodlands","url":"Click HERE to view the preferred habitat in our strategy"},"geometry":{"type":"Polygon","coordinates":[[[-2.77099,51.3095],[-2.76681,51.30916],[-2.76623,51.3091],[-2.7662,51.30907],[-2.76631,51.30887],[-2.76641,51.30876],[-2.76726,51.30891],[-2.76801,51.30891],[-2.76898,51.30908],[-2.76955,51.30912],[-2.77056,51.30934],[-2.77128,51.30953],[-2.77099,51.3095]]]}},{"type":"Feature","properties":{"cat":"Woodland","fill":"#2E7D32","text":"Enhance conifer and mixed woodlands","url":"Click HERE to view the preferred habitat in our strategy"},"geometry":{"type":"Polygon","coordinates":[[[-2.77263,51.28794],[-2.77187,51.28797],[-2.77115,51.28795],[-2.77111,51.28776],[-2.771,51.28767],[-2.77124,51.28772],[-2.77156,51.28767],[-2.77171,51.28758],[-2.7717,51.28736],[-2.77204,51.28744],[-2.77214,51.28738],[-2.77293,51.28789],[-2.77315,51.288],[-2.77294,51.28802],[-2.77263,51.28794]]]}},{"type":"Feature","properties":{"cat":"Woodland","fill":"#2E7D32","text":"Enhance conifer and mixed woodlands","url":"Click HERE to view the preferred habitat in our strategy"},"geometry":{"type":"Polygon","coordinates":[[[-2.77604,51.30687],[-2.77616,51.30688],[-2.77653,51.30762],[-2.77746,51.30915],[-2.77743,51.30916],[-2.77688,51.30826],[-2.77629,51.30723],[-2.77621,51.30703],[-2.7761,51.30696],[-2.77592,51.30692],[-2.77604,51.30687]]]}},{"type":"Feature","properties":{"cat":"Woodland","fill":"#2E7D32","text":"Improve structure and diversity of existing woodlands","url":"Click HERE to view the preferred habitat in our strategy"},"geometry":{"type":"Polygon","coordinates":[[[-2.80033,51.30967],[-2.80068,51.30954],[-2.80092,51.30933],[-2.80106,51.30951],[-2.80119,51.30947],[-2.80158,51.30991],[-2.80137,51.31001],[-2.80164,51.31024],[-2.80137,51.31037],[-2.8011,51.30991],[-2.80097,51.3098],[-2.80076,51.30979],[-2.80071,51.30999],[-2.80098,51.31048],[-2.8009,51.31056],[-2.80065,51.31064],[-2.80024,51.31009],[-2.8002,51.30983],[-2.80033,51.30967]]]}},{"type":"Feature","properties":{"cat":"Woodland","fill":"#2E7D32","text":"Improve structure and diversity of existing woodlands","url":"Click HERE to view the preferred habitat in our strategy"},"geometry":{"type":"Polygon","coordinates":[[[-2.80806,51.28499],[-2.80749,51.28511],[-2.80633,51.28525],[-2.80627,51.28523],[-2.80611,51.28528],[-2.80576,51.28532],[-2.80578,51.28527],[-2.8059,51.28523],[-2.80667,51.28511],[-2.80768,51.28488],[-2.80802,51.28478],[-2.8084,51.28462],[-2.80823,51.28495],[-2.80806,51.28499]]]}},{"type":"Feature","properties":{"cat":"Woodland","fill":"#2E7D32","text":"Enhance ancient woodland and temperate rainforests","url":"Click HERE to view the preferred habitat in our strategy"},"geometry":{"type":"Polygon","coordinates":[[[-2.79701,51.29001],[-2.79686,51.28998],[-2.79689,51.28985],[-2.7973,51.28922],[-2.79735,51.2892],[-2.79753,51.28924],[-2.79785,51.28936],[-2.79777,51.28959],[-2.79766,51.2898],[-2.79756,51.28989],[-2.79753,51.29002],[-2.79746,51.29012],[-2.79701,51.29001]]]}},{"type":"Feature","properties":{"cat":"Woodland","fill":"#2E7D32","text":"Establish trees outside of woodlands","url":"Click HERE to view the preferred habitat in our strategy"},"geometry":{"type":"Polygon","coordinates":[[[-2.7794,51.30979],[-2.77933,51.3097],[-2.7796,51.30979],[-2.7794,51.30979]]]}},{"type":"Feature","properties":{"cat":"Woodland","fill":"#2E7D32","text":"Establish trees outside of woodlands","url":"Click HERE to view the preferred habitat in our strategy"},"geometry":{"type":"Polygon","coordinates":[[[-2.76542,51.30688],[-2.76539,51.30693],[-2.76472,51.30668],[-2.76492,51.30646],[-2.76557,51.30671],[-2.76542,51.30688]]]}},{"type":"Feature","properties":{"cat":"Woodland","fill":"#2E7D32","text":"Conserve and restore traditional orchards","url":"Click HERE to view the preferred habitat in our strategy"},"geometry":{"type":"Polygon","coordinates":[[[-2.8061,51.2873],[-2.80579,51.28666],[-2.80607,51.28662],[-2.80638,51.28724],[-2.80642,51.28723],[-2.80642,51.28735],[-2.80615,51.2874],[-2.8061,51.2873]],[[-2.80623,51.28721],[-2.80631,51.28719],[-2.80627,51.28711],[-2.80611,51.28716],[-2.80619,51.28732],[-2.80627,51.2873],[-2.80623,51.28721]]]}},{"type":"Feature","properties":{"cat":"Woodland","fill":"#2E7D32","text":"Establish trees outside of woodlands","url":"Click HERE to view the preferred habitat in our strategy"},"geometry":{"type":"Polygon","coordinates":[[[-2.84137,51.29],[-2.84136,51.28989],[-2.84122,51.28985],[-2.84121,51.28939],[-2.84173,51.2894],[-2.84171,51.29013],[-2.84152,51.29012],[-2.84137,51.29007],[-2.84137,51.29]]]}},{"type":"Feature","properties":{"cat":"Woodland","fill":"#2E7D32","text":"Conserve and restore traditional orchards","url":"Click HERE to view the preferred habitat in our strategy"},"geometry":{"type":"Polygon","coordinates":[[[-2.80895,51.31724],[-2.80899,51.31772],[-2.80908,51.31824],[-2.80907,51.31828],[-2.80901,51.31828],[-2.80901,51.31831],[-2.80902,51.31835],[-2.80911,51.31837],[-2.80915,51.31866],[-2.80914,51.31872],[-2.80875,51.31874],[-2.80868,51.31818],[-2.80847,51.31721],[-2.80894,51.31721],[-2.80895,51.31724]],[[-2.80899,51.31841],[-2.809,51.31835],[-2.80873,51.31836],[-2.80873,51.31843],[-2.80889,51.31842],[-2.80891,51.31856],[-2.809,51.31855],[-2.80899,51.31841]]]}},{"type":"Feature","properties":{"cat":"Woodland","fill":"#2E7D32","text":"Conserve and restore traditional orchards","url":"Click HERE to view the preferred habitat in our strategy"},"geometry":{"type":"Polygon","coordinates":[[[-2.84314,51.28524],[-2.84379,51.28551],[-2.84505,51.2859],[-2.84511,51.2859],[-2.84527,51.28581],[-2.84545,51.28557],[-2.8459,51.28569],[-2.84581,51.28587],[-2.84582,51.28594],[-2.84574,51.28604],[-2.84579,51.28607],[-2.84567,51.2863],[-2.84466,51.28627],[-2.84457,51.28623],[-2.84423,51.28594],[-2.84338,51.28563],[-2.84307,51.2853],[-2.84309,51.28524],[-2.84314,51.28524]],[[-2.84551,51.28625],[-2.84564,51.28628],[-2.84566,51.28623],[-2.84553,51.2862],[-2.84551,51.28625]],[[-2.84513,51.28618],[-2.84523,51.2862],[-2.84545,51.28618],[-2.84545,51.28613],[-2.84513,51.28613],[-2.84513,51.28618]],[[-2.8453,51.28583],[-2.8457,51.28598],[-2.84578,51.28592],[-2.84576,51.28587],[-2.84571,51.2859],[-2.84534,51.28579],[-2.8453,51.28583]],[[-2.84341,51.28553],[-2.84364,51.28564],[-2.84375,51.28553],[-2.84352,51.28544],[-2.84341,51.28553]]]}},{"type":"Feature","properties":{"cat":"Woodland","fill":"#2E7D32","text":"Conserve and restore traditional orchards","url":"Click HERE to view the preferred habitat in our strategy"},"geometry":{"type":"Polygon","coordinates":[[[-2.79108,51.32423],[-2.79103,51.32424],[-2.79097,51.32414],[-2.79062,51.32389],[-2.79067,51.32386],[-2.79058,51.32387],[-2.79053,51.32371],[-2.7908,51.32365],[-2.79065,51.32331],[-2.79109,51.32322],[-2.79138,51.32368],[-2.79093,51.32373],[-2.79094,51.32384],[-2.79108,51.32383],[-2.79113,51.32401],[-2.79116,51.32401],[-2.79115,51.32423],[-2.79108,51.32423]]]}},{"type":"Feature","properties":{"cat":"Woodland","fill":"#2E7D32","text":"Conserve and restore traditional orchards","url":"Click HERE to view the preferred habitat in our strategy"},"geometry":{"type":"Polygon","coordinates":[[[-2.7991,51.30836],[-2.79897,51.30837],[-2.79887,51.30825],[-2.79919,51.30815],[-2.79932,51.30832],[-2.7991,51.30836]]]}},{"type":"Feature","properties":{"cat":"Woodland","fill":"#2E7D32","text":"Conserve and restore traditional orchards","url":"Click HERE to view the preferred habitat in our strategy"},"geometry":{"type":"Polygon","coordinates":[[[-2.78524,51.31353],[-2.7848,51.31351],[-2.7848,51.31334],[-2.78491,51.31333],[-2.78492,51.3133],[-2.78482,51.3133],[-2.78513,51.31328],[-2.78512,51.31292],[-2.78547,51.31287],[-2.78545,51.31279],[-2.78561,51.3128],[-2.78555,51.31327],[-2.78547,51.31353],[-2.78524,51.31353]],[[-2.78529,51.31348],[-2.78534,51.31348],[-2.78534,51.31338],[-2.78517,51.31337],[-2.78516,51.31349],[-2.78529,51.31352],[-2.78529,51.31348]],[[-2.78556,51.31297],[-2.78554,51.313],[-2.78558,51.313],[-2.78556,51.31297]]]}},{"type":"Feature","properties":{"cat":"Woodland","fill":"#2E7D32","text":"Conserve and restore traditional orchards","url":"Click HERE to view the preferred habitat in our strategy"},"geometry":{"type":"Polygon","coordinates":[[[-2.83896,51.2897],[-2.83886,51.2897],[-2.83879,51.2894],[-2.83883,51.28939],[-2.83883,51.28936],[-2.83878,51.28937],[-2.83876,51.28927],[-2.83871,51.28928],[-2.83855,51.28883],[-2.83894,51.2888],[-2.8391,51.2897],[-2.83896,51.2897]],[[-2.83899,51.28916],[-2.83894,51.28917],[-2.83892,51.28911],[-2.83883,51.28912],[-2.83881,51.28908],[-2.8387,51.2891],[-2.83872,51.28916],[-2.83876,51.28915],[-2.83879,51.28924],[-2.839,51.2892],[-2.83899,51.28916]]]}},{"type":"Feature","properties":{"cat":"Woodland","fill":"#2E7D32","text":"Improve structure and diversity of existing woodlands","url":"Click HERE to view the preferred habitat in our strategy"},"geometry":{"type":"Polygon","coordinates":[[[-2.77296,51.28976],[-2.77285,51.28992],[-2.77249,51.28959],[-2.77309,51.28959],[-2.77296,51.28976]]]}},{"type":"Feature","properties":{"cat":"Woodland","fill":"#2E7D32","text":"Conserve and restore traditional orchards","url":"Click HERE to view the preferred habitat in our strategy"},"geometry":{"type":"Polygon","coordinates":[[[-2.8139,51.28012],[-2.81378,51.27945],[-2.81381,51.27927],[-2.81376,51.279],[-2.8162,51.27897],[-2.8162,51.27994],[-2.81623,51.28021],[-2.81402,51.28025],[-2.81393,51.28024],[-2.8139,51.28012]]]}},{"type":"Feature","properties":{"cat":"Woodland","fill":"#2E7D32","text":"Establish trees outside of woodlands","url":"Click HERE to view the preferred habitat in our strategy"},"geometry":{"type":"Polygon","coordinates":[[[-2.8069,51.28885],[-2.8069,51.28889],[-2.80694,51.28888],[-2.80693,51.28886],[-2.807,51.28886],[-2.80742,51.28972],[-2.80746,51.28999],[-2.80737,51.29029],[-2.80723,51.29029],[-2.80684,51.28883],[-2.8069,51.28885]]]}},{"type":"Feature","properties":{"cat":"Woodland","fill":"#2E7D32","text":"Establish trees outside of woodlands","url":"Click HERE to view the preferred habitat in our strategy"},"geometry":{"type":"Polygon","coordinates":[[[-2.80569,51.30817],[-2.80554,51.30795],[-2.80823,51.30768],[-2.80848,51.30807],[-2.80847,51.30815],[-2.80827,51.30833],[-2.80822,51.30856],[-2.80849,51.30915],[-2.80658,51.30951],[-2.80569,51.30817]]]}},{"type":"Feature","properties":{"cat":"Woodland","fill":"#2E7D32","text":"Establish trees outside of woodlands","url":"Click HERE to view the preferred habitat in our strategy"},"geometry":{"type":"Polygon","coordinates":[[[-2.78678,51.32204],[-2.78663,51.32173],[-2.78653,51.32141],[-2.78656,51.32132],[-2.7867,51.32124],[-2.78704,51.32135],[-2.78714,51.32132],[-2.78724,51.32122],[-2.78761,51.32122],[-2.78763,51.32125],[-2.78772,51.32126],[-2.78776,51.32125],[-2.78775,51.32121],[-2.78822,51.32113],[-2.78853,51.32112],[-2.78858,51.3212],[-2.78825,51.3214],[-2.78809,51.32142],[-2.78782,51.32138],[-2.78813,51.32169],[-2.78828,51.3218],[-2.78937,51.32163],[-2.78953,51.32198],[-2.78847,51.32215],[-2.7869,51.32232],[-2.78678,51.32204]]]}},{"type":"Feature","properties":{"cat":"Woodland","fill":"#2E7D32","text":"Establish trees outside of woodlands","url":"Click HERE to view the preferred habitat in our strategy"},"geometry":{"type":"Polygon","coordinates":[[[-2.80992,51.3056],[-2.80992,51.30563],[-2.80697,51.30609],[-2.80533,51.30625],[-2.80455,51.30628],[-2.80397,51.30634],[-2.80399,51.30631],[-2.80662,51.30609],[-2.80992,51.3056]]]}},{"type":"Feature","properties":{"cat":"Woodland","fill":"#2E7D32","text":"Establish trees outside of woodlands","url":"Click HERE to view the preferred habitat in our strategy"},"geometry":{"type":"Polygon","coordinates":[[[-2.79976,51.31683],[-2.79974,51.31685],[-2.79968,51.3168],[-2.79882,51.31645],[-2.79872,51.3164],[-2.79873,51.31634],[-2.79909,51.31647],[-2.79976,51.31683]]]}},{"type":"Feature","properties":{"cat":"Woodland","fill":"#2E7D32","text":"Establish trees outside of woodlands","url":"Click HERE to view the preferred habitat in our strategy"},"geometry":{"type":"Polygon","coordinates":[[[-2.80823,51.32038],[-2.80825,51.32052],[-2.80832,51.32062],[-2.80809,51.32067],[-2.80806,51.32072],[-2.8078,51.32077],[-2.80768,51.32076],[-2.80731,51.32086],[-2.80672,51.32086],[-2.8066,51.3206],[-2.80823,51.32038]],[[-2.80709,51.3208],[-2.80709,51.32084],[-2.80715,51.32084],[-2.80715,51.3208],[-2.80709,51.3208]]]}},{"type":"Feature","properties":{"cat":"Woodland","fill":"#2E7D32","text":"Establish trees outside of woodlands","url":"Click HERE to view the preferred habitat in our strategy"},"geometry":{"type":"Polygon","coordinates":[[[-2.81877,51.28404],[-2.81887,51.28394],[-2.81935,51.28401],[-2.81921,51.28415],[-2.81916,51.28425],[-2.81872,51.28418],[-2.81879,51.28405],[-2.81877,51.28404]]]}},{"type":"Feature","properties":{"cat":"Woodland","fill":"#2E7D32","text":"Establish trees outside of woodlands","url":"Click HERE to view the preferred habitat in our strategy"},"geometry":{"type":"Polygon","coordinates":[[[-2.80306,51.31123],[-2.80309,51.31123],[-2.80311,51.31123],[-2.80313,51.31124],[-2.80317,51.31126],[-2.80319,51.31127],[-2.80311,51.31125],[-2.80305,51.31123],[-2.80306,51.31123]]]}},{"type":"Feature","properties":{"cat":"Woodland","fill":"#2E7D32","text":"Establish trees outside of woodlands","url":"Click HERE to view the preferred habitat in our strategy"},"geometry":{"type":"Polygon","coordinates":[[[-2.78169,51.30714],[-2.78156,51.30714],[-2.78156,51.30717],[-2.78147,51.30718],[-2.78144,51.30722],[-2.78123,51.30725],[-2.78119,51.30723],[-2.78117,51.30713],[-2.78171,51.30712],[-2.78177,51.30755],[-2.78177,51.30759],[-2.78172,51.30759],[-2.78172,51.30744],[-2.78168,51.30727],[-2.78165,51.30726],[-2.7817,51.30724],[-2.78169,51.30714]]]}},{"type":"Feature","properties":{"cat":"Woodland","fill":"#2E7D32","text":"Establish trees outside of woodlands","url":"Click HERE to view the preferred habitat in our strategy"},"geometry":{"type":"Polygon","coordinates":[[[-2.729,51.31503],[-2.7287,51.31543],[-2.72857,51.31544],[-2.72852,51.31551],[-2.72874,51.31634],[-2.72858,51.31611],[-2.72817,51.31525],[-2.72817,51.31518],[-2.72832,51.31474],[-2.729,51.31503]]]}},{"type":"Feature","properties":{"cat":"Woodland","fill":"#2E7D32","text":"Conserve and restore traditional orchards","url":"Click HERE to view the preferred habitat in our strategy"},"geometry":{"type":"Polygon","coordinates":[[[-2.77316,51.28424],[-2.77312,51.28417],[-2.77308,51.28417],[-2.77307,51.2841],[-2.77325,51.28409],[-2.77325,51.28404],[-2.77319,51.28404],[-2.77316,51.28398],[-2.77312,51.28398],[-2.77312,51.28393],[-2.77315,51.28393],[-2.77313,51.28375],[-2.77395,51.28365],[-2.77413,51.28412],[-2.77401,51.28414],[-2.77405,51.28424],[-2.77415,51.28422],[-2.77414,51.2842],[-2.77421,51.28422],[-2.77312,51.28437],[-2.7731,51.28428],[-2.77316,51.28428],[-2.77316,51.28424]]]}},{"type":"Feature","properties":{"cat":"Woodland","fill":"#2E7D32","text":"Enhance conifer and mixed woodlands","url":"Click HERE to view the preferred habitat in our strategy"},"geometry":{"type":"Polygon","coordinates":[[[-2.77217,51.30969],[-2.77314,51.30978],[-2.77326,51.3108],[-2.77274,51.31017],[-2.77217,51.30969]]]}},{"type":"Feature","properties":{"cat":"Woodland","fill":"#2E7D32","text":"Establish trees outside of woodlands","url":"Click HERE to view the preferred habitat in our strategy"},"geometry":{"type":"Polygon","coordinates":[[[-2.72742,51.30362],[-2.73038,51.30343],[-2.73178,51.30344],[-2.73182,51.30391],[-2.7318,51.30501],[-2.73186,51.30538],[-2.73036,51.3058],[-2.72742,51.30601],[-2.72742,51.30362]]]}},{"type":"Feature","properties":{"cat":"Woodland","fill":"#2E7D32","text":"Establish trees outside of woodlands","url":"Click HERE to view the preferred habitat in our strategy"},"geometry":{"type":"Polygon","coordinates":[[[-2.81812,51.28885],[-2.81808,51.28859],[-2.81915,51.28853],[-2.81917,51.28857],[-2.81896,51.28878],[-2.81877,51.28886],[-2.81813,51.28895],[-2.81812,51.28885]],[[-2.81872,51.28857],[-2.81863,51.28859],[-2.81864,51.28862],[-2.81873,51.28859],[-2.81872,51.28857]],[[-2.81841,51.28887],[-2.81836,51.28887],[-2.81837,51.28889],[-2.81841,51.28888],[-2.81841,51.28887]]]}},{"type":"Feature","properties":{"cat":"Woodland","fill":"#2E7D32","text":"Establish trees outside of woodlands","url":"Click HERE to view the preferred habitat in our strategy"},"geometry":{"type":"Polygon","coordinates":[[[-2.80804,51.32624],[-2.80821,51.32627],[-2.80842,51.32636],[-2.80918,51.32645],[-2.8102,51.32667],[-2.81088,51.32674],[-2.81148,51.32693],[-2.81169,51.32704],[-2.81133,51.32689],[-2.81078,51.32674],[-2.80992,51.32664],[-2.80914,51.32645],[-2.80851,51.32638],[-2.80804,51.32624]]]}},{"type":"Feature","properties":{"cat":"Woodland","fill":"#2E7D32","text":"Establish trees outside of woodlands","url":"Click HERE to view the preferred habitat in our strategy"},"geometry":{"type":"Polygon","coordinates":[[[-2.80299,51.30621],[-2.80333,51.30618],[-2.80365,51.30621],[-2.80371,51.30624],[-2.80376,51.30632],[-2.80382,51.30633],[-2.80302,51.3064],[-2.80299,51.30621]]]}},{"type":"Feature","properties":{"cat":"Woodland","fill":"#2E7D32","text":"Establish trees outside of woodlands","url":"Click HERE to view the preferred habitat in our strategy"},"geometry":{"type":"Polygon","coordinates":[[[-2.80661,51.32614],[-2.80691,51.32612],[-2.80737,51.32619],[-2.80798,51.32623],[-2.80722,51.32618],[-2.80693,51.32613],[-2.80661,51.32614]]]}},{"type":"Feature","properties":{"cat":"Woodland","fill":"#2E7D32","text":"Establish trees outside of woodlands","url":"Click HERE to view the preferred habitat in our strategy"},"geometry":{"type":"Polygon","coordinates":[[[-2.74953,51.30017],[-2.7497,51.30016],[-2.74973,51.30038],[-2.74986,51.30043],[-2.74997,51.30055],[-2.75002,51.30055],[-2.75011,51.30048],[-2.75023,51.30048],[-2.75023,51.30061],[-2.75016,51.30068],[-2.75007,51.30096],[-2.74995,51.30076],[-2.74996,51.30069],[-2.74982,51.30065],[-2.74979,51.30047],[-2.74963,51.30049],[-2.74958,51.30042],[-2.74948,51.30041],[-2.74947,51.30034],[-2.74951,51.30027],[-2.74949,51.30021],[-2.74951,51.30016],[-2.74953,51.30017]]]}},{"type":"Feature","properties":{"cat":"Woodland","fill":"#2E7D32","text":"Establish trees outside of woodlands","url":"Click HERE to view the preferred habitat in our strategy"},"geometry":{"type":"Polygon","coordinates":[[[-2.80654,51.32614],[-2.80656,51.32614],[-2.80659,51.32614],[-2.80654,51.32614],[-2.80654,51.32614]]]}},{"type":"Feature","properties":{"cat":"Woodland","fill":"#2E7D32","text":"Establish trees outside of woodlands","url":"Click HERE to view the preferred habitat in our strategy"},"geometry":{"type":"Polygon","coordinates":[[[-2.82672,51.28868],[-2.8268,51.2886],[-2.82674,51.28858],[-2.82682,51.28847],[-2.82804,51.28866],[-2.82868,51.28885],[-2.82937,51.28901],[-2.82922,51.28929],[-2.82854,51.28913],[-2.82831,51.28984],[-2.82817,51.29012],[-2.82793,51.28996],[-2.82788,51.28981],[-2.82767,51.28959],[-2.82725,51.28926],[-2.82654,51.28883],[-2.82672,51.28868]]]}},{"type":"Feature","properties":{"cat":"Woodland","fill":"#2E7D32","text":"Establish trees outside of woodlands","url":"Click HERE to view the preferred habitat in our strategy"},"geometry":{"type":"Polygon","coordinates":[[[-2.73518,51.3188],[-2.73559,51.31896],[-2.73512,51.31878],[-2.73511,51.31876],[-2.73518,51.3188]]]}},{"type":"Feature","properties":{"cat":"Woodland","fill":"#2E7D32","text":"Establish trees outside of woodlands","url":"Click HERE to view the preferred habitat in our strategy"},"geometry":{"type":"Polygon","coordinates":[[[-2.73603,51.31935],[-2.73592,51.31942],[-2.73594,51.31948],[-2.73591,51.31941],[-2.73603,51.31935]]]}},{"type":"Feature","properties":{"cat":"Woodland","fill":"#2E7D32","text":"Establish trees outside of woodlands","url":"Click HERE to view the preferred habitat in our strategy"},"geometry":{"type":"Polygon","coordinates":[[[-2.80415,51.31712],[-2.80417,51.31695],[-2.80429,51.31699],[-2.80466,51.31698],[-2.80474,51.31695],[-2.80475,51.31687],[-2.80466,51.31683],[-2.80417,51.31677],[-2.80414,51.316],[-2.8041,51.31582],[-2.80469,51.31581],[-2.8048,51.31606],[-2.80491,51.31645],[-2.80503,51.31711],[-2.80415,51.31712]]]}},{"type":"Feature","properties":{"cat":"Woodland","fill":"#2E7D32","text":"Establish trees outside of woodlands","url":"Click HERE to view the preferred habitat in our strategy"},"geometry":{"type":"Polygon","coordinates":[[[-2.77999,51.28892],[-2.77998,51.28833],[-2.77981,51.28761],[-2.78024,51.28761],[-2.78025,51.28817],[-2.78027,51.28823],[-2.78042,51.28824],[-2.78043,51.2885],[-2.78039,51.28863],[-2.78039,51.28887],[-2.78038,51.28891],[-2.78026,51.28896],[-2.77998,51.28895],[-2.77999,51.28892]]]}},{"type":"Feature","properties":{"cat":"Woodland","fill":"#2E7D32","text":"Establish trees outside of woodlands","url":"Click HERE to view the preferred habitat in our strategy"},"geometry":{"type":"Polygon","coordinates":[[[-2.78318,51.3138],[-2.78367,51.31442],[-2.7837,51.31447],[-2.78362,51.31449],[-2.78367,51.31454],[-2.78344,51.31464],[-2.78332,51.31464],[-2.7831,51.31454],[-2.78287,51.31438],[-2.78298,51.31433],[-2.78269,51.31396],[-2.78318,51.3138]]]}},{"type":"Feature","properties":{"cat":"Woodland","fill":"#2E7D32","text":"Establish trees outside of woodlands","url":"Click HERE to view the preferred habitat in our strategy"},"geometry":{"type":"Polygon","coordinates":[[[-2.78122,51.32017],[-2.782,51.32039],[-2.78321,51.3208],[-2.78339,51.32092],[-2.78352,51.32106],[-2.78379,51.32151],[-2.78407,51.32184],[-2.782,51.32235],[-2.78152,51.32241],[-2.7813,51.32233],[-2.7807,51.32169],[-2.78063,51.32152],[-2.78055,51.32107],[-2.78056,51.32097],[-2.78062,51.32088],[-2.78048,51.3208],[-2.7803,51.32034],[-2.78119,51.32015],[-2.78122,51.32017]]]}},{"type":"Feature","properties":{"cat":"Woodland","fill":"#2E7D32","text":"Establish trees outside of woodlands","url":"Click HERE to view the preferred habitat in our strategy"},"geometry":{"type":"Polygon","coordinates":[[[-2.78383,51.3143],[-2.78371,51.3143],[-2.78353,51.31408],[-2.78345,51.31404],[-2.78309,51.31355],[-2.78327,51.31358],[-2.78331,51.31349],[-2.78345,51.31349],[-2.78424,51.31356],[-2.78383,51.3143]]]}},{"type":"Feature","properties":{"cat":"Woodland","fill":"#2E7D32","text":"Establish trees outside of woodlands","url":"Click HERE to view the preferred habitat in our strategy"},"geometry":{"type":"Polygon","coordinates":[[[-2.73397,51.31854],[-2.73486,51.31866],[-2.73508,51.3187],[-2.73508,51.31873],[-2.73506,51.3187],[-2.73397,51.31854]]]}},{"type":"Feature","properties":{"cat":"Woodland","fill":"#2E7D32","text":"Establish trees outside of woodlands","url":"Click HERE to view the preferred habitat in our strategy"},"geometry":{"type":"Polygon","coordinates":[[[-2.78238,51.31114],[-2.78145,51.31125],[-2.78138,51.3112],[-2.78162,51.31111],[-2.78165,51.31106],[-2.78162,51.311],[-2.78234,51.31089],[-2.78238,51.31114]]]}},{"type":"Feature","properties":{"cat":"Woodland","fill":"#2E7D32","text":"Establish trees outside of woodlands","url":"Click HERE to view the preferred habitat in our strategy"},"geometry":{"type":"Polygon","coordinates":[[[-2.76613,51.30719],[-2.76539,51.30693],[-2.76602,51.30616],[-2.76748,51.30645],[-2.76736,51.30673],[-2.76683,51.30724],[-2.76649,51.3072],[-2.76653,51.30737],[-2.76613,51.30719]]]}},{"type":"Feature","properties":{"cat":"Woodland","fill":"#2E7D32","text":"Establish trees outside of woodlands","url":"Click HERE to view the preferred habitat in our strategy"},"geometry":{"type":"Polygon","coordinates":[[[-2.78294,51.31174],[-2.78322,51.31173],[-2.78361,51.31178],[-2.78366,51.31188],[-2.78367,51.31214],[-2.78293,51.31218],[-2.78278,51.31169],[-2.78293,51.31169],[-2.78294,51.31174]]]}},{"type":"Feature","properties":{"cat":"Woodland","fill":"#2E7D32","text":"Establish trees outside of woodlands","url":"Click HERE to view the preferred habitat in our strategy"},"geometry":{"type":"Polygon","coordinates":[[[-2.76484,51.30582],[-2.76491,51.30583],[-2.76518,51.306],[-2.76522,51.30604],[-2.76522,51.3061],[-2.76559,51.30623],[-2.76562,51.3063],[-2.7655,51.30638],[-2.76516,51.3062],[-2.76505,51.30609],[-2.76473,51.30591],[-2.76484,51.30582]]]}},{"type":"Feature","properties":{"cat":"Woodland","fill":"#2E7D32","text":"Establish trees outside of woodlands","url":"Click HERE to view the preferred habitat in our strategy"},"geometry":{"type":"Polygon","coordinates":[[[-2.78245,51.31355],[-2.78194,51.31345],[-2.78194,51.31336],[-2.78205,51.31318],[-2.78216,51.31324],[-2.78277,51.31341],[-2.78289,51.31348],[-2.78263,51.31354],[-2.78254,51.31359],[-2.78245,51.31355]]]}},{"type":"Feature","properties":{"cat":"Woodland","fill":"#2E7D32","text":"Establish trees outside of woodlands","url":"Click HERE to view the preferred habitat in our strategy"},"geometry":{"type":"Polygon","coordinates":[[[-2.78176,51.31456],[-2.7817,51.31442],[-2.78171,51.31437],[-2.78175,51.31436],[-2.78184,51.31421],[-2.78202,51.31416],[-2.78215,51.31424],[-2.78238,51.31456],[-2.78265,51.31446],[-2.78274,51.31446],[-2.78279,51.31443],[-2.78279,51.31438],[-2.78287,51.31443],[-2.78196,51.3148],[-2.78176,51.31456]]]}},{"type":"Feature","properties":{"cat":"Woodland","fill":"#2E7D32","text":"Establish trees outside of woodlands","url":"Click HERE to view the preferred habitat in our strategy"},"geometry":{"type":"Polygon","coordinates":[[[-2.79486,51.28964],[-2.79492,51.2902],[-2.79471,51.29026],[-2.79434,51.29028],[-2.79431,51.29022],[-2.79428,51.28982],[-2.7943,51.28979],[-2.79486,51.28964]]]}},{"type":"Feature","properties":{"cat":"Woodland","fill":"#2E7D32","text":"Establish trees outside of woodlands","url":"Click HERE to view the preferred habitat in our strategy"},"geometry":{"type":"Polygon","coordinates":[[[-2.78052,51.28836],[-2.78042,51.28834],[-2.78039,51.28807],[-2.78039,51.28794],[-2.78046,51.28781],[-2.78064,51.28764],[-2.78102,51.28748],[-2.78102,51.28764],[-2.78095,51.28777],[-2.78052,51.28836]],[[-2.78046,51.28834],[-2.7805,51.28834],[-2.78052,51.2883],[-2.78047,51.28829],[-2.78046,51.28834]]]}},{"type":"Feature","properties":{"cat":"Woodland","fill":"#2E7D32","text":"Establish trees outside of woodlands","url":"Click HERE to view the preferred habitat in our strategy"},"geometry":{"type":"Polygon","coordinates":[[[-2.75142,51.29818],[-2.75149,51.2982],[-2.75141,51.2983],[-2.75142,51.29818]]]}},{"type":"Feature","properties":{"cat":"Woodland","fill":"#2E7D32","text":"Establish trees outside of woodlands","url":"Click HERE to view the preferred habitat in our strategy"},"geometry":{"type":"Polygon","coordinates":[[[-2.7734,51.30392],[-2.77336,51.30443],[-2.77319,51.30463],[-2.77306,51.30471],[-2.77311,51.30462],[-2.77311,51.3045],[-2.77331,51.30449],[-2.7734,51.30392]]]}},{"type":"Feature","properties":{"cat":"Woodland","fill":"#2E7D32","text":"Establish trees outside of woodlands","url":"Click HERE to view the preferred habitat in our strategy"},"geometry":{"type":"Polygon","coordinates":[[[-2.79634,51.30497],[-2.79633,51.30501],[-2.79603,51.3051],[-2.79634,51.30497]]]}},{"type":"Feature","properties":{"cat":"Woodland","fill":"#2E7D32","text":"Establish trees outside of woodlands","url":"Click HERE to view the preferred habitat in our strategy"},"geometry":{"type":"Polygon","coordinates":[[[-2.78397,51.2865],[-2.78376,51.28653],[-2.78365,51.28612],[-2.78364,51.28596],[-2.78377,51.28598],[-2.78406,51.28596],[-2.78415,51.28649],[-2.78397,51.2865]]]}},{"type":"Feature","properties":{"cat":"Woodland","fill":"#2E7D32","text":"Establish trees outside of woodlands","url":"Click HERE to view the preferred habitat in our strategy"},"geometry":{"type":"Polygon","coordinates":[[[-2.79974,51.31685],[-2.79991,51.31699],[-2.80022,51.31717],[-2.80076,51.3174],[-2.8006,51.31761],[-2.79946,51.31705],[-2.79974,51.31685]]]}},{"type":"Feature","properties":{"cat":"Woodland","fill":"#2E7D32","text":"Establish trees outside of woodlands","url":"Click HERE to view the preferred habitat in our strategy"},"geometry":{"type":"Polygon","coordinates":[[[-2.80782,51.28866],[-2.80832,51.28871],[-2.8083,51.28882],[-2.80839,51.28883],[-2.80852,51.28893],[-2.80861,51.28894],[-2.80866,51.28891],[-2.80867,51.28886],[-2.80872,51.28885],[-2.809,51.28953],[-2.80905,51.28956],[-2.8091,51.28969],[-2.80888,51.28972],[-2.80884,51.28969],[-2.80821,51.28972],[-2.80771,51.28865],[-2.80782,51.28866]]]}},{"type":"Feature","properties":{"cat":"Woodland","fill":"#2E7D32","text":"Establish trees outside of woodlands","url":"Click HERE to view the preferred habitat in our strategy"},"geometry":{"type":"Polygon","coordinates":[[[-2.81482,51.28947],[-2.81464,51.28949],[-2.81453,51.28945],[-2.81429,51.28903],[-2.81454,51.28901],[-2.81482,51.28947]]]}},{"type":"Feature","properties":{"cat":"Woodland","fill":"#2E7D32","text":"Establish trees outside of woodlands","url":"Click HERE to view the preferred habitat in our strategy"},"geometry":{"type":"Polygon","coordinates":[[[-2.81046,51.30135],[-2.81044,51.30142],[-2.81023,51.30143],[-2.80696,51.30199],[-2.80695,51.30195],[-2.80697,51.30191],[-2.80713,51.30188],[-2.81001,51.30139],[-2.81046,51.30135]]]}},{"type":"Feature","properties":{"cat":"Woodland","fill":"#2E7D32","text":"Establish trees outside of woodlands","url":"Click HERE to view the preferred habitat in our strategy"},"geometry":{"type":"Polygon","coordinates":[[[-2.7988,51.31654],[-2.79888,51.31663],[-2.79874,51.31656],[-2.7988,51.31654]]]}},{"type":"Feature","properties":{"cat":"Woodland","fill":"#2E7D32","text":"Establish trees outside of woodlands","url":"Click HERE to view the preferred habitat in our strategy"},"geometry":{"type":"Polygon","coordinates":[[[-2.78122,51.30729],[-2.78129,51.30731],[-2.7807,51.30735],[-2.7807,51.30732],[-2.78122,51.30729]]]}},{"type":"Feature","properties":{"cat":"Woodland","fill":"#2E7D32","text":"Establish trees outside of woodlands","url":"Click HERE to view the preferred habitat in our strategy"},"geometry":{"type":"Polygon","coordinates":[[[-2.77398,51.2895],[-2.77374,51.28981],[-2.77339,51.2896],[-2.77386,51.28891],[-2.77413,51.28874],[-2.77438,51.28889],[-2.77398,51.2895]]]}},{"type":"Feature","properties":{"cat":"Woodland","fill":"#2E7D32","text":"Establish trees outside of woodlands","url":"Click HERE to view the preferred habitat in our strategy"},"geometry":{"type":"Polygon","coordinates":[[[-2.80392,51.30615],[-2.80398,51.30617],[-2.80367,51.30622],[-2.80333,51.30618],[-2.80386,51.30613],[-2.80392,51.30615]]]}},{"type":"Feature","properties":{"cat":"Woodland","fill":"#2E7D32","text":"Establish trees outside of woodlands","url":"Click HERE to view the preferred habitat in our strategy"},"geometry":{"type":"Polygon","coordinates":[[[-2.82118,51.28949],[-2.82115,51.28956],[-2.82067,51.28937],[-2.81972,51.2892],[-2.81969,51.28901],[-2.82125,51.28933],[-2.82118,51.28949]]]}},{"type":"Feature","properties":{"cat":"Woodland","fill":"#2E7D32","text":"Establish trees outside of woodlands","url":"Click HERE to view the preferred habitat in our strategy"},"geometry":{"type":"Polygon","coordinates":[[[-2.79136,51.32333],[-2.79209,51.32327],[-2.79206,51.32383],[-2.7917,51.32385],[-2.79163,51.32382],[-2.79145,51.32363],[-2.79129,51.32336],[-2.79136,51.32333]]]}},{"type":"Feature","properties":{"cat":"Woodland","fill":"#2E7D32","text":"Establish trees outside of woodlands","url":"Click HERE to view the preferred habitat in our strategy"},"geometry":{"type":"Polygon","coordinates":[[[-2.78297,51.31578],[-2.78292,51.31573],[-2.78313,51.31567],[-2.78328,51.31583],[-2.78388,51.31567],[-2.78392,51.3157],[-2.78316,51.31595],[-2.78297,51.31578]]]}},{"type":"Feature","properties":{"cat":"Woodland","fill":"#2E7D32","text":"Establish trees outside of woodlands","url":"Click HERE to view the preferred habitat in our strategy"},"geometry":{"type":"Polygon","coordinates":[[[-2.78198,51.31146],[-2.78189,51.31149],[-2.78148,51.31143],[-2.78145,51.31125],[-2.78194,51.31119],[-2.78198,51.31146]]]}},{"type":"Feature","properties":{"cat":"Woodland","fill":"#2E7D32","text":"Establish trees outside of woodlands","url":"Click HERE to view the preferred habitat in our strategy"},"geometry":{"type":"Polygon","coordinates":[[[-2.74783,51.29916],[-2.74749,51.29902],[-2.7475,51.29883],[-2.74754,51.29871],[-2.74749,51.29858],[-2.74786,51.29867],[-2.74831,51.29885],[-2.74859,51.29889],[-2.74821,51.29889],[-2.74807,51.29884],[-2.74788,51.2991],[-2.74815,51.29918],[-2.74813,51.29921],[-2.74825,51.29925],[-2.74822,51.29927],[-2.74783,51.29916]]]}},{"type":"Feature","properties":{"cat":"Woodland","fill":"#2E7D32","text":"Establish trees outside of woodlands","url":"Click HERE to view the preferred habitat in our strategy"},"geometry":{"type":"Polygon","coordinates":[[[-2.78376,51.31212],[-2.78381,51.31212],[-2.78381,51.31209],[-2.78444,51.31211],[-2.78444,51.31214],[-2.78441,51.31226],[-2.78377,51.31221],[-2.78376,51.31212]]]}},{"type":"Feature","properties":{"cat":"Woodland","fill":"#2E7D32","text":"Establish trees outside of woodlands","url":"Click HERE to view the preferred habitat in our strategy"},"geometry":{"type":"Polygon","coordinates":[[[-2.72742,51.31457],[-2.72761,51.31459],[-2.72763,51.31462],[-2.72783,51.31468],[-2.72775,51.31493],[-2.72773,51.31537],[-2.72792,51.31555],[-2.72801,51.31592],[-2.72812,51.31604],[-2.72803,51.31605],[-2.72769,51.31583],[-2.72754,51.31562],[-2.7275,51.31546],[-2.72742,51.31538],[-2.72742,51.31457]],[[-2.72742,51.31514],[-2.72748,51.31517],[-2.72758,51.31492],[-2.72742,51.31488],[-2.72742,51.31514]]]}},{"type":"Feature","properties":{"cat":"Woodland","fill":"#2E7D32","text":"Establish trees outside of woodlands","url":"Click HERE to view the preferred habitat in our strategy"},"geometry":{"type":"Polygon","coordinates":[[[-2.78838,51.32465],[-2.78853,51.32465],[-2.78853,51.32468],[-2.78818,51.32469],[-2.78819,51.32466],[-2.78838,51.32465]]]}},{"type":"Feature","properties":{"cat":"Woodland","fill":"#2E7D32","text":"Establish trees outside of woodlands","url":"Click HERE to view the preferred habitat in our strategy"},"geometry":{"type":"Polygon","coordinates":[[[-2.73749,51.28467],[-2.73561,51.28315],[-2.73536,51.28311],[-2.73737,51.28252],[-2.73743,51.28238],[-2.73847,51.28299],[-2.73998,51.28376],[-2.73993,51.28391],[-2.73749,51.28467]]]}},{"type":"Feature","properties":{"cat":"Woodland","fill":"#2E7D32","text":"Establish trees outside of woodlands","url":"Click HERE to view the preferred habitat in our strategy"},"geometry":{"type":"Polygon","coordinates":[[[-2.78282,51.31184],[-2.78293,51.31218],[-2.78202,51.31226],[-2.78179,51.31198],[-2.78282,51.31184]]]}},{"type":"Feature","properties":{"cat":"Woodland","fill":"#2E7D32","text":"Establish trees outside of woodlands","url":"Click HERE to view the preferred habitat in our strategy"},"geometry":{"type":"Polygon","coordinates":[[[-2.82028,51.28202],[-2.82036,51.28195],[-2.8206,51.28202],[-2.82076,51.28184],[-2.82063,51.28181],[-2.82065,51.28179],[-2.82047,51.28171],[-2.82036,51.28183],[-2.82032,51.28194],[-2.82024,51.28201],[-2.81997,51.28206],[-2.82087,51.28125],[-2.82117,51.28106],[-2.82115,51.28115],[-2.82146,51.28129],[-2.82132,51.2816],[-2.82198,51.28181],[-2.82182,51.28191],[-2.82121,51.28243],[-2.82,51.28215],[-2.81998,51.2821],[-2.82028,51.28202]]]}},{"type":"Feature","properties":{"cat":"Woodland","fill":"#2E7D32","text":"Establish trees outside of woodlands","url":"Click HERE to view the preferred habitat in our strategy"},"geometry":{"type":"Polygon","coordinates":[[[-2.78511,51.31565],[-2.78555,51.31588],[-2.78484,51.31625],[-2.78535,51.31691],[-2.78478,51.31696],[-2.78384,51.31698],[-2.7834,51.31613],[-2.78322,51.31597],[-2.78371,51.3158],[-2.7838,51.31588],[-2.78394,51.31584],[-2.78386,51.31574],[-2.78423,51.31565],[-2.78451,51.31574],[-2.78475,51.3157],[-2.78493,51.31557],[-2.78511,51.31565]]]}},{"type":"Feature","properties":{"cat":"Woodland","fill":"#2E7D32","text":"Establish trees outside of woodlands","url":"Click HERE to view the preferred habitat in our strategy"},"geometry":{"type":"Polygon","coordinates":[[[-2.78863,51.31883],[-2.78827,51.31893],[-2.7882,51.31885],[-2.78795,51.3183],[-2.78874,51.31813],[-2.78912,51.31876],[-2.7892,51.31914],[-2.78905,51.31923],[-2.78863,51.31883]]]}},{"type":"Feature","properties":{"cat":"Woodland","fill":"#2E7D32","text":"Establish trees outside of woodlands","url":"Click HERE to view the preferred habitat in our strategy"},"geometry":{"type":"Polygon","coordinates":[[[-2.83932,51.28972],[-2.83963,51.28975],[-2.83958,51.28999],[-2.83931,51.29002],[-2.83865,51.29029],[-2.83838,51.29029],[-2.83824,51.29023],[-2.83814,51.29014],[-2.83798,51.29008],[-2.83805,51.28985],[-2.83825,51.28985],[-2.83825,51.28978],[-2.8383,51.28976],[-2.8386,51.28979],[-2.83867,51.28976],[-2.83867,51.28973],[-2.8391,51.28973],[-2.8391,51.2897],[-2.83932,51.28972]]]}},{"type":"Feature","properties":{"cat":"Woodland","fill":"#2E7D32","text":"Establish trees outside of woodlands","url":"Click HERE to view the preferred habitat in our strategy"},"geometry":{"type":"Polygon","coordinates":[[[-2.84262,51.29255],[-2.84246,51.2925],[-2.84259,51.29222],[-2.84306,51.29161],[-2.84292,51.29149],[-2.84266,51.29139],[-2.84269,51.29103],[-2.84258,51.29086],[-2.84279,51.29071],[-2.84286,51.29062],[-2.84288,51.29052],[-2.84283,51.29026],[-2.84292,51.29004],[-2.84343,51.29011],[-2.84345,51.29006],[-2.84351,51.29007],[-2.84348,51.29028],[-2.84365,51.29031],[-2.84323,51.29126],[-2.84363,51.29141],[-2.84342,51.29174],[-2.84332,51.29172],[-2.84292,51.29239],[-2.84282,51.29262],[-2.84262,51.29255]]]}},{"type":"Feature","properties":{"cat":"Woodland","fill":"#2E7D32","text":"Establish trees outside of woodlands","url":"Click HERE to view the preferred habitat in our strategy"},"geometry":{"type":"Polygon","coordinates":[[[-2.84276,51.29376],[-2.84259,51.29371],[-2.84263,51.29355],[-2.8426,51.29342],[-2.84264,51.29327],[-2.84292,51.29268],[-2.84292,51.29264],[-2.84282,51.29262],[-2.84292,51.29239],[-2.84332,51.29172],[-2.84342,51.29174],[-2.84363,51.29141],[-2.84372,51.29141],[-2.84392,51.29153],[-2.8439,51.29157],[-2.84395,51.2916],[-2.84324,51.29283],[-2.84283,51.29379],[-2.84276,51.29376]]]}},{"type":"Feature","properties":{"cat":"Woodland","fill":"#2E7D32","text":"Establish trees outside of woodlands","url":"Click HERE to view the preferred habitat in our strategy"},"geometry":{"type":"Polygon","coordinates":[[[-2.85497,51.2998],[-2.85434,51.29969],[-2.85438,51.29967],[-2.85497,51.2998]]]}},{"type":"Feature","properties":{"cat":"Woodland","fill":"#2E7D32","text":"Establish trees outside of woodlands","url":"Click HERE to view the preferred habitat in our strategy"},"geometry":{"type":"Polygon","coordinates":[[[-2.73305,51.30893],[-2.73107,51.30878],[-2.73176,51.30801],[-2.73233,51.30768],[-2.73301,51.30605],[-2.73306,51.30585],[-2.73302,51.30573],[-2.7325,51.30487],[-2.73258,51.30484],[-2.73256,51.30459],[-2.73242,51.30423],[-2.73246,51.30388],[-2.73271,51.3041],[-2.73348,51.30452],[-2.73486,51.30538],[-2.73595,51.30622],[-2.73311,51.30894],[-2.73305,51.30893]]]}},{"type":"Feature","properties":{"cat":"Woodland","fill":"#2E7D32","text":"Establish trees outside of woodlands","url":"Click HERE to view the preferred habitat in our strategy"},"geometry":{"type":"Polygon","coordinates":[[[-2.78306,51.28644],[-2.78295,51.28601],[-2.78317,51.28591],[-2.78325,51.28598],[-2.78334,51.286],[-2.78364,51.28596],[-2.78365,51.28612],[-2.78371,51.28639],[-2.78374,51.28641],[-2.78306,51.28644]]]}},{"type":"Feature","properties":{"cat":"Woodland","fill":"#2E7D32","text":"Establish trees outside of woodlands","url":"Click HERE to view the preferred habitat in our strategy"},"geometry":{"type":"Polygon","coordinates":[[[-2.76474,51.28019],[-2.7646,51.28014],[-2.76435,51.27997],[-2.76424,51.27981],[-2.76437,51.27995],[-2.76474,51.28019]]]}},{"type":"Feature","properties":{"cat":"Woodland","fill":"#2E7D32","text":"Establish trees outside of woodlands","url":"Click HERE to view the preferred habitat in our strategy"},"geometry":{"type":"Polygon","coordinates":[[[-2.8041,51.31582],[-2.80414,51.316],[-2.80417,51.31664],[-2.80401,51.31668],[-2.80379,51.31666],[-2.80373,51.31669],[-2.8037,51.31665],[-2.80355,51.31667],[-2.80358,51.31673],[-2.80368,51.31671],[-2.80351,51.31676],[-2.80357,51.31611],[-2.80353,51.31583],[-2.8041,51.31582]]]}},{"type":"Feature","properties":{"cat":"Woodland","fill":"#2E7D32","text":"Establish trees outside of woodlands","url":"Click HERE to view the preferred habitat in our strategy"},"geometry":{"type":"Polygon","coordinates":[[[-2.73311,51.31829],[-2.73302,51.31816],[-2.73287,51.31769],[-2.73268,51.31729],[-2.73253,51.31677],[-2.73327,51.31675],[-2.73398,51.31679],[-2.73525,51.31693],[-2.7352,51.31786],[-2.73508,51.3187],[-2.73389,51.31853],[-2.7338,51.3182],[-2.73348,51.31823],[-2.7335,51.31834],[-2.73315,51.31837],[-2.73311,51.31829]]]}},{"type":"Feature","properties":{"cat":"Woodland","fill":"#2E7D32","text":"Establish trees outside of woodlands","url":"Click HERE to view the preferred habitat in our strategy"},"geometry":{"type":"Polygon","coordinates":[[[-2.82511,51.28824],[-2.82555,51.28825],[-2.82571,51.28833],[-2.82512,51.28829],[-2.82511,51.28824]]]}},{"type":"Feature","properties":{"cat":"Woodland","fill":"#2E7D32","text":"Establish trees outside of woodlands","url":"Click HERE to view the preferred habitat in our strategy"},"geometry":{"type":"Polygon","coordinates":[[[-2.74342,51.30356],[-2.74307,51.30349],[-2.74298,51.30355],[-2.7427,51.30344],[-2.74189,51.30322],[-2.74063,51.30298],[-2.73929,51.30268],[-2.73812,51.30229],[-2.73735,51.30219],[-2.73636,51.30196],[-2.73646,51.30194],[-2.73666,51.30197],[-2.73818,51.30228],[-2.73938,51.30265],[-2.74143,51.30308],[-2.74274,51.30342],[-2.74367,51.30359],[-2.74342,51.30356]]]}},{"type":"Feature","properties":{"cat":"Woodland","fill":"#2E7D32","text":"Establish trees outside of woodlands","url":"Click HERE to view the preferred habitat in our strategy"},"geometry":{"type":"Polygon","coordinates":[[[-2.80016,51.32618],[-2.80017,51.32618],[-2.80019,51.32618],[-2.8002,51.32619],[-2.8002,51.32619],[-2.80021,51.32619],[-2.79999,51.32617],[-2.8,51.32617],[-2.8,51.32617],[-2.80001,51.32617],[-2.80002,51.32617],[-2.80003,51.32617],[-2.80004,51.32617],[-2.80005,51.32617],[-2.80007,51.32617],[-2.80008,51.32617],[-2.80009,51.32617],[-2.8001,51.32617],[-2.80011,51.32617],[-2.80011,51.32617],[-2.80013,51.32617],[-2.80014,51.32617],[-2.80015,51.32617],[-2.80016,51.32618]]]}},{"type":"Feature","properties":{"cat":"Woodland","fill":"#2E7D32","text":"Establish trees outside of woodlands","url":"Click HERE to view the preferred habitat in our strategy"},"geometry":{"type":"Polygon","coordinates":[[[-2.80095,51.3264],[-2.80106,51.32641],[-2.80106,51.32641],[-2.8011,51.32642],[-2.80114,51.32643],[-2.80114,51.32643],[-2.80118,51.32644],[-2.80122,51.32645],[-2.80123,51.32646],[-2.80129,51.32647],[-2.80132,51.32648],[-2.80135,51.32648],[-2.80138,51.32649],[-2.80139,51.32649],[-2.80142,51.3265],[-2.80143,51.3265],[-2.80146,51.32651],[-2.80138,51.3265],[-2.80094,51.3264],[-2.80095,51.3264]]]}},{"type":"Feature","properties":{"cat":"Woodland","fill":"#2E7D32","text":"Establish trees outside of woodlands","url":"Click HERE to view the preferred habitat in our strategy"},"geometry":{"type":"Polygon","coordinates":[[[-2.80215,51.32654],[-2.80256,51.3265],[-2.80256,51.3265],[-2.80262,51.3265],[-2.80264,51.3265],[-2.80264,51.3265],[-2.80243,51.32652],[-2.80219,51.32654],[-2.80215,51.32654],[-2.80215,51.32654]]]}},{"type":"Feature","properties":{"cat":"Woodland","fill":"#2E7D32","text":"Establish trees outside of woodlands","url":"Click HERE to view the preferred habitat in our strategy"},"geometry":{"type":"Polygon","coordinates":[[[-2.80269,51.31818],[-2.80318,51.31844],[-2.80286,51.31868],[-2.80136,51.3179],[-2.80104,51.3178],[-2.8006,51.31761],[-2.80076,51.3174],[-2.80131,51.31763],[-2.80205,51.31784],[-2.80269,51.31818]]]}},{"type":"Feature","properties":{"cat":"Woodland","fill":"#2E7D32","text":"Establish trees outside of woodlands","url":"Click HERE to view the preferred habitat in our strategy"},"geometry":{"type":"Polygon","coordinates":[[[-2.7352,51.31786],[-2.73525,51.31696],[-2.73585,51.31696],[-2.73637,51.317],[-2.73639,51.3179],[-2.7365,51.31792],[-2.73693,51.31786],[-2.73701,51.31823],[-2.73762,51.3183],[-2.73762,51.31839],[-2.73626,51.31922],[-2.73518,51.3188],[-2.73508,51.31873],[-2.7352,51.31786]]]}},{"type":"Feature","properties":{"cat":"Woodland","fill":"#2E7D32","text":"Establish trees outside of woodlands","url":"Click HERE to view the preferred habitat in our strategy"},"geometry":{"type":"Polygon","coordinates":[[[-2.78513,51.31537],[-2.78507,51.31536],[-2.78506,51.31532],[-2.7846,51.31487],[-2.78384,51.31431],[-2.78424,51.31357],[-2.78452,51.31356],[-2.78608,51.31369],[-2.78521,51.31541],[-2.78513,51.31537]]]}},{"type":"Feature","properties":{"cat":"Woodland","fill":"#2E7D32","text":"Establish trees outside of woodlands","url":"Click HERE to view the preferred habitat in our strategy"},"geometry":{"type":"Polygon","coordinates":[[[-2.81058,51.32633],[-2.81058,51.32646],[-2.81066,51.32667],[-2.81013,51.32662],[-2.80931,51.32643],[-2.80865,51.32635],[-2.80793,51.32617],[-2.80731,51.32614],[-2.8069,51.32608],[-2.80641,51.3261],[-2.80636,51.32567],[-2.80651,51.32563],[-2.80668,51.32563],[-2.80668,51.3256],[-2.80677,51.32557],[-2.80677,51.32549],[-2.80634,51.32551],[-2.80634,51.32543],[-2.80637,51.32531],[-2.80716,51.32526],[-2.80744,51.32534],[-2.80763,51.32559],[-2.80779,51.32565],[-2.80786,51.32572],[-2.80812,51.32575],[-2.80838,51.32572],[-2.8084,51.32559],[-2.80925,51.32555],[-2.80941,51.32606],[-2.80961,51.32608],[-2.81052,51.32597],[-2.8106,51.32614],[-2.81058,51.32633]],[[-2.80761,51.32572],[-2.80778,51.32572],[-2.80767,51.32568],[-2.80761,51.32572]]]}},{"type":"Feature","properties":{"cat":"Woodland","fill":"#2E7D32","text":"Improve structure and diversity of existing woodlands","url":"Click HERE to view the preferred habitat in our strategy"},"geometry":{"type":"Polygon","coordinates":[[[-2.77901,51.31162],[-2.77893,51.31149],[-2.77844,51.31108],[-2.77855,51.3111],[-2.77891,51.31142],[-2.77905,51.31161],[-2.77901,51.31162]]]}},{"type":"Feature","properties":{"cat":"Woodland","fill":"#2E7D32","text":"Establish trees outside of woodlands","url":"Click HERE to view the preferred habitat in our strategy"},"geometry":{"type":"Polygon","coordinates":[[[-2.78667,51.32233],[-2.78724,51.3223],[-2.78894,51.32207],[-2.78899,51.32208],[-2.78911,51.32231],[-2.78949,51.32228],[-2.79048,51.32212],[-2.7908,51.32279],[-2.79109,51.32322],[-2.79037,51.32339],[-2.79056,51.32382],[-2.79021,51.32402],[-2.78993,51.32413],[-2.7898,51.32406],[-2.78932,51.32399],[-2.78899,51.3239],[-2.78841,51.32388],[-2.78674,51.32408],[-2.78659,51.32398],[-2.78663,51.32392],[-2.7869,51.32372],[-2.78692,51.32355],[-2.78686,51.32342],[-2.78677,51.32335],[-2.78671,51.32324],[-2.78675,51.3232],[-2.78672,51.32302],[-2.78674,51.32283],[-2.78681,51.32275],[-2.78684,51.32261],[-2.78678,51.32247],[-2.78669,51.32239],[-2.78667,51.32233]]]}},{"type":"Feature","properties":{"cat":"Woodland","fill":"#2E7D32","text":"Establish trees outside of woodlands","url":"Click HERE to view the preferred habitat in our strategy"},"geometry":{"type":"Polygon","coordinates":[[[-2.74266,51.30336],[-2.74143,51.30304],[-2.73943,51.30263],[-2.73812,51.30224],[-2.73645,51.30189],[-2.73574,51.30164],[-2.73567,51.3016],[-2.73561,51.30151],[-2.73567,51.30145],[-2.7362,51.30136],[-2.73665,51.30124],[-2.73738,51.30114],[-2.73735,51.30121],[-2.7367,51.30127],[-2.73642,51.30136],[-2.73584,51.30144],[-2.73573,51.30154],[-2.73573,51.30158],[-2.73579,51.30162],[-2.73675,51.30192],[-2.73782,51.30213],[-2.73942,51.3026],[-2.74118,51.30293],[-2.74116,51.30296],[-2.74269,51.30333],[-2.74266,51.30336]]]}},{"type":"Feature","properties":{"cat":"Woodland","fill":"#2E7D32","text":"Establish trees outside of woodlands","url":"Click HERE to view the preferred habitat in our strategy"},"geometry":{"type":"Polygon","coordinates":[[[-2.81341,51.30086],[-2.81358,51.29994],[-2.81387,51.29941],[-2.8164,51.29939],[-2.81593,51.30114],[-2.81334,51.30125],[-2.81341,51.30086]]]}},{"type":"Feature","properties":{"cat":"Woodland","fill":"#2E7D32","text":"Improve structure and diversity of existing woodlands","url":"Click HERE to view the preferred habitat in our strategy"},"geometry":{"type":"Polygon","coordinates":[[[-2.79665,51.31655],[-2.79639,51.31655],[-2.79592,51.31645],[-2.79608,51.31622],[-2.79642,51.3163],[-2.79637,51.31641],[-2.79665,51.31655]]]}},{"type":"Feature","properties":{"cat":"Woodland","fill":"#2E7D32","text":"Establish trees outside of woodlands","url":"Click HERE to view the preferred habitat in our strategy"},"geometry":{"type":"Polygon","coordinates":[[[-2.78538,51.31693],[-2.78628,51.31799],[-2.78524,51.31826],[-2.78448,51.31853],[-2.78401,51.3183],[-2.78364,51.31801],[-2.78349,51.31794],[-2.78368,51.31761],[-2.78384,51.31698],[-2.78478,51.31696],[-2.78537,51.3169],[-2.78538,51.31693]]]}},{"type":"Feature","properties":{"cat":"Woodland","fill":"#2E7D32","text":"Establish trees outside of woodlands","url":"Click HERE to view the preferred habitat in our strategy"},"geometry":{"type":"Polygon","coordinates":[[[-2.78776,51.29704],[-2.78751,51.29693],[-2.78741,51.29685],[-2.78691,51.2968],[-2.7866,51.29671],[-2.78635,51.29631],[-2.7862,51.29597],[-2.78609,51.29594],[-2.7859,51.29564],[-2.78596,51.2955],[-2.78606,51.29541],[-2.78627,51.29538],[-2.78614,51.29554],[-2.78629,51.2955],[-2.78628,51.29563],[-2.78643,51.29591],[-2.78636,51.29594],[-2.78634,51.29601],[-2.78647,51.2963],[-2.78664,51.29645],[-2.7867,51.29655],[-2.78737,51.29675],[-2.78759,51.29693],[-2.78785,51.297],[-2.78776,51.29704]]]}},{"type":"Feature","properties":{"cat":"Woodland","fill":"#2E7D32","text":"Establish trees outside of woodlands","url":"Click HERE to view the preferred habitat in our strategy"},"geometry":{"type":"Polygon","coordinates":[[[-2.77201,51.28315],[-2.77196,51.28315],[-2.77205,51.28208],[-2.77261,51.28213],[-2.77253,51.28245],[-2.7725,51.28279],[-2.77238,51.28318],[-2.77201,51.28315]]]}},{"type":"Feature","properties":{"cat":"Woodland","fill":"#2E7D32","text":"Establish trees outside of woodlands","url":"Click HERE to view the preferred habitat in our strategy"},"geometry":{"type":"Polygon","coordinates":[[[-2.79979,51.32441],[-2.80115,51.32402],[-2.80126,51.32407],[-2.80159,51.32531],[-2.80116,51.32539],[-2.80061,51.32556],[-2.80035,51.32559],[-2.80026,51.32562],[-2.80009,51.32575],[-2.80002,51.32576],[-2.79992,51.32569],[-2.7999,51.3258],[-2.79986,51.32562],[-2.79974,51.32539],[-2.79955,51.32485],[-2.79946,51.32449],[-2.79979,51.32441]]]}},{"type":"Feature","properties":{"cat":"Woodland","fill":"#2E7D32","text":"Improve structure and diversity of existing woodlands","url":"Click HERE to view the preferred habitat in our strategy"},"geometry":{"type":"Polygon","coordinates":[[[-2.74002,51.30144],[-2.74015,51.30151],[-2.74009,51.30157],[-2.73993,51.30151],[-2.73999,51.30142],[-2.74002,51.30144]]]}},{"type":"Feature","properties":{"cat":"Woodland","fill":"#2E7D32","text":"Enhance conifer and mixed woodlands","url":"Click HERE to view the preferred habitat in our strategy"},"geometry":{"type":"Polygon","coordinates":[[[-2.77609,51.28335],[-2.77612,51.2834],[-2.77609,51.28393],[-2.7757,51.284],[-2.77571,51.2834],[-2.77609,51.28335]]]}},{"type":"Feature","properties":{"cat":"Woodland","fill":"#2E7D32","text":"Improve structure and diversity of existing woodlands","url":"Click HERE to view the preferred habitat in our strategy"},"geometry":{"type":"Polygon","coordinates":[[[-2.80352,51.3157],[-2.80348,51.31561],[-2.80285,51.31562],[-2.80266,51.31566],[-2.80192,51.31564],[-2.80173,51.3157],[-2.80169,51.31573],[-2.80166,51.31587],[-2.80166,51.31622],[-2.80157,51.31678],[-2.80147,51.31708],[-2.8013,51.31733],[-2.80148,51.31701],[-2.80158,51.3167],[-2.80165,51.3162],[-2.80166,51.3158],[-2.80172,51.31569],[-2.80194,51.31562],[-2.80352,51.3156],[-2.80401,51.31569],[-2.80413,51.3158],[-2.80414,51.31582],[-2.8041,51.31582],[-2.80403,51.3157],[-2.80352,51.3157]]]}},{"type":"Feature","properties":{"cat":"Woodland","fill":"#2E7D32","text":"Improve structure and diversity of existing woodlands","url":"Click HERE to view the preferred habitat in our strategy"},"geometry":{"type":"Polygon","coordinates":[[[-2.74456,51.29821],[-2.74449,51.29788],[-2.74452,51.29788],[-2.74534,51.2981],[-2.74558,51.29821],[-2.746,51.29822],[-2.74626,51.29826],[-2.74651,51.29838],[-2.74749,51.29858],[-2.74754,51.29866],[-2.74749,51.29902],[-2.74542,51.29855],[-2.74454,51.29831],[-2.74456,51.29821]]]}},{"type":"Feature","properties":{"cat":"Woodland","fill":"#2E7D32","text":"Improve structure and diversity of existing woodlands","url":"Click HERE to view the preferred habitat in our strategy"},"geometry":{"type":"Polygon","coordinates":[[[-2.79568,51.31618],[-2.79588,51.3162],[-2.79565,51.31646],[-2.7954,51.31644],[-2.79568,51.31618]]]}},{"type":"Feature","properties":{"cat":"Woodland","fill":"#2E7D32","text":"Improve structure and diversity of existing woodlands","url":"Click HERE to view the preferred habitat in our strategy"},"geometry":{"type":"Polygon","coordinates":[[[-2.78326,51.31892],[-2.78328,51.31889],[-2.78337,51.31892],[-2.78335,51.31895],[-2.78326,51.31892]]]}},{"type":"Feature","properties":{"cat":"Woodland","fill":"#2E7D32","text":"Improve structure and diversity of existing woodlands","url":"Click HERE to view the preferred habitat in our strategy"},"geometry":{"type":"Polygon","coordinates":[[[-2.77848,51.28934],[-2.77848,51.2892],[-2.77858,51.28917],[-2.77893,51.28944],[-2.77848,51.28934]]]}},{"type":"Feature","properties":{"cat":"Woodland","fill":"#2E7D32","text":"Improve structure and diversity of existing woodlands","url":"Click HERE to view the preferred habitat in our strategy"},"geometry":{"type":"Polygon","coordinates":[[[-2.77206,51.31497],[-2.77224,51.31503],[-2.77247,51.31544],[-2.77256,51.31565],[-2.77256,51.31576],[-2.77253,51.31581],[-2.77233,51.31592],[-2.77212,51.31591],[-2.77148,51.31584],[-2.77127,51.31569],[-2.77221,51.31581],[-2.77234,51.31577],[-2.77237,51.31573],[-2.77235,51.31557],[-2.77213,51.31519],[-2.77196,51.31501],[-2.77197,51.31495],[-2.77206,51.31497]]]}},{"type":"Feature","properties":{"cat":"Woodland","fill":"#2E7D32","text":"Improve structure and diversity of existing woodlands","url":"Click HERE to view the preferred habitat in our strategy"},"geometry":{"type":"Polygon","coordinates":[[[-2.75701,51.32364],[-2.75702,51.32367],[-2.75696,51.3237],[-2.75695,51.32364],[-2.75701,51.32364]]]}},{"type":"Feature","properties":{"cat":"Woodland","fill":"#2E7D32","text":"Improve structure and diversity of existing woodlands","url":"Click HERE to view the preferred habitat in our strategy"},"geometry":{"type":"Polygon","coordinates":[[[-2.81204,51.31009],[-2.81208,51.31007],[-2.81207,51.3101],[-2.81204,51.31009]]]}},{"type":"Feature","properties":{"cat":"Woodland","fill":"#2E7D32","text":"Improve structure and diversity of existing woodlands","url":"Click HERE to view the preferred habitat in our strategy"},"geometry":{"type":"Polygon","coordinates":[[[-2.81211,51.31],[-2.81212,51.30999],[-2.81212,51.30999],[-2.81212,51.31001],[-2.81211,51.31002],[-2.81211,51.31]]]}},{"type":"Feature","properties":{"cat":"Woodland","fill":"#2E7D32","text":"Improve structure and diversity of existing woodlands","url":"Click HERE to view the preferred habitat in our strategy"},"geometry":{"type":"Polygon","coordinates":[[[-2.76993,51.28174],[-2.7701,51.28189],[-2.76997,51.28196],[-2.76968,51.28205],[-2.76953,51.2819],[-2.76993,51.28174]]]}},{"type":"Feature","properties":{"cat":"Woodland","fill":"#2E7D32","text":"Improve structure and diversity of existing woodlands","url":"Click HERE to view the preferred habitat in our strategy"},"geometry":{"type":"Polygon","coordinates":[[[-2.77617,51.28809],[-2.7762,51.2881],[-2.77625,51.28805],[-2.77631,51.28807],[-2.77605,51.28819],[-2.77617,51.28809]]]}},{"type":"Feature","properties":{"cat":"Woodland","fill":"#2E7D32","text":"Improve structure and diversity of existing woodlands","url":"Click HERE to view the preferred habitat in our strategy"},"geometry":{"type":"Polygon","coordinates":[[[-2.73943,51.3198],[-2.73939,51.31982],[-2.7394,51.31977],[-2.73694,51.31968],[-2.73605,51.31962],[-2.73691,51.31967],[-2.73811,51.31969],[-2.73942,51.31977],[-2.73943,51.3198]]]}},{"type":"Feature","properties":{"cat":"Woodland","fill":"#2E7D32","text":"Improve structure and diversity of existing woodlands","url":"Click HERE to view the preferred habitat in our strategy"},"geometry":{"type":"Polygon","coordinates":[[[-2.79942,51.30961],[-2.79958,51.30971],[-2.79956,51.30998],[-2.79927,51.31004],[-2.79907,51.3097],[-2.79942,51.30961]]]}},{"type":"Feature","properties":{"cat":"Woodland","fill":"#2E7D32","text":"Improve structure and diversity of existing woodlands","url":"Click HERE to view the preferred habitat in our strategy"},"geometry":{"type":"Polygon","coordinates":[[[-2.78089,51.28686],[-2.78071,51.28645],[-2.78053,51.2862],[-2.78073,51.28644],[-2.78089,51.28686]]]}},{"type":"Feature","properties":{"cat":"Woodland","fill":"#2E7D32","text":"Improve structure and diversity of existing woodlands","url":"Click HERE to view the preferred habitat in our strategy"},"geometry":{"type":"Polygon","coordinates":[[[-2.72873,51.31393],[-2.72865,51.31389],[-2.72907,51.31358],[-2.72923,51.31334],[-2.72937,51.31305],[-2.72954,51.31284],[-2.72976,51.31237],[-2.72984,51.31209],[-2.72997,51.31202],[-2.73013,51.31184],[-2.73021,51.31186],[-2.73027,51.31198],[-2.73014,51.31213],[-2.73009,51.31244],[-2.72998,51.31268],[-2.7295,51.3131],[-2.72944,51.31339],[-2.72944,51.31349],[-2.7295,51.31356],[-2.72935,51.31372],[-2.72916,51.31379],[-2.72884,51.314],[-2.72873,51.31393]]]}},{"type":"Feature","properties":{"cat":"Woodland","fill":"#2E7D32","text":"Improve structure and diversity of existing woodlands","url":"Click HERE to view the preferred habitat in our strategy"},"geometry":{"type":"Polygon","coordinates":[[[-2.80941,51.30357],[-2.80934,51.30354],[-2.80937,51.30348],[-2.8094,51.30343],[-2.80948,51.30344],[-2.80941,51.30357]]]}},{"type":"Feature","properties":{"cat":"Woodland","fill":"#2E7D32","text":"Improve structure and diversity of existing woodlands","url":"Click HERE to view the preferred habitat in our strategy"},"geometry":{"type":"Polygon","coordinates":[[[-2.83047,51.2928],[-2.83017,51.29225],[-2.82963,51.29155],[-2.82974,51.29151],[-2.82987,51.29164],[-2.83015,51.29206],[-2.83044,51.29239],[-2.83063,51.29281],[-2.83073,51.29279],[-2.83083,51.29297],[-2.83095,51.29335],[-2.83071,51.29339],[-2.83047,51.2928]]]}},{"type":"Feature","properties":{"cat":"Woodland","fill":"#2E7D32","text":"Enhance conifer and mixed woodlands","url":"Click HERE to view the preferred habitat in our strategy"},"geometry":{"type":"Polygon","coordinates":[[[-2.77038,51.31803],[-2.77051,51.3185],[-2.76893,51.31817],[-2.77027,51.31765],[-2.77038,51.31803]]]}},{"type":"Feature","properties":{"cat":"Woodland","fill":"#2E7D32","text":"Enhance conifer and mixed woodlands","url":"Click HERE to view the preferred habitat in our strategy"},"geometry":{"type":"Polygon","coordinates":[[[-2.7742,51.3205],[-2.7731,51.32058],[-2.77319,51.31972],[-2.77374,51.31997],[-2.77455,51.32041],[-2.7742,51.3205]]]}},{"type":"Feature","properties":{"cat":"Woodland","fill":"#2E7D32","text":"Improve structure and diversity of existing woodlands","url":"Click HERE to view the preferred habitat in our strategy"},"geometry":{"type":"Polygon","coordinates":[[[-2.80231,51.28951],[-2.80174,51.28958],[-2.80171,51.28952],[-2.80171,51.28918],[-2.80179,51.28914],[-2.80191,51.28923],[-2.80198,51.2895],[-2.80219,51.28946],[-2.8023,51.28947],[-2.80231,51.28951]]]}},{"type":"Feature","properties":{"cat":"Woodland","fill":"#2E7D32","text":"Improve structure and diversity of existing woodlands","url":"Click HERE to view the preferred habitat in our strategy"},"geometry":{"type":"Polygon","coordinates":[[[-2.78257,51.31703],[-2.78258,51.31705],[-2.78254,51.31706],[-2.78252,51.31704],[-2.78257,51.31703]]]}},{"type":"Feature","properties":{"cat":"Woodland","fill":"#2E7D32","text":"Improve structure and diversity of existing woodlands","url":"Click HERE to view the preferred habitat in our strategy"},"geometry":{"type":"Polygon","coordinates":[[[-2.77333,51.28592],[-2.77339,51.28625],[-2.77314,51.28642],[-2.77316,51.28613],[-2.7731,51.28577],[-2.77327,51.28573],[-2.77333,51.28592]]]}},{"type":"Feature","properties":{"cat":"Woodland","fill":"#2E7D32","text":"Improve structure and diversity of existing woodlands","url":"Click HERE to view the preferred habitat in our strategy"},"geometry":{"type":"Polygon","coordinates":[[[-2.81003,51.30241],[-2.81,51.30245],[-2.80989,51.30245],[-2.80976,51.3024],[-2.80973,51.30236],[-2.80984,51.30231],[-2.81002,51.30237],[-2.81003,51.30241]]]}},{"type":"Feature","properties":{"cat":"Woodland","fill":"#2E7D32","text":"Improve structure and diversity of existing woodlands","url":"Click HERE to view the preferred habitat in our strategy"},"geometry":{"type":"Polygon","coordinates":[[[-2.77124,51.29044],[-2.77118,51.28957],[-2.77249,51.28959],[-2.77285,51.28992],[-2.77264,51.29026],[-2.77267,51.29072],[-2.77247,51.29085],[-2.77227,51.29087],[-2.77229,51.2906],[-2.77225,51.2905],[-2.77219,51.29045],[-2.77206,51.29049],[-2.77195,51.29069],[-2.77188,51.29091],[-2.77137,51.29093],[-2.77126,51.29062],[-2.77124,51.29044]],[[-2.77183,51.28963],[-2.77172,51.28966],[-2.77175,51.2897],[-2.77186,51.28967],[-2.77183,51.28963]]]}},{"type":"Feature","properties":{"cat":"Woodland","fill":"#2E7D32","text":"Improve structure and diversity of existing woodlands","url":"Click HERE to view the preferred habitat in our strategy"},"geometry":{"type":"Polygon","coordinates":[[[-2.77804,51.31435],[-2.77824,51.31411],[-2.77863,51.31333],[-2.77867,51.31303],[-2.77856,51.3128],[-2.77799,51.31224],[-2.77742,51.31159],[-2.77727,51.31135],[-2.77716,51.31101],[-2.7772,51.31103],[-2.77725,51.31123],[-2.7774,51.31151],[-2.77802,51.31219],[-2.77861,51.31278],[-2.77874,51.31299],[-2.77875,51.31321],[-2.77867,51.3134],[-2.77835,51.31401],[-2.77809,51.31438],[-2.77791,51.31452],[-2.77804,51.31435]]]}},{"type":"Feature","properties":{"cat":"Woodland","fill":"#2E7D32","text":"Improve structure and diversity of existing woodlands","url":"Click HERE to view the preferred habitat in our strategy"},"geometry":{"type":"Polygon","coordinates":[[[-2.78039,51.31247],[-2.78109,51.31277],[-2.78148,51.31288],[-2.78267,51.31331],[-2.78285,51.31339],[-2.78293,51.31347],[-2.78254,51.31359],[-2.78263,51.31354],[-2.78289,51.31348],[-2.78282,51.31343],[-2.78216,51.31324],[-2.7819,51.31306],[-2.78117,51.31281],[-2.78039,51.31247]]]}},{"type":"Feature","properties":{"cat":"Woodland","fill":"#2E7D32","text":"Improve structure and diversity of existing woodlands","url":"Click HERE to view the preferred habitat in our strategy"},"geometry":{"type":"Polygon","coordinates":[[[-2.78271,51.31767],[-2.78267,51.31821],[-2.78268,51.31768],[-2.78261,51.31751],[-2.78251,51.31742],[-2.78245,51.31724],[-2.78244,51.3171],[-2.78185,51.31612],[-2.78101,51.31525],[-2.78083,51.315],[-2.78071,51.31493],[-2.7805,51.31465],[-2.78048,51.3146],[-2.78059,51.31444],[-2.78059,51.31459],[-2.78101,51.31518],[-2.78207,51.31634],[-2.78229,51.31671],[-2.78243,51.31702],[-2.78249,51.31709],[-2.78254,51.31709],[-2.78252,51.31723],[-2.78271,51.31767]]]}},{"type":"Feature","properties":{"cat":"Woodland","fill":"#2E7D32","text":"Improve structure and diversity of existing woodlands","url":"Click HERE to view the preferred habitat in our strategy"},"geometry":{"type":"Polygon","coordinates":[[[-2.77689,51.29702],[-2.77765,51.29671],[-2.77832,51.29639],[-2.77875,51.29615],[-2.7794,51.29566],[-2.77998,51.29507],[-2.78066,51.29379],[-2.78089,51.29318],[-2.78103,51.2932],[-2.78074,51.29385],[-2.78022,51.29471],[-2.78,51.29515],[-2.77979,51.2954],[-2.77903,51.296],[-2.77869,51.29622],[-2.77794,51.29663],[-2.7769,51.29707],[-2.77629,51.29729],[-2.77558,51.2975],[-2.77437,51.29773],[-2.77438,51.29769],[-2.77494,51.2976],[-2.77576,51.29741],[-2.77689,51.29702]]]}},{"type":"Feature","properties":{"cat":"Woodland","fill":"#2E7D32","text":"Improve structure and diversity of existing woodlands","url":"Click HERE to view the preferred habitat in our strategy"},"geometry":{"type":"Polygon","coordinates":[[[-2.78011,51.32012],[-2.77987,51.32009],[-2.77924,51.31987],[-2.77971,51.31994],[-2.78008,51.32004],[-2.78011,51.32012]]]}},{"type":"Feature","properties":{"cat":"Woodland","fill":"#2E7D32","text":"Improve structure and diversity of existing woodlands","url":"Click HERE to view the preferred habitat in our strategy"},"geometry":{"type":"Polygon","coordinates":[[[-2.79527,51.30441],[-2.79547,51.30462],[-2.79553,51.30473],[-2.79558,51.30497],[-2.7957,51.30529],[-2.79559,51.3054],[-2.79421,51.30579],[-2.79385,51.30525],[-2.79436,51.30507],[-2.79468,51.30484],[-2.79506,51.30462],[-2.79495,51.30443],[-2.79527,51.30441]]]}},{"type":"Feature","properties":{"cat":"Woodland","fill":"#2E7D32","text":"Improve structure and diversity of existing woodlands","url":"Click HERE to view the preferred habitat in our strategy"},"geometry":{"type":"Polygon","coordinates":[[[-2.78304,51.31696],[-2.78249,51.31709],[-2.78207,51.31634],[-2.78265,51.31613],[-2.78313,51.31678],[-2.78314,51.31693],[-2.78304,51.31696]],[[-2.78254,51.31706],[-2.78258,51.31705],[-2.78257,51.31703],[-2.78254,51.317],[-2.7825,51.31701],[-2.78254,51.31706]]]}},{"type":"Feature","properties":{"cat":"Woodland","fill":"#2E7D32","text":"Improve structure and diversity of existing woodlands","url":"Click HERE to view the preferred habitat in our strategy"},"geometry":{"type":"Polygon","coordinates":[[[-2.79307,51.30043],[-2.7931,51.30045],[-2.79307,51.30047],[-2.79407,51.30085],[-2.79428,51.30098],[-2.7952,51.30208],[-2.78881,51.30243],[-2.78923,51.30207],[-2.78988,51.30186],[-2.79046,51.30163],[-2.79076,51.30157],[-2.79157,51.30151],[-2.79173,51.30147],[-2.79211,51.30147],[-2.79231,51.30143],[-2.79236,51.30136],[-2.79237,51.30119],[-2.79233,51.3011],[-2.79217,51.30093],[-2.79199,51.30089],[-2.79181,51.30091],[-2.79176,51.30099],[-2.79157,51.30095],[-2.79149,51.30099],[-2.7914,51.30095],[-2.79126,51.30098],[-2.79116,51.30091],[-2.79103,51.30087],[-2.791,51.30079],[-2.79108,51.30071],[-2.79116,51.3007],[-2.79148,51.3008],[-2.79157,51.30079],[-2.79167,51.30073],[-2.79189,51.30071],[-2.79209,51.30073],[-2.79233,51.30081],[-2.79241,51.30081],[-2.79257,51.30073],[-2.79285,51.30075],[-2.79293,51.30071],[-2.79295,51.30064],[-2.7928,51.3005],[-2.793,51.3004],[-2.79307,51.30043]]]}},{"type":"Feature","properties":{"cat":"Woodland","fill":"#2E7D32","text":"Enhance conifer and mixed woodlands","url":"Click HERE to view the preferred habitat in our strategy"},"geometry":{"type":"Polygon","coordinates":[[[-2.76805,51.31125],[-2.76808,51.31131],[-2.76829,51.31138],[-2.77281,51.31165],[-2.77292,51.31168],[-2.77296,51.31185],[-2.77282,51.31205],[-2.77248,51.31235],[-2.77224,51.31251],[-2.77203,51.3126],[-2.77161,51.31272],[-2.76955,51.31315],[-2.76935,51.31286],[-2.7684,51.31195],[-2.76767,51.31148],[-2.76733,51.31122],[-2.76805,51.31125]]]}},{"type":"Feature","properties":{"cat":"Woodland","fill":"#2E7D32","text":"Improve structure and diversity of existing woodlands","url":"Click HERE to view the preferred habitat in our strategy"},"geometry":{"type":"Polygon","coordinates":[[[-2.79407,51.30499],[-2.79297,51.30522],[-2.7926,51.30528],[-2.79257,51.30525],[-2.79339,51.30509],[-2.79346,51.30505],[-2.79358,51.30505],[-2.79404,51.30495],[-2.79407,51.30499]]]}},{"type":"Feature","properties":{"cat":"Woodland","fill":"#2E7D32","text":"Improve structure and diversity of existing woodlands","url":"Click HERE to view the preferred habitat in our strategy"},"geometry":{"type":"Polygon","coordinates":[[[-2.7646,51.32257],[-2.7644,51.32254],[-2.76426,51.32239],[-2.76432,51.32237],[-2.76439,51.32247],[-2.76448,51.32251],[-2.76471,51.32255],[-2.7646,51.32257]]]}},{"type":"Feature","properties":{"cat":"Woodland","fill":"#2E7D32","text":"Improve structure and diversity of existing woodlands","url":"Click HERE to view the preferred habitat in our strategy"},"geometry":{"type":"Polygon","coordinates":[[[-2.76491,51.32246],[-2.76495,51.32246],[-2.76491,51.32248],[-2.76491,51.32246]]]}},{"type":"Feature","properties":{"cat":"Woodland","fill":"#2E7D32","text":"Improve structure and diversity of existing woodlands","url":"Click HERE to view the preferred habitat in our strategy"},"geometry":{"type":"Polygon","coordinates":[[[-2.80628,51.31521],[-2.80627,51.31528],[-2.8063,51.31533],[-2.80541,51.31554],[-2.80515,51.31555],[-2.8051,51.31533],[-2.80531,51.31531],[-2.80549,51.31534],[-2.80627,51.31517],[-2.80628,51.31521]]]}},{"type":"Feature","properties":{"cat":"Woodland","fill":"#2E7D32","text":"Improve structure and diversity of existing woodlands","url":"Click HERE to view the preferred habitat in our strategy"},"geometry":{"type":"Polygon","coordinates":[[[-2.76686,51.2854],[-2.767,51.28569],[-2.7671,51.28581],[-2.76728,51.28594],[-2.76658,51.28631],[-2.76609,51.28652],[-2.76567,51.28599],[-2.76674,51.28527],[-2.76686,51.2854]]]}},{"type":"Feature","properties":{"cat":"Woodland","fill":"#2E7D32","text":"Improve structure and diversity of existing woodlands","url":"Click HERE to view the preferred habitat in our strategy"},"geometry":{"type":"Polygon","coordinates":[[[-2.8313,51.30041],[-2.83134,51.30054],[-2.83036,51.30054],[-2.83057,51.29967],[-2.83071,51.29968],[-2.83062,51.30045],[-2.83082,51.30048],[-2.83096,51.30046],[-2.83098,51.30043],[-2.83099,51.30023],[-2.83091,51.29971],[-2.83107,51.29971],[-2.8313,51.30041]]]}},{"type":"Feature","properties":{"cat":"Woodland","fill":"#2E7D32","text":"Improve structure and diversity of existing woodlands","url":"Click HERE to view the preferred habitat in our strategy"},"geometry":{"type":"Polygon","coordinates":[[[-2.80175,51.31008],[-2.80181,51.31014],[-2.80167,51.31022],[-2.80164,51.31023],[-2.80157,51.31017],[-2.80175,51.31008]]]}},{"type":"Feature","properties":{"cat":"Woodland","fill":"#2E7D32","text":"Improve structure and diversity of existing woodlands","url":"Click HERE to view the preferred habitat in our strategy"},"geometry":{"type":"Polygon","coordinates":[[[-2.78107,51.2932],[-2.78077,51.29393],[-2.78007,51.29517],[-2.77954,51.2957],[-2.77882,51.29622],[-2.7781,51.2966],[-2.77745,51.29689],[-2.77637,51.2973],[-2.77586,51.29747],[-2.7753,51.29761],[-2.77441,51.29777],[-2.77441,51.29772],[-2.77558,51.2975],[-2.77629,51.29729],[-2.7769,51.29707],[-2.77794,51.29663],[-2.77869,51.29622],[-2.77903,51.296],[-2.77979,51.2954],[-2.78,51.29515],[-2.78022,51.29471],[-2.78074,51.29385],[-2.78103,51.2932],[-2.78107,51.2932]]]}},{"type":"Feature","properties":{"cat":"Woodland","fill":"#2E7D32","text":"Improve structure and diversity of existing woodlands","url":"Click HERE to view the preferred habitat in our strategy"},"geometry":{"type":"Polygon","coordinates":[[[-2.76705,51.30733],[-2.76695,51.30746],[-2.76653,51.30737],[-2.76665,51.30729],[-2.76691,51.30738],[-2.76705,51.30733]]]}},{"type":"Feature","properties":{"cat":"Woodland","fill":"#2E7D32","text":"Improve structure and diversity of existing woodlands","url":"Click HERE to view the preferred habitat in our strategy"},"geometry":{"type":"Polygon","coordinates":[[[-2.8073,51.28483],[-2.80759,51.28474],[-2.80763,51.28482],[-2.80733,51.28487],[-2.80729,51.28491],[-2.80575,51.28516],[-2.80567,51.2852],[-2.80565,51.28529],[-2.80558,51.28536],[-2.80555,51.28514],[-2.80644,51.28502],[-2.8073,51.28483]]]}},{"type":"Feature","properties":{"cat":"Woodland","fill":"#2E7D32","text":"Improve structure and diversity of existing woodlands","url":"Click HERE to view the preferred habitat in our strategy"},"geometry":{"type":"Polygon","coordinates":[[[-2.73365,51.30054],[-2.73333,51.30059],[-2.73334,51.30039],[-2.73342,51.30016],[-2.73353,51.29964],[-2.73377,51.29966],[-2.7337,51.30004],[-2.73371,51.30014],[-2.73377,51.30023],[-2.73365,51.30054]]]}},{"type":"Feature","properties":{"cat":"Woodland","fill":"#2E7D32","text":"Improve structure and diversity of existing woodlands","url":"Click HERE to view the preferred habitat in our strategy"},"geometry":{"type":"Polygon","coordinates":[[[-2.76726,51.28536],[-2.76791,51.28535],[-2.7688,51.28521],[-2.76885,51.28567],[-2.76881,51.28576],[-2.76872,51.28582],[-2.76854,51.28585],[-2.76847,51.28584],[-2.7682,51.28563],[-2.76807,51.28557],[-2.76789,51.28554],[-2.76773,51.28558],[-2.76769,51.28568],[-2.76771,51.286],[-2.7676,51.28611],[-2.76732,51.28597],[-2.7671,51.28581],[-2.767,51.28569],[-2.76685,51.28538],[-2.76726,51.28536]]]}},{"type":"Feature","properties":{"cat":"Woodland","fill":"#2E7D32","text":"Improve structure and diversity of existing woodlands","url":"Click HERE to view the preferred habitat in our strategy"},"geometry":{"type":"Polygon","coordinates":[[[-2.76301,51.28],[-2.76299,51.28007],[-2.76322,51.28037],[-2.76266,51.28035],[-2.76237,51.27988],[-2.76302,51.27998],[-2.76301,51.28]],[[-2.76289,51.28007],[-2.76297,51.28007],[-2.76299,51.28],[-2.7629,51.27999],[-2.76289,51.28007]]]}},{"type":"Feature","properties":{"cat":"Woodland","fill":"#2E7D32","text":"Improve structure and diversity of existing woodlands","url":"Click HERE to view the preferred habitat in our strategy"},"geometry":{"type":"Polygon","coordinates":[[[-2.78432,51.31955],[-2.78415,51.31951],[-2.7842,51.31944],[-2.78432,51.31946],[-2.78436,51.31948],[-2.78432,51.31955]]]}},{"type":"Feature","properties":{"cat":"Woodland","fill":"#2E7D32","text":"Improve structure and diversity of existing woodlands","url":"Click HERE to view the preferred habitat in our strategy"},"geometry":{"type":"Polygon","coordinates":[[[-2.79843,51.3177],[-2.79826,51.31728],[-2.79827,51.31709],[-2.79832,51.31696],[-2.7985,51.31704],[-2.7988,51.31728],[-2.79868,51.31738],[-2.79869,51.31765],[-2.79877,51.31764],[-2.79871,51.31765],[-2.79872,51.31772],[-2.79895,51.31771],[-2.79894,51.31786],[-2.79853,51.31787],[-2.79843,51.3177]]]}},{"type":"Feature","properties":{"cat":"Woodland","fill":"#2E7D32","text":"Improve structure and diversity of existing woodlands","url":"Click HERE to view the preferred habitat in our strategy"},"geometry":{"type":"Polygon","coordinates":[[[-2.80471,51.30486],[-2.80426,51.30486],[-2.80447,51.3045],[-2.80509,51.30448],[-2.80518,51.30485],[-2.80471,51.30486]],[[-2.80469,51.30454],[-2.80458,51.30458],[-2.80461,51.30461],[-2.80476,51.30456],[-2.80495,51.30457],[-2.80498,51.30454],[-2.80488,51.30451],[-2.80469,51.30454]]]}},{"type":"Feature","properties":{"cat":"Woodland","fill":"#2E7D32","text":"Improve structure and diversity of existing woodlands","url":"Click HERE to view the preferred habitat in our strategy"},"geometry":{"type":"Polygon","coordinates":[[[-2.80471,51.30486],[-2.80518,51.30485],[-2.80521,51.30496],[-2.80473,51.30497],[-2.80399,51.30496],[-2.80397,51.30487],[-2.80471,51.30486]]]}},{"type":"Feature","properties":{"cat":"Woodland","fill":"#2E7D32","text":"Improve structure and diversity of existing woodlands","url":"Click HERE to view the preferred habitat in our strategy"},"geometry":{"type":"Polygon","coordinates":[[[-2.80603,51.32017],[-2.80589,51.32024],[-2.80529,51.31971],[-2.80549,51.31961],[-2.80603,51.32017]]]}},{"type":"Feature","properties":{"cat":"Woodland","fill":"#2E7D32","text":"Improve structure and diversity of existing woodlands","url":"Click HERE to view the preferred habitat in our strategy"},"geometry":{"type":"Polygon","coordinates":[[[-2.79166,51.30485],[-2.79175,51.30496],[-2.79186,51.30491],[-2.79192,51.30496],[-2.79179,51.30501],[-2.79171,51.305],[-2.79161,51.30487],[-2.79166,51.30485]]]}},{"type":"Feature","properties":{"cat":"Woodland","fill":"#2E7D32","text":"Establish trees outside of woodlands","url":"Click HERE to view the preferred habitat in our strategy"},"geometry":{"type":"Polygon","coordinates":[[[-2.78303,51.31453],[-2.78323,51.31465],[-2.78297,51.31479],[-2.78223,51.31518],[-2.78208,51.31504],[-2.78303,51.31453]]]}},{"type":"Feature","properties":{"cat":"Woodland","fill":"#2E7D32","text":"Improve structure and diversity of existing woodlands","url":"Click HERE to view the preferred habitat in our strategy"},"geometry":{"type":"Polygon","coordinates":[[[-2.80753,51.28511],[-2.80749,51.28511],[-2.80753,51.28509],[-2.80753,51.28511]]]}},{"type":"Feature","properties":{"cat":"Woodland","fill":"#2E7D32","text":"Improve structure and diversity of existing woodlands","url":"Click HERE to view the preferred habitat in our strategy"},"geometry":{"type":"Polygon","coordinates":[[[-2.78686,51.30517],[-2.78658,51.30519],[-2.78665,51.30513],[-2.78682,51.30511],[-2.7869,51.30513],[-2.78691,51.30515],[-2.78686,51.30517]]]}},{"type":"Feature","properties":{"cat":"Woodland","fill":"#2E7D32","text":"Improve structure and diversity of existing woodlands","url":"Click HERE to view the preferred habitat in our strategy"},"geometry":{"type":"Polygon","coordinates":[[[-2.77734,51.28867],[-2.77721,51.28852],[-2.77685,51.28829],[-2.77688,51.28818],[-2.77764,51.28825],[-2.7776,51.28837],[-2.77746,51.28851],[-2.77736,51.28869],[-2.77734,51.28867]]]}},{"type":"Feature","properties":{"cat":"Woodland","fill":"#2E7D32","text":"Improve structure and diversity of existing woodlands","url":"Click HERE to view the preferred habitat in our strategy"},"geometry":{"type":"Polygon","coordinates":[[[-2.80393,51.30462],[-2.8039,51.30461],[-2.80392,51.30459],[-2.80393,51.30462]]]}},{"type":"Feature","properties":{"cat":"Woodland","fill":"#2E7D32","text":"Enhance conifer and mixed woodlands","url":"Click HERE to view the preferred habitat in our strategy"},"geometry":{"type":"Polygon","coordinates":[[[-2.78661,51.31234],[-2.78644,51.31214],[-2.78685,51.3122],[-2.78816,51.31248],[-2.78792,51.31248],[-2.78661,51.31234]]]}},{"type":"Feature","properties":{"cat":"Woodland","fill":"#2E7D32","text":"Enhance conifer and mixed woodlands","url":"Click HERE to view the preferred habitat in our strategy"},"geometry":{"type":"Polygon","coordinates":[[[-2.78296,51.3101],[-2.78383,51.3104],[-2.78379,51.31044],[-2.7831,51.31045],[-2.78296,51.3101]]]}},{"type":"Feature","properties":{"cat":"Woodland","fill":"#2E7D32","text":"Enhance conifer and mixed woodlands","url":"Click HERE to view the preferred habitat in our strategy"},"geometry":{"type":"Polygon","coordinates":[[[-2.78536,51.31159],[-2.78535,51.31156],[-2.78545,51.31147],[-2.78577,51.31163],[-2.78641,51.31185],[-2.7864,51.31198],[-2.78536,51.31159]]]}},{"type":"Feature","properties":{"cat":"Woodland","fill":"#2E7D32","text":"Establish trees outside of woodlands","url":"Click HERE to view the preferred habitat in our strategy"},"geometry":{"type":"Polygon","coordinates":[[[-2.77864,51.30685],[-2.77839,51.30683],[-2.7784,51.30673],[-2.77846,51.30673],[-2.77846,51.30657],[-2.77918,51.30662],[-2.77918,51.30668],[-2.77924,51.30669],[-2.77915,51.30675],[-2.77913,51.30687],[-2.77864,51.30685]],[[-2.77853,51.30664],[-2.77851,51.30682],[-2.77908,51.30685],[-2.7791,51.30667],[-2.77853,51.30664]]]}},{"type":"Feature","properties":{"cat":"Woodland","fill":"#2E7D32","text":"Establish trees outside of woodlands","url":"Click HERE to view the preferred habitat in our strategy"},"geometry":{"type":"Polygon","coordinates":[[[-2.77486,51.28581],[-2.77475,51.28583],[-2.77475,51.28589],[-2.77495,51.28587],[-2.77501,51.28583],[-2.77503,51.28593],[-2.77521,51.28592],[-2.77542,51.28656],[-2.77541,51.287],[-2.77547,51.28743],[-2.77442,51.28761],[-2.77415,51.28722],[-2.77409,51.28719],[-2.77395,51.28685],[-2.77388,51.28613],[-2.77391,51.28604],[-2.7739,51.28593],[-2.77486,51.28581]]]}},{"type":"Feature","properties":{"cat":"Woodland","fill":"#2E7D32","text":"Establish trees outside of woodlands","url":"Click HERE to view the preferred habitat in our strategy"},"geometry":{"type":"Polygon","coordinates":[[[-2.79651,51.32421],[-2.79628,51.32433],[-2.79614,51.32453],[-2.79615,51.32464],[-2.79629,51.32491],[-2.7958,51.32489],[-2.79508,51.32466],[-2.79447,51.32439],[-2.7932,51.32426],[-2.7929,51.32417],[-2.79247,51.32388],[-2.79227,51.32383],[-2.79206,51.32383],[-2.79209,51.32327],[-2.79242,51.32328],[-2.79404,51.32321],[-2.79504,51.32313],[-2.79539,51.32306],[-2.79606,51.32299],[-2.79632,51.32356],[-2.79651,51.32421]]]}},{"type":"Feature","properties":{"cat":"Woodland","fill":"#2E7D32","text":"Establish trees outside of woodlands","url":"Click HERE to view the preferred habitat in our strategy"},"geometry":{"type":"Polygon","coordinates":[[[-2.78308,51.31063],[-2.78317,51.31084],[-2.78255,51.31089],[-2.78252,51.31069],[-2.78308,51.31063]]]}},{"type":"Feature","properties":{"cat":"Woodland","fill":"#2E7D32","text":"Establish trees outside of woodlands","url":"Click HERE to view the preferred habitat in our strategy"},"geometry":{"type":"Polygon","coordinates":[[[-2.824,51.28869],[-2.82452,51.28883],[-2.82467,51.28917],[-2.82409,51.28947],[-2.82372,51.28881],[-2.824,51.28869]]]}},{"type":"Feature","properties":{"cat":"Woodland","fill":"#2E7D32","text":"Establish trees outside of woodlands","url":"Click HERE to view the preferred habitat in our strategy"},"geometry":{"type":"Polygon","coordinates":[[[-2.78366,51.28596],[-2.78404,51.28544],[-2.78419,51.28545],[-2.78412,51.28542],[-2.78415,51.28534],[-2.78423,51.28532],[-2.78488,51.28554],[-2.7846,51.28596],[-2.78366,51.28596]]]}},{"type":"Feature","properties":{"cat":"Woodland","fill":"#2E7D32","text":"Establish trees outside of woodlands","url":"Click HERE to view the preferred habitat in our strategy"},"geometry":{"type":"Polygon","coordinates":[[[-2.77006,51.30447],[-2.76988,51.30536],[-2.76986,51.30543],[-2.76978,51.30546],[-2.76697,51.30519],[-2.76467,51.30422],[-2.76556,51.30348],[-2.76671,51.30391],[-2.76729,51.30409],[-2.76867,51.30428],[-2.77008,51.30436],[-2.77006,51.30447]]]}},{"type":"Feature","properties":{"cat":"Woodland","fill":"#2E7D32","text":"Establish trees outside of woodlands","url":"Click HERE to view the preferred habitat in our strategy"},"geometry":{"type":"Polygon","coordinates":[[[-2.80996,51.30562],[-2.80996,51.3056],[-2.80997,51.3056],[-2.80998,51.30562],[-2.80996,51.30562]]]}},{"type":"Feature","properties":{"cat":"Woodland","fill":"#2E7D32","text":"Establish trees outside of woodlands","url":"Click HERE to view the preferred habitat in our strategy"},"geometry":{"type":"Polygon","coordinates":[[[-2.79685,51.28979],[-2.7968,51.29],[-2.79667,51.2901],[-2.79506,51.29026],[-2.79502,51.28995],[-2.79506,51.28992],[-2.79685,51.28979]],[[-2.79673,51.29002],[-2.79674,51.29003],[-2.7968,51.28999],[-2.79678,51.28998],[-2.79673,51.29002]],[[-2.79676,51.28984],[-2.7967,51.28981],[-2.7967,51.28984],[-2.79676,51.28984]]]}},{"type":"Feature","properties":{"cat":"Woodland","fill":"#2E7D32","text":"Establish trees outside of woodlands","url":"Click HERE to view the preferred habitat in our strategy"},"geometry":{"type":"Polygon","coordinates":[[[-2.81835,51.30073],[-2.81826,51.30096],[-2.81593,51.30114],[-2.8164,51.29939],[-2.81892,51.29937],[-2.81835,51.30073]]]}},{"type":"Feature","properties":{"cat":"Woodland","fill":"#2E7D32","text":"Conserve and restore traditional orchards","url":"Click HERE to view the preferred habitat in our strategy"},"geometry":{"type":"Polygon","coordinates":[[[-2.83931,51.28944],[-2.83921,51.28877],[-2.83962,51.28878],[-2.8397,51.28932],[-2.84008,51.2893],[-2.84015,51.2898],[-2.8401,51.2898],[-2.84008,51.28976],[-2.83935,51.28972],[-2.83931,51.28944]],[[-2.83994,51.28942],[-2.83973,51.28943],[-2.83975,51.28951],[-2.83994,51.2895],[-2.83994,51.28942]],[[-2.83956,51.28891],[-2.83925,51.28892],[-2.83926,51.28897],[-2.83935,51.28897],[-2.83935,51.28901],[-2.8395,51.289],[-2.8395,51.28894],[-2.83956,51.28891]]]}},{"type":"Feature","properties":{"cat":"Woodland","fill":"#2E7D32","text":"Improve structure and diversity of existing woodlands","url":"Click HERE to view the preferred habitat in our strategy"},"geometry":{"type":"Polygon","coordinates":[[[-2.79534,51.28315],[-2.7955,51.28326],[-2.79467,51.28338],[-2.79414,51.28289],[-2.79415,51.28212],[-2.79419,51.28211],[-2.79422,51.28221],[-2.79472,51.28268],[-2.79534,51.28315]]]}},{"type":"Feature","properties":{"cat":"Woodland","fill":"#2E7D32","text":"Establish trees outside of woodlands","url":"Click HERE to view the preferred habitat in our strategy"},"geometry":{"type":"Polygon","coordinates":[[[-2.7665,51.30742],[-2.76635,51.30752],[-2.76608,51.30746],[-2.76594,51.30747],[-2.76577,51.3078],[-2.76584,51.30797],[-2.76566,51.30806],[-2.76574,51.30824],[-2.7662,51.30833],[-2.76563,51.30901],[-2.7643,51.30887],[-2.766,51.3072],[-2.7665,51.30742]]]}},{"type":"Feature","properties":{"cat":"Woodland","fill":"#2E7D32","text":"Establish trees outside of woodlands","url":"Click HERE to view the preferred habitat in our strategy"},"geometry":{"type":"Polygon","coordinates":[[[-2.73762,51.31839],[-2.73762,51.31836],[-2.73781,51.31837],[-2.73803,51.31842],[-2.73807,51.31828],[-2.73762,51.31823],[-2.73766,51.31702],[-2.73774,51.31661],[-2.7389,51.31679],[-2.73985,51.31702],[-2.74054,51.31736],[-2.74058,51.31745],[-2.74063,51.31787],[-2.74051,51.31812],[-2.7405,51.31846],[-2.7396,51.31865],[-2.73924,51.31867],[-2.73762,51.31839]]]}},{"type":"Feature","properties":{"cat":"Woodland","fill":"#2E7D32","text":"Improve structure and diversity of existing woodlands","url":"Click HERE to view the preferred habitat in our strategy"},"geometry":{"type":"Polygon","coordinates":[[[-2.79408,51.28158],[-2.79445,51.28162],[-2.79451,51.28169],[-2.79462,51.28168],[-2.7945,51.28174],[-2.79455,51.28184],[-2.79469,51.28181],[-2.79491,51.2821],[-2.79481,51.28222],[-2.79462,51.2823],[-2.79463,51.28248],[-2.79465,51.28252],[-2.79477,51.28257],[-2.79491,51.28273],[-2.79504,51.28273],[-2.79519,51.28282],[-2.79519,51.28288],[-2.79508,51.28296],[-2.79472,51.28268],[-2.79422,51.28221],[-2.79419,51.28211],[-2.79422,51.2821],[-2.79421,51.28205],[-2.79398,51.28206],[-2.79387,51.282],[-2.79385,51.28179],[-2.79377,51.28154],[-2.79408,51.28158]],[[-2.79485,51.28205],[-2.79485,51.28205],[-2.79484,51.28208],[-2.79486,51.28208],[-2.79486,51.28205],[-2.79485,51.28204],[-2.79485,51.28205]]]}},{"type":"Feature","properties":{"cat":"Woodland","fill":"#2E7D32","text":"Establish new woodland","url":"Click HERE to view the preferred habitat in our strategy"},"geometry":{"type":"Polygon","coordinates":[[[-2.79587,51.30302],[-2.79599,51.30345],[-2.79587,51.30347],[-2.79573,51.30304],[-2.79587,51.30302]]]}},{"type":"Feature","properties":{"cat":"Woodland","fill":"#2E7D32","text":"Establish new woodland","url":"Click HERE to view the preferred habitat in our strategy"},"geometry":{"type":"Polygon","coordinates":[[[-2.76593,51.28953],[-2.76554,51.29003],[-2.76511,51.28993],[-2.76563,51.28933],[-2.76602,51.28942],[-2.76593,51.28953]]]}},{"type":"Feature","properties":{"cat":"Woodland","fill":"#2E7D32","text":"Establish new woodland","url":"Click HERE to view the preferred habitat in our strategy"},"geometry":{"type":"Polygon","coordinates":[[[-2.79795,51.30837],[-2.7982,51.30866],[-2.79744,51.3089],[-2.79709,51.30852],[-2.79706,51.30845],[-2.79786,51.30834],[-2.79793,51.30834],[-2.79795,51.30837]]]}},{"type":"Feature","properties":{"cat":"Woodland","fill":"#2E7D32","text":"Establish trees outside of woodlands","url":"Click HERE to view the preferred habitat in our strategy"},"geometry":{"type":"Polygon","coordinates":[[[-2.73525,51.31693],[-2.73398,51.31679],[-2.73327,51.31675],[-2.73253,51.31677],[-2.73241,51.31637],[-2.73277,51.31622],[-2.7334,51.3161],[-2.73483,51.31599],[-2.73535,51.31599],[-2.73648,51.31631],[-2.73638,51.31674],[-2.73637,51.317],[-2.73585,51.31696],[-2.73525,51.31696],[-2.73525,51.31693]]]}},{"type":"Feature","properties":{"cat":"Woodland","fill":"#2E7D32","text":"Establish trees outside of woodlands","url":"Click HERE to view the preferred habitat in our strategy"},"geometry":{"type":"Polygon","coordinates":[[[-2.74142,51.31964],[-2.74049,51.31971],[-2.74019,51.31968],[-2.73955,51.31968],[-2.73943,51.31965],[-2.73943,51.31924],[-2.73934,51.31866],[-2.7396,51.31865],[-2.7405,51.31846],[-2.74051,51.31812],[-2.74081,51.3175],[-2.74209,51.31805],[-2.74201,51.31821],[-2.74192,51.31821],[-2.74191,51.31824],[-2.742,51.31825],[-2.74198,51.31832],[-2.74169,51.31824],[-2.74168,51.31832],[-2.74179,51.31839],[-2.74198,51.31842],[-2.74189,51.31907],[-2.74155,51.31925],[-2.74146,51.31959],[-2.74142,51.31964]]]}},{"type":"Feature","properties":{"cat":"Woodland","fill":"#2E7D32","text":"Establish trees outside of woodlands","url":"Click HERE to view the preferred habitat in our strategy"},"geometry":{"type":"Polygon","coordinates":[[[-2.74409,51.31852],[-2.74406,51.31877],[-2.74411,51.31927],[-2.74262,51.31939],[-2.74244,51.31959],[-2.74217,51.31962],[-2.74181,51.31959],[-2.74198,51.31845],[-2.74198,51.31829],[-2.742,51.31825],[-2.74207,51.31825],[-2.74208,51.31821],[-2.74201,51.31821],[-2.74209,51.31805],[-2.74227,51.31814],[-2.7425,51.31819],[-2.74409,51.31845],[-2.74409,51.31852]]]}},{"type":"Feature","properties":{"cat":"Woodland","fill":"#2E7D32","text":"Establish trees outside of woodlands","url":"Click HERE to view the preferred habitat in our strategy"},"geometry":{"type":"Polygon","coordinates":[[[-2.78644,51.32467],[-2.78642,51.32474],[-2.78623,51.32471],[-2.78603,51.32459],[-2.78589,51.32441],[-2.78577,51.32445],[-2.78555,51.32427],[-2.78551,51.32411],[-2.7855,51.3239],[-2.78554,51.32358],[-2.78576,51.32288],[-2.78576,51.32213],[-2.78582,51.32184],[-2.78603,51.32208],[-2.78613,51.32226],[-2.78615,51.32261],[-2.7861,51.32332],[-2.78577,51.3242],[-2.78595,51.32419],[-2.78603,51.32436],[-2.78619,51.32456],[-2.78644,51.32467]],[[-2.78561,51.32405],[-2.78573,51.32405],[-2.78573,51.32402],[-2.7856,51.32402],[-2.78561,51.32405]]]}},{"type":"Feature","properties":{"cat":"Woodland","fill":"#2E7D32","text":"Establish trees outside of woodlands","url":"Click HERE to view the preferred habitat in our strategy"},"geometry":{"type":"Polygon","coordinates":[[[-2.74705,51.31972],[-2.74673,51.31967],[-2.74643,51.31968],[-2.74616,51.31963],[-2.74554,51.31928],[-2.74453,51.31925],[-2.74411,51.31927],[-2.74406,51.31877],[-2.74409,51.31847],[-2.74456,51.31855],[-2.74514,51.31854],[-2.74585,51.31844],[-2.74618,51.31846],[-2.7464,51.31851],[-2.74646,51.31855],[-2.74655,51.31874],[-2.74689,51.31914],[-2.74705,51.31952],[-2.74709,51.31972],[-2.74705,51.31972]]]}},{"type":"Feature","properties":{"cat":"Woodland","fill":"#2E7D32","text":"Establish trees outside of woodlands","url":"Click HERE to view the preferred habitat in our strategy"},"geometry":{"type":"Polygon","coordinates":[[[-2.78211,51.28617],[-2.78197,51.28615],[-2.78204,51.28592],[-2.78201,51.28576],[-2.78209,51.28552],[-2.78231,51.28535],[-2.78263,51.28542],[-2.78224,51.2862],[-2.78211,51.28617]]]}},{"type":"Feature","properties":{"cat":"Woodland","fill":"#2E7D32","text":"Establish trees outside of woodlands","url":"Click HERE to view the preferred habitat in our strategy"},"geometry":{"type":"Polygon","coordinates":[[[-2.81369,51.29071],[-2.81455,51.29068],[-2.81462,51.2907],[-2.81487,51.29092],[-2.81458,51.29084],[-2.81443,51.29084],[-2.81447,51.29108],[-2.81403,51.29117],[-2.81377,51.29088],[-2.81369,51.29071]]]}},{"type":"Feature","properties":{"cat":"Woodland","fill":"#2E7D32","text":"Establish trees outside of woodlands","url":"Click HERE to view the preferred habitat in our strategy"},"geometry":{"type":"Polygon","coordinates":[[[-2.80318,51.30424],[-2.80266,51.30429],[-2.80265,51.30423],[-2.80382,51.30409],[-2.80383,51.30416],[-2.80318,51.30424]]]}},{"type":"Feature","properties":{"cat":"Woodland","fill":"#2E7D32","text":"Establish trees outside of woodlands","url":"Click HERE to view the preferred habitat in our strategy"},"geometry":{"type":"Polygon","coordinates":[[[-2.80887,51.28975],[-2.80891,51.28986],[-2.80886,51.28992],[-2.80815,51.29015],[-2.808,51.28972],[-2.80884,51.28969],[-2.80888,51.28972],[-2.80887,51.28975]]]}},{"type":"Feature","properties":{"cat":"Woodland","fill":"#2E7D32","text":"Establish trees outside of woodlands","url":"Click HERE to view the preferred habitat in our strategy"},"geometry":{"type":"Polygon","coordinates":[[[-2.80808,51.29018],[-2.80777,51.29029],[-2.80743,51.2903],[-2.80755,51.28994],[-2.80754,51.28984],[-2.8076,51.28984],[-2.80758,51.28978],[-2.80752,51.28979],[-2.80751,51.28976],[-2.808,51.28972],[-2.80815,51.29015],[-2.80808,51.29018]]]}},{"type":"Feature","properties":{"cat":"Woodland","fill":"#2E7D32","text":"Establish trees outside of woodlands","url":"Click HERE to view the preferred habitat in our strategy"},"geometry":{"type":"Polygon","coordinates":[[[-2.84699,51.29411],[-2.8468,51.29411],[-2.84687,51.29396],[-2.84719,51.29359],[-2.84734,51.29326],[-2.84752,51.2933],[-2.84764,51.29327],[-2.84844,51.29323],[-2.84847,51.29343],[-2.84839,51.29345],[-2.84822,51.29364],[-2.84779,51.29388],[-2.84709,51.29413],[-2.84699,51.29411]]]}},{"type":"Feature","properties":{"cat":"Woodland","fill":"#2E7D32","text":"Establish trees outside of woodlands","url":"Click HERE to view the preferred habitat in our strategy"},"geometry":{"type":"Polygon","coordinates":[[[-2.78263,51.28542],[-2.78231,51.28535],[-2.78209,51.28552],[-2.78205,51.28559],[-2.78053,51.28573],[-2.78018,51.28524],[-2.77979,51.28514],[-2.77964,51.28476],[-2.78007,51.28469],[-2.77996,51.28443],[-2.77997,51.28428],[-2.78136,51.28444],[-2.7816,51.2844],[-2.78188,51.28461],[-2.78182,51.28466],[-2.78205,51.2848],[-2.78223,51.28486],[-2.78244,51.28486],[-2.78279,51.28472],[-2.78282,51.2848],[-2.78278,51.2851],[-2.78263,51.28542]]]}},{"type":"Feature","properties":{"cat":"Woodland","fill":"#2E7D32","text":"Establish trees outside of woodlands","url":"Click HERE to view the preferred habitat in our strategy"},"geometry":{"type":"Polygon","coordinates":[[[-2.84639,51.29639],[-2.84588,51.29635],[-2.84549,51.29626],[-2.84528,51.29626],[-2.84469,51.29607],[-2.84443,51.29568],[-2.84428,51.29563],[-2.84406,51.29549],[-2.84399,51.29531],[-2.84406,51.29517],[-2.84401,51.29472],[-2.84394,51.29451],[-2.84382,51.29442],[-2.84401,51.29421],[-2.8445,51.29438],[-2.84475,51.29443],[-2.84489,51.2944],[-2.84468,51.2951],[-2.84465,51.29553],[-2.84467,51.29556],[-2.84495,51.29566],[-2.84506,51.29543],[-2.84532,51.29529],[-2.84518,51.29575],[-2.8455,51.29582],[-2.8466,51.29577],[-2.84663,51.29589],[-2.84644,51.29638],[-2.84639,51.29639]]]}},{"type":"Feature","properties":{"cat":"Woodland","fill":"#2E7D32","text":"Establish trees outside of woodlands","url":"Click HERE to view the preferred habitat in our strategy"},"geometry":{"type":"Polygon","coordinates":[[[-2.84188,51.29241],[-2.84187,51.29232],[-2.84182,51.29227],[-2.84182,51.2921],[-2.84189,51.29192],[-2.84211,51.29161],[-2.84217,51.29132],[-2.84222,51.29127],[-2.84248,51.29132],[-2.84283,51.29145],[-2.84306,51.29161],[-2.84289,51.29186],[-2.84261,51.29218],[-2.84246,51.2925],[-2.84251,51.29252],[-2.84243,51.29253],[-2.84202,51.29242],[-2.84188,51.29241]]]}},{"type":"Feature","properties":{"cat":"Woodland","fill":"#2E7D32","text":"Establish trees outside of woodlands","url":"Click HERE to view the preferred habitat in our strategy"},"geometry":{"type":"Polygon","coordinates":[[[-2.8074,51.28955],[-2.80692,51.28856],[-2.80771,51.28865],[-2.80821,51.28972],[-2.80751,51.28976],[-2.8074,51.28955]],[[-2.80708,51.28875],[-2.80703,51.28876],[-2.80706,51.28881],[-2.8071,51.28881],[-2.80708,51.28875]]]}},{"type":"Feature","properties":{"cat":"Woodland","fill":"#2E7D32","text":"Establish trees outside of woodlands","url":"Click HERE to view the preferred habitat in our strategy"},"geometry":{"type":"Polygon","coordinates":[[[-2.77535,51.30613],[-2.77437,51.30557],[-2.77834,51.30534],[-2.77826,51.30582],[-2.77812,51.30639],[-2.77539,51.30616],[-2.77535,51.30613]]]}},{"type":"Feature","properties":{"cat":"Woodland","fill":"#2E7D32","text":"Establish trees outside of woodlands","url":"Click HERE to view the preferred habitat in our strategy"},"geometry":{"type":"Polygon","coordinates":[[[-2.73228,51.30492],[-2.7318,51.30501],[-2.73182,51.30391],[-2.73178,51.30344],[-2.73186,51.30345],[-2.73201,51.30381],[-2.73206,51.30427],[-2.73228,51.30492]]]}},{"type":"Feature","properties":{"cat":"Woodland","fill":"#2E7D32","text":"Establish trees outside of woodlands","url":"Click HERE to view the preferred habitat in our strategy"},"geometry":{"type":"Polygon","coordinates":[[[-2.73238,51.30381],[-2.73246,51.30388],[-2.73242,51.30423],[-2.73256,51.30459],[-2.73258,51.30486],[-2.73229,51.30492],[-2.73206,51.30427],[-2.73201,51.30381],[-2.73238,51.30381]]]}},{"type":"Feature","properties":{"cat":"Woodland","fill":"#2E7D32","text":"Establish trees outside of woodlands","url":"Click HERE to view the preferred habitat in our strategy"},"geometry":{"type":"Polygon","coordinates":[[[-2.73487,51.30025],[-2.73593,51.30049],[-2.73365,51.30054],[-2.73377,51.30023],[-2.73397,51.30031],[-2.73487,51.30025]]]}},{"type":"Feature","properties":{"cat":"Woodland","fill":"#2E7D32","text":"Establish trees outside of woodlands","url":"Click HERE to view the preferred habitat in our strategy"},"geometry":{"type":"Polygon","coordinates":[[[-2.77525,51.30969],[-2.77453,51.30983],[-2.77421,51.30952],[-2.77457,51.30939],[-2.77496,51.30958],[-2.77525,51.30968],[-2.77641,51.30989],[-2.77669,51.31008],[-2.7769,51.3103],[-2.77706,51.31074],[-2.77714,51.31114],[-2.77729,51.31147],[-2.77753,51.3118],[-2.77851,51.3128],[-2.77861,51.31296],[-2.7786,51.31329],[-2.77827,51.31392],[-2.77857,51.31333],[-2.7786,51.31319],[-2.77858,51.31297],[-2.77843,51.31274],[-2.7776,51.31191],[-2.77722,51.31141],[-2.77712,51.31115],[-2.77692,51.31042],[-2.77686,51.3103],[-2.77663,51.31006],[-2.77646,51.30993],[-2.77594,51.3098],[-2.77525,51.30969]]]}},{"type":"Feature","properties":{"cat":"Woodland","fill":"#2E7D32","text":"Establish trees outside of woodlands","url":"Click HERE to view the preferred habitat in our strategy"},"geometry":{"type":"Polygon","coordinates":[[[-2.76363,51.31345],[-2.76391,51.31459],[-2.7641,51.31479],[-2.76416,51.31504],[-2.76461,51.31556],[-2.76463,51.31568],[-2.76458,51.31592],[-2.7646,51.31606],[-2.76493,51.3166],[-2.76495,51.31686],[-2.7649,51.31719],[-2.76473,51.31751],[-2.76459,51.31789],[-2.76411,51.31891],[-2.764,51.31908],[-2.7637,51.31938],[-2.76362,51.31957],[-2.76355,51.31957],[-2.76356,51.31934],[-2.76362,51.31929],[-2.76367,51.31918],[-2.76391,51.31905],[-2.76401,51.31885],[-2.76401,51.31879],[-2.76408,51.3187],[-2.76408,51.31861],[-2.76419,51.31853],[-2.76416,51.31837],[-2.76435,51.31808],[-2.76438,51.31785],[-2.76448,51.31775],[-2.76447,51.31759],[-2.7645,51.31751],[-2.76465,51.31739],[-2.76481,51.3172],[-2.76484,51.31703],[-2.76484,51.31672],[-2.76461,51.31643],[-2.76451,51.31635],[-2.76441,51.31633],[-2.76444,51.31621],[-2.76437,51.316],[-2.76435,51.31566],[-2.76418,51.31544],[-2.76415,51.31519],[-2.76395,51.31502],[-2.76359,51.31347],[-2.76363,51.31345]]]}},{"type":"Feature","properties":{"cat":"Woodland","fill":"#2E7D32","text":"Establish trees outside of woodlands","url":"Click HERE to view the preferred habitat in our strategy"},"geometry":{"type":"Polygon","coordinates":[[[-2.77864,51.28945],[-2.77877,51.28948],[-2.77921,51.28973],[-2.77868,51.29011],[-2.77853,51.28953],[-2.77855,51.28949],[-2.77864,51.28945]]]}},{"type":"Feature","properties":{"cat":"Woodland","fill":"#2E7D32","text":"Establish trees outside of woodlands","url":"Click HERE to view the preferred habitat in our strategy"},"geometry":{"type":"Polygon","coordinates":[[[-2.73895,51.30053],[-2.7393,51.30053],[-2.73941,51.30067],[-2.74002,51.30091],[-2.73976,51.30088],[-2.73921,51.30075],[-2.73903,51.30067],[-2.73875,51.30047],[-2.7387,51.3004],[-2.73869,51.30032],[-2.73928,51.30024],[-2.73895,51.30053]]]}},{"type":"Feature","properties":{"cat":"Woodland","fill":"#2E7D32","text":"Establish trees outside of woodlands","url":"Click HERE to view the preferred habitat in our strategy"},"geometry":{"type":"Polygon","coordinates":[[[-2.77902,51.32353],[-2.77888,51.32348],[-2.77863,51.32352],[-2.77864,51.32338],[-2.7786,51.32333],[-2.77853,51.32331],[-2.77838,51.32335],[-2.77828,51.32354],[-2.77742,51.32353],[-2.77716,51.32327],[-2.77483,51.32311],[-2.77486,51.32332],[-2.77501,51.32345],[-2.7741,51.32344],[-2.77305,51.32338],[-2.7719,51.32352],[-2.77175,51.32351],[-2.77176,51.32348],[-2.77233,51.32322],[-2.77332,51.3229],[-2.77425,51.32251],[-2.77448,51.3226],[-2.77459,51.32256],[-2.77467,51.32247],[-2.77773,51.32257],[-2.77871,51.32244],[-2.77901,51.32225],[-2.7792,51.32219],[-2.77927,51.32221],[-2.77931,51.32228],[-2.77927,51.32271],[-2.77928,51.32313],[-2.77932,51.32326],[-2.77951,51.32346],[-2.7797,51.32356],[-2.77955,51.32356],[-2.77951,51.3235],[-2.77933,51.32339],[-2.77928,51.3233],[-2.77902,51.32353]]]}},{"type":"Feature","properties":{"cat":"Woodland","fill":"#2E7D32","text":"Establish trees outside of woodlands","url":"Click HERE to view the preferred habitat in our strategy"},"geometry":{"type":"Polygon","coordinates":[[[-2.78119,51.32015],[-2.78031,51.32034],[-2.78023,51.32033],[-2.78017,51.32019],[-2.78017,51.32016],[-2.78044,51.32013],[-2.7808,51.32002],[-2.78119,51.32015]]]}},{"type":"Feature","properties":{"cat":"Woodland","fill":"#2E7D32","text":"Establish trees outside of woodlands","url":"Click HERE to view the preferred habitat in our strategy"},"geometry":{"type":"Polygon","coordinates":[[[-2.77788,51.2915],[-2.77813,51.29159],[-2.77811,51.29163],[-2.77835,51.29179],[-2.77836,51.2922],[-2.7784,51.29228],[-2.778,51.29223],[-2.77791,51.29218],[-2.77789,51.29214],[-2.77797,51.292],[-2.77794,51.29195],[-2.77773,51.29182],[-2.7778,51.29178],[-2.77773,51.29173],[-2.77775,51.29171],[-2.77751,51.29161],[-2.77735,51.29164],[-2.7773,51.29175],[-2.77732,51.2918],[-2.77741,51.29185],[-2.77778,51.29191],[-2.77782,51.29193],[-2.77784,51.29199],[-2.77764,51.29202],[-2.77748,51.29193],[-2.77724,51.29186],[-2.77696,51.29199],[-2.77704,51.29212],[-2.77707,51.29224],[-2.77715,51.29229],[-2.77735,51.29219],[-2.77758,51.2922],[-2.77764,51.29225],[-2.77734,51.29229],[-2.77705,51.29246],[-2.77701,51.29246],[-2.77671,51.29226],[-2.77656,51.29211],[-2.77652,51.29199],[-2.77608,51.29185],[-2.77611,51.29169],[-2.77617,51.2916],[-2.77635,51.29165],[-2.77642,51.29174],[-2.7765,51.29176],[-2.77675,51.29162],[-2.77703,51.29157],[-2.77702,51.29162],[-2.77708,51.29176],[-2.77715,51.29173],[-2.77726,51.29152],[-2.7774,51.2914],[-2.77788,51.2915]]]}},{"type":"Feature","properties":{"cat":"Woodland","fill":"#2E7D32","text":"Establish trees outside of woodlands","url":"Click HERE to view the preferred habitat in our strategy"},"geometry":{"type":"Polygon","coordinates":[[[-2.74945,51.3043],[-2.74946,51.30436],[-2.7494,51.30447],[-2.74867,51.3044],[-2.74824,51.3044],[-2.74822,51.30434],[-2.74815,51.30434],[-2.74813,51.30426],[-2.74817,51.3042],[-2.7489,51.30426],[-2.74945,51.30424],[-2.74945,51.3043]]]}},{"type":"Feature","properties":{"cat":"Woodland","fill":"#2E7D32","text":"Establish trees outside of woodlands","url":"Click HERE to view the preferred habitat in our strategy"},"geometry":{"type":"Polygon","coordinates":[[[-2.78176,51.28673],[-2.78157,51.28679],[-2.78126,51.28669],[-2.78117,51.28656],[-2.78114,51.28642],[-2.78099,51.28626],[-2.78087,51.28621],[-2.78082,51.28615],[-2.78073,51.28584],[-2.78073,51.28571],[-2.78196,51.2856],[-2.78186,51.28589],[-2.78161,51.28634],[-2.78162,51.28654],[-2.78176,51.28673]]]}},{"type":"Feature","properties":{"cat":"Woodland","fill":"#2E7D32","text":"Establish trees outside of woodlands","url":"Click HERE to view the preferred habitat in our strategy"},"geometry":{"type":"Polygon","coordinates":[[[-2.77038,51.28942],[-2.77001,51.28923],[-2.76913,51.2887],[-2.76924,51.28866],[-2.76953,51.28864],[-2.7701,51.28864],[-2.77149,51.28886],[-2.77043,51.28944],[-2.77038,51.28942]]]}},{"type":"Feature","properties":{"cat":"Woodland","fill":"#2E7D32","text":"Establish trees outside of woodlands","url":"Click HERE to view the preferred habitat in our strategy"},"geometry":{"type":"Polygon","coordinates":[[[-2.81509,51.29168],[-2.81464,51.29185],[-2.81443,51.29165],[-2.81508,51.29156],[-2.81509,51.29168]]]}},{"type":"Feature","properties":{"cat":"Woodland","fill":"#2E7D32","text":"Establish new woodland","url":"Click HERE to view the preferred habitat in our strategy"},"geometry":{"type":"Polygon","coordinates":[[[-2.78047,51.30704],[-2.78026,51.30704],[-2.7803,51.30684],[-2.78108,51.30679],[-2.78112,51.30704],[-2.78047,51.30704]]]}},{"type":"Feature","properties":{"cat":"Woodland","fill":"#2E7D32","text":"Establish new woodland","url":"Click HERE to view the preferred habitat in our strategy"},"geometry":{"type":"Polygon","coordinates":[[[-2.83341,51.2984],[-2.83337,51.29839],[-2.8333,51.29829],[-2.83287,51.29823],[-2.83251,51.29822],[-2.83245,51.29834],[-2.8315,51.29824],[-2.83159,51.29659],[-2.83114,51.29659],[-2.83113,51.2967],[-2.83094,51.29668],[-2.83087,51.29663],[-2.83086,51.29653],[-2.83092,51.29649],[-2.83102,51.29648],[-2.83104,51.29552],[-2.83115,51.29652],[-2.83159,51.29652],[-2.8315,51.29543],[-2.83296,51.29546],[-2.83297,51.29554],[-2.83424,51.29554],[-2.83427,51.29566],[-2.83426,51.29591],[-2.8342,51.29616],[-2.83413,51.29631],[-2.83636,51.29663],[-2.83632,51.29679],[-2.83606,51.29738],[-2.83622,51.29741],[-2.83624,51.29745],[-2.83576,51.29843],[-2.83555,51.29854],[-2.83549,51.29864],[-2.83536,51.29875],[-2.83341,51.2984]],[[-2.83231,51.29673],[-2.8323,51.29676],[-2.8324,51.29677],[-2.83241,51.29674],[-2.83231,51.29673]],[[-2.83296,51.29562],[-2.8329,51.29563],[-2.83284,51.29574],[-2.83295,51.29577],[-2.8331,51.29572],[-2.83309,51.29566],[-2.83305,51.29563],[-2.83296,51.29562]]]}},{"type":"Feature","properties":{"cat":"Woodland","fill":"#2E7D32","text":"Establish new woodland","url":"Click HERE to view the preferred habitat in our strategy"},"geometry":{"type":"Polygon","coordinates":[[[-2.78102,51.30649],[-2.78108,51.30679],[-2.7803,51.30684],[-2.78036,51.30655],[-2.78102,51.30649]]]}},{"type":"Feature","properties":{"cat":"Woodland","fill":"#2E7D32","text":"Establish new woodland","url":"Click HERE to view the preferred habitat in our strategy"},"geometry":{"type":"Polygon","coordinates":[[[-2.79962,51.30622],[-2.80019,51.30628],[-2.80016,51.30669],[-2.79943,51.3066],[-2.79956,51.30621],[-2.79962,51.30622]]]}},{"type":"Feature","properties":{"cat":"Woodland","fill":"#2E7D32","text":"Establish trees outside of woodlands","url":"Click HERE to view the preferred habitat in our strategy"},"geometry":{"type":"Polygon","coordinates":[[[-2.81505,51.29124],[-2.81508,51.29156],[-2.81443,51.29165],[-2.81423,51.29143],[-2.81414,51.29126],[-2.8148,51.29127],[-2.8149,51.29119],[-2.81505,51.29124]]]}},{"type":"Feature","properties":{"cat":"Woodland","fill":"#2E7D32","text":"Establish new woodland","url":"Click HERE to view the preferred habitat in our strategy"},"geometry":{"type":"Polygon","coordinates":[[[-2.79936,51.30618],[-2.79956,51.30621],[-2.79943,51.3066],[-2.79894,51.30653],[-2.79912,51.30615],[-2.79936,51.30618]]]}},{"type":"Feature","properties":{"cat":"Woodland","fill":"#2E7D32","text":"Establish new woodland","url":"Click HERE to view the preferred habitat in our strategy"},"geometry":{"type":"Polygon","coordinates":[[[-2.83105,51.29533],[-2.83127,51.29541],[-2.8315,51.29543],[-2.83159,51.29652],[-2.83115,51.29652],[-2.83104,51.29552],[-2.83105,51.29533]]]}},{"type":"Feature","properties":{"cat":"Woodland","fill":"#2E7D32","text":"Establish new woodland","url":"Click HERE to view the preferred habitat in our strategy"},"geometry":{"type":"Polygon","coordinates":[[[-2.74652,51.2971],[-2.74628,51.29708],[-2.74686,51.29435],[-2.7515,51.29521],[-2.75163,51.29526],[-2.75159,51.29531],[-2.75169,51.29537],[-2.7524,51.29554],[-2.75248,51.29559],[-2.75252,51.29566],[-2.75187,51.29704],[-2.75182,51.29704],[-2.75179,51.29712],[-2.75182,51.29715],[-2.75152,51.29817],[-2.74652,51.2971]]]}},{"type":"Feature","properties":{"cat":"Woodland","fill":"#2E7D32","text":"Establish new woodland","url":"Click HERE to view the preferred habitat in our strategy"},"geometry":{"type":"Polygon","coordinates":[[[-2.80524,51.31161],[-2.80529,51.31161],[-2.8052,51.31166],[-2.80524,51.31161]]]}},{"type":"Feature","properties":{"cat":"Woodland","fill":"#2E7D32","text":"Establish new woodland","url":"Click HERE to view the preferred habitat in our strategy"},"geometry":{"type":"Polygon","coordinates":[[[-2.79727,51.30588],[-2.79755,51.30589],[-2.79818,51.30598],[-2.79789,51.30633],[-2.79752,51.30615],[-2.79743,51.30604],[-2.79717,51.30591],[-2.79713,51.30588],[-2.79727,51.30588]]]}},{"type":"Feature","properties":{"cat":"Woodland","fill":"#2E7D32","text":"Establish new woodland","url":"Click HERE to view the preferred habitat in our strategy"},"geometry":{"type":"Polygon","coordinates":[[[-2.76536,51.29022],[-2.76526,51.29042],[-2.76449,51.29034],[-2.76409,51.29037],[-2.76352,51.29065],[-2.76278,51.29095],[-2.76251,51.29079],[-2.76197,51.29071],[-2.762,51.29063],[-2.76238,51.2903],[-2.76309,51.29009],[-2.76356,51.28974],[-2.76456,51.28983],[-2.76548,51.29001],[-2.76536,51.29022]]]}},{"type":"Feature","properties":{"cat":"Woodland","fill":"#2E7D32","text":"Establish new woodland","url":"Click HERE to view the preferred habitat in our strategy"},"geometry":{"type":"Polygon","coordinates":[[[-2.79972,51.30664],[-2.80016,51.30669],[-2.80015,51.30693],[-2.79934,51.30692],[-2.79943,51.3066],[-2.79972,51.30664]]]}},{"type":"Feature","properties":{"cat":"Woodland","fill":"#2E7D32","text":"Establish trees outside of woodlands","url":"Click HERE to view the preferred habitat in our strategy"},"geometry":{"type":"Polygon","coordinates":[[[-2.80254,51.30993],[-2.80192,51.31021],[-2.80152,51.30983],[-2.80112,51.30936],[-2.80039,51.3084],[-2.80015,51.30786],[-2.80023,51.30791],[-2.80037,51.30826],[-2.80054,51.30852],[-2.8009,51.309],[-2.80117,51.30928],[-2.80195,51.30967],[-2.80263,51.30989],[-2.80254,51.30993]]]}},{"type":"Feature","properties":{"cat":"Grassland","fill":"#D4B14A","text":"Create and restore wildlife-rich grassland","url":"Click HERE to view the preferred habitat in our strategy"},"geometry":{"type":"Polygon","coordinates":[[[-2.80394,51.30496],[-2.80405,51.3055],[-2.80403,51.30553],[-2.80387,51.30555],[-2.80388,51.30561],[-2.8029,51.30568],[-2.80281,51.30514],[-2.80282,51.30504],[-2.80393,51.30492],[-2.80394,51.30496]]]}},{"type":"Feature","properties":{"cat":"Grassland","fill":"#D4B14A","text":"Maintain existing wildlife rich grasslands for nature","url":"Click HERE to view the preferred habitat in our strategy"},"geometry":{"type":"Polygon","coordinates":[[[-2.7894,51.28422],[-2.78931,51.28422],[-2.78929,51.28413],[-2.78938,51.28413],[-2.7894,51.28422]]]}},{"type":"Feature","properties":{"cat":"Grassland","fill":"#D4B14A","text":"Maintain existing wildlife rich grasslands for nature","url":"Click HERE to view the preferred habitat in our strategy"},"geometry":{"type":"Polygon","coordinates":[[[-2.78918,51.28452],[-2.78916,51.28458],[-2.78915,51.28452],[-2.78918,51.28452]]]}},{"type":"Feature","properties":{"cat":"Grassland","fill":"#D4B14A","text":"Maintain existing wildlife rich grasslands for nature","url":"Click HERE to view the preferred habitat in our strategy"},"geometry":{"type":"Polygon","coordinates":[[[-2.80095,51.30425],[-2.80144,51.30427],[-2.80144,51.30447],[-2.80117,51.30436],[-2.8005,51.30437],[-2.8005,51.30423],[-2.80095,51.30425]]]}},{"type":"Feature","properties":{"cat":"Grassland","fill":"#D4B14A","text":"Create and restore wildlife-rich grassland","url":"Click HERE to view the preferred habitat in our strategy"},"geometry":{"type":"Polygon","coordinates":[[[-2.80662,51.29867],[-2.80655,51.29786],[-2.81492,51.2974],[-2.81358,51.29994],[-2.80677,51.30014],[-2.80662,51.29867]],[[-2.80997,51.29866],[-2.80992,51.29861],[-2.80981,51.29859],[-2.80972,51.29862],[-2.80968,51.29871],[-2.80973,51.29876],[-2.80986,51.29878],[-2.80996,51.29873],[-2.80997,51.29866]],[[-2.81133,51.29838],[-2.81123,51.2984],[-2.81121,51.29846],[-2.81125,51.2985],[-2.81136,51.2985],[-2.81141,51.29843],[-2.81133,51.29838]]]}},{"type":"Feature","properties":{"cat":"Grassland","fill":"#D4B14A","text":"Create and restore wildlife-rich grassland","url":"Click HERE to view the preferred habitat in our strategy"},"geometry":{"type":"Polygon","coordinates":[[[-2.76708,51.27881],[-2.76707,51.27926],[-2.76676,51.27933],[-2.76681,51.27964],[-2.76594,51.27987],[-2.76553,51.28003],[-2.76479,51.28019],[-2.76437,51.27995],[-2.76426,51.27981],[-2.76459,51.27951],[-2.76476,51.27951],[-2.76498,51.27908],[-2.76503,51.27881],[-2.76708,51.27881]],[[-2.76478,51.27947],[-2.76477,51.27949],[-2.76483,51.27951],[-2.76485,51.27948],[-2.76478,51.27947]]]}},{"type":"Feature","properties":{"cat":"Grassland","fill":"#D4B14A","text":"Maintain existing wildlife rich grasslands for nature","url":"Click HERE to view the preferred habitat in our strategy"},"geometry":{"type":"Polygon","coordinates":[[[-2.76205,51.30592],[-2.76214,51.306],[-2.76212,51.30602],[-2.76206,51.30604],[-2.76196,51.30596],[-2.76205,51.30592]]]}},{"type":"Feature","properties":{"cat":"Grassland","fill":"#D4B14A","text":"Maintain existing wildlife rich grasslands for nature","url":"Click HERE to view the preferred habitat in our strategy"},"geometry":{"type":"Polygon","coordinates":[[[-2.81525,51.29643],[-2.81531,51.29615],[-2.81564,51.29642],[-2.81588,51.29654],[-2.81641,51.29665],[-2.81674,51.29668],[-2.8172,51.29666],[-2.81824,51.29626],[-2.81833,51.29622],[-2.81836,51.29617],[-2.81836,51.2961],[-2.81831,51.29606],[-2.81814,51.29604],[-2.81798,51.29604],[-2.81753,51.29614],[-2.81719,51.29595],[-2.81633,51.29581],[-2.81605,51.29582],[-2.81535,51.29595],[-2.81548,51.29523],[-2.81558,51.29515],[-2.8159,51.29516],[-2.81614,51.29503],[-2.81662,51.29462],[-2.81684,51.29433],[-2.81732,51.29345],[-2.81742,51.29333],[-2.81752,51.29328],[-2.81803,51.29319],[-2.81826,51.29297],[-2.81825,51.29284],[-2.81812,51.29254],[-2.81794,51.29242],[-2.81757,51.29229],[-2.81754,51.29226],[-2.81754,51.29212],[-2.81731,51.29202],[-2.81736,51.29159],[-2.81725,51.29109],[-2.81727,51.29101],[-2.81735,51.29098],[-2.81747,51.291],[-2.81758,51.29095],[-2.81767,51.29096],[-2.81798,51.29087],[-2.81806,51.29089],[-2.81806,51.29092],[-2.81795,51.29098],[-2.81793,51.2911],[-2.8177,51.29116],[-2.81766,51.29123],[-2.81781,51.29139],[-2.81781,51.29163],[-2.81802,51.29169],[-2.81811,51.29175],[-2.81834,51.2917],[-2.8186,51.2917],[-2.81882,51.29176],[-2.81938,51.29169],[-2.81951,51.29173],[-2.81945,51.29198],[-2.81927,51.29208],[-2.819,51.29233],[-2.81897,51.29245],[-2.81905,51.29259],[-2.81928,51.29266],[-2.82063,51.2928],[-2.82074,51.29295],[-2.82084,51.293],[-2.82082,51.29438],[-2.8206,51.29501],[-2.82026,51.29499],[-2.82025,51.29482],[-2.81958,51.29485],[-2.81962,51.29515],[-2.81929,51.29517],[-2.81827,51.29513],[-2.81819,51.29519],[-2.81825,51.29526],[-2.81882,51.29539],[-2.81874,51.29556],[-2.8178,51.29535],[-2.81762,51.29534],[-2.81759,51.29537],[-2.81759,51.29546],[-2.8177,51.29555],[-2.81886,51.29608],[-2.8191,51.29583],[-2.81917,51.29581],[-2.81958,51.29577],[-2.81965,51.29582],[-2.81962,51.29588],[-2.81965,51.29594],[-2.81978,51.29595],[-2.81987,51.29582],[-2.82003,51.29574],[-2.82044,51.29573],[-2.82014,51.29628],[-2.82001,51.29662],[-2.81979,51.29704],[-2.81504,51.29739],[-2.81527,51.29736],[-2.81525,51.29727],[-2.81513,51.29727],[-2.81513,51.29721],[-2.81502,51.2972],[-2.81495,51.29734],[-2.81525,51.29643]],[[-2.81843,51.29193],[-2.81841,51.29195],[-2.81844,51.29196],[-2.81846,51.29194],[-2.81843,51.29193]]]}},{"type":"Feature","properties":{"cat":"Grassland","fill":"#D4B14A","text":"Maintain existing wildlife rich grasslands for nature","url":"Click HERE to view the preferred habitat in our strategy"},"geometry":{"type":"Polygon","coordinates":[[[-2.79515,51.28244],[-2.79542,51.28267],[-2.79557,51.28286],[-2.79564,51.28305],[-2.79554,51.28319],[-2.79533,51.28314],[-2.79508,51.28296],[-2.79519,51.28288],[-2.79519,51.28282],[-2.79504,51.28273],[-2.79491,51.28273],[-2.79477,51.28257],[-2.79465,51.28252],[-2.79462,51.2823],[-2.79481,51.28222],[-2.79491,51.2821],[-2.79515,51.28244]]]}},{"type":"Feature","properties":{"cat":"Grassland","fill":"#D4B14A","text":"Maintain existing wildlife rich grasslands for nature","url":"Click HERE to view the preferred habitat in our strategy"},"geometry":{"type":"Polygon","coordinates":[[[-2.78874,51.28454],[-2.78862,51.28455],[-2.7886,51.28446],[-2.78872,51.28445],[-2.78874,51.28454]]]}},{"type":"Feature","properties":{"cat":"Grassland","fill":"#D4B14A","text":"Maintain existing wildlife rich grasslands for nature","url":"Click HERE to view the preferred habitat in our strategy"},"geometry":{"type":"Polygon","coordinates":[[[-2.78899,51.28471],[-2.78887,51.28472],[-2.78885,51.28464],[-2.78898,51.28463],[-2.78899,51.28471]]]}},{"type":"Feature","properties":{"cat":"Grassland","fill":"#D4B14A","text":"Create and restore wildlife-rich grassland","url":"Click HERE to view the preferred habitat in our strategy"},"geometry":{"type":"Polygon","coordinates":[[[-2.80709,51.31196],[-2.80636,51.31176],[-2.80529,51.31161],[-2.80544,51.3116],[-2.80633,51.31174],[-2.80709,51.31196]]]}},{"type":"Feature","properties":{"cat":"Grassland","fill":"#D4B14A","text":"Create and restore wildlife-rich grassland","url":"Click HERE to view the preferred habitat in our strategy"},"geometry":{"type":"Polygon","coordinates":[[[-2.79908,51.30568],[-2.79905,51.30511],[-2.79924,51.30526],[-2.79966,51.30542],[-2.79985,51.30559],[-2.8,51.30564],[-2.80026,51.30566],[-2.80052,51.30558],[-2.80156,51.30548],[-2.80282,51.30521],[-2.80301,51.30634],[-2.80282,51.30634],[-2.80282,51.30642],[-2.80242,51.30644],[-2.79909,51.30606],[-2.79908,51.30568]]]}},{"type":"Feature","properties":{"cat":"Grassland","fill":"#D4B14A","text":"Create and restore wildlife-rich grassland","url":"Click HERE to view the preferred habitat in our strategy"},"geometry":{"type":"Polygon","coordinates":[[[-2.77026,51.29046],[-2.77013,51.29097],[-2.76961,51.29097],[-2.76885,51.29102],[-2.76721,51.29122],[-2.76652,51.29084],[-2.7663,51.29067],[-2.76654,51.29063],[-2.76651,51.29039],[-2.76654,51.29004],[-2.76679,51.28986],[-2.76722,51.28977],[-2.76781,51.28952],[-2.76845,51.28947],[-2.76974,51.2895],[-2.76999,51.28938],[-2.77008,51.28927],[-2.77049,51.28949],[-2.77026,51.29046]]]}},{"type":"Feature","properties":{"cat":"Grassland","fill":"#D4B14A","text":"Create and restore wildlife-rich grassland","url":"Click HERE to view the preferred habitat in our strategy"},"geometry":{"type":"Polygon","coordinates":[[[-2.7385,51.30097],[-2.73938,51.30116],[-2.73939,51.30119],[-2.73951,51.30123],[-2.73948,51.30128],[-2.73999,51.30143],[-2.73993,51.30151],[-2.74012,51.30158],[-2.74016,51.30167],[-2.74046,51.30182],[-2.74073,51.30221],[-2.74166,51.30264],[-2.74214,51.30293],[-2.74203,51.30304],[-2.74188,51.303],[-2.74118,51.30293],[-2.73978,51.30268],[-2.73909,51.30251],[-2.73782,51.30213],[-2.73675,51.30192],[-2.73577,51.30161],[-2.73573,51.30158],[-2.73576,51.30149],[-2.73588,51.30143],[-2.73642,51.30136],[-2.7367,51.30127],[-2.73735,51.30121],[-2.73738,51.30114],[-2.73792,51.30107],[-2.7382,51.30099],[-2.7385,51.30097]]]}},{"type":"Feature","properties":{"cat":"Grassland","fill":"#D4B14A","text":"Maintain existing wildlife rich grasslands for nature","url":"Click HERE to view the preferred habitat in our strategy"},"geometry":{"type":"Polygon","coordinates":[[[-2.78954,51.28449],[-2.78955,51.28455],[-2.78951,51.28456],[-2.78949,51.2845],[-2.78954,51.28449]]]}},{"type":"Feature","properties":{"cat":"Grassland","fill":"#D4B14A","text":"Create and restore wildlife-rich grassland","url":"Click HERE to view the preferred habitat in our strategy"},"geometry":{"type":"Polygon","coordinates":[[[-2.77499,51.29908],[-2.77492,51.2991],[-2.77487,51.29906],[-2.77414,51.29782],[-2.77497,51.29768],[-2.77586,51.29747],[-2.77694,51.29709],[-2.77809,51.2966],[-2.77878,51.29842],[-2.77889,51.29878],[-2.77508,51.29926],[-2.77499,51.29908]]]}},{"type":"Feature","properties":{"cat":"Grassland","fill":"#D4B14A","text":"Maintain existing wildlife rich grasslands for nature","url":"Click HERE to view the preferred habitat in our strategy"},"geometry":{"type":"Polygon","coordinates":[[[-2.78417,51.30792],[-2.78426,51.30796],[-2.78461,51.30795],[-2.78461,51.308],[-2.78517,51.30799],[-2.78518,51.30802],[-2.78463,51.30803],[-2.78458,51.30802],[-2.78457,51.30798],[-2.78417,51.30799],[-2.78414,51.30793],[-2.78417,51.30792]]]}},{"type":"Feature","properties":{"cat":"Grassland","fill":"#D4B14A","text":"Maintain existing wildlife rich grasslands for nature","url":"Click HERE to view the preferred habitat in our strategy"},"geometry":{"type":"Polygon","coordinates":[[[-2.7666,51.28897],[-2.76631,51.28911],[-2.76602,51.28942],[-2.76563,51.28933],[-2.76511,51.28993],[-2.76456,51.28983],[-2.76385,51.28978],[-2.76378,51.28966],[-2.76462,51.28941],[-2.76574,51.28915],[-2.76656,51.28892],[-2.7666,51.28897]]]}},{"type":"Feature","properties":{"cat":"Grassland","fill":"#D4B14A","text":"Maintain existing wildlife rich grasslands for nature","url":"Click HERE to view the preferred habitat in our strategy"},"geometry":{"type":"Polygon","coordinates":[[[-2.74714,51.27886],[-2.74712,51.27884],[-2.74716,51.27881],[-2.75082,51.27882],[-2.749,51.28033],[-2.74714,51.27886]]]}},{"type":"Feature","properties":{"cat":"Grassland","fill":"#D4B14A","text":"Create and restore wildlife-rich grassland","url":"Click HERE to view the preferred habitat in our strategy"},"geometry":{"type":"Polygon","coordinates":[[[-2.73199,51.29846],[-2.73043,51.29839],[-2.73065,51.29674],[-2.7317,51.29684],[-2.73458,51.297],[-2.73535,51.29863],[-2.73199,51.29846]]]}},{"type":"Feature","properties":{"cat":"Grassland","fill":"#D4B14A","text":"Create and restore wildlife-rich grassland","url":"Click HERE to view the preferred habitat in our strategy"},"geometry":{"type":"Polygon","coordinates":[[[-2.77203,51.28238],[-2.77196,51.28315],[-2.77167,51.28314],[-2.7715,51.28298],[-2.77111,51.28293],[-2.77034,51.28273],[-2.77029,51.28208],[-2.77041,51.28205],[-2.77068,51.28183],[-2.77076,51.2818],[-2.77131,51.28179],[-2.7713,51.28196],[-2.77178,51.28197],[-2.77186,51.28204],[-2.77205,51.28205],[-2.77203,51.28238]]]}},{"type":"Feature","properties":{"cat":"Grassland","fill":"#D4B14A","text":"Create and restore wildlife-rich grassland","url":"Click HERE to view the preferred habitat in our strategy"},"geometry":{"type":"Polygon","coordinates":[[[-2.83749,51.28924],[-2.83753,51.28935],[-2.83729,51.28938],[-2.83727,51.28934],[-2.83743,51.28932],[-2.8374,51.28924],[-2.83749,51.28924]]]}},{"type":"Feature","properties":{"cat":"Grassland","fill":"#D4B14A","text":"Create and restore wildlife-rich grassland","url":"Click HERE to view the preferred habitat in our strategy"},"geometry":{"type":"Polygon","coordinates":[[[-2.78147,51.29835],[-2.78153,51.29839],[-2.78249,51.29823],[-2.78291,51.29993],[-2.78292,51.30009],[-2.78312,51.30077],[-2.77993,51.30093],[-2.77891,51.29877],[-2.78147,51.29835]]]}},{"type":"Feature","properties":{"cat":"Grassland","fill":"#D4B14A","text":"Create and restore wildlife-rich grassland","url":"Click HERE to view the preferred habitat in our strategy"},"geometry":{"type":"Polygon","coordinates":[[[-2.77353,51.29659],[-2.77416,51.29765],[-2.7741,51.29771],[-2.77392,51.29775],[-2.77229,51.29797],[-2.77221,51.29794],[-2.77217,51.29769],[-2.77196,51.29728],[-2.77141,51.29672],[-2.77139,51.29669],[-2.77143,51.29665],[-2.77139,51.29663],[-2.77128,51.29666],[-2.77113,51.29665],[-2.77103,51.29656],[-2.77348,51.29651],[-2.77353,51.29659]]]}},{"type":"Feature","properties":{"cat":"Grassland","fill":"#D4B14A","text":"Create and restore wildlife-rich grassland","url":"Click HERE to view the preferred habitat in our strategy"},"geometry":{"type":"Polygon","coordinates":[[[-2.81588,51.29015],[-2.81594,51.29005],[-2.81623,51.29009],[-2.81611,51.29031],[-2.81611,51.29048],[-2.81582,51.29046],[-2.81588,51.29015]]]}},{"type":"Feature","properties":{"cat":"Grassland","fill":"#D4B14A","text":"Create and restore wildlife-rich grassland","url":"Click HERE to view the preferred habitat in our strategy"},"geometry":{"type":"Polygon","coordinates":[[[-2.77905,51.28772],[-2.77938,51.28884],[-2.77898,51.28875],[-2.7788,51.28863],[-2.77874,51.28863],[-2.77867,51.28824],[-2.77857,51.28823],[-2.77846,51.28757],[-2.77899,51.28753],[-2.77905,51.28772]]]}},{"type":"Feature","properties":{"cat":"Grassland","fill":"#D4B14A","text":"Create and restore wildlife-rich grassland","url":"Click HERE to view the preferred habitat in our strategy"},"geometry":{"type":"Polygon","coordinates":[[[-2.77434,51.29747],[-2.77423,51.29746],[-2.77408,51.29737],[-2.77372,51.29675],[-2.77516,51.29664],[-2.77591,51.29668],[-2.77607,51.29672],[-2.77645,51.29698],[-2.77536,51.2973],[-2.77466,51.29745],[-2.77434,51.29747]]]}},{"type":"Feature","properties":{"cat":"Grassland","fill":"#D4B14A","text":"Create and restore wildlife-rich grassland","url":"Click HERE to view the preferred habitat in our strategy"},"geometry":{"type":"Polygon","coordinates":[[[-2.81157,51.31088],[-2.81032,51.31132],[-2.81016,51.31125],[-2.81004,51.31126],[-2.80831,51.3117],[-2.80791,51.31169],[-2.80763,51.31165],[-2.80741,51.31157],[-2.80724,51.31104],[-2.8072,51.31068],[-2.80724,51.31064],[-2.80736,51.31068],[-2.80765,51.31062],[-2.8079,51.31062],[-2.80831,51.31072],[-2.80859,51.3107],[-2.80943,51.31046],[-2.80991,51.31028],[-2.81047,51.31021],[-2.81089,51.31004],[-2.8113,51.30997],[-2.81142,51.31],[-2.81163,51.31086],[-2.81157,51.31088]]]}},{"type":"Feature","properties":{"cat":"Grassland","fill":"#D4B14A","text":"Create and restore wildlife-rich grassland","url":"Click HERE to view the preferred habitat in our strategy"},"geometry":{"type":"Polygon","coordinates":[[[-2.75502,51.27881],[-2.75396,51.27943],[-2.75348,51.27881],[-2.75502,51.27881]]]}},{"type":"Feature","properties":{"cat":"Grassland","fill":"#D4B14A","text":"Create and restore wildlife-rich grassland","url":"Click HERE to view the preferred habitat in our strategy"},"geometry":{"type":"Polygon","coordinates":[[[-2.77797,51.2882],[-2.77798,51.28796],[-2.77793,51.28765],[-2.77769,51.28671],[-2.77782,51.2867],[-2.77794,51.28699],[-2.77807,51.28735],[-2.77821,51.28806],[-2.77822,51.28823],[-2.77797,51.2882]]]}},{"type":"Feature","properties":{"cat":"Grassland","fill":"#D4B14A","text":"Create and restore wildlife-rich grassland","url":"Click HERE to view the preferred habitat in our strategy"},"geometry":{"type":"Polygon","coordinates":[[[-2.77822,51.28823],[-2.77867,51.28824],[-2.77876,51.28869],[-2.77745,51.28859],[-2.77758,51.28846],[-2.77765,51.28826],[-2.77796,51.28828],[-2.77797,51.28821],[-2.77822,51.28823]],[[-2.77783,51.2883],[-2.7779,51.28831],[-2.77791,51.28829],[-2.77784,51.28828],[-2.77783,51.2883]],[[-2.77797,51.28827],[-2.77839,51.28833],[-2.7784,51.28825],[-2.77799,51.28822],[-2.77797,51.28827]]]}},{"type":"Feature","properties":{"cat":"Grassland","fill":"#D4B14A","text":"Create and restore wildlife-rich grassland","url":"Click HERE to view the preferred habitat in our strategy"},"geometry":{"type":"Polygon","coordinates":[[[-2.78,51.29032],[-2.78014,51.29049],[-2.78018,51.2906],[-2.78024,51.29062],[-2.78022,51.29065],[-2.78046,51.29166],[-2.77941,51.29162],[-2.77913,51.29069],[-2.77926,51.29066],[-2.77902,51.2904],[-2.77896,51.29028],[-2.77868,51.29011],[-2.77921,51.28973],[-2.77993,51.2903],[-2.77996,51.29028],[-2.78,51.29032]]]}},{"type":"Feature","properties":{"cat":"Grassland","fill":"#D4B14A","text":"Create and restore wildlife-rich grassland","url":"Click HERE to view the preferred habitat in our strategy"},"geometry":{"type":"Polygon","coordinates":[[[-2.77809,51.2966],[-2.77838,51.29645],[-2.77839,51.29649],[-2.77832,51.2965],[-2.77831,51.29653],[-2.77834,51.29656],[-2.77842,51.29654],[-2.7784,51.29668],[-2.77866,51.29677],[-2.77875,51.29676],[-2.7788,51.29667],[-2.77889,51.29668],[-2.77905,51.29678],[-2.77904,51.29688],[-2.7791,51.29695],[-2.77916,51.29693],[-2.77917,51.29682],[-2.77941,51.29683],[-2.7796,51.2968],[-2.78147,51.29835],[-2.77889,51.29878],[-2.77878,51.29842],[-2.77809,51.2966]]]}},{"type":"Feature","properties":{"cat":"Grassland","fill":"#D4B14A","text":"Create and restore wildlife-rich grassland","url":"Click HERE to view the preferred habitat in our strategy"},"geometry":{"type":"Polygon","coordinates":[[[-2.73214,51.30078],[-2.73192,51.30077],[-2.7309,51.30059],[-2.7307,51.30058],[-2.73016,51.30058],[-2.72937,51.30066],[-2.73043,51.29839],[-2.73222,51.29847],[-2.73225,51.29854],[-2.73242,51.2987],[-2.73262,51.29907],[-2.73276,51.29918],[-2.73303,51.29931],[-2.73338,51.29977],[-2.73353,51.29964],[-2.73342,51.30016],[-2.73334,51.30039],[-2.73332,51.3006],[-2.73311,51.30067],[-2.73268,51.30069],[-2.73214,51.30078]],[[-2.73226,51.30068],[-2.73207,51.30067],[-2.73203,51.30071],[-2.73226,51.30074],[-2.73226,51.30068]]]}},{"type":"Feature","properties":{"cat":"Grassland","fill":"#D4B14A","text":"Create and restore wildlife-rich grassland","url":"Click HERE to view the preferred habitat in our strategy"},"geometry":{"type":"Polygon","coordinates":[[[-2.79568,51.30306],[-2.79598,51.30403],[-2.79562,51.30381],[-2.79548,51.30377],[-2.79444,51.30378],[-2.79406,51.3033],[-2.79568,51.30306]],[[-2.79561,51.30346],[-2.79556,51.30351],[-2.79558,51.30357],[-2.79571,51.30358],[-2.79561,51.30346]],[[-2.79546,51.30324],[-2.7954,51.30329],[-2.79542,51.30335],[-2.79547,51.30339],[-2.79558,51.30337],[-2.79558,51.30332],[-2.79546,51.30324]]]}},{"type":"Feature","properties":{"cat":"Grassland","fill":"#D4B14A","text":"Maintain existing wildlife rich grasslands for nature","url":"Click HERE to view the preferred habitat in our strategy"},"geometry":{"type":"Polygon","coordinates":[[[-2.78458,51.30802],[-2.78546,51.30801],[-2.78549,51.30819],[-2.78414,51.30821],[-2.78408,51.30799],[-2.78457,51.30798],[-2.78458,51.30802]]]}},{"type":"Feature","properties":{"cat":"Grassland","fill":"#D4B14A","text":"Create and restore wildlife-rich grassland","url":"Click HERE to view the preferred habitat in our strategy"},"geometry":{"type":"Polygon","coordinates":[[[-2.79472,51.3022],[-2.79484,51.30236],[-2.79497,51.30233],[-2.79504,51.30243],[-2.79524,51.30237],[-2.79562,51.30288],[-2.79568,51.30305],[-2.79406,51.3033],[-2.7939,51.30302],[-2.79378,51.30241],[-2.7941,51.30237],[-2.79444,51.30227],[-2.79449,51.30222],[-2.79446,51.30212],[-2.79467,51.30211],[-2.79472,51.3022]],[[-2.79539,51.30284],[-2.7953,51.30286],[-2.79529,51.30291],[-2.79541,51.30297],[-2.7955,51.30289],[-2.79539,51.30284]],[[-2.7947,51.30262],[-2.79467,51.30262],[-2.79466,51.30266],[-2.79471,51.30275],[-2.7948,51.30277],[-2.79484,51.3027],[-2.79477,51.30262],[-2.7947,51.30262]]]}},{"type":"Feature","properties":{"cat":"Grassland","fill":"#D4B14A","text":"Create and restore wildlife-rich grassland","url":"Click HERE to view the preferred habitat in our strategy"},"geometry":{"type":"Polygon","coordinates":[[[-2.80335,51.31066],[-2.80393,51.31085],[-2.80478,51.311],[-2.80606,51.31147],[-2.8066,51.31154],[-2.80678,51.31165],[-2.80709,51.31194],[-2.80633,51.31174],[-2.80544,51.3116],[-2.80491,51.31157],[-2.80443,51.3115],[-2.80351,51.31134],[-2.80315,51.31124],[-2.80276,51.31098],[-2.80335,51.31066]]]}},{"type":"Feature","properties":{"cat":"Grassland","fill":"#D4B14A","text":"Create and restore wildlife-rich grassland","url":"Click HERE to view the preferred habitat in our strategy"},"geometry":{"type":"Polygon","coordinates":[[[-2.84458,51.29196],[-2.84433,51.29183],[-2.84457,51.29153],[-2.84471,51.29126],[-2.84494,51.29051],[-2.84538,51.29057],[-2.84569,51.29066],[-2.847,51.29083],[-2.847,51.29097],[-2.84676,51.29174],[-2.84647,51.29212],[-2.84632,51.29218],[-2.84631,51.29222],[-2.8464,51.2923],[-2.8463,51.29252],[-2.84539,51.29237],[-2.84458,51.29196]]]}},{"type":"Feature","properties":{"cat":"Grassland","fill":"#D4B14A","text":"Create and restore wildlife-rich grassland","url":"Click HERE to view the preferred habitat in our strategy"},"geometry":{"type":"Polygon","coordinates":[[[-2.84577,51.29346],[-2.84561,51.29334],[-2.84546,51.2933],[-2.84525,51.29334],[-2.8451,51.29362],[-2.84515,51.29316],[-2.84472,51.2931],[-2.84482,51.29263],[-2.84506,51.29221],[-2.84539,51.29237],[-2.84613,51.29249],[-2.84593,51.29262],[-2.84589,51.29277],[-2.84565,51.29274],[-2.84565,51.29269],[-2.84554,51.29268],[-2.8455,51.29279],[-2.84512,51.29274],[-2.84492,51.29286],[-2.84495,51.29297],[-2.84541,51.29301],[-2.8454,51.29305],[-2.84576,51.29339],[-2.84592,51.29343],[-2.84635,51.29343],[-2.84636,51.29355],[-2.84651,51.29359],[-2.84668,51.29359],[-2.84639,51.2937],[-2.84621,51.29368],[-2.84577,51.29346]]]}},{"type":"Feature","properties":{"cat":"Grassland","fill":"#D4B14A","text":"Create and restore wildlife-rich grassland","url":"Click HERE to view the preferred habitat in our strategy"},"geometry":{"type":"Polygon","coordinates":[[[-2.74835,51.30421],[-2.74813,51.3042],[-2.74833,51.30375],[-2.74847,51.30324],[-2.74926,51.30089],[-2.74939,51.30045],[-2.74939,51.30035],[-2.74949,51.30021],[-2.74951,51.30024],[-2.74947,51.30034],[-2.74949,51.30042],[-2.74958,51.30042],[-2.74963,51.30049],[-2.74979,51.30047],[-2.74982,51.30065],[-2.74996,51.30069],[-2.74995,51.30076],[-2.75007,51.30096],[-2.75016,51.30068],[-2.75023,51.30061],[-2.75022,51.30047],[-2.75011,51.30048],[-2.75002,51.30055],[-2.74997,51.30055],[-2.74986,51.30043],[-2.74973,51.30038],[-2.7497,51.30016],[-2.74951,51.30016],[-2.7501,51.2994],[-2.7512,51.29959],[-2.75235,51.29971],[-2.75194,51.30029],[-2.75174,51.3005],[-2.7513,51.30113],[-2.75123,51.30144],[-2.75101,51.30199],[-2.75088,51.30211],[-2.75059,51.30271],[-2.75032,51.30319],[-2.75025,51.30324],[-2.75006,51.30357],[-2.74974,51.30422],[-2.7489,51.30426],[-2.74835,51.30421]],[[-2.74949,51.30092],[-2.74937,51.30112],[-2.74927,51.30141],[-2.74974,51.30149],[-2.74997,51.30102],[-2.74949,51.30092]]]}},{"type":"Feature","properties":{"cat":"Grassland","fill":"#D4B14A","text":"Create and restore wildlife-rich grassland","url":"Click HERE to view the preferred habitat in our strategy"},"geometry":{"type":"Polygon","coordinates":[[[-2.73374,51.29888],[-2.73364,51.29886],[-2.73369,51.29854],[-2.73535,51.29863],[-2.7356,51.29871],[-2.73645,51.29877],[-2.73716,51.2989],[-2.73717,51.29892],[-2.73711,51.29895],[-2.73711,51.29905],[-2.73728,51.29925],[-2.73732,51.29942],[-2.73727,51.29956],[-2.73686,51.29992],[-2.73684,51.30003],[-2.73677,51.3001],[-2.7357,51.30019],[-2.73485,51.30022],[-2.73397,51.30031],[-2.73377,51.30024],[-2.7337,51.3001],[-2.73379,51.29951],[-2.73387,51.29946],[-2.73419,51.29939],[-2.73427,51.29934],[-2.73428,51.29928],[-2.73414,51.29904],[-2.73374,51.29888]]]}},{"type":"Feature","properties":{"cat":"Grassland","fill":"#D4B14A","text":"Create and restore wildlife-rich grassland","url":"Click HERE to view the preferred habitat in our strategy"},"geometry":{"type":"Polygon","coordinates":[[[-2.76167,51.29118],[-2.76138,51.29155],[-2.76142,51.29159],[-2.7608,51.29154],[-2.75881,51.2915],[-2.75877,51.29146],[-2.75708,51.29107],[-2.75853,51.28973],[-2.76175,51.29109],[-2.76167,51.29118]]]}},{"type":"Feature","properties":{"cat":"Grassland","fill":"#D4B14A","text":"Create and restore wildlife-rich grassland","url":"Click HERE to view the preferred habitat in our strategy"},"geometry":{"type":"Polygon","coordinates":[[[-2.77962,51.28719],[-2.77975,51.28735],[-2.7799,51.28792],[-2.77998,51.28833],[-2.77999,51.28864],[-2.77932,51.28865],[-2.77899,51.28753],[-2.77898,51.28748],[-2.77962,51.28741],[-2.77954,51.28719],[-2.77962,51.28719]]]}},{"type":"Feature","properties":{"cat":"Grassland","fill":"#D4B14A","text":"Create and restore wildlife-rich grassland","url":"Click HERE to view the preferred habitat in our strategy"},"geometry":{"type":"Polygon","coordinates":[[[-2.84492,51.29243],[-2.84482,51.29263],[-2.84472,51.2931],[-2.84515,51.29316],[-2.84506,51.29394],[-2.84495,51.29438],[-2.84479,51.29443],[-2.84469,51.29442],[-2.84401,51.29421],[-2.8438,51.29442],[-2.84283,51.29379],[-2.84324,51.29283],[-2.84395,51.2916],[-2.8443,51.29182],[-2.84506,51.29221],[-2.84492,51.29243]]]}},{"type":"Feature","properties":{"cat":"Grassland","fill":"#D4B14A","text":"Create and restore wildlife-rich grassland","url":"Click HERE to view the preferred habitat in our strategy"},"geometry":{"type":"Polygon","coordinates":[[[-2.85497,51.29487],[-2.85481,51.29481],[-2.85497,51.29459],[-2.85497,51.29487]]]}},{"type":"Feature","properties":{"cat":"Grassland","fill":"#D4B14A","text":"Create and restore wildlife-rich grassland","url":"Click HERE to view the preferred habitat in our strategy"},"geometry":{"type":"Polygon","coordinates":[[[-2.81598,51.29047],[-2.81673,51.29053],[-2.81696,51.2906],[-2.81711,51.2907],[-2.81655,51.29105],[-2.8161,51.29143],[-2.81593,51.2915],[-2.81582,51.29151],[-2.81589,51.29118],[-2.81589,51.29093],[-2.81582,51.29046],[-2.81598,51.29047]]]}},{"type":"Feature","properties":{"cat":"Grassland","fill":"#D4B14A","text":"Create and restore wildlife-rich grassland","url":"Click HERE to view the preferred habitat in our strategy"},"geometry":{"type":"Polygon","coordinates":[[[-2.81294,51.2888],[-2.8131,51.28895],[-2.81357,51.28968],[-2.81403,51.28963],[-2.81428,51.28964],[-2.81429,51.28978],[-2.81467,51.28986],[-2.8147,51.2899],[-2.81481,51.28989],[-2.8148,51.28985],[-2.81489,51.28983],[-2.81486,51.28965],[-2.81479,51.28966],[-2.81478,51.2896],[-2.81486,51.28959],[-2.81499,51.28977],[-2.81558,51.28954],[-2.81613,51.28926],[-2.81629,51.28922],[-2.81631,51.28926],[-2.81594,51.28964],[-2.81579,51.28986],[-2.81565,51.29041],[-2.81573,51.29094],[-2.81574,51.29123],[-2.81551,51.29128],[-2.81537,51.29124],[-2.81515,51.29111],[-2.8147,51.29068],[-2.81362,51.29071],[-2.81341,51.29067],[-2.81319,51.29049],[-2.81293,51.2901],[-2.8126,51.28986],[-2.8123,51.28979],[-2.81172,51.28983],[-2.81177,51.2891],[-2.81278,51.28905],[-2.81274,51.28881],[-2.81294,51.2888]]]}},{"type":"Feature","properties":{"cat":"Grassland","fill":"#D4B14A","text":"Create and restore wildlife-rich grassland","url":"Click HERE to view the preferred habitat in our strategy"},"geometry":{"type":"Polygon","coordinates":[[[-2.74751,51.30419],[-2.74653,51.30419],[-2.74588,51.30411],[-2.74555,51.30403],[-2.74545,51.30398],[-2.74544,51.30376],[-2.74539,51.30369],[-2.74556,51.3032],[-2.74524,51.30299],[-2.74496,51.30262],[-2.74457,51.30252],[-2.74443,51.30253],[-2.74399,51.30265],[-2.74382,51.30266],[-2.74364,51.30265],[-2.74326,51.30256],[-2.74302,51.30247],[-2.74273,51.30231],[-2.74238,51.30195],[-2.74102,51.30115],[-2.74236,51.30079],[-2.74404,51.3004],[-2.74401,51.30034],[-2.74453,51.30021],[-2.74667,51.29975],[-2.74728,51.29964],[-2.748,51.29956],[-2.74846,51.29958],[-2.7488,51.29964],[-2.74922,51.29988],[-2.74933,51.30026],[-2.74926,51.30071],[-2.74807,51.3042],[-2.74751,51.30419]]]}},{"type":"Feature","properties":{"cat":"Grassland","fill":"#D4B14A","text":"Create and restore wildlife-rich grassland","url":"Click HERE to view the preferred habitat in our strategy"},"geometry":{"type":"Polygon","coordinates":[[[-2.80208,51.31501],[-2.80151,51.31501],[-2.80151,51.3146],[-2.8013,51.3146],[-2.80132,51.31457],[-2.80116,51.31395],[-2.8013,51.31393],[-2.80171,51.31316],[-2.80182,51.31347],[-2.80182,51.31354],[-2.80178,51.31354],[-2.80174,51.31389],[-2.80291,51.31395],[-2.80295,51.31359],[-2.80186,51.31354],[-2.80174,51.31311],[-2.80173,51.31297],[-2.80167,51.31292],[-2.8015,51.3129],[-2.8015,51.31285],[-2.80215,51.31286],[-2.80215,51.3129],[-2.80477,51.31289],[-2.80477,51.31413],[-2.80434,51.31412],[-2.80337,51.31403],[-2.80323,51.31405],[-2.80329,51.31415],[-2.80415,51.31424],[-2.80453,51.31442],[-2.80449,51.31469],[-2.80441,51.3148],[-2.80412,51.31479],[-2.80412,51.31487],[-2.80426,51.31499],[-2.80244,51.315],[-2.80243,51.31503],[-2.80208,51.31501]]]}},{"type":"Feature","properties":{"cat":"Grassland","fill":"#D4B14A","text":"Create and restore wildlife-rich grassland","url":"Click HERE to view the preferred habitat in our strategy"},"geometry":{"type":"Polygon","coordinates":[[[-2.76629,51.29381],[-2.76598,51.29341],[-2.76385,51.29224],[-2.76722,51.29125],[-2.76761,51.29121],[-2.76781,51.29136],[-2.76786,51.29146],[-2.76784,51.29157],[-2.76771,51.29165],[-2.76751,51.2917],[-2.76718,51.29169],[-2.76687,51.29179],[-2.76676,51.2919],[-2.7668,51.29203],[-2.76688,51.2921],[-2.76687,51.29218],[-2.76673,51.29227],[-2.76657,51.29231],[-2.76627,51.2923],[-2.76622,51.29233],[-2.76628,51.29244],[-2.76661,51.29267],[-2.7666,51.29273],[-2.76645,51.29285],[-2.76627,51.29316],[-2.76637,51.29328],[-2.76672,51.29355],[-2.76723,51.29359],[-2.76734,51.29364],[-2.76757,51.2939],[-2.76772,51.29396],[-2.76802,51.29398],[-2.76815,51.29393],[-2.76815,51.29388],[-2.7678,51.29357],[-2.76788,51.29349],[-2.76787,51.29345],[-2.76744,51.29305],[-2.7674,51.29294],[-2.76743,51.29271],[-2.76755,51.29259],[-2.76767,51.29257],[-2.76798,51.29259],[-2.76826,51.29246],[-2.76836,51.29235],[-2.76828,51.2922],[-2.76828,51.29214],[-2.76833,51.29208],[-2.76878,51.29194],[-2.76887,51.29193],[-2.76908,51.29198],[-2.76909,51.29217],[-2.76916,51.29248],[-2.76902,51.2926],[-2.76911,51.29285],[-2.76932,51.29292],[-2.76945,51.2934],[-2.76932,51.29346],[-2.76929,51.29356],[-2.76935,51.29366],[-2.76849,51.29425],[-2.76833,51.29426],[-2.76829,51.29439],[-2.76838,51.29457],[-2.76835,51.29558],[-2.7682,51.29564],[-2.7682,51.29576],[-2.76833,51.29583],[-2.76834,51.29649],[-2.76776,51.29631],[-2.76778,51.29626],[-2.76753,51.29559],[-2.76629,51.29381]]]}},{"type":"Feature","properties":{"cat":"Grassland","fill":"#D4B14A","text":"Create and restore wildlife-rich grassland","url":"Click HERE to view the preferred habitat in our strategy"},"geometry":{"type":"Polygon","coordinates":[[[-2.77429,51.29807],[-2.77604,51.30114],[-2.77211,51.30134],[-2.77201,51.30097],[-2.77227,51.30086],[-2.77207,51.30074],[-2.77209,51.30057],[-2.77201,51.30052],[-2.77192,51.3004],[-2.77169,51.30047],[-2.77145,51.30019],[-2.77073,51.29918],[-2.77039,51.29877],[-2.77022,51.2986],[-2.76993,51.29841],[-2.76991,51.29837],[-2.77413,51.29781],[-2.77429,51.29807]]]}},{"type":"Feature","properties":{"cat":"Grassland","fill":"#D4B14A","text":"Create and restore wildlife-rich grassland","url":"Click HERE to view the preferred habitat in our strategy"},"geometry":{"type":"Polygon","coordinates":[[[-2.80836,51.30767],[-2.80839,51.30731],[-2.80837,51.3068],[-2.8084,51.30677],[-2.80837,51.30672],[-2.80831,51.30621],[-2.80831,51.30595],[-2.80904,51.3058],[-2.80967,51.3057],[-2.81001,51.30568],[-2.81011,51.30586],[-2.81047,51.30676],[-2.81041,51.30667],[-2.81031,51.30688],[-2.81029,51.30701],[-2.81032,51.30726],[-2.81041,51.30742],[-2.80836,51.30767]]]}},{"type":"Feature","properties":{"cat":"Grassland","fill":"#D4B14A","text":"Create and restore wildlife-rich grassland","url":"Click HERE to view the preferred habitat in our strategy"},"geometry":{"type":"Polygon","coordinates":[[[-2.80447,51.29097],[-2.80568,51.29059],[-2.80698,51.29066],[-2.80698,51.29071],[-2.80713,51.29071],[-2.80724,51.29069],[-2.80738,51.29052],[-2.80738,51.29048],[-2.80783,51.29042],[-2.8078,51.29069],[-2.80761,51.29099],[-2.80676,51.29176],[-2.80636,51.29219],[-2.80629,51.29225],[-2.80615,51.29225],[-2.80615,51.29229],[-2.80588,51.29227],[-2.80548,51.29197],[-2.80511,51.29158],[-2.8048,51.29136],[-2.80454,51.29126],[-2.80398,51.29112],[-2.80447,51.29097]]]}},{"type":"Feature","properties":{"cat":"Grassland","fill":"#D4B14A","text":"Create and restore wildlife-rich grassland","url":"Click HERE to view the preferred habitat in our strategy"},"geometry":{"type":"Polygon","coordinates":[[[-2.80639,51.31279],[-2.80477,51.31289],[-2.80506,51.31209],[-2.80529,51.31212],[-2.80548,51.3121],[-2.80572,51.31216],[-2.80595,51.31217],[-2.80645,51.31231],[-2.80654,51.3124],[-2.80663,51.31275],[-2.80639,51.31279]]]}},{"type":"Feature","properties":{"cat":"Grassland","fill":"#D4B14A","text":"Create and restore wildlife-rich grassland","url":"Click HERE to view the preferred habitat in our strategy"},"geometry":{"type":"Polygon","coordinates":[[[-2.77938,51.28884],[-2.78022,51.28898],[-2.78038,51.28891],[-2.78078,51.29021],[-2.78054,51.2902],[-2.7804,51.2901],[-2.78031,51.28992],[-2.77982,51.28922],[-2.77964,51.28901],[-2.77938,51.28884]]]}},{"type":"Feature","properties":{"cat":"Grassland","fill":"#D4B14A","text":"Create and restore wildlife-rich grassland","url":"Click HERE to view the preferred habitat in our strategy"},"geometry":{"type":"Polygon","coordinates":[[[-2.77824,51.28823],[-2.77808,51.28742],[-2.77843,51.2874],[-2.77857,51.28823],[-2.77824,51.28823]]]}},{"type":"Feature","properties":{"cat":"Grassland","fill":"#D4B14A","text":"Create and restore wildlife-rich grassland","url":"Click HERE to view the preferred habitat in our strategy"},"geometry":{"type":"Polygon","coordinates":[[[-2.78435,51.3031],[-2.78432,51.30274],[-2.78442,51.30265],[-2.7867,51.30254],[-2.78713,51.30272],[-2.78723,51.30313],[-2.78895,51.30304],[-2.7889,51.30243],[-2.79053,51.30325],[-2.7916,51.30393],[-2.79172,51.30419],[-2.79211,51.30457],[-2.78454,51.30499],[-2.78435,51.3031]]]}},{"type":"Feature","properties":{"cat":"Grassland","fill":"#D4B14A","text":"Create and restore wildlife-rich grassland","url":"Click HERE to view the preferred habitat in our strategy"},"geometry":{"type":"Polygon","coordinates":[[[-2.79527,51.30441],[-2.79485,51.30443],[-2.79446,51.30381],[-2.79512,51.30378],[-2.79555,51.30381],[-2.79596,51.30405],[-2.79601,51.30434],[-2.79614,51.30433],[-2.79617,51.3044],[-2.79539,51.30454],[-2.79527,51.30441]]]}},{"type":"Feature","properties":{"cat":"Grassland","fill":"#D4B14A","text":"Maintain existing wildlife rich grasslands for nature","url":"Click HERE to view the preferred habitat in our strategy"},"geometry":{"type":"Polygon","coordinates":[[[-2.78899,51.28417],[-2.78885,51.28418],[-2.78884,51.28412],[-2.78898,51.28411],[-2.78899,51.28417]]]}},{"type":"Feature","properties":{"cat":"Grassland","fill":"#D4B14A","text":"Maintain existing wildlife rich grasslands for nature","url":"Click HERE to view the preferred habitat in our strategy"},"geometry":{"type":"Polygon","coordinates":[[[-2.78776,51.30734],[-2.78792,51.30754],[-2.788,51.30789],[-2.78731,51.30793],[-2.78725,51.30736],[-2.78776,51.30734]]]}},{"type":"Feature","properties":{"cat":"Grassland","fill":"#D4B14A","text":"Maintain existing wildlife rich grasslands for nature","url":"Click HERE to view the preferred habitat in our strategy"},"geometry":{"type":"Polygon","coordinates":[[[-2.80492,51.3042],[-2.80394,51.30424],[-2.80392,51.30415],[-2.80435,51.3041],[-2.80492,51.30416],[-2.80492,51.3042]]]}},{"type":"Feature","properties":{"cat":"Grassland","fill":"#D4B14A","text":"Create and restore wildlife-rich grassland","url":"Click HERE to view the preferred habitat in our strategy"},"geometry":{"type":"Polygon","coordinates":[[[-2.8304,51.28974],[-2.83064,51.28981],[-2.83008,51.29103],[-2.82971,51.29091],[-2.83027,51.2897],[-2.8304,51.28974]]]}},{"type":"Feature","properties":{"cat":"Grassland","fill":"#D4B14A","text":"Create and restore wildlife-rich grassland","url":"Click HERE to view the preferred habitat in our strategy"},"geometry":{"type":"Polygon","coordinates":[[[-2.84179,51.28963],[-2.84223,51.28966],[-2.84219,51.28991],[-2.84177,51.28986],[-2.84179,51.28963]]]}},{"type":"Feature","properties":{"cat":"Grassland","fill":"#D4B14A","text":"Create and restore wildlife-rich grassland","url":"Click HERE to view the preferred habitat in our strategy"},"geometry":{"type":"Polygon","coordinates":[[[-2.83003,51.28962],[-2.83027,51.2897],[-2.82971,51.29091],[-2.82935,51.29082],[-2.82994,51.28959],[-2.83003,51.28962]]]}},{"type":"Feature","properties":{"cat":"Grassland","fill":"#D4B14A","text":"Create and restore wildlife-rich grassland","url":"Click HERE to view the preferred habitat in our strategy"},"geometry":{"type":"Polygon","coordinates":[[[-2.82956,51.3008],[-2.82954,51.30073],[-2.82957,51.30071],[-2.82956,51.3008]]]}},{"type":"Feature","properties":{"cat":"Grassland","fill":"#D4B14A","text":"Create and restore wildlife-rich grassland","url":"Click HERE to view the preferred habitat in our strategy"},"geometry":{"type":"Polygon","coordinates":[[[-2.82958,51.30071],[-2.82961,51.30071],[-2.82963,51.30071],[-2.82964,51.30071],[-2.82958,51.30071],[-2.82958,51.30071]]]}},{"type":"Feature","properties":{"cat":"Grassland","fill":"#D4B14A","text":"Create and restore wildlife-rich grassland","url":"Click HERE to view the preferred habitat in our strategy"},"geometry":{"type":"Polygon","coordinates":[[[-2.80652,51.31343],[-2.8065,51.31426],[-2.80631,51.31427],[-2.80586,51.31418],[-2.80538,51.31421],[-2.80477,51.31413],[-2.80477,51.31289],[-2.80642,51.31279],[-2.80654,51.31313],[-2.80657,51.31341],[-2.80652,51.31343]]]}},{"type":"Feature","properties":{"cat":"Grassland","fill":"#D4B14A","text":"Create and restore wildlife-rich grassland","url":"Click HERE to view the preferred habitat in our strategy"},"geometry":{"type":"Polygon","coordinates":[[[-2.76629,51.28643],[-2.76658,51.28631],[-2.76728,51.28594],[-2.76792,51.28627],[-2.76812,51.28646],[-2.76889,51.28705],[-2.76847,51.28763],[-2.76814,51.28837],[-2.76809,51.2884],[-2.76803,51.28851],[-2.76784,51.28859],[-2.7666,51.2872],[-2.76609,51.28652],[-2.76629,51.28643]]]}},{"type":"Feature","properties":{"cat":"Grassland","fill":"#D4B14A","text":"Maintain existing wildlife rich grasslands for nature","url":"Click HERE to view the preferred habitat in our strategy"},"geometry":{"type":"Polygon","coordinates":[[[-2.78515,51.3078],[-2.78516,51.30784],[-2.78491,51.30785],[-2.7846,51.30785],[-2.78459,51.30782],[-2.78515,51.3078]]]}},{"type":"Feature","properties":{"cat":"Grassland","fill":"#D4B14A","text":"Maintain existing wildlife rich grasslands for nature","url":"Click HERE to view the preferred habitat in our strategy"},"geometry":{"type":"Polygon","coordinates":[[[-2.78973,51.28431],[-2.78983,51.28464],[-2.78971,51.28465],[-2.78962,51.28429],[-2.78973,51.28431]]]}},{"type":"Feature","properties":{"cat":"Grassland","fill":"#D4B14A","text":"Create and restore wildlife-rich grassland","url":"Click HERE to view the preferred habitat in our strategy"},"geometry":{"type":"Polygon","coordinates":[[[-2.76995,51.2984],[-2.77022,51.2986],[-2.77073,51.29918],[-2.77145,51.30019],[-2.77178,51.30057],[-2.772,51.30094],[-2.77212,51.30137],[-2.77222,51.30192],[-2.77231,51.30214],[-2.77246,51.30269],[-2.76749,51.30211],[-2.76495,51.30178],[-2.76497,51.30172],[-2.76478,51.3017],[-2.76476,51.30176],[-2.76459,51.30174],[-2.76585,51.30033],[-2.76675,51.29945],[-2.76804,51.29879],[-2.76896,51.29854],[-2.76995,51.2984]],[[-2.76989,51.29853],[-2.76997,51.29859],[-2.77008,51.29852],[-2.77,51.29846],[-2.76989,51.29853]]]}},{"type":"Feature","properties":{"cat":"Grassland","fill":"#D4B14A","text":"Maintain existing wildlife rich grasslands for nature","url":"Click HERE to view the preferred habitat in our strategy"},"geometry":{"type":"Polygon","coordinates":[[[-2.78725,51.30775],[-2.78724,51.30778],[-2.78719,51.30777],[-2.7872,51.30774],[-2.78725,51.30775]]]}},{"type":"Feature","properties":{"cat":"Grassland","fill":"#D4B14A","text":"Maintain existing wildlife rich grasslands for nature","url":"Click HERE to view the preferred habitat in our strategy"},"geometry":{"type":"Polygon","coordinates":[[[-2.78951,51.28456],[-2.78946,51.28456],[-2.78945,51.2845],[-2.78949,51.2845],[-2.78951,51.28456]]]}},{"type":"Feature","properties":{"cat":"Grassland","fill":"#D4B14A","text":"Create and restore wildlife-rich grassland","url":"Click HERE to view the preferred habitat in our strategy"},"geometry":{"type":"Polygon","coordinates":[[[-2.80116,51.31398],[-2.80116,51.31399],[-2.80092,51.31399],[-2.80051,51.31399],[-2.8005,51.314],[-2.80049,51.31398],[-2.80052,51.31398],[-2.80058,51.31398],[-2.80061,51.31398],[-2.80065,51.31398],[-2.80074,51.31398],[-2.80103,51.31398],[-2.80116,51.31398]]]}},{"type":"Feature","properties":{"cat":"Grassland","fill":"#D4B14A","text":"Maintain existing wildlife rich grasslands for nature","url":"Click HERE to view the preferred habitat in our strategy"},"geometry":{"type":"Polygon","coordinates":[[[-2.78527,51.30802],[-2.78523,51.30802],[-2.78523,51.30799],[-2.78527,51.30799],[-2.78527,51.30802]]]}},{"type":"Feature","properties":{"cat":"Grassland","fill":"#D4B14A","text":"Create and restore wildlife-rich grassland","url":"Click HERE to view the preferred habitat in our strategy"},"geometry":{"type":"Polygon","coordinates":[[[-2.79007,51.29059],[-2.79025,51.29058],[-2.7902,51.29183],[-2.79018,51.29188],[-2.78998,51.292],[-2.78976,51.29207],[-2.78964,51.29195],[-2.78962,51.29189],[-2.78945,51.29176],[-2.78938,51.2916],[-2.78938,51.29152],[-2.78946,51.29147],[-2.78951,51.29094],[-2.78962,51.29088],[-2.78957,51.29083],[-2.78989,51.2907],[-2.79007,51.29059]]]}},{"type":"Feature","properties":{"cat":"Grassland","fill":"#D4B14A","text":"Maintain existing wildlife rich grasslands for nature","url":"Click HERE to view the preferred habitat in our strategy"},"geometry":{"type":"Polygon","coordinates":[[[-2.78903,51.28435],[-2.78889,51.28437],[-2.78887,51.28427],[-2.78901,51.28426],[-2.78903,51.28435]]]}},{"type":"Feature","properties":{"cat":"Grassland","fill":"#D4B14A","text":"Create and restore wildlife-rich grassland","url":"Click HERE to view the preferred habitat in our strategy"},"geometry":{"type":"Polygon","coordinates":[[[-2.72853,51.27881],[-2.72763,51.27938],[-2.72742,51.27937],[-2.72742,51.27881],[-2.72853,51.27881]]]}},{"type":"Feature","properties":{"cat":"Grassland","fill":"#D4B14A","text":"Create and restore wildlife-rich grassland","url":"Click HERE to view the preferred habitat in our strategy"},"geometry":{"type":"Polygon","coordinates":[[[-2.76217,51.29279],[-2.76238,51.29342],[-2.76245,51.29352],[-2.76271,51.29437],[-2.75844,51.29484],[-2.75804,51.294],[-2.75799,51.29397],[-2.7566,51.29384],[-2.75703,51.29334],[-2.7587,51.29157],[-2.75886,51.29149],[-2.7614,51.29158],[-2.76151,51.29164],[-2.76166,51.29187],[-2.76185,51.29225],[-2.7621,51.29261],[-2.76217,51.29279]]]}},{"type":"Feature","properties":{"cat":"Grassland","fill":"#D4B14A","text":"Create and restore wildlife-rich grassland","url":"Click HERE to view the preferred habitat in our strategy"},"geometry":{"type":"Polygon","coordinates":[[[-2.76636,51.29932],[-2.76595,51.29858],[-2.76574,51.29799],[-2.76553,51.29751],[-2.76531,51.29711],[-2.76518,51.29694],[-2.76773,51.29711],[-2.76863,51.29707],[-2.76871,51.29759],[-2.76876,51.29769],[-2.76908,51.29797],[-2.76972,51.2983],[-2.76959,51.29834],[-2.76867,51.29845],[-2.76865,51.29835],[-2.76847,51.29829],[-2.76834,51.29832],[-2.7682,51.29844],[-2.76806,51.29832],[-2.76799,51.29832],[-2.76816,51.29858],[-2.76758,51.29883],[-2.76701,51.29918],[-2.76655,51.2994],[-2.76645,51.29949],[-2.76636,51.29932]]]}},{"type":"Feature","properties":{"cat":"Grassland","fill":"#D4B14A","text":"Create and restore wildlife-rich grassland","url":"Click HERE to view the preferred habitat in our strategy"},"geometry":{"type":"Polygon","coordinates":[[[-2.72877,51.30116],[-2.72828,51.30105],[-2.72837,51.30092],[-2.72838,51.3007],[-2.7285,51.30073],[-2.7288,51.30072],[-2.73016,51.30058],[-2.7307,51.30058],[-2.7309,51.30059],[-2.73189,51.30076],[-2.73187,51.30118],[-2.73065,51.3012],[-2.72941,51.30129],[-2.72921,51.30127],[-2.72877,51.30116]]]}},{"type":"Feature","properties":{"cat":"Grassland","fill":"#D4B14A","text":"Create and restore wildlife-rich grassland","url":"Click HERE to view the preferred habitat in our strategy"},"geometry":{"type":"Polygon","coordinates":[[[-2.78926,51.29142],[-2.78936,51.29168],[-2.78959,51.29186],[-2.78977,51.29208],[-2.78975,51.29214],[-2.78962,51.29223],[-2.78954,51.29226],[-2.78938,51.2922],[-2.78875,51.29144],[-2.78911,51.29142],[-2.78921,51.29138],[-2.78926,51.29142]]]}},{"type":"Feature","properties":{"cat":"Grassland","fill":"#D4B14A","text":"Create and restore wildlife-rich grassland","url":"Click HERE to view the preferred habitat in our strategy"},"geometry":{"type":"Polygon","coordinates":[[[-2.77256,51.30332],[-2.77251,51.30278],[-2.7724,51.30253],[-2.77231,51.30214],[-2.77222,51.30192],[-2.77211,51.30134],[-2.77483,51.3012],[-2.77513,51.30314],[-2.77326,51.30323],[-2.77326,51.30326],[-2.77318,51.30326],[-2.7732,51.30332],[-2.7734,51.30332],[-2.77347,51.30337],[-2.77331,51.30449],[-2.77311,51.3045],[-2.77313,51.30437],[-2.77294,51.30432],[-2.77289,51.30403],[-2.77261,51.3035],[-2.77256,51.30332]]]}},{"type":"Feature","properties":{"cat":"Grassland","fill":"#D4B14A","text":"Create and restore wildlife-rich grassland","url":"Click HERE to view the preferred habitat in our strategy"},"geometry":{"type":"Polygon","coordinates":[[[-2.78877,51.29147],[-2.78938,51.2922],[-2.78954,51.29226],[-2.78959,51.29224],[-2.78961,51.29227],[-2.78954,51.2923],[-2.78951,51.29233],[-2.78954,51.29234],[-2.78942,51.29246],[-2.78925,51.29256],[-2.78914,51.29273],[-2.78885,51.29297],[-2.78867,51.29322],[-2.78837,51.29318],[-2.78833,51.29299],[-2.78843,51.2914],[-2.78846,51.29135],[-2.78871,51.29138],[-2.78877,51.29147]]]}},{"type":"Feature","properties":{"cat":"Grassland","fill":"#D4B14A","text":"Create and restore wildlife-rich grassland","url":"Click HERE to view the preferred habitat in our strategy"},"geometry":{"type":"Polygon","coordinates":[[[-2.73178,51.30344],[-2.73067,51.30342],[-2.73067,51.30314],[-2.73076,51.30248],[-2.73104,51.3013],[-2.73202,51.30126],[-2.73339,51.30135],[-2.73362,51.3014],[-2.73329,51.30164],[-2.73326,51.30196],[-2.73294,51.30219],[-2.73203,51.30297],[-2.73189,51.30321],[-2.73186,51.30345],[-2.73178,51.30344]]]}},{"type":"Feature","properties":{"cat":"Grassland","fill":"#D4B14A","text":"Create and restore wildlife-rich grassland","url":"Click HERE to view the preferred habitat in our strategy"},"geometry":{"type":"Polygon","coordinates":[[[-2.75427,51.30172],[-2.7529,51.30146],[-2.75235,51.30142],[-2.75182,51.30128],[-2.75129,51.30123],[-2.7513,51.30113],[-2.75139,51.30098],[-2.75174,51.3005],[-2.75194,51.30029],[-2.75238,51.29967],[-2.753,51.29978],[-2.7547,51.29994],[-2.75615,51.30012],[-2.75725,51.30016],[-2.75856,51.30034],[-2.76017,51.30042],[-2.76022,51.30047],[-2.76023,51.3007],[-2.76005,51.30166],[-2.75983,51.30246],[-2.75427,51.30172]]]}},{"type":"Feature","properties":{"cat":"Grassland","fill":"#D4B14A","text":"Create and restore wildlife-rich grassland","url":"Click HERE to view the preferred habitat in our strategy"},"geometry":{"type":"Polygon","coordinates":[[[-2.80202,51.32271],[-2.80193,51.3227],[-2.8017,51.32228],[-2.80152,51.32212],[-2.80137,51.32186],[-2.80115,51.3211],[-2.80154,51.32109],[-2.80154,51.32105],[-2.80325,51.32105],[-2.80458,51.32112],[-2.80463,51.32109],[-2.80535,51.321],[-2.80557,51.32093],[-2.80566,51.32104],[-2.80574,51.32132],[-2.80578,51.32179],[-2.80195,51.32275],[-2.80194,51.32273],[-2.80202,51.32271]]]}},{"type":"Feature","properties":{"cat":"Grassland","fill":"#D4B14A","text":"Maintain existing wildlife rich grasslands for nature","url":"Click HERE to view the preferred habitat in our strategy"},"geometry":{"type":"Polygon","coordinates":[[[-2.74528,51.28009],[-2.74521,51.28004],[-2.74691,51.279],[-2.74758,51.27936],[-2.74769,51.27937],[-2.74775,51.27934],[-2.74887,51.28023],[-2.74805,51.2809],[-2.74824,51.28098],[-2.74744,51.28166],[-2.74528,51.28009]]]}},{"type":"Feature","properties":{"cat":"Grassland","fill":"#D4B14A","text":"Maintain existing wildlife rich grasslands for nature","url":"Click HERE to view the preferred habitat in our strategy"},"geometry":{"type":"Polygon","coordinates":[[[-2.78614,51.30864],[-2.78628,51.30956],[-2.78572,51.30957],[-2.78549,51.30819],[-2.78605,51.30818],[-2.78614,51.30864]]]}},{"type":"Feature","properties":{"cat":"Grassland","fill":"#D4B14A","text":"Maintain existing wildlife rich grasslands for nature","url":"Click HERE to view the preferred habitat in our strategy"},"geometry":{"type":"Polygon","coordinates":[[[-2.78873,51.28435],[-2.78869,51.28436],[-2.78867,51.2843],[-2.78872,51.28429],[-2.78873,51.28435]]]}},{"type":"Feature","properties":{"cat":"Grassland","fill":"#D4B14A","text":"Maintain existing wildlife rich grasslands for nature","url":"Click HERE to view the preferred habitat in our strategy"},"geometry":{"type":"Polygon","coordinates":[[[-2.78885,51.28462],[-2.7888,51.28463],[-2.78879,51.28457],[-2.78884,51.28457],[-2.78885,51.28462]]]}},{"type":"Feature","properties":{"cat":"Grassland","fill":"#D4B14A","text":"Maintain existing wildlife rich grasslands for nature","url":"Click HERE to view the preferred habitat in our strategy"},"geometry":{"type":"Polygon","coordinates":[[[-2.78886,51.28427],[-2.78872,51.28428],[-2.7887,51.2842],[-2.78884,51.28418],[-2.78886,51.28427]]]}},{"type":"Feature","properties":{"cat":"Grassland","fill":"#D4B14A","text":"Maintain existing wildlife rich grasslands for nature","url":"Click HERE to view the preferred habitat in our strategy"},"geometry":{"type":"Polygon","coordinates":[[[-2.80506,51.31533],[-2.80488,51.31532],[-2.80447,51.31517],[-2.80412,51.31487],[-2.80412,51.31479],[-2.80438,51.31481],[-2.80449,51.31469],[-2.80493,51.3147],[-2.80509,51.31513],[-2.80531,51.31531],[-2.80506,51.31533]]]}},{"type":"Feature","properties":{"cat":"Grassland","fill":"#D4B14A","text":"Create and restore wildlife-rich grassland","url":"Click HERE to view the preferred habitat in our strategy"},"geometry":{"type":"Polygon","coordinates":[[[-2.81377,51.28432],[-2.81375,51.28434],[-2.81303,51.28409],[-2.8133,51.28408],[-2.81373,51.28418],[-2.81377,51.28432]]]}},{"type":"Feature","properties":{"cat":"Grassland","fill":"#D4B14A","text":"Create and restore wildlife-rich grassland","url":"Click HERE to view the preferred habitat in our strategy"},"geometry":{"type":"Polygon","coordinates":[[[-2.83089,51.29019],[-2.83209,51.29129],[-2.83224,51.29131],[-2.83222,51.29136],[-2.83153,51.2914],[-2.83099,51.29147],[-2.83043,51.29117],[-2.83089,51.29019]]]}},{"type":"Feature","properties":{"cat":"Grassland","fill":"#D4B14A","text":"Maintain existing wildlife rich grasslands for nature","url":"Click HERE to view the preferred habitat in our strategy"},"geometry":{"type":"Polygon","coordinates":[[[-2.74775,51.27934],[-2.74769,51.27937],[-2.74758,51.27936],[-2.74691,51.279],[-2.74714,51.27886],[-2.74775,51.27934]]]}},{"type":"Feature","properties":{"cat":"Grassland","fill":"#D4B14A","text":"Maintain existing wildlife rich grasslands for nature","url":"Click HERE to view the preferred habitat in our strategy"},"geometry":{"type":"Polygon","coordinates":[[[-2.80144,51.30427],[-2.80033,51.30423],[-2.80011,51.30206],[-2.80016,51.30205],[-2.80015,51.30199],[-2.80018,51.30199],[-2.80033,51.30364],[-2.80045,51.30394],[-2.80079,51.3042],[-2.80217,51.30427],[-2.80228,51.30422],[-2.80391,51.30404],[-2.80543,51.3042],[-2.80713,51.30405],[-2.80735,51.30397],[-2.80739,51.30388],[-2.80737,51.30358],[-2.8073,51.30353],[-2.80734,51.3035],[-2.80688,51.30195],[-2.80695,51.30195],[-2.80757,51.30408],[-2.80528,51.30427],[-2.80502,51.30417],[-2.80435,51.3041],[-2.80383,51.30416],[-2.80382,51.30409],[-2.80265,51.30423],[-2.80266,51.30432],[-2.80144,51.30427]]]}},{"type":"Feature","properties":{"cat":"Grassland","fill":"#D4B14A","text":"Maintain existing wildlife rich grasslands for nature","url":"Click HERE to view the preferred habitat in our strategy"},"geometry":{"type":"Polygon","coordinates":[[[-2.82729,51.2994],[-2.82734,51.29958],[-2.82731,51.29971],[-2.82714,51.29997],[-2.82687,51.30026],[-2.82662,51.30038],[-2.82641,51.30039],[-2.82608,51.3005],[-2.82578,51.30048],[-2.82492,51.30061],[-2.82451,51.30046],[-2.82438,51.30046],[-2.82385,51.30057],[-2.82335,51.30053],[-2.82283,51.30072],[-2.82257,51.30077],[-2.82252,51.3006],[-2.82247,51.30054],[-2.82223,51.30051],[-2.82206,51.30053],[-2.82197,51.30072],[-2.8218,51.30068],[-2.82149,51.30053],[-2.82141,51.30035],[-2.82149,51.29994],[-2.82162,51.29972],[-2.82157,51.29957],[-2.82161,51.29942],[-2.82186,51.29902],[-2.8223,51.29875],[-2.82243,51.29848],[-2.82259,51.29829],[-2.82304,51.29825],[-2.8233,51.29833],[-2.82358,51.29834],[-2.82365,51.29836],[-2.82382,51.29855],[-2.82402,51.29863],[-2.8242,51.29863],[-2.82438,51.29843],[-2.82581,51.29863],[-2.82627,51.29851],[-2.8263,51.29845],[-2.82657,51.29845],[-2.82677,51.29883],[-2.82684,51.29906],[-2.827,51.29918],[-2.82711,51.29931],[-2.82729,51.2994]]]}},{"type":"Feature","properties":{"cat":"Grassland","fill":"#D4B14A","text":"Maintain existing wildlife rich grasslands for nature","url":"Click HERE to view the preferred habitat in our strategy"},"geometry":{"type":"Polygon","coordinates":[[[-2.75707,51.27881],[-2.75715,51.27888],[-2.75784,51.27905],[-2.75874,51.2792],[-2.75827,51.27986],[-2.75642,51.27928],[-2.75561,51.2789],[-2.75566,51.27881],[-2.75707,51.27881]]]}},{"type":"Feature","properties":{"cat":"Grassland","fill":"#D4B14A","text":"Maintain existing wildlife rich grasslands for nature","url":"Click HERE to view the preferred habitat in our strategy"},"geometry":{"type":"Polygon","coordinates":[[[-2.76769,51.28579],[-2.76769,51.28568],[-2.76773,51.28558],[-2.76789,51.28554],[-2.76807,51.28557],[-2.7682,51.28563],[-2.76847,51.28584],[-2.76865,51.28585],[-2.76881,51.28576],[-2.76908,51.28577],[-2.76818,51.2865],[-2.76792,51.28627],[-2.7676,51.28611],[-2.76771,51.286],[-2.76769,51.28579]]]}},{"type":"Feature","properties":{"cat":"Grassland","fill":"#D4B14A","text":"Maintain existing wildlife rich grasslands for nature","url":"Click HERE to view the preferred habitat in our strategy"},"geometry":{"type":"Polygon","coordinates":[[[-2.80556,51.31171],[-2.8064,51.31185],[-2.80686,51.31199],[-2.80712,51.31213],[-2.8075,51.31247],[-2.80767,51.31292],[-2.80767,51.31325],[-2.80753,51.31325],[-2.80712,51.31249],[-2.80715,51.31236],[-2.80706,51.31221],[-2.80687,51.3121],[-2.80659,51.31203],[-2.80625,51.31189],[-2.80543,51.31176],[-2.80512,51.31176],[-2.80509,51.31175],[-2.80519,51.31172],[-2.80556,51.31171]]]}},{"type":"Feature","properties":{"cat":"Grassland","fill":"#D4B14A","text":"Maintain existing wildlife rich grasslands for nature","url":"Click HERE to view the preferred habitat in our strategy"},"geometry":{"type":"Polygon","coordinates":[[[-2.79653,51.30419],[-2.79821,51.30413],[-2.79903,51.30468],[-2.79909,51.30606],[-2.79779,51.30583],[-2.79703,51.30579],[-2.79697,51.30576],[-2.79635,51.3043],[-2.79633,51.3042],[-2.79653,51.30419]],[[-2.79699,51.30564],[-2.79695,51.30565],[-2.79698,51.30571],[-2.79701,51.30571],[-2.79699,51.30564]],[[-2.79647,51.30426],[-2.79643,51.30425],[-2.79643,51.30429],[-2.79646,51.3043],[-2.79647,51.30426]]]}},{"type":"Feature","properties":{"cat":"Grassland","fill":"#D4B14A","text":"Maintain existing wildlife rich grasslands for nature","url":"Click HERE to view the preferred habitat in our strategy"},"geometry":{"type":"Polygon","coordinates":[[[-2.78661,51.30797],[-2.78675,51.30858],[-2.78614,51.30864],[-2.78604,51.308],[-2.78647,51.308],[-2.78661,51.30797]]]}},{"type":"Feature","properties":{"cat":"Grassland","fill":"#D4B14A","text":"Maintain existing wildlife rich grasslands for nature","url":"Click HERE to view the preferred habitat in our strategy"},"geometry":{"type":"Polygon","coordinates":[[[-2.76183,51.291],[-2.76192,51.29086],[-2.76257,51.29102],[-2.76266,51.29101],[-2.76352,51.29065],[-2.76409,51.29037],[-2.76449,51.29034],[-2.76526,51.29042],[-2.76548,51.29001],[-2.76554,51.29003],[-2.76602,51.28942],[-2.76631,51.28911],[-2.76698,51.28881],[-2.76754,51.28875],[-2.76913,51.2887],[-2.77008,51.28927],[-2.76999,51.28938],[-2.76974,51.2895],[-2.76845,51.28947],[-2.76781,51.28952],[-2.76728,51.28975],[-2.76674,51.28988],[-2.76654,51.29004],[-2.76651,51.29039],[-2.76654,51.29063],[-2.7663,51.29067],[-2.76652,51.29084],[-2.76723,51.29125],[-2.76215,51.29273],[-2.7621,51.29261],[-2.76183,51.29221],[-2.76205,51.29211],[-2.76214,51.29203],[-2.76234,51.29147],[-2.76157,51.29131],[-2.76183,51.291]],[[-2.76623,51.29043],[-2.76619,51.29047],[-2.76626,51.29048],[-2.76627,51.29044],[-2.76623,51.29043]]]}},{"type":"Feature","properties":{"cat":"Grassland","fill":"#D4B14A","text":"Maintain existing wildlife rich grasslands for nature","url":"Click HERE to view the preferred habitat in our strategy"},"geometry":{"type":"Polygon","coordinates":[[[-2.78235,51.30726],[-2.78247,51.30728],[-2.78247,51.30732],[-2.78292,51.30753],[-2.7829,51.30755],[-2.78261,51.30741],[-2.78233,51.30734],[-2.78235,51.30726]]]}},{"type":"Feature","properties":{"cat":"Grassland","fill":"#D4B14A","text":"Maintain existing wildlife rich grasslands for nature","url":"Click HERE to view the preferred habitat in our strategy"},"geometry":{"type":"Polygon","coordinates":[[[-2.7886,51.28446],[-2.78862,51.28455],[-2.78865,51.28456],[-2.78851,51.28455],[-2.78847,51.28414],[-2.78855,51.28414],[-2.78859,51.2844],[-2.78874,51.28439],[-2.78876,51.28444],[-2.7886,51.28446]]]}},{"type":"Feature","properties":{"cat":"Grassland","fill":"#D4B14A","text":"Maintain existing wildlife rich grasslands for nature","url":"Click HERE to view the preferred habitat in our strategy"},"geometry":{"type":"Polygon","coordinates":[[[-2.74589,51.27935],[-2.74563,51.27914],[-2.74591,51.27897],[-2.74611,51.2789],[-2.7464,51.27884],[-2.74658,51.27886],[-2.74669,51.27894],[-2.74678,51.27906],[-2.74608,51.2795],[-2.74589,51.27935]]]}},{"type":"Feature","properties":{"cat":"Grassland","fill":"#D4B14A","text":"Create and restore wildlife-rich grassland","url":"Click HERE to view the preferred habitat in our strategy"},"geometry":{"type":"Polygon","coordinates":[[[-2.77959,51.31675],[-2.78044,51.31731],[-2.78057,51.31743],[-2.78075,51.31846],[-2.78071,51.31851],[-2.78043,51.31861],[-2.78022,51.31865],[-2.78018,51.31863],[-2.77934,51.31785],[-2.77823,51.31693],[-2.77936,51.3166],[-2.77959,51.31675]]]}},{"type":"Feature","properties":{"cat":"Grassland","fill":"#D4B14A","text":"Maintain existing wildlife rich grasslands for nature","url":"Click HERE to view the preferred habitat in our strategy"},"geometry":{"type":"Polygon","coordinates":[[[-2.80243,51.31503],[-2.80237,51.31522],[-2.8021,51.31521],[-2.80209,51.31503],[-2.80243,51.31503]]]}},{"type":"Feature","properties":{"cat":"Grassland","fill":"#D4B14A","text":"Create and restore wildlife-rich grassland","url":"Click HERE to view the preferred habitat in our strategy"},"geometry":{"type":"Polygon","coordinates":[[[-2.8058,51.32083],[-2.80583,51.32082],[-2.80607,51.32169],[-2.80582,51.32178],[-2.80575,51.32122],[-2.80562,51.32091],[-2.8058,51.32083]]]}},{"type":"Feature","properties":{"cat":"Grassland","fill":"#D4B14A","text":"Create and restore wildlife-rich grassland","url":"Click HERE to view the preferred habitat in our strategy"},"geometry":{"type":"Polygon","coordinates":[[[-2.80428,51.31501],[-2.80449,51.31518],[-2.80488,51.31532],[-2.8051,51.31533],[-2.80515,51.31555],[-2.80499,51.31554],[-2.80473,51.31559],[-2.80392,51.31556],[-2.80391,51.31549],[-2.80457,51.31547],[-2.80456,51.31539],[-2.80447,51.31533],[-2.804,51.31521],[-2.80404,51.31511],[-2.80418,51.315],[-2.80421,51.31498],[-2.80428,51.31501]]]}},{"type":"Feature","properties":{"cat":"Grassland","fill":"#D4B14A","text":"Maintain existing wildlife rich grasslands for nature","url":"Click HERE to view the preferred habitat in our strategy"},"geometry":{"type":"Polygon","coordinates":[[[-2.78926,51.28409],[-2.78914,51.2841],[-2.78912,51.28402],[-2.78924,51.28401],[-2.78926,51.28409]]]}},{"type":"Feature","properties":{"cat":"Grassland","fill":"#D4B14A","text":"Create and restore wildlife-rich grassland","url":"Click HERE to view the preferred habitat in our strategy"},"geometry":{"type":"Polygon","coordinates":[[[-2.77986,51.31606],[-2.7801,51.31615],[-2.78011,51.31621],[-2.78006,51.31625],[-2.77989,51.31628],[-2.77983,51.31634],[-2.7798,51.31629],[-2.77987,51.31616],[-2.77977,51.31602],[-2.77986,51.31606]]]}},{"type":"Feature","properties":{"cat":"Grassland","fill":"#D4B14A","text":"Create and restore wildlife-rich grassland","url":"Click HERE to view the preferred habitat in our strategy"},"geometry":{"type":"Polygon","coordinates":[[[-2.83443,51.29052],[-2.83477,51.29062],[-2.83471,51.29076],[-2.83433,51.29071],[-2.83443,51.29052]]]}},{"type":"Feature","properties":{"cat":"Grassland","fill":"#D4B14A","text":"Create and restore wildlife-rich grassland","url":"Click HERE to view the preferred habitat in our strategy"},"geometry":{"type":"Polygon","coordinates":[[[-2.75642,51.30797],[-2.75277,51.30758],[-2.75284,51.30649],[-2.75288,51.30649],[-2.75289,51.30573],[-2.75297,51.30457],[-2.7545,51.30464],[-2.75575,51.30475],[-2.75645,51.30475],[-2.75862,51.30454],[-2.75926,51.30452],[-2.7588,51.30679],[-2.75642,51.30797]]]}},{"type":"Feature","properties":{"cat":"Grassland","fill":"#D4B14A","text":"Maintain existing wildlife rich grasslands for nature","url":"Click HERE to view the preferred habitat in our strategy"},"geometry":{"type":"Polygon","coordinates":[[[-2.78964,51.28435],[-2.78967,51.28445],[-2.78961,51.28446],[-2.7896,51.2844],[-2.7895,51.28441],[-2.78952,51.28447],[-2.7893,51.28448],[-2.78931,51.28432],[-2.78962,51.28429],[-2.78964,51.28435]],[[-2.78935,51.28432],[-2.78937,51.28442],[-2.78949,51.28441],[-2.78947,51.28431],[-2.78935,51.28432]]]}},{"type":"Feature","properties":{"cat":"Grassland","fill":"#D4B14A","text":"Create and restore wildlife-rich grassland","url":"Click HERE to view the preferred habitat in our strategy"},"geometry":{"type":"Polygon","coordinates":[[[-2.76856,51.27881],[-2.76856,51.27886],[-2.76806,51.27885],[-2.76806,51.27881],[-2.76856,51.27881]]]}},{"type":"Feature","properties":{"cat":"Grassland","fill":"#D4B14A","text":"Create and restore wildlife-rich grassland","url":"Click HERE to view the preferred habitat in our strategy"},"geometry":{"type":"Polygon","coordinates":[[[-2.73951,51.30123],[-2.73939,51.30119],[-2.73938,51.30116],[-2.73951,51.30123]]]}},{"type":"Feature","properties":{"cat":"Grassland","fill":"#D4B14A","text":"Create and restore wildlife-rich grassland","url":"Click HERE to view the preferred habitat in our strategy"},"geometry":{"type":"Polygon","coordinates":[[[-2.81417,51.28903],[-2.81447,51.28954],[-2.8141,51.28952],[-2.81359,51.28957],[-2.81332,51.28911],[-2.81386,51.28907],[-2.81389,51.28896],[-2.81414,51.28895],[-2.81417,51.28903]]]}},{"type":"Feature","properties":{"cat":"Grassland","fill":"#D4B14A","text":"Maintain existing wildlife rich grasslands for nature","url":"Click HERE to view the preferred habitat in our strategy"},"geometry":{"type":"Polygon","coordinates":[[[-2.78948,51.28466],[-2.78939,51.28467],[-2.78937,51.28458],[-2.78946,51.28457],[-2.78948,51.28466]]]}},{"type":"Feature","properties":{"cat":"Grassland","fill":"#D4B14A","text":"Create and restore wildlife-rich grassland","url":"Click HERE to view the preferred habitat in our strategy"},"geometry":{"type":"Polygon","coordinates":[[[-2.80562,51.32091],[-2.80577,51.32131],[-2.80582,51.32178],[-2.80579,51.32179],[-2.80572,51.32121],[-2.80559,51.32093],[-2.80562,51.32091]]]}},{"type":"Feature","properties":{"cat":"Grassland","fill":"#D4B14A","text":"Maintain existing wildlife rich grasslands for nature","url":"Click HERE to view the preferred habitat in our strategy"},"geometry":{"type":"Polygon","coordinates":[[[-2.76908,51.28577],[-2.76994,51.28572],[-2.76999,51.28575],[-2.76963,51.28598],[-2.76943,51.28629],[-2.76931,51.28655],[-2.76934,51.2863],[-2.76925,51.28607],[-2.76903,51.28581],[-2.76908,51.28577]]]}},{"type":"Feature","properties":{"cat":"Grassland","fill":"#D4B14A","text":"Maintain existing wildlife rich grasslands for nature","url":"Click HERE to view the preferred habitat in our strategy"},"geometry":{"type":"Polygon","coordinates":[[[-2.78658,51.30784],[-2.78661,51.30797],[-2.78647,51.308],[-2.78527,51.30802],[-2.78527,51.30799],[-2.78523,51.30799],[-2.78523,51.30802],[-2.78518,51.30802],[-2.78515,51.3078],[-2.78656,51.30774],[-2.78658,51.30784]]]}},{"type":"Feature","properties":{"cat":"Grassland","fill":"#D4B14A","text":"Maintain existing wildlife rich grasslands for nature","url":"Click HERE to view the preferred habitat in our strategy"},"geometry":{"type":"Polygon","coordinates":[[[-2.78951,51.28428],[-2.78946,51.28428],[-2.78945,51.28422],[-2.78949,51.28422],[-2.78951,51.28428]]]}},{"type":"Feature","properties":{"cat":"Grassland","fill":"#D4B14A","text":"Maintain existing wildlife rich grasslands for nature","url":"Click HERE to view the preferred habitat in our strategy"},"geometry":{"type":"Polygon","coordinates":[[[-2.78247,51.30732],[-2.78276,51.30737],[-2.78286,51.30727],[-2.78336,51.30727],[-2.78348,51.30718],[-2.78377,51.30717],[-2.78386,51.30717],[-2.78389,51.3073],[-2.78292,51.30731],[-2.78292,51.30753],[-2.78247,51.30732]]]}},{"type":"Feature","properties":{"cat":"Grassland","fill":"#D4B14A","text":"Maintain existing wildlife rich grasslands for nature","url":"Click HERE to view the preferred habitat in our strategy"},"geometry":{"type":"Polygon","coordinates":[[[-2.78902,51.28462],[-2.78897,51.28462],[-2.78896,51.28457],[-2.78901,51.28456],[-2.78902,51.28462]]]}},{"type":"Feature","properties":{"cat":"Grassland","fill":"#D4B14A","text":"Maintain existing wildlife rich grasslands for nature","url":"Click HERE to view the preferred habitat in our strategy"},"geometry":{"type":"Polygon","coordinates":[[[-2.75938,51.30452],[-2.76009,51.30458],[-2.76086,51.30478],[-2.76133,51.30495],[-2.76144,51.30502],[-2.76123,51.3053],[-2.76106,51.30543],[-2.76085,51.30567],[-2.75945,51.30746],[-2.75919,51.30782],[-2.75894,51.30827],[-2.75656,51.30799],[-2.7566,51.30793],[-2.75702,51.30771],[-2.75883,51.30681],[-2.75931,51.30452],[-2.75938,51.30452]]]}},{"type":"Feature","properties":{"cat":"Grassland","fill":"#D4B14A","text":"Maintain existing wildlife rich grasslands for nature","url":"Click HERE to view the preferred habitat in our strategy"},"geometry":{"type":"Polygon","coordinates":[[[-2.76242,51.30587],[-2.76229,51.30576],[-2.76229,51.30569],[-2.76232,51.30576],[-2.76247,51.30587],[-2.7625,51.30586],[-2.76287,51.30606],[-2.76283,51.30609],[-2.76242,51.30587]]]}},{"type":"Feature","properties":{"cat":"Grassland","fill":"#D4B14A","text":"Maintain existing wildlife rich grasslands for nature","url":"Click HERE to view the preferred habitat in our strategy"},"geometry":{"type":"Polygon","coordinates":[[[-2.78888,51.28447],[-2.78889,51.28454],[-2.78864,51.28455],[-2.78874,51.28454],[-2.78872,51.28445],[-2.78885,51.28444],[-2.78883,51.28438],[-2.78886,51.28438],[-2.78888,51.28447]]]}},{"type":"Feature","properties":{"cat":"Grassland","fill":"#D4B14A","text":"Maintain existing wildlife rich grasslands for nature","url":"Click HERE to view the preferred habitat in our strategy"},"geometry":{"type":"Polygon","coordinates":[[[-2.78885,51.28464],[-2.78884,51.28457],[-2.78879,51.28455],[-2.78896,51.28454],[-2.78898,51.28463],[-2.78885,51.28464]]]}},{"type":"Feature","properties":{"cat":"Grassland","fill":"#D4B14A","text":"Maintain existing wildlife rich grasslands for nature","url":"Click HERE to view the preferred habitat in our strategy"},"geometry":{"type":"Polygon","coordinates":[[[-2.75647,51.27969],[-2.75601,51.27991],[-2.75403,51.27949],[-2.75396,51.27943],[-2.75502,51.27881],[-2.75566,51.27881],[-2.75561,51.2789],[-2.75566,51.27894],[-2.75642,51.27928],[-2.75827,51.27986],[-2.75803,51.28016],[-2.75674,51.27973],[-2.75647,51.27969]]]}},{"type":"Feature","properties":{"cat":"Grassland","fill":"#D4B14A","text":"Maintain existing wildlife rich grasslands for nature","url":"Click HERE to view the preferred habitat in our strategy"},"geometry":{"type":"Polygon","coordinates":[[[-2.75069,51.27943],[-2.75072,51.27944],[-2.7507,51.27947],[-2.75064,51.27945],[-2.75069,51.27943]]]}},{"type":"Feature","properties":{"cat":"Grassland","fill":"#D4B14A","text":"Create and restore wildlife-rich grassland","url":"Click HERE to view the preferred habitat in our strategy"},"geometry":{"type":"Polygon","coordinates":[[[-2.73704,51.29989],[-2.73701,51.29996],[-2.73694,51.29999],[-2.73681,51.30022],[-2.73674,51.30022],[-2.73683,51.30013],[-2.73687,51.29996],[-2.73693,51.29991],[-2.73704,51.29989]]]}},{"type":"Feature","properties":{"cat":"Grassland","fill":"#D4B14A","text":"Create and restore wildlife-rich grassland","url":"Click HERE to view the preferred habitat in our strategy"},"geometry":{"type":"Polygon","coordinates":[[[-2.77336,51.29025],[-2.77329,51.2903],[-2.77333,51.29032],[-2.77329,51.29036],[-2.77333,51.29038],[-2.77322,51.29049],[-2.77264,51.29026],[-2.77309,51.28959],[-2.77339,51.28959],[-2.7731,51.29013],[-2.77345,51.29025],[-2.77343,51.29028],[-2.77336,51.29025]]]}},{"type":"Feature","properties":{"cat":"Grassland","fill":"#D4B14A","text":"Maintain existing wildlife rich grasslands for nature","url":"Click HERE to view the preferred habitat in our strategy"},"geometry":{"type":"Polygon","coordinates":[[[-2.78174,51.30737],[-2.78171,51.30712],[-2.78221,51.30717],[-2.7822,51.3072],[-2.78185,51.30716],[-2.78181,51.30733],[-2.78232,51.30738],[-2.78233,51.30734],[-2.78261,51.30741],[-2.7829,51.30755],[-2.78287,51.30758],[-2.78256,51.30742],[-2.78174,51.30737]]]}},{"type":"Feature","properties":{"cat":"Grassland","fill":"#D4B14A","text":"Create and restore wildlife-rich grassland","url":"Click HERE to view the preferred habitat in our strategy"},"geometry":{"type":"Polygon","coordinates":[[[-2.72773,51.28635],[-2.72814,51.28636],[-2.7282,51.28689],[-2.72812,51.28694],[-2.72785,51.28694],[-2.72773,51.28635]]]}},{"type":"Feature","properties":{"cat":"Grassland","fill":"#D4B14A","text":"Create and restore wildlife-rich grassland","url":"Click HERE to view the preferred habitat in our strategy"},"geometry":{"type":"Polygon","coordinates":[[[-2.72912,51.31192],[-2.72909,51.31188],[-2.72911,51.31182],[-2.72956,51.31163],[-2.72967,51.31153],[-2.72976,51.31138],[-2.72987,51.31132],[-2.73015,51.31127],[-2.73035,51.3111],[-2.73032,51.31102],[-2.73042,51.31089],[-2.73052,51.31049],[-2.73068,51.3104],[-2.73115,51.3103],[-2.73074,51.31104],[-2.73035,51.31151],[-2.73013,51.31184],[-2.7301,51.31181],[-2.73016,51.31171],[-2.73011,51.31171],[-2.73004,51.3118],[-2.73003,51.31189],[-2.72992,51.312],[-2.72985,51.312],[-2.7298,51.31195],[-2.72973,51.31197],[-2.7294,51.31195],[-2.72943,51.31209],[-2.72912,51.31192]]]}},{"type":"Feature","properties":{"cat":"Grassland","fill":"#D4B14A","text":"Create and restore wildlife-rich grassland","url":"Click HERE to view the preferred habitat in our strategy"},"geometry":{"type":"Polygon","coordinates":[[[-2.83723,51.28928],[-2.83729,51.28938],[-2.83753,51.28935],[-2.83765,51.28964],[-2.83754,51.28968],[-2.83701,51.28969],[-2.83695,51.28931],[-2.83722,51.28926],[-2.83723,51.28928]]]}},{"type":"Feature","properties":{"cat":"Grassland","fill":"#D4B14A","text":"Create and restore wildlife-rich grassland","url":"Click HERE to view the preferred habitat in our strategy"},"geometry":{"type":"Polygon","coordinates":[[[-2.84971,51.2926],[-2.84971,51.2926],[-2.84971,51.29261],[-2.84971,51.2926]]]}},{"type":"Feature","properties":{"cat":"Grassland","fill":"#D4B14A","text":"Create and restore wildlife-rich grassland","url":"Click HERE to view the preferred habitat in our strategy"},"geometry":{"type":"Polygon","coordinates":[[[-2.83188,51.28938],[-2.83177,51.28936],[-2.83178,51.28931],[-2.83241,51.2894],[-2.83286,51.28941],[-2.83292,51.28921],[-2.83295,51.28921],[-2.83287,51.2895],[-2.83188,51.28938]]]}},{"type":"Feature","properties":{"cat":"Grassland","fill":"#D4B14A","text":"Create and restore wildlife-rich grassland","url":"Click HERE to view the preferred habitat in our strategy"},"geometry":{"type":"Polygon","coordinates":[[[-2.83798,51.29008],[-2.83784,51.29004],[-2.83667,51.29007],[-2.83661,51.29005],[-2.83651,51.28992],[-2.83664,51.28988],[-2.83805,51.28985],[-2.83798,51.29008]]]}},{"type":"Feature","properties":{"cat":"Grassland","fill":"#D4B14A","text":"Create and restore wildlife-rich grassland","url":"Click HERE to view the preferred habitat in our strategy"},"geometry":{"type":"Polygon","coordinates":[[[-2.80547,51.28928],[-2.80635,51.28919],[-2.80661,51.29026],[-2.80529,51.29019],[-2.80503,51.28932],[-2.80547,51.28928]]]}},{"type":"Feature","properties":{"cat":"Grassland","fill":"#D4B14A","text":"Maintain existing wildlife rich grasslands for nature","url":"Click HERE to view the preferred habitat in our strategy"},"geometry":{"type":"Polygon","coordinates":[[[-2.78579,51.30706],[-2.78584,51.30719],[-2.78547,51.30721],[-2.78544,51.30704],[-2.7857,51.30701],[-2.78579,51.30706]]]}},{"type":"Feature","properties":{"cat":"Grassland","fill":"#D4B14A","text":"Maintain existing wildlife rich grasslands for nature","url":"Click HERE to view the preferred habitat in our strategy"},"geometry":{"type":"Polygon","coordinates":[[[-2.78886,51.28428],[-2.78889,51.28437],[-2.78874,51.28439],[-2.78872,51.28428],[-2.78886,51.28428]]]}},{"type":"Feature","properties":{"cat":"Grassland","fill":"#D4B14A","text":"Create and restore wildlife-rich grassland","url":"Click HERE to view the preferred habitat in our strategy"},"geometry":{"type":"Polygon","coordinates":[[[-2.78498,51.31923],[-2.78493,51.31929],[-2.78463,51.31926],[-2.78443,51.31912],[-2.7847,51.3188],[-2.78496,51.31893],[-2.78517,51.31911],[-2.78498,51.31923]]]}},{"type":"Feature","properties":{"cat":"Grassland","fill":"#D4B14A","text":"Maintain existing wildlife rich grasslands for nature","url":"Click HERE to view the preferred habitat in our strategy"},"geometry":{"type":"Polygon","coordinates":[[[-2.78901,51.28426],[-2.78887,51.28427],[-2.78885,51.28418],[-2.78899,51.28417],[-2.78901,51.28426]]]}},{"type":"Feature","properties":{"cat":"Grassland","fill":"#D4B14A","text":"Maintain existing wildlife rich grasslands for nature","url":"Click HERE to view the preferred habitat in our strategy"},"geometry":{"type":"Polygon","coordinates":[[[-2.78949,51.28441],[-2.78937,51.28442],[-2.78935,51.28432],[-2.78947,51.28431],[-2.78949,51.28441]]]}},{"type":"Feature","properties":{"cat":"Grassland","fill":"#D4B14A","text":"Create and restore wildlife-rich grassland","url":"Click HERE to view the preferred habitat in our strategy"},"geometry":{"type":"Polygon","coordinates":[[[-2.831,51.28995],[-2.83145,51.29022],[-2.83244,51.29098],[-2.83224,51.29131],[-2.83209,51.29129],[-2.83089,51.29019],[-2.831,51.28995]]]}},{"type":"Feature","properties":{"cat":"Grassland","fill":"#D4B14A","text":"Maintain existing wildlife rich grasslands for nature","url":"Click HERE to view the preferred habitat in our strategy"},"geometry":{"type":"Polygon","coordinates":[[[-2.78624,51.30718],[-2.78632,51.30718],[-2.78632,51.30742],[-2.78547,51.30744],[-2.78547,51.30721],[-2.78584,51.30719],[-2.78579,51.30706],[-2.7857,51.30701],[-2.78598,51.30698],[-2.78624,51.30718]],[[-2.7859,51.30732],[-2.78601,51.30732],[-2.78604,51.30738],[-2.7863,51.30737],[-2.7863,51.30732],[-2.78613,51.30732],[-2.78613,51.30723],[-2.7859,51.30723],[-2.7859,51.30732]]]}},{"type":"Feature","properties":{"cat":"Grassland","fill":"#D4B14A","text":"Maintain existing wildlife rich grasslands for nature","url":"Click HERE to view the preferred habitat in our strategy"},"geometry":{"type":"Polygon","coordinates":[[[-2.78914,51.2841],[-2.78907,51.28408],[-2.78855,51.28412],[-2.78767,51.28412],[-2.78767,51.28405],[-2.7885,51.28407],[-2.78912,51.28402],[-2.78914,51.2841]]]}},{"type":"Feature","properties":{"cat":"Grassland","fill":"#D4B14A","text":"Maintain existing wildlife rich grasslands for nature","url":"Click HERE to view the preferred habitat in our strategy"},"geometry":{"type":"Polygon","coordinates":[[[-2.85294,51.29948],[-2.85317,51.29946],[-2.85405,51.29964],[-2.85315,51.29948],[-2.85294,51.29948]]]}},{"type":"Feature","properties":{"cat":"Grassland","fill":"#D4B14A","text":"Create and restore wildlife-rich grassland","url":"Click HERE to view the preferred habitat in our strategy"},"geometry":{"type":"Polygon","coordinates":[[[-2.80488,51.32065],[-2.80485,51.3207],[-2.80481,51.3207],[-2.80442,51.32059],[-2.8042,51.32037],[-2.8041,51.32032],[-2.80455,51.32029],[-2.80488,51.32065]]]}},{"type":"Feature","properties":{"cat":"Grassland","fill":"#D4B14A","text":"Maintain existing wildlife rich grasslands for nature","url":"Click HERE to view the preferred habitat in our strategy"},"geometry":{"type":"Polygon","coordinates":[[[-2.78553,51.3075],[-2.78547,51.3075],[-2.78547,51.30744],[-2.78648,51.30742],[-2.78656,51.30774],[-2.78638,51.30775],[-2.78638,51.30772],[-2.78634,51.30772],[-2.78634,51.30775],[-2.78554,51.30778],[-2.78553,51.3075]]]}},{"type":"Feature","properties":{"cat":"Grassland","fill":"#D4B14A","text":"Create and restore wildlife-rich grassland","url":"Click HERE to view the preferred habitat in our strategy"},"geometry":{"type":"Polygon","coordinates":[[[-2.84019,51.2898],[-2.84015,51.2898],[-2.84007,51.28917],[-2.8405,51.28915],[-2.84056,51.28973],[-2.84039,51.28974],[-2.84039,51.28977],[-2.84042,51.2898],[-2.84057,51.28981],[-2.8405,51.28983],[-2.84019,51.2898]]]}},{"type":"Feature","properties":{"cat":"Grassland","fill":"#D4B14A","text":"Create and restore wildlife-rich grassland","url":"Click HERE to view the preferred habitat in our strategy"},"geometry":{"type":"Polygon","coordinates":[[[-2.84057,51.28979],[-2.84048,51.28901],[-2.84119,51.28904],[-2.84122,51.28981],[-2.84077,51.28979],[-2.84076,51.28982],[-2.84057,51.28979]]]}},{"type":"Feature","properties":{"cat":"Grassland","fill":"#D4B14A","text":"Create and restore wildlife-rich grassland","url":"Click HERE to view the preferred habitat in our strategy"},"geometry":{"type":"Polygon","coordinates":[[[-2.77434,51.28845],[-2.77432,51.28855],[-2.77396,51.2887],[-2.77371,51.28876],[-2.77367,51.2887],[-2.77327,51.28851],[-2.77326,51.28854],[-2.77313,51.28853],[-2.77309,51.28801],[-2.77344,51.28811],[-2.77391,51.28809],[-2.77418,51.28827],[-2.77434,51.28845]]]}},{"type":"Feature","properties":{"cat":"Grassland","fill":"#D4B14A","text":"Maintain existing wildlife rich grasslands for nature","url":"Click HERE to view the preferred habitat in our strategy"},"geometry":{"type":"Polygon","coordinates":[[[-2.78905,51.28435],[-2.78906,51.28438],[-2.78896,51.28439],[-2.78896,51.28436],[-2.78905,51.28435]]]}},{"type":"Feature","properties":{"cat":"Grassland","fill":"#D4B14A","text":"Create and restore wildlife-rich grassland","url":"Click HERE to view the preferred habitat in our strategy"},"geometry":{"type":"Polygon","coordinates":[[[-2.78742,51.28956],[-2.78731,51.28957],[-2.78736,51.28945],[-2.78735,51.28939],[-2.78726,51.28932],[-2.78716,51.28926],[-2.78691,51.28922],[-2.78672,51.28886],[-2.78797,51.28879],[-2.78801,51.28897],[-2.78834,51.28902],[-2.78823,51.28903],[-2.78817,51.28909],[-2.78825,51.28953],[-2.78822,51.2897],[-2.78799,51.28972],[-2.78794,51.28968],[-2.78742,51.28956]],[[-2.78816,51.28904],[-2.78809,51.28904],[-2.7881,51.28908],[-2.78817,51.28907],[-2.78816,51.28904]]]}},{"type":"Feature","properties":{"cat":"Grassland","fill":"#D4B14A","text":"Create and restore wildlife-rich grassland","url":"Click HERE to view the preferred habitat in our strategy"},"geometry":{"type":"Polygon","coordinates":[[[-2.84468,51.28991],[-2.84483,51.28998],[-2.845,51.28983],[-2.84452,51.28963],[-2.84436,51.28978],[-2.84463,51.28989],[-2.84451,51.28999],[-2.84423,51.28979],[-2.84441,51.28955],[-2.84442,51.28958],[-2.84457,51.28961],[-2.84461,51.28957],[-2.84491,51.28968],[-2.84488,51.28973],[-2.84496,51.28976],[-2.84521,51.28978],[-2.84479,51.29048],[-2.84424,51.29041],[-2.84432,51.29022],[-2.84468,51.28991]]]}},{"type":"Feature","properties":{"cat":"Grassland","fill":"#D4B14A","text":"Create and restore wildlife-rich grassland","url":"Click HERE to view the preferred habitat in our strategy"},"geometry":{"type":"Polygon","coordinates":[[[-2.80681,51.28979],[-2.80655,51.28887],[-2.80684,51.28883],[-2.80723,51.29029],[-2.80695,51.29027],[-2.80681,51.28979]]]}},{"type":"Feature","properties":{"cat":"Grassland","fill":"#D4B14A","text":"Create and restore wildlife-rich grassland","url":"Click HERE to view the preferred habitat in our strategy"},"geometry":{"type":"Polygon","coordinates":[[[-2.84415,51.29039],[-2.84477,51.29048],[-2.84466,51.29066],[-2.84409,51.29053],[-2.84415,51.29039]]]}},{"type":"Feature","properties":{"cat":"Grassland","fill":"#D4B14A","text":"Create and restore wildlife-rich grassland","url":"Click HERE to view the preferred habitat in our strategy"},"geometry":{"type":"Polygon","coordinates":[[[-2.83694,51.28935],[-2.83701,51.28969],[-2.83639,51.2897],[-2.83627,51.28946],[-2.83634,51.28942],[-2.83695,51.28931],[-2.83694,51.28935]]]}},{"type":"Feature","properties":{"cat":"Grassland","fill":"#D4B14A","text":"Create and restore wildlife-rich grassland","url":"Click HERE to view the preferred habitat in our strategy"},"geometry":{"type":"Polygon","coordinates":[[[-2.83083,51.28987],[-2.83088,51.28989],[-2.83083,51.28999],[-2.83097,51.29003],[-2.83043,51.29117],[-2.83008,51.29103],[-2.83064,51.28981],[-2.83083,51.28987]]]}},{"type":"Feature","properties":{"cat":"Grassland","fill":"#D4B14A","text":"Create and restore wildlife-rich grassland","url":"Click HERE to view the preferred habitat in our strategy"},"geometry":{"type":"Polygon","coordinates":[[[-2.8436,51.28971],[-2.84423,51.28979],[-2.84451,51.28999],[-2.84422,51.29026],[-2.84418,51.2904],[-2.84348,51.29028],[-2.8436,51.28971]]]}},{"type":"Feature","properties":{"cat":"Grassland","fill":"#D4B14A","text":"Create and restore wildlife-rich grassland","url":"Click HERE to view the preferred habitat in our strategy"},"geometry":{"type":"Polygon","coordinates":[[[-2.82862,51.28913],[-2.82911,51.28926],[-2.8291,51.28933],[-2.82926,51.28938],[-2.82869,51.29054],[-2.8282,51.2902],[-2.82795,51.29012],[-2.828,51.29001],[-2.82817,51.29012],[-2.8282,51.29008],[-2.82831,51.28984],[-2.82852,51.28915],[-2.82856,51.28912],[-2.82862,51.28913]]]}},{"type":"Feature","properties":{"cat":"Grassland","fill":"#D4B14A","text":"Create and restore wildlife-rich grassland","url":"Click HERE to view the preferred habitat in our strategy"},"geometry":{"type":"Polygon","coordinates":[[[-2.83461,51.29005],[-2.83504,51.29026],[-2.83477,51.29062],[-2.83433,51.29048],[-2.83461,51.29005]]]}},{"type":"Feature","properties":{"cat":"Grassland","fill":"#D4B14A","text":"Create and restore wildlife-rich grassland","url":"Click HERE to view the preferred habitat in our strategy"},"geometry":{"type":"Polygon","coordinates":[[[-2.84477,51.29048],[-2.84494,51.29051],[-2.84477,51.29111],[-2.84457,51.29153],[-2.84442,51.29174],[-2.84433,51.29183],[-2.8443,51.29182],[-2.8439,51.29157],[-2.84474,51.29056],[-2.84477,51.29048]]]}},{"type":"Feature","properties":{"cat":"Grassland","fill":"#D4B14A","text":"Create and restore wildlife-rich grassland","url":"Click HERE to view the preferred habitat in our strategy"},"geometry":{"type":"Polygon","coordinates":[[[-2.82959,51.28948],[-2.82897,51.29076],[-2.82869,51.29054],[-2.82926,51.28938],[-2.82959,51.28948]]]}},{"type":"Feature","properties":{"cat":"Grassland","fill":"#D4B14A","text":"Create and restore wildlife-rich grassland","url":"Click HERE to view the preferred habitat in our strategy"},"geometry":{"type":"Polygon","coordinates":[[[-2.78002,51.28616],[-2.78016,51.28658],[-2.77883,51.28678],[-2.77881,51.28667],[-2.7789,51.28662],[-2.77894,51.28633],[-2.78002,51.28616]]]}},{"type":"Feature","properties":{"cat":"Grassland","fill":"#D4B14A","text":"Create and restore wildlife-rich grassland","url":"Click HERE to view the preferred habitat in our strategy"},"geometry":{"type":"Polygon","coordinates":[[[-2.82994,51.28959],[-2.82935,51.29082],[-2.829,51.29075],[-2.82959,51.28948],[-2.82994,51.28959]]]}},{"type":"Feature","properties":{"cat":"Grassland","fill":"#D4B14A","text":"Maintain existing wildlife rich grasslands for nature","url":"Click HERE to view the preferred habitat in our strategy"},"geometry":{"type":"Polygon","coordinates":[[[-2.78917,51.2842],[-2.78918,51.28426],[-2.78912,51.28427],[-2.78911,51.28421],[-2.78901,51.28421],[-2.78901,51.28417],[-2.78916,51.28416],[-2.78917,51.2842]]]}},{"type":"Feature","properties":{"cat":"Grassland","fill":"#D4B14A","text":"Maintain existing wildlife rich grasslands for nature","url":"Click HERE to view the preferred habitat in our strategy"},"geometry":{"type":"Polygon","coordinates":[[[-2.78867,51.28428],[-2.78858,51.28428],[-2.78856,51.2842],[-2.78865,51.28419],[-2.78867,51.28428]]]}},{"type":"Feature","properties":{"cat":"Grassland","fill":"#D4B14A","text":"Maintain existing wildlife rich grasslands for nature","url":"Click HERE to view the preferred habitat in our strategy"},"geometry":{"type":"Polygon","coordinates":[[[-2.78861,51.28463],[-2.78858,51.28457],[-2.78879,51.28455],[-2.78875,51.28458],[-2.78877,51.28468],[-2.78869,51.28469],[-2.78867,51.28462],[-2.78861,51.28463]]]}},{"type":"Feature","properties":{"cat":"Grassland","fill":"#D4B14A","text":"Maintain existing wildlife rich grasslands for nature","url":"Click HERE to view the preferred habitat in our strategy"},"geometry":{"type":"Polygon","coordinates":[[[-2.78869,51.28469],[-2.78877,51.28468],[-2.78878,51.28473],[-2.78863,51.28474],[-2.78861,51.28463],[-2.78867,51.28462],[-2.78869,51.28469]]]}},{"type":"Feature","properties":{"cat":"Grassland","fill":"#D4B14A","text":"Maintain existing wildlife rich grasslands for nature","url":"Click HERE to view the preferred habitat in our strategy"},"geometry":{"type":"Polygon","coordinates":[[[-2.78946,51.28428],[-2.78941,51.28428],[-2.7894,51.28423],[-2.78945,51.28422],[-2.78946,51.28428]]]}},{"type":"Feature","properties":{"cat":"Grassland","fill":"#D4B14A","text":"Maintain existing wildlife rich grasslands for nature","url":"Click HERE to view the preferred habitat in our strategy"},"geometry":{"type":"Polygon","coordinates":[[[-2.78916,51.28458],[-2.7891,51.28459],[-2.78912,51.28465],[-2.78903,51.28466],[-2.78901,51.28456],[-2.78896,51.28457],[-2.78896,51.28454],[-2.78915,51.28452],[-2.78916,51.28458]]]}},{"type":"Feature","properties":{"cat":"Grassland","fill":"#D4B14A","text":"Maintain existing wildlife rich grasslands for nature","url":"Click HERE to view the preferred habitat in our strategy"},"geometry":{"type":"Polygon","coordinates":[[[-2.75931,51.30452],[-2.75883,51.30681],[-2.75702,51.30771],[-2.7566,51.30793],[-2.75656,51.30799],[-2.75649,51.30798],[-2.75653,51.30791],[-2.7588,51.30679],[-2.75926,51.30452],[-2.75931,51.30452]]]}},{"type":"Feature","properties":{"cat":"Grassland","fill":"#D4B14A","text":"Maintain existing wildlife rich grasslands for nature","url":"Click HERE to view the preferred habitat in our strategy"},"geometry":{"type":"Polygon","coordinates":[[[-2.76387,51.30882],[-2.75899,51.30827],[-2.75915,51.30796],[-2.75953,51.30741],[-2.76099,51.30556],[-2.76106,51.30559],[-2.76103,51.30561],[-2.76147,51.30596],[-2.76154,51.30598],[-2.76161,51.30595],[-2.76189,51.30617],[-2.76239,51.30599],[-2.76251,51.30598],[-2.76331,51.30631],[-2.76453,51.30666],[-2.76594,51.30715],[-2.76641,51.30736],[-2.7669,51.30748],[-2.76685,51.30754],[-2.76651,51.30743],[-2.766,51.3072],[-2.7643,51.30887],[-2.76387,51.30882]]]}},{"type":"Feature","properties":{"cat":"Grassland","fill":"#D4B14A","text":"Maintain existing wildlife rich grasslands for nature","url":"Click HERE to view the preferred habitat in our strategy"},"geometry":{"type":"Polygon","coordinates":[[[-2.78272,51.30957],[-2.78267,51.3096],[-2.78203,51.30962],[-2.78174,51.30737],[-2.78256,51.30742],[-2.78287,51.30758],[-2.7829,51.30755],[-2.78383,51.30792],[-2.78408,51.30799],[-2.78438,51.30916],[-2.78453,51.30963],[-2.78362,51.30967],[-2.78303,51.30966],[-2.78304,51.30957],[-2.78272,51.30957]]]}},{"type":"Feature","properties":{"cat":"Grassland","fill":"#D4B14A","text":"Maintain existing wildlife rich grasslands for nature","url":"Click HERE to view the preferred habitat in our strategy"},"geometry":{"type":"Polygon","coordinates":[[[-2.78918,51.28454],[-2.78923,51.28468],[-2.7891,51.28473],[-2.78922,51.28468],[-2.78918,51.28465],[-2.78916,51.28458],[-2.78918,51.28454]]]}},{"type":"Feature","properties":{"cat":"Grassland","fill":"#D4B14A","text":"Maintain existing wildlife rich grasslands for nature","url":"Click HERE to view the preferred habitat in our strategy"},"geometry":{"type":"Polygon","coordinates":[[[-2.76169,51.30601],[-2.76161,51.30595],[-2.76154,51.30598],[-2.76147,51.30596],[-2.76103,51.30561],[-2.76106,51.30559],[-2.76099,51.30556],[-2.76114,51.30542],[-2.76132,51.30536],[-2.76139,51.30542],[-2.76134,51.30539],[-2.76127,51.30542],[-2.76123,51.30539],[-2.76115,51.30543],[-2.76136,51.30559],[-2.76118,51.30567],[-2.76146,51.30592],[-2.76175,51.30579],[-2.76157,51.30564],[-2.76166,51.30565],[-2.76176,51.30578],[-2.76191,51.30588],[-2.76217,51.30595],[-2.76251,51.30598],[-2.76239,51.30599],[-2.76189,51.30617],[-2.76169,51.30601]],[[-2.76205,51.30592],[-2.76196,51.30596],[-2.76181,51.30583],[-2.76164,51.30591],[-2.76189,51.30612],[-2.76214,51.306],[-2.76205,51.30592]]]}},{"type":"Feature","properties":{"cat":"Grassland","fill":"#D4B14A","text":"Create and restore wildlife-rich grassland","url":"Click HERE to view the preferred habitat in our strategy"},"geometry":{"type":"Polygon","coordinates":[[[-2.78699,51.28804],[-2.78742,51.28814],[-2.78729,51.28835],[-2.78726,51.28854],[-2.79002,51.28831],[-2.79002,51.28838],[-2.78954,51.28843],[-2.78954,51.28869],[-2.78672,51.28886],[-2.78666,51.28876],[-2.78664,51.28863],[-2.78699,51.28804]]]}},{"type":"Feature","properties":{"cat":"Grassland","fill":"#D4B14A","text":"Maintain existing wildlife rich grasslands for nature","url":"Click HERE to view the preferred habitat in our strategy"},"geometry":{"type":"Polygon","coordinates":[[[-2.78884,51.28418],[-2.7887,51.2842],[-2.78869,51.28413],[-2.78882,51.28412],[-2.78884,51.28418]]]}},{"type":"Feature","properties":{"cat":"Grassland","fill":"#D4B14A","text":"Create and restore wildlife-rich grassland","url":"Click HERE to view the preferred habitat in our strategy"},"geometry":{"type":"Polygon","coordinates":[[[-2.83131,51.28959],[-2.83137,51.28943],[-2.83267,51.28958],[-2.83239,51.28979],[-2.83277,51.29005],[-2.83239,51.29027],[-2.83277,51.29052],[-2.83274,51.29055],[-2.83131,51.28959]]]}},{"type":"Feature","properties":{"cat":"Grassland","fill":"#D4B14A","text":"Maintain existing wildlife rich grasslands for nature","url":"Click HERE to view the preferred habitat in our strategy"},"geometry":{"type":"Polygon","coordinates":[[[-2.78971,51.28465],[-2.78953,51.28467],[-2.78951,51.28456],[-2.78955,51.28455],[-2.78954,51.28449],[-2.78949,51.2845],[-2.78949,51.28447],[-2.78967,51.28445],[-2.78971,51.28465]],[[-2.78955,51.28456],[-2.78957,51.28465],[-2.78969,51.28464],[-2.78968,51.28455],[-2.78955,51.28456]]]}},{"type":"Feature","properties":{"cat":"Grassland","fill":"#D4B14A","text":"Create and restore wildlife-rich grassland","url":"Click HERE to view the preferred habitat in our strategy"},"geometry":{"type":"Polygon","coordinates":[[[-2.84505,51.29005],[-2.84508,51.29],[-2.8453,51.29006],[-2.84543,51.28985],[-2.84573,51.28992],[-2.8455,51.29044],[-2.84537,51.29057],[-2.84479,51.29048],[-2.84505,51.29005]]]}},{"type":"Feature","properties":{"cat":"Grassland","fill":"#D4B14A","text":"Create and restore wildlife-rich grassland","url":"Click HERE to view the preferred habitat in our strategy"},"geometry":{"type":"Polygon","coordinates":[[[-2.80908,51.28491],[-2.80907,51.28503],[-2.80809,51.28522],[-2.80821,51.28499],[-2.80844,51.28499],[-2.80906,51.28484],[-2.80908,51.28491]]]}},{"type":"Feature","properties":{"cat":"Grassland","fill":"#D4B14A","text":"Maintain existing wildlife rich grasslands for nature","url":"Click HERE to view the preferred habitat in our strategy"},"geometry":{"type":"Polygon","coordinates":[[[-2.78984,51.28464],[-2.78984,51.28465],[-2.78984,51.28466],[-2.78957,51.28468],[-2.78957,51.28467],[-2.78971,51.28465],[-2.78983,51.28464],[-2.78984,51.28464]]]}},{"type":"Feature","properties":{"cat":"Grassland","fill":"#D4B14A","text":"Maintain existing wildlife rich grasslands for nature","url":"Click HERE to view the preferred habitat in our strategy"},"geometry":{"type":"Polygon","coordinates":[[[-2.78634,51.30775],[-2.78634,51.30772],[-2.78638,51.30772],[-2.78638,51.30775],[-2.78634,51.30775]]]}},{"type":"Feature","properties":{"cat":"Grassland","fill":"#D4B14A","text":"Maintain existing wildlife rich grasslands for nature","url":"Click HERE to view the preferred habitat in our strategy"},"geometry":{"type":"Polygon","coordinates":[[[-2.78918,51.28465],[-2.78919,51.28469],[-2.78904,51.2847],[-2.78903,51.28466],[-2.78912,51.28465],[-2.7891,51.28459],[-2.78916,51.28458],[-2.78918,51.28465]]]}},{"type":"Feature","properties":{"cat":"Grassland","fill":"#D4B14A","text":"Create and restore wildlife-rich grassland","url":"Click HERE to view the preferred habitat in our strategy"},"geometry":{"type":"Polygon","coordinates":[[[-2.76553,51.29568],[-2.76516,51.29574],[-2.76453,51.2956],[-2.76326,51.29576],[-2.76271,51.29437],[-2.76245,51.29352],[-2.76238,51.29342],[-2.76215,51.29273],[-2.76385,51.29224],[-2.76598,51.29341],[-2.76629,51.29381],[-2.76753,51.29559],[-2.76778,51.29626],[-2.76776,51.29631],[-2.76553,51.29568]]]}},{"type":"Feature","properties":{"cat":"Grassland","fill":"#D4B14A","text":"Create and restore wildlife-rich grassland","url":"Click HERE to view the preferred habitat in our strategy"},"geometry":{"type":"Polygon","coordinates":[[[-2.84409,51.29053],[-2.84466,51.29066],[-2.84392,51.29153],[-2.8437,51.29141],[-2.84409,51.29053]]]}},{"type":"Feature","properties":{"cat":"Grassland","fill":"#D4B14A","text":"Maintain existing wildlife rich grasslands for nature","url":"Click HERE to view the preferred habitat in our strategy"},"geometry":{"type":"Polygon","coordinates":[[[-2.74714,51.27886],[-2.74678,51.27908],[-2.74663,51.27889],[-2.7464,51.27884],[-2.74591,51.27897],[-2.74563,51.27914],[-2.74523,51.27881],[-2.74707,51.27881],[-2.74714,51.27886]]]}},{"type":"Feature","properties":{"cat":"Grassland","fill":"#D4B14A","text":"Maintain existing wildlife rich grasslands for nature","url":"Click HERE to view the preferred habitat in our strategy"},"geometry":{"type":"Polygon","coordinates":[[[-2.8035,51.31557],[-2.80235,51.31561],[-2.80198,51.31559],[-2.8018,51.31562],[-2.80165,51.31571],[-2.80156,51.31554],[-2.80155,51.31536],[-2.80158,51.31532],[-2.80188,51.31533],[-2.80278,51.31542],[-2.80352,51.31553],[-2.8035,51.31557]]]}},{"type":"Feature","properties":{"cat":"Grassland","fill":"#D4B14A","text":"Maintain existing wildlife rich grasslands for nature","url":"Click HERE to view the preferred habitat in our strategy"},"geometry":{"type":"Polygon","coordinates":[[[-2.78867,51.2843],[-2.78869,51.28436],[-2.78873,51.28435],[-2.78874,51.28439],[-2.78859,51.2844],[-2.78857,51.28429],[-2.78867,51.28428],[-2.78865,51.28419],[-2.78856,51.2842],[-2.78855,51.28414],[-2.78869,51.28413],[-2.78872,51.28429],[-2.78867,51.2843]]]}},{"type":"Feature","properties":{"cat":"Grassland","fill":"#D4B14A","text":"Maintain existing wildlife rich grasslands for nature","url":"Click HERE to view the preferred habitat in our strategy"},"geometry":{"type":"Polygon","coordinates":[[[-2.74716,51.27881],[-2.74712,51.27884],[-2.74707,51.27881],[-2.74716,51.27881]]]}},{"type":"Feature","properties":{"cat":"Grassland","fill":"#D4B14A","text":"Maintain existing wildlife rich grasslands for nature","url":"Click HERE to view the preferred habitat in our strategy"},"geometry":{"type":"Polygon","coordinates":[[[-2.80655,51.31323],[-2.80653,51.31309],[-2.80642,51.31279],[-2.80663,51.31275],[-2.80654,51.3124],[-2.80645,51.31231],[-2.80621,51.31224],[-2.80641,51.31223],[-2.80682,51.31237],[-2.80674,51.31246],[-2.80673,51.31255],[-2.80704,51.31285],[-2.80722,51.31326],[-2.80723,51.31333],[-2.80716,51.31338],[-2.80655,51.31323]]]}},{"type":"Feature","properties":{"cat":"Grassland","fill":"#D4B14A","text":"Maintain existing wildlife rich grasslands for nature","url":"Click HERE to view the preferred habitat in our strategy"},"geometry":{"type":"Polygon","coordinates":[[[-2.81873,51.32509],[-2.81855,51.32507],[-2.8185,51.32495],[-2.81851,51.3249],[-2.81855,51.32484],[-2.81867,51.32477],[-2.81885,51.32475],[-2.81882,51.32507],[-2.81873,51.32509]]]}},{"type":"Feature","properties":{"cat":"Grassland","fill":"#D4B14A","text":"Create and restore wildlife-rich grassland","url":"Click HERE to view the preferred habitat in our strategy"},"geometry":{"type":"Polygon","coordinates":[[[-2.80681,51.28979],[-2.80695,51.29027],[-2.80661,51.29026],[-2.80647,51.28973],[-2.80664,51.28971],[-2.80662,51.28963],[-2.80676,51.28961],[-2.80681,51.28979]]]}},{"type":"Feature","properties":{"cat":"Grassland","fill":"#D4B14A","text":"Maintain existing wildlife rich grasslands for nature","url":"Click HERE to view the preferred habitat in our strategy"},"geometry":{"type":"Polygon","coordinates":[[[-2.7839,51.3072],[-2.78389,51.30718],[-2.78399,51.30718],[-2.7839,51.3072]]]}},{"type":"Feature","properties":{"cat":"Grassland","fill":"#D4B14A","text":"Maintain existing wildlife rich grasslands for nature","url":"Click HERE to view the preferred habitat in our strategy"},"geometry":{"type":"Polygon","coordinates":[[[-2.79997,51.31685],[-2.80002,51.31678],[-2.79995,51.31675],[-2.80005,51.31657],[-2.80011,51.31637],[-2.80014,51.31566],[-2.80137,51.31563],[-2.80151,51.31563],[-2.80156,51.31566],[-2.8016,51.31631],[-2.80151,51.3164],[-2.80143,51.31643],[-2.80147,51.31645],[-2.80129,51.31644],[-2.80082,51.31689],[-2.80063,51.31685],[-2.8004,51.31705],[-2.79997,51.31685]]]}},{"type":"Feature","properties":{"cat":"Grassland","fill":"#D4B14A","text":"Maintain existing wildlife rich grasslands for nature","url":"Click HERE to view the preferred habitat in our strategy"},"geometry":{"type":"Polygon","coordinates":[[[-2.76868,51.28689],[-2.76818,51.2865],[-2.76903,51.28581],[-2.76925,51.28607],[-2.76931,51.28621],[-2.76934,51.2863],[-2.76931,51.28655],[-2.76889,51.28705],[-2.76868,51.28689]]]}},{"type":"Feature","properties":{"cat":"Grassland","fill":"#D4B14A","text":"Maintain existing wildlife rich grasslands for nature","url":"Click HERE to view the preferred habitat in our strategy"},"geometry":{"type":"Polygon","coordinates":[[[-2.80736,51.2978],[-2.80908,51.2977],[-2.80934,51.29765],[-2.80943,51.29759],[-2.80944,51.29769],[-2.81023,51.29765],[-2.81021,51.29748],[-2.8103,51.29747],[-2.8105,51.29746],[-2.81052,51.29764],[-2.80736,51.2978]]]}},{"type":"Feature","properties":{"cat":"Grassland","fill":"#D4B14A","text":"Maintain existing wildlife rich grasslands for nature","url":"Click HERE to view the preferred habitat in our strategy"},"geometry":{"type":"Polygon","coordinates":[[[-2.76589,51.30607],[-2.76564,51.30585],[-2.76544,51.30574],[-2.76499,51.30541],[-2.76457,51.30505],[-2.76401,51.30472],[-2.76467,51.30422],[-2.76697,51.30519],[-2.76978,51.30546],[-2.76974,51.30611],[-2.76914,51.30606],[-2.76913,51.30637],[-2.76786,51.30638],[-2.76749,51.30632],[-2.76711,51.30635],[-2.76606,51.30613],[-2.76589,51.30607]]]}},{"type":"Feature","properties":{"cat":"Grassland","fill":"#D4B14A","text":"Maintain existing wildlife rich grasslands for nature","url":"Click HERE to view the preferred habitat in our strategy"},"geometry":{"type":"Polygon","coordinates":[[[-2.81543,51.32671],[-2.81527,51.32665],[-2.81515,51.32654],[-2.81498,51.32623],[-2.81482,51.32604],[-2.81432,51.32578],[-2.81424,51.32567],[-2.81423,51.32556],[-2.81418,51.32551],[-2.8146,51.32529],[-2.81483,51.32522],[-2.81607,51.32464],[-2.8174,51.32431],[-2.81772,51.32428],[-2.81779,51.32471],[-2.81796,51.32524],[-2.81851,51.32638],[-2.81818,51.3263],[-2.81789,51.3263],[-2.81752,51.32642],[-2.81735,51.32643],[-2.81722,51.3265],[-2.81543,51.32671]]]}},{"type":"Feature","properties":{"cat":"Grassland","fill":"#D4B14A","text":"Maintain existing wildlife rich grasslands for nature","url":"Click HERE to view the preferred habitat in our strategy"},"geometry":{"type":"Polygon","coordinates":[[[-2.74744,51.28166],[-2.7489,51.28041],[-2.75066,51.28171],[-2.75125,51.28131],[-2.75139,51.28144],[-2.75161,51.28151],[-2.75183,51.28153],[-2.75221,51.2815],[-2.75227,51.28155],[-2.75227,51.28159],[-2.75216,51.28169],[-2.75206,51.28173],[-2.75202,51.2818],[-2.75218,51.2819],[-2.75227,51.28206],[-2.75248,51.28225],[-2.75261,51.28231],[-2.75275,51.28246],[-2.75038,51.28408],[-2.74922,51.28295],[-2.74744,51.28166]],[[-2.74853,51.28084],[-2.74834,51.28102],[-2.74848,51.28108],[-2.74867,51.2809],[-2.74853,51.28084]]]}},{"type":"Feature","properties":{"cat":"Grassland","fill":"#D4B14A","text":"Maintain existing wildlife rich grasslands for nature","url":"Click HERE to view the preferred habitat in our strategy"},"geometry":{"type":"Polygon","coordinates":[[[-2.85294,51.29949],[-2.85181,51.29956],[-2.84978,51.29969],[-2.84978,51.29969],[-2.85,51.29968],[-2.85125,51.29959],[-2.85251,51.2995],[-2.85266,51.29949],[-2.85294,51.29948],[-2.85294,51.29949]]]}},{"type":"Feature","properties":{"cat":"Grassland","fill":"#D4B14A","text":"Maintain existing wildlife rich grasslands for nature","url":"Click HERE to view the preferred habitat in our strategy"},"geometry":{"type":"Polygon","coordinates":[[[-2.8053,51.31161],[-2.80636,51.31176],[-2.80704,51.31194],[-2.80719,51.31206],[-2.80745,51.31239],[-2.80723,51.31217],[-2.80684,51.31196],[-2.80642,51.31183],[-2.80556,51.31169],[-2.80518,51.3117],[-2.80508,51.31173],[-2.80507,51.3117],[-2.8053,51.31161]]]}},{"type":"Feature","properties":{"cat":"Grassland","fill":"#D4B14A","text":"Maintain existing wildlife rich grasslands for nature","url":"Click HERE to view the preferred habitat in our strategy"},"geometry":{"type":"Polygon","coordinates":[[[-2.80723,51.31416],[-2.80725,51.31421],[-2.80708,51.31423],[-2.80711,51.31435],[-2.8073,51.31435],[-2.80738,51.3145],[-2.80661,51.31465],[-2.80674,51.31478],[-2.80666,51.31479],[-2.80667,51.31509],[-2.80549,51.31534],[-2.80537,51.31534],[-2.80512,51.31517],[-2.80499,51.3149],[-2.80497,51.31482],[-2.80554,51.31473],[-2.80677,51.31444],[-2.80656,51.31425],[-2.80658,51.31424],[-2.80721,51.31412],[-2.80723,51.31416]],[[-2.80621,51.31489],[-2.80627,51.3149],[-2.80627,51.31487],[-2.80622,51.31486],[-2.80621,51.31489]]]}},{"type":"Feature","properties":{"cat":"Grassland","fill":"#D4B14A","text":"Maintain existing wildlife rich grasslands for nature","url":"Click HERE to view the preferred habitat in our strategy"},"geometry":{"type":"Polygon","coordinates":[[[-2.76975,51.306],[-2.76978,51.30546],[-2.76986,51.30543],[-2.76988,51.30536],[-2.77008,51.30436],[-2.77019,51.30437],[-2.77231,51.30467],[-2.77297,51.30483],[-2.77298,51.30488],[-2.77288,51.30504],[-2.77386,51.30551],[-2.77463,51.30596],[-2.7754,51.30634],[-2.77588,51.30661],[-2.77603,51.30677],[-2.77597,51.30682],[-2.77462,51.3067],[-2.77317,51.30667],[-2.77193,51.30681],[-2.77157,51.30675],[-2.77141,51.30682],[-2.77101,51.30687],[-2.77017,51.30637],[-2.76981,51.30622],[-2.76974,51.30611],[-2.76975,51.306]]]}},{"type":"Feature","properties":{"cat":"Grassland","fill":"#D4B14A","text":"Maintain existing wildlife rich grasslands for nature","url":"Click HERE to view the preferred habitat in our strategy"},"geometry":{"type":"Polygon","coordinates":[[[-2.78558,51.30872],[-2.78572,51.30957],[-2.78511,51.30959],[-2.78481,51.3082],[-2.78549,51.30819],[-2.78558,51.30872]]]}},{"type":"Feature","properties":{"cat":"Grassland","fill":"#D4B14A","text":"Maintain existing wildlife rich grasslands for nature","url":"Click HERE to view the preferred habitat in our strategy"},"geometry":{"type":"Polygon","coordinates":[[[-2.72976,51.27914],[-2.72824,51.28052],[-2.72742,51.28051],[-2.72742,51.27979],[-2.72781,51.27969],[-2.72763,51.27938],[-2.72853,51.27881],[-2.73011,51.27881],[-2.72976,51.27914]]]}},{"type":"Feature","properties":{"cat":"Grassland","fill":"#D4B14A","text":"Maintain existing wildlife rich grasslands for nature","url":"Click HERE to view the preferred habitat in our strategy"},"geometry":{"type":"Polygon","coordinates":[[[-2.78909,51.2841],[-2.78917,51.28415],[-2.7892,51.28437],[-2.78906,51.28438],[-2.78903,51.28435],[-2.78898,51.28411],[-2.78909,51.2841]],[[-2.78901,51.28417],[-2.78901,51.28421],[-2.78911,51.28421],[-2.78912,51.28427],[-2.78918,51.28426],[-2.78916,51.28416],[-2.78901,51.28417]]]}},{"type":"Feature","properties":{"cat":"Grassland","fill":"#D4B14A","text":"Maintain existing wildlife rich grasslands for nature","url":"Click HERE to view the preferred habitat in our strategy"},"geometry":{"type":"Polygon","coordinates":[[[-2.81865,51.32637],[-2.81851,51.32638],[-2.81796,51.32524],[-2.81779,51.32471],[-2.81772,51.32428],[-2.81856,51.32419],[-2.81891,51.3241],[-2.81885,51.32475],[-2.81875,51.32475],[-2.81861,51.3248],[-2.81855,51.32484],[-2.8185,51.32495],[-2.81858,51.32509],[-2.81882,51.32507],[-2.81865,51.32637]]]}},{"type":"Feature","properties":{"cat":"Grassland","fill":"#D4B14A","text":"Maintain existing wildlife rich grasslands for nature","url":"Click HERE to view the preferred habitat in our strategy"},"geometry":{"type":"Polygon","coordinates":[[[-2.78924,51.28189],[-2.78949,51.2829],[-2.78964,51.28395],[-2.78956,51.28399],[-2.78871,51.28406],[-2.78766,51.28405],[-2.78765,51.28391],[-2.7877,51.28381],[-2.78773,51.28382],[-2.78767,51.28398],[-2.7877,51.28405],[-2.7887,51.28404],[-2.78961,51.28395],[-2.78963,51.28391],[-2.78952,51.28339],[-2.78945,51.2828],[-2.78923,51.28191],[-2.78918,51.28189],[-2.78924,51.28189]]]}},{"type":"Feature","properties":{"cat":"Grassland","fill":"#D4B14A","text":"Maintain existing wildlife rich grasslands for nature","url":"Click HERE to view the preferred habitat in our strategy"},"geometry":{"type":"Polygon","coordinates":[[[-2.78955,51.28406],[-2.78967,51.2841],[-2.78972,51.28429],[-2.78932,51.28432],[-2.78927,51.28411],[-2.7893,51.28408],[-2.78955,51.28406]],[[-2.78945,51.28422],[-2.7894,51.28423],[-2.78941,51.28428],[-2.78951,51.28428],[-2.78949,51.28422],[-2.78945,51.28422]],[[-2.78947,51.28412],[-2.78949,51.28421],[-2.78959,51.2842],[-2.78957,51.28411],[-2.78947,51.28412]],[[-2.78929,51.28413],[-2.78931,51.28422],[-2.7894,51.28422],[-2.78938,51.28413],[-2.78929,51.28413]]]}},{"type":"Feature","properties":{"cat":"Grassland","fill":"#D4B14A","text":"Maintain existing wildlife rich grasslands for nature","url":"Click HERE to view the preferred habitat in our strategy"},"geometry":{"type":"Polygon","coordinates":[[[-2.78885,51.28444],[-2.78876,51.28445],[-2.78874,51.28439],[-2.78883,51.28438],[-2.78885,51.28444]]]}},{"type":"Feature","properties":{"cat":"Grassland","fill":"#D4B14A","text":"Maintain existing wildlife rich grasslands for nature","url":"Click HERE to view the preferred habitat in our strategy"},"geometry":{"type":"Polygon","coordinates":[[[-2.81198,51.3103],[-2.81198,51.31028],[-2.81199,51.31026],[-2.812,51.31023],[-2.81201,51.3102],[-2.81202,51.31017],[-2.81204,51.31014],[-2.81204,51.31012],[-2.81205,51.3101],[-2.81205,51.3101],[-2.81207,51.3101],[-2.81207,51.3101],[-2.81201,51.31027],[-2.81199,51.31031],[-2.81198,51.31032],[-2.81198,51.3103]]]}},{"type":"Feature","properties":{"cat":"Grassland","fill":"#D4B14A","text":"Maintain existing wildlife rich grasslands for nature","url":"Click HERE to view the preferred habitat in our strategy"},"geometry":{"type":"Polygon","coordinates":[[[-2.78909,51.28408],[-2.78914,51.28409],[-2.78917,51.28415],[-2.7891,51.2841],[-2.78855,51.28414],[-2.78679,51.28413],[-2.78676,51.28418],[-2.78682,51.28429],[-2.78687,51.28451],[-2.78692,51.28456],[-2.78689,51.28457],[-2.78683,51.28449],[-2.7868,51.28432],[-2.78673,51.28419],[-2.78673,51.28414],[-2.7868,51.28411],[-2.78855,51.28412],[-2.78909,51.28408]]]}},{"type":"Feature","properties":{"cat":"Grassland","fill":"#D4B14A","text":"Maintain existing wildlife rich grasslands for nature","url":"Click HERE to view the preferred habitat in our strategy"},"geometry":{"type":"Polygon","coordinates":[[[-2.78799,51.30743],[-2.78809,51.30789],[-2.788,51.30789],[-2.78792,51.30754],[-2.78776,51.30734],[-2.78797,51.30733],[-2.78799,51.30743]]]}},{"type":"Feature","properties":{"cat":"Grassland","fill":"#D4B14A","text":"Maintain existing wildlife rich grasslands for nature","url":"Click HERE to view the preferred habitat in our strategy"},"geometry":{"type":"Polygon","coordinates":[[[-2.78949,51.2845],[-2.78945,51.2845],[-2.78946,51.28456],[-2.78951,51.28456],[-2.78953,51.28467],[-2.78934,51.28467],[-2.7893,51.28448],[-2.78949,51.28447],[-2.78949,51.2845]],[[-2.78937,51.28458],[-2.78939,51.28467],[-2.78948,51.28466],[-2.78946,51.28457],[-2.78937,51.28458]]]}},{"type":"Feature","properties":{"cat":"Grassland","fill":"#D4B14A","text":"Maintain existing wildlife rich grasslands for nature","url":"Click HERE to view the preferred habitat in our strategy"},"geometry":{"type":"Polygon","coordinates":[[[-2.78898,51.28252],[-2.78931,51.28282],[-2.78945,51.28282],[-2.78952,51.28339],[-2.78963,51.28391],[-2.78961,51.28395],[-2.7887,51.28404],[-2.7877,51.28405],[-2.78767,51.28398],[-2.78773,51.28382],[-2.78763,51.28379],[-2.78764,51.28373],[-2.78758,51.28357],[-2.78756,51.28358],[-2.78761,51.28375],[-2.78678,51.28386],[-2.7867,51.28333],[-2.78725,51.28326],[-2.78737,51.28321],[-2.78767,51.28299],[-2.78782,51.28311],[-2.78802,51.28317],[-2.78793,51.28342],[-2.78784,51.28349],[-2.78783,51.28365],[-2.78799,51.28388],[-2.78813,51.28402],[-2.78818,51.28401],[-2.78797,51.28379],[-2.78788,51.28365],[-2.78792,51.28348],[-2.788,51.28337],[-2.78804,51.28323],[-2.78824,51.28302],[-2.78898,51.28252]]]}},{"type":"Feature","properties":{"cat":"Grassland","fill":"#D4B14A","text":"Maintain existing wildlife rich grasslands for nature","url":"Click HERE to view the preferred habitat in our strategy"},"geometry":{"type":"Polygon","coordinates":[[[-2.80162,51.28964],[-2.80171,51.28965],[-2.80178,51.28983],[-2.80203,51.29027],[-2.80264,51.29109],[-2.80227,51.29113],[-2.80216,51.29108],[-2.80203,51.29096],[-2.80171,51.29048],[-2.80154,51.29028],[-2.80142,51.29003],[-2.80137,51.28974],[-2.80146,51.28966],[-2.80162,51.28964]]]}},{"type":"Feature","properties":{"cat":"Grassland","fill":"#D4B14A","text":"Maintain existing wildlife rich grasslands for nature","url":"Click HERE to view the preferred habitat in our strategy"},"geometry":{"type":"Polygon","coordinates":[[[-2.78901,51.30782],[-2.78942,51.30945],[-2.78892,51.3095],[-2.78785,51.30949],[-2.787,51.30955],[-2.78661,51.30797],[-2.78901,51.30782]],[[-2.7878,51.30946],[-2.78792,51.30946],[-2.78798,51.30942],[-2.78788,51.30938],[-2.78781,51.3094],[-2.78778,51.30943],[-2.7878,51.30946]]]}},{"type":"Feature","properties":{"cat":"Grassland","fill":"#D4B14A","text":"Maintain existing wildlife rich grasslands for nature","url":"Click HERE to view the preferred habitat in our strategy"},"geometry":{"type":"Polygon","coordinates":[[[-2.78963,51.28406],[-2.78954,51.28404],[-2.78931,51.28406],[-2.78926,51.28409],[-2.78924,51.28401],[-2.78961,51.28397],[-2.78963,51.28406]]]}},{"type":"Feature","properties":{"cat":"Grassland","fill":"#D4B14A","text":"Maintain existing wildlife rich grasslands for nature","url":"Click HERE to view the preferred habitat in our strategy"},"geometry":{"type":"Polygon","coordinates":[[[-2.78925,51.28409],[-2.78924,51.28422],[-2.78928,51.28428],[-2.78931,51.28467],[-2.78936,51.2847],[-2.78954,51.28469],[-2.78955,51.28473],[-2.78914,51.28477],[-2.78913,51.28472],[-2.78923,51.28468],[-2.78918,51.28454],[-2.7892,51.28427],[-2.78917,51.28412],[-2.78914,51.2841],[-2.78925,51.28409]]]}},{"type":"Feature","properties":{"cat":"Grassland","fill":"#D4B14A","text":"Maintain existing wildlife rich grasslands for nature","url":"Click HERE to view the preferred habitat in our strategy"},"geometry":{"type":"Polygon","coordinates":[[[-2.75054,51.2794],[-2.75034,51.27922],[-2.75081,51.27881],[-2.75151,51.27881],[-2.75227,51.27921],[-2.75289,51.2794],[-2.75264,51.27964],[-2.75229,51.27934],[-2.75202,51.27935],[-2.75195,51.27942],[-2.75188,51.27962],[-2.75189,51.27975],[-2.7524,51.27987],[-2.75222,51.27997],[-2.75198,51.28003],[-2.75139,51.28026],[-2.75123,51.28023],[-2.75109,51.28006],[-2.75063,51.27982],[-2.75058,51.27949],[-2.75054,51.2794]],[[-2.75067,51.27943],[-2.75064,51.27945],[-2.75068,51.27947],[-2.75072,51.27945],[-2.75067,51.27943]]]}},{"type":"Feature","properties":{"cat":"Grassland","fill":"#D4B14A","text":"Maintain existing wildlife rich grasslands for nature","url":"Click HERE to view the preferred habitat in our strategy"},"geometry":{"type":"Polygon","coordinates":[[[-2.81849,51.32638],[-2.81851,51.32638],[-2.81851,51.32639],[-2.81849,51.32639],[-2.81849,51.32638],[-2.81849,51.32638]]]}},{"type":"Feature","properties":{"cat":"Grassland","fill":"#D4B14A","text":"Maintain existing wildlife rich grasslands for nature","url":"Click HERE to view the preferred habitat in our strategy"},"geometry":{"type":"Polygon","coordinates":[[[-2.80353,51.31552],[-2.80278,51.31542],[-2.80158,51.31532],[-2.80162,51.31527],[-2.8021,51.31525],[-2.8021,51.31521],[-2.80237,51.31522],[-2.80244,51.315],[-2.80421,51.31498],[-2.80404,51.31511],[-2.80391,51.3154],[-2.80392,51.31556],[-2.80353,51.31552]]]}},{"type":"Feature","properties":{"cat":"Grassland","fill":"#D4B14A","text":"Maintain existing wildlife rich grasslands for nature","url":"Click HERE to view the preferred habitat in our strategy"},"geometry":{"type":"Polygon","coordinates":[[[-2.81733,51.32644],[-2.81751,51.32642],[-2.81755,51.32646],[-2.8174,51.32646],[-2.81735,51.3265],[-2.81733,51.32644]]]}},{"type":"Feature","properties":{"cat":"Grassland","fill":"#D4B14A","text":"Maintain existing wildlife rich grasslands for nature","url":"Click HERE to view the preferred habitat in our strategy"},"geometry":{"type":"Polygon","coordinates":[[[-2.78959,51.2842],[-2.78949,51.28421],[-2.78947,51.28412],[-2.78957,51.28411],[-2.78959,51.2842]]]}},{"type":"Feature","properties":{"cat":"Grassland","fill":"#D4B14A","text":"Create and restore wildlife-rich grassland","url":"Click HERE to view the preferred habitat in our strategy"},"geometry":{"type":"Polygon","coordinates":[[[-2.73262,51.28034],[-2.73224,51.28056],[-2.7321,51.28058],[-2.73206,51.28055],[-2.73208,51.28046],[-2.7323,51.28013],[-2.73212,51.27973],[-2.73212,51.2796],[-2.73216,51.27951],[-2.73232,51.27961],[-2.73268,51.27967],[-2.73288,51.27975],[-2.73303,51.28017],[-2.73262,51.28034]]]}},{"type":"Feature","properties":{"cat":"Grassland","fill":"#D4B14A","text":"Create and restore wildlife-rich grassland","url":"Click HERE to view the preferred habitat in our strategy"},"geometry":{"type":"Polygon","coordinates":[[[-2.81157,51.30852],[-2.81126,51.30858],[-2.81102,51.30814],[-2.81074,51.30777],[-2.81076,51.30767],[-2.81089,51.30752],[-2.81094,51.30749],[-2.81167,51.30809],[-2.81184,51.30838],[-2.8119,51.30842],[-2.81192,51.30845],[-2.81157,51.30852]]]}},{"type":"Feature","properties":{"cat":"Grassland","fill":"#D4B14A","text":"Create and restore wildlife-rich grassland","url":"Click HERE to view the preferred habitat in our strategy"},"geometry":{"type":"Polygon","coordinates":[[[-2.77209,51.30057],[-2.77207,51.30074],[-2.77227,51.30086],[-2.77201,51.30097],[-2.77181,51.30063],[-2.77201,51.30052],[-2.77209,51.30057]]]}},{"type":"Feature","properties":{"cat":"Grassland","fill":"#D4B14A","text":"Create and restore wildlife-rich grassland","url":"Click HERE to view the preferred habitat in our strategy"},"geometry":{"type":"Polygon","coordinates":[[[-2.76805,51.29843],[-2.76799,51.29832],[-2.76806,51.29832],[-2.7682,51.29844],[-2.76834,51.29832],[-2.76847,51.29829],[-2.76865,51.29835],[-2.76867,51.29845],[-2.76816,51.29858],[-2.76805,51.29843]]]}},{"type":"Feature","properties":{"cat":"Grassland","fill":"#D4B14A","text":"Maintain existing wildlife rich grasslands for nature","url":"Click HERE to view the preferred habitat in our strategy"},"geometry":{"type":"Polygon","coordinates":[[[-2.78274,51.30965],[-2.78204,51.30967],[-2.78203,51.30962],[-2.78267,51.3096],[-2.78272,51.30957],[-2.78274,51.30965]]]}},{"type":"Feature","properties":{"cat":"Grassland","fill":"#D4B14A","text":"Create and restore wildlife-rich grassland","url":"Click HERE to view the preferred habitat in our strategy"},"geometry":{"type":"Polygon","coordinates":[[[-2.75253,51.29487],[-2.7527,51.29456],[-2.75364,51.29467],[-2.75347,51.29492],[-2.75306,51.2949],[-2.75291,51.29496],[-2.75281,51.29509],[-2.75245,51.29503],[-2.75253,51.29487]]]}},{"type":"Feature","properties":{"cat":"Grassland","fill":"#D4B14A","text":"Create and restore wildlife-rich grassland","url":"Click HERE to view the preferred habitat in our strategy"},"geometry":{"type":"Polygon","coordinates":[[[-2.79837,51.31042],[-2.79857,51.31068],[-2.79875,51.31099],[-2.79844,51.31102],[-2.79786,51.31106],[-2.79732,51.31052],[-2.7983,51.31033],[-2.79837,51.31042]]]}},{"type":"Feature","properties":{"cat":"Grassland","fill":"#D4B14A","text":"Create and restore wildlife-rich grassland","url":"Click HERE to view the preferred habitat in our strategy"},"geometry":{"type":"Polygon","coordinates":[[[-2.73182,51.27881],[-2.73187,51.27901],[-2.73148,51.27916],[-2.73129,51.27929],[-2.73118,51.27942],[-2.73108,51.27963],[-2.73104,51.27985],[-2.73107,51.2801],[-2.73138,51.28044],[-2.7316,51.28062],[-2.73139,51.2807],[-2.73122,51.2807],[-2.73107,51.28066],[-2.73033,51.28013],[-2.72997,51.27983],[-2.72974,51.2795],[-2.7297,51.27938],[-2.72979,51.27912],[-2.73011,51.27881],[-2.73182,51.27881]]]}},{"type":"Feature","properties":{"cat":"Grassland","fill":"#D4B14A","text":"Maintain existing wildlife rich grasslands for nature","url":"Click HERE to view the preferred habitat in our strategy"},"geometry":{"type":"Polygon","coordinates":[[[-2.78292,51.30731],[-2.78389,51.3073],[-2.78407,51.30796],[-2.78292,51.30753],[-2.78292,51.30731]]]}},{"type":"Feature","properties":{"cat":"Grassland","fill":"#D4B14A","text":"Create and restore wildlife-rich grassland","url":"Click HERE to view the preferred habitat in our strategy"},"geometry":{"type":"Polygon","coordinates":[[[-2.81819,51.28832],[-2.81777,51.28834],[-2.81776,51.28822],[-2.81841,51.28816],[-2.81844,51.28831],[-2.81819,51.28832]]]}},{"type":"Feature","properties":{"cat":"Grassland","fill":"#D4B14A","text":"Maintain existing wildlife rich grasslands for nature","url":"Click HERE to view the preferred habitat in our strategy"},"geometry":{"type":"Polygon","coordinates":[[[-2.78969,51.28464],[-2.78957,51.28465],[-2.78955,51.28456],[-2.78968,51.28455],[-2.78969,51.28464]]]}},{"type":"Feature","properties":{"cat":"Grassland","fill":"#D4B14A","text":"Create and restore wildlife-rich grassland","url":"Click HERE to view the preferred habitat in our strategy"},"geometry":{"type":"Polygon","coordinates":[[[-2.81126,51.30858],[-2.81139,51.30898],[-2.81197,51.30905],[-2.81201,51.30912],[-2.81201,51.30935],[-2.81191,51.30946],[-2.81178,51.30953],[-2.81156,51.30958],[-2.81157,51.30967],[-2.81138,51.30975],[-2.81114,51.30978],[-2.81068,51.30996],[-2.81022,51.31009],[-2.80997,51.31011],[-2.80974,51.31018],[-2.80914,51.30902],[-2.81126,51.30858]]]}},{"type":"Feature","properties":{"cat":"Grassland","fill":"#D4B14A","text":"Maintain existing wildlife rich grasslands for nature","url":"Click HERE to view the preferred habitat in our strategy"},"geometry":{"type":"Polygon","coordinates":[[[-2.78916,51.28444],[-2.78903,51.28445],[-2.78902,51.28441],[-2.78915,51.2844],[-2.78916,51.28444]]]}},{"type":"Feature","properties":{"cat":"Grassland","fill":"#D4B14A","text":"Maintain existing wildlife rich grasslands for nature","url":"Click HERE to view the preferred habitat in our strategy"},"geometry":{"type":"Polygon","coordinates":[[[-2.7892,51.28438],[-2.7892,51.28444],[-2.78916,51.28444],[-2.78915,51.2844],[-2.78902,51.28441],[-2.78903,51.28445],[-2.78888,51.28447],[-2.78886,51.28438],[-2.7892,51.28438]]]}},{"type":"Feature","properties":{"cat":"Grassland","fill":"#D4B14A","text":"Create and restore wildlife-rich grassland","url":"Click HERE to view the preferred habitat in our strategy"},"geometry":{"type":"Polygon","coordinates":[[[-2.81093,51.3075],[-2.81079,51.30762],[-2.81074,51.30777],[-2.81102,51.30814],[-2.81126,51.30858],[-2.81019,51.30881],[-2.81001,51.30842],[-2.80995,51.30835],[-2.80969,51.3082],[-2.80938,51.30815],[-2.8091,51.30759],[-2.81082,51.30737],[-2.81093,51.3075]]]}},{"type":"Feature","properties":{"cat":"Grassland","fill":"#D4B14A","text":"Maintain existing wildlife rich grasslands for nature","url":"Click HERE to view the preferred habitat in our strategy"},"geometry":{"type":"Polygon","coordinates":[[[-2.78729,51.30775],[-2.78731,51.30793],[-2.78661,51.30797],[-2.78647,51.30739],[-2.78725,51.30736],[-2.78729,51.30775]],[[-2.78719,51.30777],[-2.78724,51.30778],[-2.78725,51.30775],[-2.7872,51.30774],[-2.78719,51.30777]],[[-2.78665,51.30773],[-2.78667,51.30784],[-2.78693,51.30783],[-2.78691,51.30772],[-2.78665,51.30773]]]}},{"type":"Feature","properties":{"cat":"Grassland","fill":"#D4B14A","text":"Create and restore wildlife-rich grassland","url":"Click HERE to view the preferred habitat in our strategy"},"geometry":{"type":"Polygon","coordinates":[[[-2.81032,51.31132],[-2.81206,51.31071],[-2.81083,51.31117],[-2.81032,51.31132]]]}},{"type":"Feature","properties":{"cat":"Grassland","fill":"#D4B14A","text":"Create and restore wildlife-rich grassland","url":"Click HERE to view the preferred habitat in our strategy"},"geometry":{"type":"Polygon","coordinates":[[[-2.80059,51.32104],[-2.799,51.32102],[-2.79869,51.32098],[-2.79998,51.32103],[-2.80235,51.32105],[-2.80358,51.32101],[-2.80383,51.32106],[-2.80435,51.32107],[-2.80535,51.32097],[-2.80558,51.32089],[-2.80561,51.32092],[-2.80535,51.321],[-2.80463,51.32109],[-2.80458,51.32112],[-2.80325,51.32105],[-2.80059,51.32104]]]}},{"type":"Feature","properties":{"cat":"Grassland","fill":"#D4B14A","text":"Maintain existing wildlife rich grasslands for nature","url":"Click HERE to view the preferred habitat in our strategy"},"geometry":{"type":"Polygon","coordinates":[[[-2.74887,51.28023],[-2.749,51.28033],[-2.74848,51.28078],[-2.74831,51.28069],[-2.74887,51.28023]]]}},{"type":"Feature","properties":{"cat":"Grassland","fill":"#D4B14A","text":"Maintain existing wildlife rich grasslands for nature","url":"Click HERE to view the preferred habitat in our strategy"},"geometry":{"type":"Polygon","coordinates":[[[-2.75439,51.29363],[-2.75422,51.29362],[-2.75415,51.2939],[-2.75169,51.29298],[-2.75106,51.29291],[-2.75366,51.29039],[-2.75708,51.29107],[-2.75607,51.29226],[-2.75582,51.29242],[-2.75474,51.29366],[-2.75439,51.29363]]]}},{"type":"Feature","properties":{"cat":"Grassland","fill":"#D4B14A","text":"Maintain existing wildlife rich grasslands for nature","url":"Click HERE to view the preferred habitat in our strategy"},"geometry":{"type":"Polygon","coordinates":[[[-2.78693,51.30783],[-2.78667,51.30784],[-2.78665,51.30773],[-2.78691,51.30772],[-2.78693,51.30783]]]}},{"type":"Feature","properties":{"cat":"Grassland","fill":"#D4B14A","text":"Create and restore wildlife-rich grassland","url":"Click HERE to view the preferred habitat in our strategy"},"geometry":{"type":"Polygon","coordinates":[[[-2.72742,51.28418],[-2.7285,51.28429],[-2.72854,51.28425],[-2.72859,51.28426],[-2.72861,51.28431],[-2.72878,51.28433],[-2.73392,51.28483],[-2.73424,51.28573],[-2.73432,51.28618],[-2.73454,51.28704],[-2.72832,51.2869],[-2.7282,51.28637],[-2.72817,51.28633],[-2.72787,51.28628],[-2.7278,51.28623],[-2.72777,51.28615],[-2.72756,51.28513],[-2.72742,51.28435],[-2.72742,51.28418]]]}},{"type":"Feature","properties":{"cat":"Grassland","fill":"#D4B14A","text":"Create and restore wildlife-rich grassland","url":"Click HERE to view the preferred habitat in our strategy"},"geometry":{"type":"Polygon","coordinates":[[[-2.73391,51.2848],[-2.73348,51.28355],[-2.73369,51.28362],[-2.73536,51.28311],[-2.73561,51.28315],[-2.73749,51.28467],[-2.73437,51.28564],[-2.73419,51.28559],[-2.73391,51.2848]]]}},{"type":"Feature","properties":{"cat":"Grassland","fill":"#D4B14A","text":"Create and restore wildlife-rich grassland","url":"Click HERE to view the preferred habitat in our strategy"},"geometry":{"type":"Polygon","coordinates":[[[-2.78784,51.28681],[-2.78866,51.28691],[-2.78891,51.28699],[-2.78885,51.28704],[-2.78865,51.28707],[-2.78766,51.28695],[-2.78773,51.28679],[-2.78784,51.28681]]]}},{"type":"Feature","properties":{"cat":"Grassland","fill":"#D4B14A","text":"Maintain existing wildlife rich grasslands for nature","url":"Click HERE to view the preferred habitat in our strategy"},"geometry":{"type":"Polygon","coordinates":[[[-2.78681,51.30882],[-2.787,51.30955],[-2.78628,51.30956],[-2.78614,51.30864],[-2.78675,51.30858],[-2.78681,51.30882]]]}},{"type":"Feature","properties":{"cat":"Grassland","fill":"#D4B14A","text":"Create and restore wildlife-rich grassland","url":"Click HERE to view the preferred habitat in our strategy"},"geometry":{"type":"Polygon","coordinates":[[[-2.81192,51.30845],[-2.81219,51.30894],[-2.81224,51.30911],[-2.81224,51.30936],[-2.81219,51.30957],[-2.81172,51.30962],[-2.81157,51.30967],[-2.81156,51.30958],[-2.81178,51.30953],[-2.81191,51.30946],[-2.81201,51.30935],[-2.81201,51.30912],[-2.81197,51.30905],[-2.81139,51.30898],[-2.81126,51.30858],[-2.81192,51.30845]]]}},{"type":"Feature","properties":{"cat":"Grassland","fill":"#D4B14A","text":"Create and restore wildlife-rich grassland","url":"Click HERE to view the preferred habitat in our strategy"},"geometry":{"type":"Polygon","coordinates":[[[-2.7855,51.32404],[-2.78555,51.32427],[-2.78577,51.32445],[-2.78589,51.32441],[-2.78609,51.32464],[-2.7863,51.32473],[-2.78654,51.32474],[-2.78674,51.32471],[-2.78682,51.32474],[-2.78809,51.32463],[-2.7893,51.32462],[-2.7894,51.32474],[-2.79028,51.32492],[-2.7894,51.32476],[-2.78932,51.32465],[-2.78927,51.32463],[-2.78918,51.32466],[-2.78828,51.32464],[-2.78729,51.3247],[-2.78685,51.32476],[-2.78671,51.32473],[-2.78653,51.32477],[-2.78639,51.32476],[-2.78606,51.32466],[-2.78591,51.32446],[-2.78576,51.32446],[-2.78554,51.32427],[-2.78549,51.32418],[-2.7855,51.32404]]]}},{"type":"Feature","properties":{"cat":"Grassland","fill":"#D4B14A","text":"Create and restore wildlife-rich grassland","url":"Click HERE to view the preferred habitat in our strategy"},"geometry":{"type":"Polygon","coordinates":[[[-2.80398,51.28983],[-2.80393,51.28973],[-2.8042,51.28971],[-2.80427,51.28976],[-2.80475,51.28977],[-2.80478,51.28993],[-2.80469,51.28997],[-2.80441,51.28997],[-2.80437,51.2901],[-2.8043,51.29009],[-2.80424,51.29002],[-2.80398,51.29004],[-2.80398,51.28983]]]}},{"type":"Feature","properties":{"cat":"Grassland","fill":"#D4B14A","text":"Create and restore wildlife-rich grassland","url":"Click HERE to view the preferred habitat in our strategy"},"geometry":{"type":"Polygon","coordinates":[[[-2.7362,51.30081],[-2.73628,51.30112],[-2.73562,51.30121],[-2.73535,51.30129],[-2.73519,51.30129],[-2.73475,51.30118],[-2.73461,51.30108],[-2.7354,51.30096],[-2.73549,51.30088],[-2.73588,51.3007],[-2.73604,51.30057],[-2.73614,51.30057],[-2.7362,51.30081]]]}},{"type":"Feature","properties":{"cat":"Grassland","fill":"#D4B14A","text":"Create and restore wildlife-rich grassland","url":"Click HERE to view the preferred habitat in our strategy"},"geometry":{"type":"Polygon","coordinates":[[[-2.77772,51.31472],[-2.77798,51.31479],[-2.77834,51.31494],[-2.77849,51.31513],[-2.77859,51.31533],[-2.77895,51.31545],[-2.77903,51.31557],[-2.77926,51.31572],[-2.77929,51.31584],[-2.77948,51.31594],[-2.7796,51.31593],[-2.77977,51.31602],[-2.77987,51.31616],[-2.7798,51.31629],[-2.77983,51.31634],[-2.77932,51.3164],[-2.77892,51.31639],[-2.77852,51.31616],[-2.77793,51.31569],[-2.77782,51.31557],[-2.77773,51.31552],[-2.77746,51.31547],[-2.77744,51.31542],[-2.77757,51.31536],[-2.77758,51.31532],[-2.77742,51.31516],[-2.77729,51.31511],[-2.77747,51.31481],[-2.77765,51.31468],[-2.77772,51.31472]]]}},{"type":"Feature","properties":{"cat":"Grassland","fill":"#D4B14A","text":"Create and restore wildlife-rich grassland","url":"Click HERE to view the preferred habitat in our strategy"},"geometry":{"type":"Polygon","coordinates":[[[-2.77905,51.31776],[-2.78046,51.31901],[-2.77932,51.31911],[-2.77873,51.31875],[-2.7785,51.31852],[-2.77813,51.31781],[-2.77883,51.31758],[-2.77905,51.31776]]]}},{"type":"Feature","properties":{"cat":"Grassland","fill":"#D4B14A","text":"Create and restore wildlife-rich grassland","url":"Click HERE to view the preferred habitat in our strategy"},"geometry":{"type":"Polygon","coordinates":[[[-2.73021,51.31186],[-2.73013,51.31184],[-2.73019,51.31173],[-2.73074,51.31104],[-2.73115,51.3103],[-2.73169,51.31043],[-2.7311,51.31141],[-2.73098,51.31175],[-2.73044,51.31169],[-2.73032,51.31181],[-2.73027,51.31198],[-2.73021,51.31186]]]}},{"type":"Feature","properties":{"cat":"Grassland","fill":"#D4B14A","text":"Create and restore wildlife-rich grassland","url":"Click HERE to view the preferred habitat in our strategy"},"geometry":{"type":"Polygon","coordinates":[[[-2.72742,51.28697],[-2.72911,51.28703],[-2.72951,51.28984],[-2.72742,51.29014],[-2.72742,51.28697]],[[-2.72821,51.28971],[-2.72742,51.28963],[-2.72742,51.28981],[-2.72823,51.28989],[-2.72833,51.28983],[-2.72833,51.28978],[-2.72821,51.28971]],[[-2.72744,51.28807],[-2.72745,51.28823],[-2.72757,51.28823],[-2.7278,51.28815],[-2.72761,51.28808],[-2.72744,51.28807]]]}},{"type":"Feature","properties":{"cat":"Grassland","fill":"#D4B14A","text":"Create and restore wildlife-rich grassland","url":"Click HERE to view the preferred habitat in our strategy"},"geometry":{"type":"Polygon","coordinates":[[[-2.75873,51.29795],[-2.75888,51.29788],[-2.76,51.29906],[-2.75856,51.30034],[-2.75725,51.30016],[-2.75615,51.30012],[-2.7547,51.29994],[-2.753,51.29978],[-2.75235,51.29966],[-2.75322,51.29837],[-2.75531,51.29861],[-2.75607,51.29865],[-2.75649,51.29864],[-2.75746,51.2985],[-2.75793,51.29832],[-2.75873,51.29795]]]}},{"type":"Feature","properties":{"cat":"Grassland","fill":"#D4B14A","text":"Create and restore wildlife-rich grassland","url":"Click HERE to view the preferred habitat in our strategy"},"geometry":{"type":"Polygon","coordinates":[[[-2.72742,51.27937],[-2.72763,51.27938],[-2.72781,51.27969],[-2.72742,51.27979],[-2.72742,51.27937]]]}},{"type":"Feature","properties":{"cat":"Grassland","fill":"#D4B14A","text":"Maintain existing wildlife rich grasslands for nature","url":"Click HERE to view the preferred habitat in our strategy"},"geometry":{"type":"Polygon","coordinates":[[[-2.78421,51.30775],[-2.78409,51.30774],[-2.784,51.30737],[-2.78404,51.30729],[-2.78412,51.30723],[-2.78427,51.30721],[-2.78426,51.30714],[-2.78544,51.30704],[-2.78547,51.3075],[-2.78553,51.3075],[-2.78554,51.30778],[-2.78423,51.30783],[-2.78421,51.30775]]]}},{"type":"Feature","properties":{"cat":"Grassland","fill":"#D4B14A","text":"Create and restore wildlife-rich grassland","url":"Click HERE to view the preferred habitat in our strategy"},"geometry":{"type":"Polygon","coordinates":[[[-2.79128,51.32507],[-2.7912,51.32511],[-2.79102,51.32511],[-2.79033,51.32493],[-2.79089,51.32507],[-2.7912,51.3251],[-2.79128,51.32507]]]}},{"type":"Feature","properties":{"cat":"Grassland","fill":"#D4B14A","text":"Create and restore wildlife-rich grassland","url":"Click HERE to view the preferred habitat in our strategy"},"geometry":{"type":"Polygon","coordinates":[[[-2.8422,51.28922],[-2.84228,51.28919],[-2.84303,51.28934],[-2.8429,51.28969],[-2.84285,51.28975],[-2.84258,51.28972],[-2.84255,51.28967],[-2.84179,51.28963],[-2.84179,51.28917],[-2.8422,51.28922]]]}},{"type":"Feature","properties":{"cat":"Grassland","fill":"#D4B14A","text":"Create and restore wildlife-rich grassland","url":"Click HERE to view the preferred habitat in our strategy"},"geometry":{"type":"Polygon","coordinates":[[[-2.84367,51.28946],[-2.84368,51.28944],[-2.84441,51.28955],[-2.84423,51.28979],[-2.8436,51.28971],[-2.84367,51.28946]]]}},{"type":"Feature","properties":{"cat":"Grassland","fill":"#D4B14A","text":"Create and restore wildlife-rich grassland","url":"Click HERE to view the preferred habitat in our strategy"},"geometry":{"type":"Polygon","coordinates":[[[-2.84326,51.29128],[-2.84323,51.29123],[-2.84332,51.29109],[-2.84365,51.29031],[-2.84415,51.29039],[-2.8437,51.29141],[-2.84326,51.29128]]]}},{"type":"Feature","properties":{"cat":"Grassland","fill":"#D4B14A","text":"Create and restore wildlife-rich grassland","url":"Click HERE to view the preferred habitat in our strategy"},"geometry":{"type":"Polygon","coordinates":[[[-2.8112,51.28439],[-2.81002,51.28482],[-2.80907,51.28503],[-2.80908,51.28483],[-2.81019,51.28447],[-2.81068,51.28424],[-2.81132,51.28429],[-2.81148,51.28427],[-2.8112,51.28439]]]}},{"type":"Feature","properties":{"cat":"Grassland","fill":"#D4B14A","text":"Maintain existing wildlife rich grasslands for nature","url":"Click HERE to view the preferred habitat in our strategy"},"geometry":{"type":"Polygon","coordinates":[[[-2.7892,51.28446],[-2.78918,51.28452],[-2.78896,51.28454],[-2.78889,51.28454],[-2.78888,51.28447],[-2.78903,51.28445],[-2.78904,51.2845],[-2.78917,51.28449],[-2.78916,51.28444],[-2.7892,51.28446]]]}},{"type":"Feature","properties":{"cat":"Grassland","fill":"#D4B14A","text":"Maintain existing wildlife rich grasslands for nature","url":"Click HERE to view the preferred habitat in our strategy"},"geometry":{"type":"Polygon","coordinates":[[[-2.78885,51.28418],[-2.78886,51.28421],[-2.78887,51.28427],[-2.78888,51.28428],[-2.78887,51.28428],[-2.78886,51.28428],[-2.78886,51.28427],[-2.78884,51.28418],[-2.78882,51.28412],[-2.78884,51.28412],[-2.78885,51.28418]]]}},{"type":"Feature","properties":{"cat":"Grassland","fill":"#D4B14A","text":"Create and restore wildlife-rich grassland","url":"Click HERE to view the preferred habitat in our strategy"},"geometry":{"type":"Polygon","coordinates":[[[-2.8342,51.29052],[-2.83442,51.29055],[-2.83433,51.29071],[-2.83414,51.29069],[-2.83412,51.2906],[-2.8342,51.29052]]]}},{"type":"Feature","properties":{"cat":"Grassland","fill":"#D4B14A","text":"Create and restore wildlife-rich grassland","url":"Click HERE to view the preferred habitat in our strategy"},"geometry":{"type":"Polygon","coordinates":[[[-2.72742,51.30177],[-2.7275,51.30174],[-2.72761,51.30176],[-2.728,51.30164],[-2.72888,51.30149],[-2.72888,51.3013],[-2.72944,51.30138],[-2.72998,51.30137],[-2.73103,51.30128],[-2.73104,51.3013],[-2.73076,51.30248],[-2.73067,51.30314],[-2.73067,51.30342],[-2.72742,51.30362],[-2.72742,51.30177]]]}},{"type":"Feature","properties":{"cat":"Grassland","fill":"#D4B14A","text":"Create and restore wildlife-rich grassland","url":"Click HERE to view the preferred habitat in our strategy"},"geometry":{"type":"Polygon","coordinates":[[[-2.72742,51.30093],[-2.72888,51.3013],[-2.72888,51.30149],[-2.728,51.30164],[-2.72761,51.30176],[-2.7275,51.30174],[-2.72742,51.30177],[-2.72742,51.30093]]]}},{"type":"Feature","properties":{"cat":"Grassland","fill":"#D4B14A","text":"Maintain existing wildlife rich grasslands for nature","url":"Click HERE to view the preferred habitat in our strategy"},"geometry":{"type":"Polygon","coordinates":[[[-2.78937,51.282],[-2.78982,51.28395],[-2.78961,51.28397],[-2.78965,51.28389],[-2.78955,51.28342],[-2.78951,51.28301],[-2.78925,51.2819],[-2.78934,51.28189],[-2.78937,51.282]]]}},{"type":"Feature","properties":{"cat":"Grassland","fill":"#D4B14A","text":"Create and restore wildlife-rich grassland","url":"Click HERE to view the preferred habitat in our strategy"},"geometry":{"type":"Polygon","coordinates":[[[-2.8141,51.28343],[-2.8141,51.28374],[-2.81385,51.2837],[-2.81386,51.2834],[-2.8141,51.28339],[-2.8141,51.28343]]]}},{"type":"Feature","properties":{"cat":"Grassland","fill":"#D4B14A","text":"Create and restore wildlife-rich grassland","url":"Click HERE to view the preferred habitat in our strategy"},"geometry":{"type":"Polygon","coordinates":[[[-2.75208,51.30718],[-2.75208,51.30647],[-2.75284,51.30649],[-2.75277,51.30758],[-2.75207,51.30751],[-2.75208,51.30718]]]}},{"type":"Feature","properties":{"cat":"Grassland","fill":"#D4B14A","text":"Create and restore wildlife-rich grassland","url":"Click HERE to view the preferred habitat in our strategy"},"geometry":{"type":"Polygon","coordinates":[[[-2.77977,51.31347],[-2.77975,51.31407],[-2.77962,51.31463],[-2.77965,51.31478],[-2.7797,51.31492],[-2.77985,51.31516],[-2.78004,51.31538],[-2.78002,51.31564],[-2.7801,51.31575],[-2.78024,51.31582],[-2.78017,51.31587],[-2.78015,51.31593],[-2.78018,51.31598],[-2.78045,51.31615],[-2.77983,51.31634],[-2.77989,51.31628],[-2.78009,51.31623],[-2.78012,51.31619],[-2.7801,51.31615],[-2.77963,51.31594],[-2.77948,51.31594],[-2.77929,51.31584],[-2.77926,51.31572],[-2.77903,51.31557],[-2.77895,51.31545],[-2.77859,51.31533],[-2.77837,51.31496],[-2.77765,51.31468],[-2.77783,51.31456],[-2.7781,51.31452],[-2.77833,51.31441],[-2.77871,51.31419],[-2.77948,51.31355],[-2.77976,51.31338],[-2.77977,51.31347]]]}},{"type":"Feature","properties":{"cat":"Grassland","fill":"#D4B14A","text":"Maintain existing wildlife rich grasslands for nature","url":"Click HERE to view the preferred habitat in our strategy"},"geometry":{"type":"Polygon","coordinates":[[[-2.78961,51.28446],[-2.78952,51.28447],[-2.7895,51.28441],[-2.7896,51.2844],[-2.78961,51.28446]]]}},{"type":"Feature","properties":{"cat":"Grassland","fill":"#D4B14A","text":"Maintain existing wildlife rich grasslands for nature","url":"Click HERE to view the preferred habitat in our strategy"},"geometry":{"type":"Polygon","coordinates":[[[-2.78984,51.28404],[-2.78963,51.28406],[-2.78961,51.28397],[-2.78982,51.28395],[-2.78984,51.28404]]]}},{"type":"Feature","properties":{"cat":"Grassland","fill":"#D4B14A","text":"Maintain existing wildlife rich grasslands for nature","url":"Click HERE to view the preferred habitat in our strategy"},"geometry":{"type":"Polygon","coordinates":[[[-2.78386,51.30717],[-2.78411,51.30715],[-2.78395,51.30731],[-2.78407,51.30784],[-2.78404,51.30784],[-2.78386,51.30717]],[[-2.78399,51.30718],[-2.78389,51.30718],[-2.7839,51.3072],[-2.78399,51.30719],[-2.78399,51.30718]]]}},{"type":"Feature","properties":{"cat":"Grassland","fill":"#D4B14A","text":"Create and restore wildlife-rich grassland","url":"Click HERE to view the preferred habitat in our strategy"},"geometry":{"type":"Polygon","coordinates":[[[-2.7792,51.31638],[-2.77932,51.3164],[-2.77963,51.31638],[-2.77909,51.31652],[-2.77892,51.31639],[-2.7792,51.31638]]]}},{"type":"Feature","properties":{"cat":"Grassland","fill":"#D4B14A","text":"Create and restore wildlife-rich grassland","url":"Click HERE to view the preferred habitat in our strategy"},"geometry":{"type":"Polygon","coordinates":[[[-2.77629,51.30694],[-2.77643,51.30717],[-2.77689,51.30756],[-2.77684,51.30758],[-2.77662,51.30735],[-2.77642,51.30737],[-2.77616,51.30688],[-2.77623,51.30687],[-2.77629,51.30694]]]}},{"type":"Feature","properties":{"cat":"Grassland","fill":"#D4B14A","text":"Create and restore wildlife-rich grassland","url":"Click HERE to view the preferred habitat in our strategy"},"geometry":{"type":"Polygon","coordinates":[[[-2.72845,51.28046],[-2.72835,51.28048],[-2.72832,51.28052],[-2.72824,51.28052],[-2.72918,51.27969],[-2.72966,51.28022],[-2.73016,51.28055],[-2.73101,51.28092],[-2.73113,51.28105],[-2.73109,51.28112],[-2.73031,51.28081],[-2.72976,51.28064],[-2.72906,51.28052],[-2.72845,51.28046]]]}},{"type":"Feature","properties":{"cat":"Grassland","fill":"#D4B14A","text":"Create and restore wildlife-rich grassland","url":"Click HERE to view the preferred habitat in our strategy"},"geometry":{"type":"Polygon","coordinates":[[[-2.73396,51.28208],[-2.73403,51.28214],[-2.73428,51.28204],[-2.7342,51.28196],[-2.73427,51.28193],[-2.73413,51.28181],[-2.73502,51.28147],[-2.7361,51.28176],[-2.73636,51.28186],[-2.73635,51.28198],[-2.73642,51.28213],[-2.73668,51.28218],[-2.73732,51.28253],[-2.73369,51.28362],[-2.73348,51.28355],[-2.73318,51.2827],[-2.73306,51.28247],[-2.73396,51.28208]]]}},{"type":"Feature","properties":{"cat":"Grassland","fill":"#D4B14A","text":"Create and restore wildlife-rich grassland","url":"Click HERE to view the preferred habitat in our strategy"},"geometry":{"type":"Polygon","coordinates":[[[-2.73684,51.30002],[-2.73683,51.30013],[-2.73674,51.30022],[-2.73613,51.30035],[-2.73598,51.30045],[-2.73489,51.30022],[-2.7357,51.30019],[-2.73677,51.3001],[-2.73684,51.30002]]]}},{"type":"Feature","properties":{"cat":"Grassland","fill":"#D4B14A","text":"Create and restore wildlife-rich grassland","url":"Click HERE to view the preferred habitat in our strategy"},"geometry":{"type":"Polygon","coordinates":[[[-2.80942,51.2857],[-2.80946,51.28579],[-2.80954,51.28583],[-2.80951,51.28586],[-2.80924,51.2858],[-2.80924,51.28574],[-2.80906,51.28541],[-2.80904,51.28531],[-2.80908,51.28518],[-2.80907,51.28503],[-2.80914,51.28501],[-2.80942,51.2857]]]}},{"type":"Feature","properties":{"cat":"Grassland","fill":"#D4B14A","text":"Maintain existing wildlife rich grasslands for nature","url":"Click HERE to view the preferred habitat in our strategy"},"geometry":{"type":"Polygon","coordinates":[[[-2.78879,51.28457],[-2.7888,51.28463],[-2.78876,51.28463],[-2.78875,51.28458],[-2.78879,51.28457]]]}},{"type":"Feature","properties":{"cat":"Grassland","fill":"#D4B14A","text":"Create and restore wildlife-rich grassland","url":"Click HERE to view the preferred habitat in our strategy"},"geometry":{"type":"Polygon","coordinates":[[[-2.77891,51.29877],[-2.77993,51.30093],[-2.77871,51.30099],[-2.77777,51.29892],[-2.77891,51.29877]]]}},{"type":"Feature","properties":{"cat":"Grassland","fill":"#D4B14A","text":"Maintain existing wildlife rich grasslands for nature","url":"Click HERE to view the preferred habitat in our strategy"},"geometry":{"type":"Polygon","coordinates":[[[-2.78276,51.30957],[-2.78304,51.30957],[-2.78303,51.30966],[-2.78278,51.30965],[-2.78276,51.30957]]]}},{"type":"Feature","properties":{"cat":"Grassland","fill":"#D4B14A","text":"Maintain existing wildlife rich grasslands for nature","url":"Click HERE to view the preferred habitat in our strategy"},"geometry":{"type":"Polygon","coordinates":[[[-2.78664,51.28658],[-2.78702,51.28668],[-2.78773,51.28679],[-2.78766,51.28695],[-2.78736,51.28691],[-2.78684,51.28678],[-2.78661,51.28664],[-2.78659,51.28662],[-2.78661,51.28657],[-2.78664,51.28658]]]}},{"type":"Feature","properties":{"cat":"Grassland","fill":"#D4B14A","text":"Maintain existing wildlife rich grasslands for nature","url":"Click HERE to view the preferred habitat in our strategy"},"geometry":{"type":"Polygon","coordinates":[[[-2.80627,51.31487],[-2.80627,51.3149],[-2.80621,51.31489],[-2.80622,51.31486],[-2.80627,51.31487]]]}},{"type":"Feature","properties":{"cat":"Grassland","fill":"#D4B14A","text":"Maintain existing wildlife rich grasslands for nature","url":"Click HERE to view the preferred habitat in our strategy"},"geometry":{"type":"Polygon","coordinates":[[[-2.78917,51.28449],[-2.78904,51.2845],[-2.78903,51.28445],[-2.78916,51.28444],[-2.78917,51.28449]]]}},{"type":"Feature","properties":{"cat":"Grassland","fill":"#D4B14A","text":"Maintain existing wildlife rich grasslands for nature","url":"Click HERE to view the preferred habitat in our strategy"},"geometry":{"type":"Polygon","coordinates":[[[-2.76503,51.27881],[-2.76498,51.27908],[-2.76479,51.27944],[-2.76457,51.27948],[-2.76424,51.27976],[-2.76423,51.27972],[-2.7645,51.27939],[-2.76455,51.27923],[-2.76433,51.27918],[-2.764,51.27918],[-2.76394,51.27909],[-2.76411,51.27881],[-2.76503,51.27881]]]}},{"type":"Feature","properties":{"cat":"Grassland","fill":"#D4B14A","text":"Maintain existing wildlife rich grasslands for nature","url":"Click HERE to view the preferred habitat in our strategy"},"geometry":{"type":"Polygon","coordinates":[[[-2.78903,51.28466],[-2.78904,51.2847],[-2.78919,51.28469],[-2.78918,51.28464],[-2.78922,51.28467],[-2.78919,51.28471],[-2.7891,51.28472],[-2.78914,51.28477],[-2.78872,51.28479],[-2.78862,51.28476],[-2.78859,51.28463],[-2.78863,51.28474],[-2.78878,51.28473],[-2.78876,51.28463],[-2.78885,51.28463],[-2.78887,51.28472],[-2.78899,51.28471],[-2.78898,51.28462],[-2.78902,51.28462],[-2.78903,51.28466]]]}},{"type":"Feature","properties":{"cat":"Grassland","fill":"#D4B14A","text":"Create and restore wildlife-rich grassland","url":"Click HERE to view the preferred habitat in our strategy"},"geometry":{"type":"Polygon","coordinates":[[[-2.82981,51.28912],[-2.83058,51.2893],[-2.83056,51.28934],[-2.83051,51.28933],[-2.83038,51.28967],[-2.83031,51.28964],[-2.83032,51.28952],[-2.82985,51.28938],[-2.82977,51.28948],[-2.82958,51.28942],[-2.8296,51.2894],[-2.82955,51.28938],[-2.82973,51.2891],[-2.82981,51.28912]]]}},{"type":"Feature","properties":{"cat":"Grassland","fill":"#D4B14A","text":"Maintain existing wildlife rich grasslands for nature","url":"Click HERE to view the preferred habitat in our strategy"},"geometry":{"type":"Polygon","coordinates":[[[-2.78239,51.30717],[-2.78341,51.30718],[-2.78333,51.30724],[-2.78257,51.30724],[-2.78244,51.30722],[-2.78239,51.30717]]]}},{"type":"Feature","properties":{"cat":"Grassland","fill":"#D4B14A","text":"Create and restore wildlife-rich grassland","url":"Click HERE to view the preferred habitat in our strategy"},"geometry":{"type":"Polygon","coordinates":[[[-2.81808,51.29573],[-2.81763,51.2955],[-2.81759,51.29546],[-2.81759,51.29537],[-2.81762,51.29534],[-2.8178,51.29535],[-2.81874,51.29556],[-2.81882,51.29539],[-2.81825,51.29526],[-2.81819,51.29519],[-2.81827,51.29513],[-2.81929,51.29517],[-2.81956,51.29515],[-2.81958,51.2952],[-2.82017,51.29527],[-2.82026,51.29499],[-2.8206,51.29501],[-2.82044,51.29573],[-2.82003,51.29574],[-2.81987,51.29582],[-2.81978,51.29595],[-2.81965,51.29594],[-2.81962,51.2959],[-2.81965,51.29582],[-2.81958,51.29577],[-2.81935,51.29578],[-2.8191,51.29583],[-2.81886,51.29608],[-2.81808,51.29573]]]}},{"type":"Feature","properties":{"cat":"Grassland","fill":"#D4B14A","text":"Maintain existing wildlife rich grasslands for nature","url":"Click HERE to view the preferred habitat in our strategy"},"geometry":{"type":"Polygon","coordinates":[[[-2.78492,51.30871],[-2.78511,51.30959],[-2.78453,51.30963],[-2.78438,51.30916],[-2.78414,51.30821],[-2.78481,51.3082],[-2.78492,51.30871]]]}},{"type":"Feature","properties":{"cat":"Grassland","fill":"#D4B14A","text":"Maintain existing wildlife rich grasslands for nature","url":"Click HERE to view the preferred habitat in our strategy"},"geometry":{"type":"Polygon","coordinates":[[[-2.80266,51.30429],[-2.80383,51.30416],[-2.8039,51.3045],[-2.80356,51.30447],[-2.80356,51.30451],[-2.80341,51.30455],[-2.80271,51.30456],[-2.80266,51.30429]]]}},{"type":"Feature","properties":{"cat":"Grassland","fill":"#D4B14A","text":"Maintain existing wildlife rich grasslands for nature","url":"Click HERE to view the preferred habitat in our strategy"},"geometry":{"type":"Polygon","coordinates":[[[-2.75567,51.28021],[-2.75371,51.28184],[-2.75201,51.28078],[-2.75243,51.28045],[-2.753,51.28009],[-2.75361,51.27965],[-2.75392,51.27985],[-2.75434,51.27997],[-2.7547,51.28],[-2.75567,51.28021]]]}},{"type":"Feature","properties":{"cat":"Grassland","fill":"#D4B14A","text":"Maintain existing wildlife rich grasslands for nature","url":"Click HERE to view the preferred habitat in our strategy"},"geometry":{"type":"Polygon","coordinates":[[[-2.75213,51.28149],[-2.75183,51.28153],[-2.75151,51.28149],[-2.75131,51.28139],[-2.75125,51.28131],[-2.75201,51.28078],[-2.75371,51.28184],[-2.75275,51.28246],[-2.75261,51.28231],[-2.75248,51.28225],[-2.75227,51.28206],[-2.75218,51.2819],[-2.75202,51.2818],[-2.75206,51.28173],[-2.75216,51.28169],[-2.75227,51.28159],[-2.75227,51.28155],[-2.75221,51.2815],[-2.75213,51.28149]]]}},{"type":"Feature","properties":{"cat":"Grassland","fill":"#D4B14A","text":"Maintain existing wildlife rich grasslands for nature","url":"Click HERE to view the preferred habitat in our strategy"},"geometry":{"type":"Polygon","coordinates":[[[-2.74523,51.27881],[-2.74608,51.2795],[-2.74521,51.28004],[-2.74346,51.27881],[-2.74523,51.27881]]]}},{"type":"Feature","properties":{"cat":"Grassland","fill":"#D4B14A","text":"Maintain existing wildlife rich grasslands for nature","url":"Click HERE to view the preferred habitat in our strategy"},"geometry":{"type":"Polygon","coordinates":[[[-2.73473,51.28909],[-2.73403,51.2892],[-2.73401,51.28902],[-2.73386,51.2886],[-2.73377,51.28818],[-2.73431,51.28823],[-2.73433,51.28843],[-2.73428,51.28854],[-2.73508,51.28904],[-2.73473,51.28909]]]}},{"type":"Feature","properties":{"cat":"Grassland","fill":"#D4B14A","text":"Maintain existing wildlife rich grasslands for nature","url":"Click HERE to view the preferred habitat in our strategy"},"geometry":{"type":"Polygon","coordinates":[[[-2.75361,51.27965],[-2.75305,51.27944],[-2.75237,51.27925],[-2.75151,51.27881],[-2.75348,51.27881],[-2.75396,51.27943],[-2.75361,51.27965]],[[-2.75264,51.27904],[-2.7526,51.27903],[-2.75257,51.27907],[-2.75263,51.27908],[-2.75264,51.27904]]]}},{"type":"Feature","properties":{"cat":"Grassland","fill":"#D4B14A","text":"Maintain existing wildlife rich grasslands for nature","url":"Click HERE to view the preferred habitat in our strategy"},"geometry":{"type":"Polygon","coordinates":[[[-2.75213,51.28],[-2.75236,51.27991],[-2.75289,51.2794],[-2.75361,51.27965],[-2.753,51.28009],[-2.75243,51.28045],[-2.75198,51.28003],[-2.75213,51.28]]]}},{"type":"Feature","properties":{"cat":"Grassland","fill":"#D4B14A","text":"Create and restore wildlife-rich grassland","url":"Click HERE to view the preferred habitat in our strategy"},"geometry":{"type":"Polygon","coordinates":[[[-2.81362,51.32386],[-2.81333,51.32339],[-2.81379,51.32344],[-2.81441,51.32327],[-2.81681,51.3228],[-2.81689,51.3228],[-2.81692,51.32284],[-2.81742,51.32284],[-2.81801,51.32283],[-2.81847,51.32278],[-2.81859,51.3231],[-2.81875,51.32382],[-2.81889,51.32401],[-2.81891,51.3241],[-2.81828,51.32423],[-2.8174,51.32431],[-2.81636,51.32455],[-2.81586,51.32473],[-2.81449,51.32536],[-2.81407,51.32486],[-2.81385,51.32448],[-2.81362,51.32386]],[[-2.81436,51.32371],[-2.81368,51.32384],[-2.81376,51.32397],[-2.81441,51.32382],[-2.81436,51.32371]]]}},{"type":"Feature","properties":{"cat":"Grassland","fill":"#D4B14A","text":"Create and restore wildlife-rich grassland","url":"Click HERE to view the preferred habitat in our strategy"},"geometry":{"type":"Polygon","coordinates":[[[-2.80164,51.31889],[-2.80246,51.31922],[-2.80305,51.31956],[-2.80321,51.31976],[-2.8035,51.31994],[-2.80366,51.32008],[-2.80415,51.32033],[-2.80442,51.32059],[-2.80493,51.32072],[-2.80497,51.32079],[-2.80506,51.32082],[-2.8052,51.32078],[-2.80531,51.32083],[-2.80579,51.3208],[-2.80535,51.32097],[-2.80435,51.32107],[-2.80383,51.32106],[-2.80358,51.32101],[-2.8026,51.32105],[-2.79998,51.32103],[-2.79977,51.32102],[-2.7999,51.32093],[-2.79987,51.32092],[-2.79974,51.321],[-2.79852,51.32094],[-2.79854,51.32085],[-2.79862,51.32075],[-2.79872,51.32038],[-2.8003,51.32041],[-2.80032,51.32009],[-2.8015,51.31905],[-2.80161,51.31888],[-2.80164,51.31889]]]}},{"type":"Feature","properties":{"cat":"Grassland","fill":"#D4B14A","text":"Create and restore wildlife-rich grassland","url":"Click HERE to view the preferred habitat in our strategy"},"geometry":{"type":"Polygon","coordinates":[[[-2.80584,51.31905],[-2.80573,51.31913],[-2.80578,51.31935],[-2.80593,51.31956],[-2.8061,51.31953],[-2.80647,51.32037],[-2.80626,51.32038],[-2.80618,51.32035],[-2.80549,51.31961],[-2.80523,51.31944],[-2.80524,51.31929],[-2.80513,51.31892],[-2.80513,51.3188],[-2.80584,51.31905]]]}},{"type":"Feature","properties":{"cat":"Grassland","fill":"#D4B14A","text":"Create and restore wildlife-rich grassland","url":"Click HERE to view the preferred habitat in our strategy"},"geometry":{"type":"Polygon","coordinates":[[[-2.80198,51.31889],[-2.80206,51.31889],[-2.8022,51.31899],[-2.80237,51.31903],[-2.80262,51.31918],[-2.803,51.31929],[-2.80349,51.31959],[-2.80365,51.31962],[-2.80387,51.31961],[-2.80383,51.31968],[-2.8039,51.31974],[-2.80422,51.3199],[-2.80472,51.31995],[-2.80499,51.31987],[-2.80543,51.32034],[-2.8058,51.3208],[-2.80531,51.32083],[-2.8052,51.32079],[-2.80533,51.3206],[-2.80532,51.32053],[-2.80508,51.3204],[-2.80495,51.32027],[-2.80478,51.32023],[-2.80467,51.32016],[-2.80458,51.32014],[-2.80444,51.32022],[-2.80409,51.3202],[-2.80404,51.32025],[-2.80408,51.32031],[-2.80405,51.3203],[-2.80395,51.32022],[-2.80366,51.32008],[-2.8035,51.31994],[-2.80321,51.31976],[-2.80305,51.31956],[-2.80246,51.31922],[-2.80173,51.31894],[-2.80198,51.31889]]]}},{"type":"Feature","properties":{"cat":"Grassland","fill":"#D4B14A","text":"Create and restore wildlife-rich grassland","url":"Click HERE to view the preferred habitat in our strategy"},"geometry":{"type":"Polygon","coordinates":[[[-2.81393,51.29929],[-2.81438,51.29843],[-2.81445,51.29844],[-2.81448,51.29838],[-2.81444,51.29832],[-2.81485,51.29754],[-2.81518,51.29757],[-2.81526,51.29737],[-2.81979,51.29704],[-2.81892,51.29937],[-2.81388,51.29941],[-2.81393,51.29929]],[[-2.81853,51.29895],[-2.81842,51.29896],[-2.81839,51.29899],[-2.81842,51.29906],[-2.81856,51.2991],[-2.81865,51.29908],[-2.81867,51.29905],[-2.81865,51.29899],[-2.81853,51.29895]]]}},{"type":"Feature","properties":{"cat":"Grassland","fill":"#D4B14A","text":"Maintain existing wildlife rich grasslands for nature","url":"Click HERE to view the preferred habitat in our strategy"},"geometry":{"type":"Polygon","coordinates":[[[-2.80472,51.30449],[-2.8039,51.3045],[-2.80383,51.30416],[-2.80392,51.30415],[-2.80394,51.30424],[-2.80492,51.3042],[-2.80492,51.30416],[-2.80502,51.30417],[-2.80509,51.30448],[-2.80472,51.30449]]]}},{"type":"Feature","properties":{"cat":"Grassland","fill":"#D4B14A","text":"Create and restore wildlife-rich grassland","url":"Click HERE to view the preferred habitat in our strategy"},"geometry":{"type":"Polygon","coordinates":[[[-2.80442,51.31899],[-2.80459,51.31905],[-2.8052,51.31937],[-2.80523,51.31944],[-2.80547,51.31962],[-2.80501,51.31984],[-2.80467,51.31956],[-2.80401,51.31922],[-2.80431,51.31893],[-2.80442,51.31899]]]}},{"type":"Feature","properties":{"cat":"Grassland","fill":"#D4B14A","text":"Maintain existing wildlife rich grasslands for nature","url":"Click HERE to view the preferred habitat in our strategy"},"geometry":{"type":"Polygon","coordinates":[[[-2.76999,51.28575],[-2.76994,51.28572],[-2.77008,51.2857],[-2.77015,51.28575],[-2.77021,51.28585],[-2.77018,51.28593],[-2.77024,51.28602],[-2.77022,51.28603],[-2.7701,51.28585],[-2.77,51.28581],[-2.76986,51.28585],[-2.76969,51.28597],[-2.76928,51.28662],[-2.76889,51.28707],[-2.76929,51.28659],[-2.76943,51.28629],[-2.76963,51.28598],[-2.76999,51.28575]]]}},{"type":"Feature","properties":{"cat":"Grassland","fill":"#D4B14A","text":"Create and restore wildlife-rich grassland","url":"Click HERE to view the preferred habitat in our strategy"},"geometry":{"type":"Polygon","coordinates":[[[-2.75397,51.30452],[-2.75297,51.30445],[-2.75326,51.30317],[-2.75341,51.30264],[-2.75361,51.30235],[-2.75406,51.30237],[-2.75433,51.30219],[-2.75437,51.30207],[-2.75439,51.30174],[-2.75983,51.30246],[-2.75969,51.30288],[-2.7593,51.30442],[-2.75868,51.30443],[-2.75744,51.30458],[-2.75645,51.30465],[-2.75595,51.30465],[-2.75397,51.30452]]]}},{"type":"Feature","properties":{"cat":"Grassland","fill":"#D4B14A","text":"Create and restore wildlife-rich grassland","url":"Click HERE to view the preferred habitat in our strategy"},"geometry":{"type":"Polygon","coordinates":[[[-2.80558,51.31678],[-2.80511,51.31664],[-2.80496,51.31665],[-2.8048,51.31606],[-2.80469,51.31581],[-2.80507,51.3157],[-2.80577,51.31567],[-2.80588,51.31635],[-2.80559,51.31632],[-2.80569,51.31688],[-2.80562,51.31689],[-2.80558,51.31678]]]}},{"type":"Feature","properties":{"cat":"Grassland","fill":"#D4B14A","text":"Maintain existing wildlife rich grasslands for nature","url":"Click HERE to view the preferred habitat in our strategy"},"geometry":{"type":"Polygon","coordinates":[[[-2.749,51.28033],[-2.75034,51.27922],[-2.75054,51.2794],[-2.75058,51.27949],[-2.75063,51.27982],[-2.75109,51.28006],[-2.75123,51.28023],[-2.75146,51.28025],[-2.75198,51.28003],[-2.75243,51.28045],[-2.75201,51.28078],[-2.75066,51.28171],[-2.7489,51.28041],[-2.749,51.28033]]]}},{"type":"Feature","properties":{"cat":"Grassland","fill":"#D4B14A","text":"Maintain existing wildlife rich grasslands for nature","url":"Click HERE to view the preferred habitat in our strategy"},"geometry":{"type":"Polygon","coordinates":[[[-2.80196,51.30429],[-2.80257,51.30431],[-2.80253,51.30444],[-2.80215,51.3045],[-2.80148,51.30448],[-2.80144,51.30447],[-2.80144,51.30427],[-2.80196,51.30429]]]}},{"type":"Feature","properties":{"cat":"Grassland","fill":"#D4B14A","text":"Create and restore wildlife-rich grassland","url":"Click HERE to view the preferred habitat in our strategy"},"geometry":{"type":"Polygon","coordinates":[[[-2.81341,51.28343],[-2.8134,51.28352],[-2.81216,51.28357],[-2.81211,51.28357],[-2.81206,51.28347],[-2.81341,51.28343]]]}},{"type":"Feature","properties":{"cat":"Grassland","fill":"#D4B14A","text":"Create and restore wildlife-rich grassland","url":"Click HERE to view the preferred habitat in our strategy"},"geometry":{"type":"Polygon","coordinates":[[[-2.81228,51.32344],[-2.81221,51.32334],[-2.8122,51.32324],[-2.81312,51.32339],[-2.8133,51.32345],[-2.81314,51.32359],[-2.81281,51.32363],[-2.81244,51.3238],[-2.81228,51.32344]],[[-2.81282,51.32354],[-2.81252,51.32353],[-2.81243,51.32356],[-2.81239,51.32362],[-2.81245,51.32368],[-2.81261,51.32368],[-2.81274,51.32365],[-2.8128,51.32361],[-2.81282,51.32354]]]}},{"type":"Feature","properties":{"cat":"Grassland","fill":"#D4B14A","text":"Create and restore wildlife-rich grassland","url":"Click HERE to view the preferred habitat in our strategy"},"geometry":{"type":"Polygon","coordinates":[[[-2.81223,51.3232],[-2.81333,51.32339],[-2.81345,51.32358],[-2.81332,51.32343],[-2.81322,51.32339],[-2.81222,51.32322],[-2.81223,51.3232]]]}},{"type":"Feature","properties":{"cat":"Grassland","fill":"#D4B14A","text":"Create and restore wildlife-rich grassland","url":"Click HERE to view the preferred habitat in our strategy"},"geometry":{"type":"Polygon","coordinates":[[[-2.75859,51.28035],[-2.75845,51.28027],[-2.75856,51.28024],[-2.75859,51.28019],[-2.75879,51.28018],[-2.75888,51.28021],[-2.75928,51.28052],[-2.7587,51.28054],[-2.75859,51.28035]]]}},{"type":"Feature","properties":{"cat":"Grassland","fill":"#D4B14A","text":"Create and restore wildlife-rich grassland","url":"Click HERE to view the preferred habitat in our strategy"},"geometry":{"type":"Polygon","coordinates":[[[-2.73338,51.29977],[-2.73303,51.29931],[-2.73276,51.29918],[-2.73262,51.29907],[-2.73244,51.29873],[-2.73225,51.29854],[-2.73222,51.29847],[-2.73369,51.29854],[-2.73364,51.29886],[-2.73367,51.29887],[-2.73353,51.29964],[-2.73338,51.29977]]]}},{"type":"Feature","properties":{"cat":"Grassland","fill":"#D4B14A","text":"Create and restore wildlife-rich grassland","url":"Click HERE to view the preferred habitat in our strategy"},"geometry":{"type":"Polygon","coordinates":[[[-2.73353,51.29964],[-2.73366,51.29888],[-2.73374,51.29888],[-2.73404,51.29898],[-2.73419,51.29909],[-2.73428,51.29928],[-2.73426,51.29935],[-2.73384,51.29947],[-2.73379,51.29951],[-2.73377,51.29966],[-2.73353,51.29964]]]}},{"type":"Feature","properties":{"cat":"Grassland","fill":"#D4B14A","text":"Maintain existing wildlife rich grasslands for nature","url":"Click HERE to view the preferred habitat in our strategy"},"geometry":{"type":"Polygon","coordinates":[[[-2.73377,51.30395],[-2.73257,51.30384],[-2.73249,51.30382],[-2.73252,51.30381],[-2.73297,51.30382],[-2.7346,51.30403],[-2.73539,51.30408],[-2.73672,51.30406],[-2.73804,51.30417],[-2.73823,51.30422],[-2.73639,51.30412],[-2.73469,51.30408],[-2.73377,51.30395]]]}},{"type":"Feature","properties":{"cat":"Grassland","fill":"#D4B14A","text":"Maintain existing wildlife rich grasslands for nature","url":"Click HERE to view the preferred habitat in our strategy"},"geometry":{"type":"Polygon","coordinates":[[[-2.76411,51.27881],[-2.76394,51.27909],[-2.76372,51.27881],[-2.76411,51.27881]]]}},{"type":"Feature","properties":{"cat":"Grassland","fill":"#D4B14A","text":"Create and restore wildlife-rich grassland","url":"Click HERE to view the preferred habitat in our strategy"},"geometry":{"type":"Polygon","coordinates":[[[-2.73262,51.28197],[-2.73236,51.28177],[-2.73254,51.28161],[-2.73272,51.28178],[-2.73283,51.28172],[-2.73288,51.28176],[-2.73283,51.28186],[-2.73301,51.28198],[-2.73308,51.28194],[-2.73317,51.28201],[-2.73288,51.28216],[-2.73262,51.28197]]]}},{"type":"Feature","properties":{"cat":"Grassland","fill":"#D4B14A","text":"Maintain existing wildlife rich grasslands for nature","url":"Click HERE to view the preferred habitat in our strategy"},"geometry":{"type":"Polygon","coordinates":[[[-2.75584,51.28006],[-2.75568,51.2802],[-2.7547,51.28],[-2.75434,51.27997],[-2.75392,51.27985],[-2.75361,51.27965],[-2.75396,51.27943],[-2.75403,51.27949],[-2.75601,51.27991],[-2.75584,51.28006]]]}},{"type":"Feature","properties":{"cat":"Grassland","fill":"#D4B14A","text":"Maintain existing wildlife rich grasslands for nature","url":"Click HERE to view the preferred habitat in our strategy"},"geometry":{"type":"Polygon","coordinates":[[[-2.7885,51.28429],[-2.78851,51.28455],[-2.78858,51.28457],[-2.78862,51.28476],[-2.78872,51.28479],[-2.78903,51.28478],[-2.78958,51.28473],[-2.78957,51.28468],[-2.78984,51.28466],[-2.7899,51.28489],[-2.78936,51.28488],[-2.7884,51.28492],[-2.7884,51.28458],[-2.78845,51.28442],[-2.7884,51.28425],[-2.78849,51.28425],[-2.7885,51.28429]]]}},{"type":"Feature","properties":{"cat":"Grassland","fill":"#D4B14A","text":"Maintain existing wildlife rich grasslands for nature","url":"Click HERE to view the preferred habitat in our strategy"},"geometry":{"type":"Polygon","coordinates":[[[-2.76369,51.27881],[-2.76421,51.27947],[-2.76424,51.27953],[-2.7642,51.27981],[-2.76417,51.27975],[-2.76421,51.27955],[-2.76419,51.27949],[-2.76385,51.27905],[-2.76372,51.27924],[-2.76342,51.27924],[-2.76235,51.27897],[-2.76195,51.27881],[-2.76369,51.27881]]]}},{"type":"Feature","properties":{"cat":"Grassland","fill":"#D4B14A","text":"Create and restore wildlife-rich grassland","url":"Click HERE to view the preferred habitat in our strategy"},"geometry":{"type":"Polygon","coordinates":[[[-2.79106,51.30927],[-2.79287,51.309],[-2.79276,51.30913],[-2.79264,51.3092],[-2.79222,51.3093],[-2.79174,51.30936],[-2.79114,51.30938],[-2.79091,51.30936],[-2.79075,51.30931],[-2.79106,51.30927]]]}},{"type":"Feature","properties":{"cat":"Grassland","fill":"#D4B14A","text":"Create and restore wildlife-rich grassland","url":"Click HERE to view the preferred habitat in our strategy"},"geometry":{"type":"Polygon","coordinates":[[[-2.75222,51.30456],[-2.75297,51.30457],[-2.75289,51.30573],[-2.75288,51.30649],[-2.75208,51.30647],[-2.75206,51.30459],[-2.75209,51.30456],[-2.75222,51.30456]]]}},{"type":"Feature","properties":{"cat":"Grassland","fill":"#D4B14A","text":"Create and restore wildlife-rich grassland","url":"Click HERE to view the preferred habitat in our strategy"},"geometry":{"type":"Polygon","coordinates":[[[-2.7451,51.30359],[-2.74504,51.3036],[-2.74434,51.30343],[-2.74423,51.30344],[-2.74393,51.30339],[-2.74384,51.30332],[-2.74345,51.30323],[-2.74284,51.30296],[-2.74281,51.30299],[-2.7424,51.30278],[-2.74219,51.30264],[-2.74217,51.30258],[-2.74174,51.30235],[-2.74088,51.30202],[-2.74016,51.30167],[-2.74012,51.30158],[-2.74041,51.30138],[-2.74102,51.30115],[-2.74238,51.30195],[-2.74273,51.30231],[-2.74302,51.30247],[-2.74326,51.30256],[-2.74364,51.30265],[-2.74382,51.30266],[-2.74399,51.30265],[-2.74443,51.30253],[-2.74457,51.30252],[-2.74496,51.30262],[-2.74524,51.30299],[-2.74556,51.3032],[-2.74539,51.30369],[-2.7451,51.30359]]]}},{"type":"Feature","properties":{"cat":"Grassland","fill":"#D4B14A","text":"Create and restore wildlife-rich grassland","url":"Click HERE to view the preferred habitat in our strategy"},"geometry":{"type":"Polygon","coordinates":[[[-2.73126,51.28122],[-2.73198,51.28128],[-2.73246,51.28141],[-2.73269,51.2814],[-2.73281,51.28144],[-2.73278,51.28147],[-2.73268,51.28141],[-2.73263,51.28145],[-2.73272,51.28151],[-2.7326,51.28149],[-2.73256,51.28151],[-2.73263,51.28156],[-2.73236,51.28177],[-2.73117,51.28122],[-2.73126,51.28122]],[[-2.73228,51.28143],[-2.73237,51.28175],[-2.7324,51.28155],[-2.73237,51.28146],[-2.73232,51.28141],[-2.73228,51.28143]]]}},{"type":"Feature","properties":{"cat":"Grassland","fill":"#D4B14A","text":"Create and restore wildlife-rich grassland","url":"Click HERE to view the preferred habitat in our strategy"},"geometry":{"type":"Polygon","coordinates":[[[-2.73401,51.30089],[-2.73345,51.30091],[-2.73349,51.30057],[-2.73362,51.30054],[-2.73473,51.3005],[-2.73535,51.30052],[-2.73591,51.30048],[-2.73614,51.30057],[-2.73598,51.3006],[-2.73588,51.3007],[-2.73549,51.30088],[-2.7354,51.30096],[-2.73518,51.301],[-2.73453,51.30109],[-2.73434,51.30109],[-2.73404,51.30116],[-2.73401,51.30089]]]}},{"type":"Feature","properties":{"cat":"Grassland","fill":"#D4B14A","text":"Create and restore wildlife-rich grassland","url":"Click HERE to view the preferred habitat in our strategy"},"geometry":{"type":"Polygon","coordinates":[[[-2.75776,51.29122],[-2.75829,51.29135],[-2.75822,51.29141],[-2.75808,51.29141],[-2.75753,51.29127],[-2.7575,51.29124],[-2.75753,51.29117],[-2.75776,51.29122]]]}},{"type":"Feature","properties":{"cat":"Grassland","fill":"#D4B14A","text":"Create and restore wildlife-rich grassland","url":"Click HERE to view the preferred habitat in our strategy"},"geometry":{"type":"Polygon","coordinates":[[[-2.73126,51.28119],[-2.73109,51.28112],[-2.73112,51.28109],[-2.73112,51.28102],[-2.73101,51.28092],[-2.73016,51.28055],[-2.72966,51.28022],[-2.72918,51.27969],[-2.72979,51.27912],[-2.7297,51.27938],[-2.72974,51.2795],[-2.72997,51.27983],[-2.73033,51.28013],[-2.73107,51.28066],[-2.73122,51.2807],[-2.73139,51.2807],[-2.7316,51.28062],[-2.73226,51.28101],[-2.73266,51.28131],[-2.73263,51.28137],[-2.7325,51.28139],[-2.73199,51.28126],[-2.73126,51.28119]],[[-2.73095,51.28073],[-2.73091,51.28075],[-2.73096,51.28081],[-2.73123,51.28099],[-2.73137,51.28116],[-2.73142,51.2812],[-2.73147,51.28117],[-2.73114,51.28085],[-2.73095,51.28073]]]}},{"type":"Feature","properties":{"cat":"Grassland","fill":"#D4B14A","text":"Maintain existing wildlife rich grasslands for nature","url":"Click HERE to view the preferred habitat in our strategy"},"geometry":{"type":"Polygon","coordinates":[[[-2.78826,51.28413],[-2.78847,51.28414],[-2.78849,51.28425],[-2.78743,51.2842],[-2.78743,51.28414],[-2.78826,51.28413]]]}},{"type":"Feature","properties":{"cat":"Grassland","fill":"#D4B14A","text":"Maintain existing wildlife rich grasslands for nature","url":"Click HERE to view the preferred habitat in our strategy"},"geometry":{"type":"Polygon","coordinates":[[[-2.78605,51.30818],[-2.78549,51.30819],[-2.78546,51.30801],[-2.78604,51.308],[-2.78605,51.30818]]]}},{"type":"Feature","properties":{"cat":"Lowland wetland","fill":"#3DA5C4","text":"Protect and manage habitats on peat","url":"Click HERE to view the preferred habitat in our strategy"},"geometry":{"type":"Polygon","coordinates":[[[-2.84248,51.2868],[-2.84252,51.28681],[-2.84196,51.28785],[-2.84193,51.28786],[-2.84248,51.2868]]]}},{"type":"Feature","properties":{"cat":"Lowland wetland","fill":"#3DA5C4","text":"Protect and manage habitats on peat","url":"Click HERE to view the preferred habitat in our strategy"},"geometry":{"type":"Polygon","coordinates":[[[-2.84138,51.28482],[-2.84146,51.28481],[-2.84153,51.28485],[-2.84147,51.28488],[-2.84138,51.28482]]]}},{"type":"Feature","properties":{"cat":"Lowland wetland","fill":"#3DA5C4","text":"Protect and manage habitats on peat","url":"Click HERE to view the preferred habitat in our strategy"},"geometry":{"type":"Polygon","coordinates":[[[-2.83736,51.28333],[-2.83741,51.28335],[-2.83679,51.28386],[-2.83662,51.28393],[-2.83669,51.2839],[-2.83736,51.28333]]]}},{"type":"Feature","properties":{"cat":"Lowland wetland","fill":"#3DA5C4","text":"Protect and manage habitats on peat","url":"Click HERE to view the preferred habitat in our strategy"},"geometry":{"type":"Polygon","coordinates":[[[-2.84029,51.28812],[-2.84037,51.28812],[-2.84037,51.28793],[-2.84029,51.28793],[-2.84029,51.28782],[-2.84059,51.28781],[-2.8409,51.28789],[-2.84082,51.28814],[-2.84029,51.28816],[-2.84029,51.28812]],[[-2.84075,51.28807],[-2.84074,51.28813],[-2.8408,51.28813],[-2.84081,51.28807],[-2.84075,51.28807]]]}},{"type":"Feature","properties":{"cat":"Lowland wetland","fill":"#3DA5C4","text":"Restore and manage wetlands, incorporating a mosaic of wetland features to benefit a wide variety of fauna and flora.","url":"Click HERE to view the preferred habitat in our strategy"},"geometry":{"type":"Polygon","coordinates":[[[-2.81447,51.28288],[-2.81446,51.28279],[-2.81481,51.28281],[-2.81448,51.28295],[-2.81447,51.28288]]]}},{"type":"Feature","properties":{"cat":"Lowland wetland","fill":"#3DA5C4","text":"Protect and manage habitats on peat","url":"Click HERE to view the preferred habitat in our strategy"},"geometry":{"type":"Polygon","coordinates":[[[-2.82634,51.27915],[-2.82683,51.27935],[-2.82678,51.2794],[-2.8263,51.27919],[-2.82634,51.27915]]]}},{"type":"Feature","properties":{"cat":"Lowland wetland","fill":"#3DA5C4","text":"Protect and manage habitats on peat","url":"Click HERE to view the preferred habitat in our strategy"},"geometry":{"type":"Polygon","coordinates":[[[-2.8162,51.28065],[-2.81621,51.28109],[-2.8162,51.28102],[-2.81594,51.28102],[-2.8159,51.28057],[-2.81621,51.28057],[-2.8162,51.28065]]]}},{"type":"Feature","properties":{"cat":"Lowland wetland","fill":"#3DA5C4","text":"Protect and manage habitats on peat","url":"Click HERE to view the preferred habitat in our strategy"},"geometry":{"type":"Polygon","coordinates":[[[-2.8457,51.28174],[-2.84574,51.28178],[-2.8457,51.28178],[-2.8457,51.28174]]]}},{"type":"Feature","properties":{"cat":"Lowland wetland","fill":"#3DA5C4","text":"Protect and manage habitats on peat","url":"Click HERE to view the preferred habitat in our strategy"},"geometry":{"type":"Polygon","coordinates":[[[-2.81072,51.28089],[-2.81074,51.28094],[-2.81065,51.28095],[-2.81064,51.28089],[-2.81072,51.28089]]]}},{"type":"Feature","properties":{"cat":"Lowland wetland","fill":"#3DA5C4","text":"Protect and manage habitats on peat","url":"Click HERE to view the preferred habitat in our strategy"},"geometry":{"type":"Polygon","coordinates":[[[-2.84851,51.2817],[-2.84829,51.28193],[-2.84848,51.28169],[-2.84851,51.2817]]]}},{"type":"Feature","properties":{"cat":"Lowland wetland","fill":"#3DA5C4","text":"Protect and manage habitats on peat","url":"Click HERE to view the preferred habitat in our strategy"},"geometry":{"type":"Polygon","coordinates":[[[-2.84114,51.28471],[-2.84122,51.28479],[-2.84109,51.2847],[-2.84114,51.28471]]]}},{"type":"Feature","properties":{"cat":"Lowland wetland","fill":"#3DA5C4","text":"Protect and manage habitats on peat","url":"Click HERE to view the preferred habitat in our strategy"},"geometry":{"type":"Polygon","coordinates":[[[-2.85066,51.28013],[-2.8506,51.28016],[-2.85055,51.28012],[-2.85061,51.2801],[-2.85066,51.28013]]]}},{"type":"Feature","properties":{"cat":"Lowland wetland","fill":"#3DA5C4","text":"Protect and manage habitats on peat","url":"Click HERE to view the preferred habitat in our strategy"},"geometry":{"type":"Polygon","coordinates":[[[-2.85497,51.27947],[-2.85489,51.27948],[-2.85485,51.27949],[-2.85457,51.27955],[-2.85457,51.27955],[-2.85437,51.27959],[-2.8543,51.2796],[-2.85451,51.27954],[-2.85497,51.27946],[-2.85497,51.27947]]]}},{"type":"Feature","properties":{"cat":"Lowland wetland","fill":"#3DA5C4","text":"Protect and manage habitats on peat","url":"Click HERE to view the preferred habitat in our strategy"},"geometry":{"type":"Polygon","coordinates":[[[-2.84825,51.28029],[-2.84875,51.28045],[-2.84857,51.28054],[-2.84815,51.2804],[-2.84825,51.28029]]]}},{"type":"Feature","properties":{"cat":"Lowland wetland","fill":"#3DA5C4","text":"Protect and manage habitats on peat","url":"Click HERE to view the preferred habitat in our strategy"},"geometry":{"type":"Polygon","coordinates":[[[-2.85125,51.29132],[-2.85187,51.29135],[-2.85175,51.29197],[-2.85104,51.29192],[-2.85108,51.29154],[-2.85105,51.2913],[-2.85125,51.29132]]]}},{"type":"Feature","properties":{"cat":"Lowland wetland","fill":"#3DA5C4","text":"Protect and manage habitats on peat","url":"Click HERE to view the preferred habitat in our strategy"},"geometry":{"type":"Polygon","coordinates":[[[-2.83988,51.28426],[-2.84092,51.28506],[-2.84066,51.2852],[-2.84043,51.28514],[-2.84026,51.28524],[-2.83929,51.28453],[-2.83985,51.28424],[-2.83988,51.28426]]]}},{"type":"Feature","properties":{"cat":"Lowland wetland","fill":"#3DA5C4","text":"Protect and manage habitats on peat","url":"Click HERE to view the preferred habitat in our strategy"},"geometry":{"type":"Polygon","coordinates":[[[-2.84024,51.28441],[-2.84029,51.28444],[-2.84019,51.28449],[-2.84015,51.28446],[-2.84024,51.28441]]]}},{"type":"Feature","properties":{"cat":"Lowland wetland","fill":"#3DA5C4","text":"Restore and manage wetlands, incorporating a mosaic of wetland features to benefit a wide variety of fauna and flora.","url":"Click HERE to view the preferred habitat in our strategy"},"geometry":{"type":"Polygon","coordinates":[[[-2.82113,51.28562],[-2.82117,51.28562],[-2.82119,51.2842],[-2.82178,51.28418],[-2.82182,51.28413],[-2.82183,51.28381],[-2.8231,51.28386],[-2.82499,51.28381],[-2.82562,51.28414],[-2.82702,51.28437],[-2.82736,51.28457],[-2.82686,51.28488],[-2.82632,51.28486],[-2.82618,51.28489],[-2.82612,51.28493],[-2.826,51.28519],[-2.82582,51.28524],[-2.82576,51.28539],[-2.82528,51.28531],[-2.82439,51.28522],[-2.82432,51.28517],[-2.82422,51.2852],[-2.82373,51.28519],[-2.82362,51.28463],[-2.82349,51.28463],[-2.82352,51.28525],[-2.82289,51.28536],[-2.82202,51.28558],[-2.82183,51.28551],[-2.82121,51.28567],[-2.82113,51.28567],[-2.82113,51.28562]]]}},{"type":"Feature","properties":{"cat":"Lowland wetland","fill":"#3DA5C4","text":"Protect and manage habitats on peat","url":"Click HERE to view the preferred habitat in our strategy"},"geometry":{"type":"Polygon","coordinates":[[[-2.84916,51.28418],[-2.84957,51.28428],[-2.85009,51.28454],[-2.85084,51.28502],[-2.85082,51.28507],[-2.85066,51.28506],[-2.85077,51.28512],[-2.85075,51.28515],[-2.8507,51.28519],[-2.85059,51.28517],[-2.85017,51.28577],[-2.85009,51.28584],[-2.85005,51.28581],[-2.85,51.28582],[-2.85002,51.28586],[-2.84999,51.28586],[-2.84827,51.28536],[-2.84891,51.28452],[-2.84912,51.28417],[-2.84916,51.28418]]]}},{"type":"Feature","properties":{"cat":"Lowland wetland","fill":"#3DA5C4","text":"Protect and manage habitats on peat","url":"Click HERE to view the preferred habitat in our strategy"},"geometry":{"type":"Polygon","coordinates":[[[-2.83826,51.28029],[-2.83958,51.28168],[-2.84047,51.28254],[-2.84049,51.28257],[-2.84037,51.28289],[-2.84027,51.28303],[-2.83966,51.28336],[-2.83958,51.28327],[-2.83826,51.28234],[-2.83719,51.28178],[-2.8368,51.28163],[-2.83826,51.28029]]]}},{"type":"Feature","properties":{"cat":"Lowland wetland","fill":"#3DA5C4","text":"Protect and manage habitats on peat","url":"Click HERE to view the preferred habitat in our strategy"},"geometry":{"type":"Polygon","coordinates":[[[-2.81901,51.27994],[-2.81677,51.27982],[-2.81677,51.27985],[-2.81669,51.27984],[-2.8167,51.27982],[-2.81639,51.2798],[-2.81637,51.27881],[-2.81946,51.27881],[-2.81908,51.27994],[-2.81901,51.27994]]]}},{"type":"Feature","properties":{"cat":"Lowland wetland","fill":"#3DA5C4","text":"Protect and manage habitats on peat","url":"Click HERE to view the preferred habitat in our strategy"},"geometry":{"type":"Polygon","coordinates":[[[-2.8532,51.28034],[-2.85351,51.28063],[-2.85294,51.28154],[-2.85199,51.28123],[-2.85209,51.28105],[-2.85232,51.28086],[-2.85264,51.28069],[-2.85298,51.28045],[-2.85298,51.28042],[-2.8532,51.28034]]]}},{"type":"Feature","properties":{"cat":"Lowland wetland","fill":"#3DA5C4","text":"Protect and manage habitats on peat","url":"Click HERE to view the preferred habitat in our strategy"},"geometry":{"type":"Polygon","coordinates":[[[-2.84581,51.28596],[-2.84592,51.28569],[-2.84605,51.2857],[-2.84581,51.28603],[-2.84576,51.28601],[-2.84581,51.28596]]]}},{"type":"Feature","properties":{"cat":"Lowland wetland","fill":"#3DA5C4","text":"Restore and manage wetlands, incorporating a mosaic of wetland features to benefit a wide variety of fauna and flora.","url":"Click HERE to view the preferred habitat in our strategy"},"geometry":{"type":"Polygon","coordinates":[[[-2.81424,51.28171],[-2.81425,51.28178],[-2.81422,51.2818],[-2.81426,51.28182],[-2.81431,51.28194],[-2.81431,51.28262],[-2.81184,51.2829],[-2.81179,51.28254],[-2.8117,51.28222],[-2.81152,51.28188],[-2.81421,51.28158],[-2.81424,51.28171]]]}},{"type":"Feature","properties":{"cat":"Lowland wetland","fill":"#3DA5C4","text":"Restore and manage wetlands, incorporating a mosaic of wetland features to benefit a wide variety of fauna and flora.","url":"Click HERE to view the preferred habitat in our strategy"},"geometry":{"type":"Polygon","coordinates":[[[-2.82735,51.28579],[-2.82754,51.28581],[-2.82765,51.28526],[-2.8277,51.28526],[-2.82768,51.28536],[-2.82834,51.28542],[-2.82848,51.28486],[-2.82814,51.28483],[-2.82817,51.28471],[-2.82781,51.28468],[-2.8278,51.28474],[-2.82733,51.28468],[-2.82729,51.28465],[-2.82764,51.28438],[-2.8279,51.28399],[-2.82809,51.28381],[-2.82848,51.2836],[-2.82869,51.28364],[-2.82867,51.28372],[-2.82871,51.28372],[-2.82871,51.28375],[-2.82867,51.28375],[-2.82848,51.28452],[-2.82918,51.28467],[-2.82838,51.28583],[-2.8276,51.28588],[-2.82733,51.28584],[-2.82735,51.28579]]]}},{"type":"Feature","properties":{"cat":"Lowland wetland","fill":"#3DA5C4","text":"Protect and manage habitats on peat","url":"Click HERE to view the preferred habitat in our strategy"},"geometry":{"type":"Polygon","coordinates":[[[-2.84811,51.2903],[-2.84801,51.29019],[-2.84787,51.2901],[-2.84704,51.28979],[-2.84651,51.2895],[-2.84662,51.2893],[-2.8467,51.28872],[-2.84668,51.28816],[-2.84665,51.28808],[-2.84658,51.28805],[-2.84603,51.28805],[-2.84594,51.28779],[-2.84597,51.28712],[-2.84742,51.28748],[-2.84884,51.28777],[-2.84934,51.2879],[-2.84911,51.28899],[-2.849,51.28902],[-2.84912,51.28912],[-2.84912,51.28916],[-2.84906,51.2893],[-2.84909,51.2893],[-2.84884,51.2902],[-2.84839,51.29017],[-2.84836,51.29021],[-2.84843,51.29035],[-2.84824,51.29047],[-2.84811,51.2903]]]}},{"type":"Feature","properties":{"cat":"Lowland wetland","fill":"#3DA5C4","text":"Protect and manage habitats on peat","url":"Click HERE to view the preferred habitat in our strategy"},"geometry":{"type":"Polygon","coordinates":[[[-2.84133,51.28148],[-2.84156,51.28113],[-2.84188,51.28115],[-2.84232,51.2809],[-2.84266,51.28079],[-2.84296,51.281],[-2.84426,51.2817],[-2.84449,51.28185],[-2.8446,51.28196],[-2.8442,51.28211],[-2.84367,51.28243],[-2.84341,51.28253],[-2.84337,51.28252],[-2.84326,51.2826],[-2.84126,51.28161],[-2.84133,51.28148]]]}},{"type":"Feature","properties":{"cat":"Lowland wetland","fill":"#3DA5C4","text":"Protect and manage habitats on peat","url":"Click HERE to view the preferred habitat in our strategy"},"geometry":{"type":"Polygon","coordinates":[[[-2.83867,51.28749],[-2.83857,51.2875],[-2.83804,51.28741],[-2.83781,51.28711],[-2.83872,51.28661],[-2.83881,51.2866],[-2.83892,51.28668],[-2.83896,51.28666],[-2.83884,51.28657],[-2.83892,51.28651],[-2.83951,51.28669],[-2.83876,51.28746],[-2.83879,51.28747],[-2.83875,51.28752],[-2.83869,51.28754],[-2.83864,51.28752],[-2.83867,51.28749]],[[-2.83874,51.2872],[-2.83871,51.28723],[-2.83877,51.28726],[-2.83881,51.28722],[-2.83874,51.2872]]]}},{"type":"Feature","properties":{"cat":"Lowland wetland","fill":"#3DA5C4","text":"Protect and manage habitats on peat","url":"Click HERE to view the preferred habitat in our strategy"},"geometry":{"type":"Polygon","coordinates":[[[-2.8176,51.28223],[-2.81696,51.28214],[-2.81694,51.28216],[-2.81639,51.2821],[-2.81638,51.27983],[-2.81896,51.27996],[-2.81801,51.28227],[-2.8176,51.28223]]]}},{"type":"Feature","properties":{"cat":"Lowland wetland","fill":"#3DA5C4","text":"Protect and manage habitats on peat","url":"Click HERE to view the preferred habitat in our strategy"},"geometry":{"type":"Polygon","coordinates":[[[-2.84801,51.28323],[-2.84804,51.28323],[-2.84812,51.28313],[-2.8486,51.28245],[-2.84864,51.28246],[-2.84805,51.28325],[-2.84801,51.28323]]]}},{"type":"Feature","properties":{"cat":"Lowland wetland","fill":"#3DA5C4","text":"Protect and manage habitats on peat","url":"Click HERE to view the preferred habitat in our strategy"},"geometry":{"type":"Polygon","coordinates":[[[-2.8159,51.28057],[-2.81594,51.28102],[-2.816,51.28102],[-2.816,51.28107],[-2.81587,51.28102],[-2.81412,51.28104],[-2.81398,51.28051],[-2.81589,51.28047],[-2.8159,51.28057]]]}},{"type":"Feature","properties":{"cat":"Lowland wetland","fill":"#3DA5C4","text":"Protect and manage habitats on peat","url":"Click HERE to view the preferred habitat in our strategy"},"geometry":{"type":"Polygon","coordinates":[[[-2.85066,51.28522],[-2.85031,51.28573],[-2.85017,51.28591],[-2.85014,51.2859],[-2.85042,51.28547],[-2.85062,51.28522],[-2.85066,51.28522]]]}},{"type":"Feature","properties":{"cat":"Lowland wetland","fill":"#3DA5C4","text":"Protect and manage habitats on peat","url":"Click HERE to view the preferred habitat in our strategy"},"geometry":{"type":"Polygon","coordinates":[[[-2.85084,51.28592],[-2.85336,51.28674],[-2.85379,51.2869],[-2.85379,51.28693],[-2.85372,51.28704],[-2.85359,51.28715],[-2.85302,51.28748],[-2.8526,51.2876],[-2.85095,51.28785],[-2.85063,51.28785],[-2.85027,51.28776],[-2.84984,51.28745],[-2.84976,51.28733],[-2.84979,51.28731],[-2.84975,51.28726],[-2.84934,51.28706],[-2.8491,51.28702],[-2.84915,51.28693],[-2.84963,51.28709],[-2.84981,51.28719],[-2.85006,51.28746],[-2.85029,51.28759],[-2.8506,51.28771],[-2.85084,51.28775],[-2.85113,51.28774],[-2.85239,51.28754],[-2.85278,51.28745],[-2.85311,51.28732],[-2.85342,51.28714],[-2.85355,51.28699],[-2.8535,51.28688],[-2.85046,51.28588],[-2.85022,51.28601],[-2.85025,51.28595],[-2.85058,51.28583],[-2.85084,51.28592]]]}},{"type":"Feature","properties":{"cat":"Lowland wetland","fill":"#3DA5C4","text":"Protect and manage habitats on peat","url":"Click HERE to view the preferred habitat in our strategy"},"geometry":{"type":"Polygon","coordinates":[[[-2.8521,51.28426],[-2.8536,51.28477],[-2.85368,51.28483],[-2.85366,51.28495],[-2.8536,51.28504],[-2.85347,51.28513],[-2.85339,51.28525],[-2.85338,51.28538],[-2.85341,51.2855],[-2.85353,51.2856],[-2.85368,51.28566],[-2.8542,51.28581],[-2.85427,51.28588],[-2.85429,51.28599],[-2.85394,51.2865],[-2.85376,51.28669],[-2.85364,51.28672],[-2.8534,51.28665],[-2.85078,51.28578],[-2.85062,51.28576],[-2.85051,51.28566],[-2.85047,51.28559],[-2.85066,51.28534],[-2.85076,51.28527],[-2.85086,51.28533],[-2.85098,51.28534],[-2.85113,51.28518],[-2.85117,51.285],[-2.85179,51.28435],[-2.85194,51.28425],[-2.8521,51.28426]]]}},{"type":"Feature","properties":{"cat":"Lowland wetland","fill":"#3DA5C4","text":"Protect and manage habitats on peat","url":"Click HERE to view the preferred habitat in our strategy"},"geometry":{"type":"Polygon","coordinates":[[[-2.84755,51.28307],[-2.84778,51.28264],[-2.84775,51.28263],[-2.84786,51.28243],[-2.84783,51.28241],[-2.84787,51.2823],[-2.84808,51.28225],[-2.84866,51.28157],[-2.84883,51.28142],[-2.84886,51.28143],[-2.8492,51.28098],[-2.84933,51.28101],[-2.84926,51.28119],[-2.84786,51.28311],[-2.84749,51.28356],[-2.84694,51.28448],[-2.84607,51.28568],[-2.84593,51.28566],[-2.8468,51.28448],[-2.8472,51.28378],[-2.84755,51.28307]]]}},{"type":"Feature","properties":{"cat":"Lowland wetland","fill":"#3DA5C4","text":"Protect and manage habitats on peat","url":"Click HERE to view the preferred habitat in our strategy"},"geometry":{"type":"Polygon","coordinates":[[[-2.85314,51.28769],[-2.85296,51.28752],[-2.85364,51.28713],[-2.85395,51.28722],[-2.85314,51.28769]]]}},{"type":"Feature","properties":{"cat":"Lowland wetland","fill":"#3DA5C4","text":"Protect and manage habitats on peat","url":"Click HERE to view the preferred habitat in our strategy"},"geometry":{"type":"Polygon","coordinates":[[[-2.84112,51.283],[-2.84082,51.28304],[-2.84068,51.28257],[-2.84071,51.28256],[-2.84081,51.28223],[-2.84104,51.28197],[-2.84126,51.28161],[-2.84326,51.2826],[-2.84281,51.28268],[-2.84224,51.28272],[-2.84116,51.28299],[-2.84117,51.28301],[-2.84216,51.28276],[-2.84337,51.28261],[-2.84337,51.28264],[-2.84341,51.28263],[-2.84432,51.28323],[-2.84202,51.28449],[-2.84105,51.28348],[-2.84083,51.28307],[-2.84112,51.283]]]}},{"type":"Feature","properties":{"cat":"Lowland wetland","fill":"#3DA5C4","text":"Protect and manage habitats on peat","url":"Click HERE to view the preferred habitat in our strategy"},"geometry":{"type":"Polygon","coordinates":[[[-2.83863,51.28051],[-2.83944,51.28136],[-2.83861,51.28052],[-2.83863,51.28051]]]}},{"type":"Feature","properties":{"cat":"Lowland wetland","fill":"#3DA5C4","text":"Protect and manage habitats on peat","url":"Click HERE to view the preferred habitat in our strategy"},"geometry":{"type":"Polygon","coordinates":[[[-2.84157,51.28505],[-2.84426,51.28655],[-2.84398,51.28679],[-2.84398,51.28683],[-2.84424,51.28699],[-2.84463,51.28715],[-2.84435,51.28749],[-2.84392,51.28746],[-2.84101,51.28586],[-2.84058,51.28559],[-2.84157,51.28505]]]}},{"type":"Feature","properties":{"cat":"Lowland wetland","fill":"#3DA5C4","text":"Protect and manage habitats on peat","url":"Click HERE to view the preferred habitat in our strategy"},"geometry":{"type":"Polygon","coordinates":[[[-2.82423,51.27894],[-2.82616,51.27937],[-2.82548,51.28027],[-2.82374,51.27969],[-2.82417,51.27897],[-2.82423,51.27894]]]}},{"type":"Feature","properties":{"cat":"Lowland wetland","fill":"#3DA5C4","text":"Protect and manage habitats on peat","url":"Click HERE to view the preferred habitat in our strategy"},"geometry":{"type":"Polygon","coordinates":[[[-2.84692,51.28646],[-2.84719,51.28653],[-2.8475,51.28673],[-2.84763,51.28678],[-2.8484,51.28698],[-2.84895,51.28695],[-2.84891,51.28703],[-2.84846,51.28702],[-2.84799,51.2869],[-2.84779,51.28688],[-2.84753,51.28678],[-2.84721,51.28657],[-2.84668,51.28643],[-2.84669,51.28641],[-2.84692,51.28646]]]}},{"type":"Feature","properties":{"cat":"Lowland wetland","fill":"#3DA5C4","text":"Protect and manage habitats on peat","url":"Click HERE to view the preferred habitat in our strategy"},"geometry":{"type":"Polygon","coordinates":[[[-2.85162,51.27881],[-2.8515,51.27895],[-2.85123,51.2789],[-2.85099,51.27881],[-2.85162,51.27881]]]}},{"type":"Feature","properties":{"cat":"Lowland wetland","fill":"#3DA5C4","text":"Protect and manage habitats on peat","url":"Click HERE to view the preferred habitat in our strategy"},"geometry":{"type":"Polygon","coordinates":[[[-2.82346,51.28306],[-2.82412,51.28182],[-2.82658,51.28227],[-2.82594,51.28323],[-2.82598,51.28323],[-2.82594,51.2833],[-2.82344,51.28312],[-2.82346,51.28306]]]}},{"type":"Feature","properties":{"cat":"Lowland wetland","fill":"#3DA5C4","text":"Protect and manage habitats on peat","url":"Click HERE to view the preferred habitat in our strategy"},"geometry":{"type":"Polygon","coordinates":[[[-2.84991,51.28191],[-2.84992,51.28189],[-2.85097,51.28215],[-2.85105,51.28223],[-2.85086,51.2825],[-2.85101,51.28255],[-2.85154,51.28267],[-2.85163,51.28252],[-2.8517,51.28253],[-2.85175,51.28245],[-2.85248,51.28261],[-2.85246,51.28271],[-2.85223,51.28291],[-2.85227,51.28314],[-2.85217,51.28336],[-2.8521,51.28368],[-2.85193,51.28389],[-2.85191,51.28403],[-2.85182,51.28412],[-2.85168,51.28417],[-2.85153,51.28441],[-2.85089,51.285],[-2.85011,51.28452],[-2.84968,51.2843],[-2.84923,51.28418],[-2.84943,51.28394],[-2.84772,51.28361],[-2.84795,51.28332],[-2.84793,51.28331],[-2.84797,51.28328],[-2.84809,51.28328],[-2.84821,51.28313],[-2.84869,51.28248],[-2.8486,51.28245],[-2.84867,51.28236],[-2.84874,51.28236],[-2.84868,51.28234],[-2.84881,51.28217],[-2.84925,51.28231],[-2.84961,51.28183],[-2.84991,51.28191]]]}},{"type":"Feature","properties":{"cat":"Lowland wetland","fill":"#3DA5C4","text":"Protect and manage habitats on peat","url":"Click HERE to view the preferred habitat in our strategy"},"geometry":{"type":"Polygon","coordinates":[[[-2.81435,51.28214],[-2.81434,51.28194],[-2.81424,51.2816],[-2.81622,51.28156],[-2.81622,51.28216],[-2.81436,51.28219],[-2.81435,51.28214]]]}},{"type":"Feature","properties":{"cat":"Lowland wetland","fill":"#3DA5C4","text":"Protect and manage habitats on peat","url":"Click HERE to view the preferred habitat in our strategy"},"geometry":{"type":"Polygon","coordinates":[[[-2.82936,51.28362],[-2.83065,51.28247],[-2.83669,51.28396],[-2.83579,51.28472],[-2.82929,51.28371],[-2.82936,51.28362]]]}},{"type":"Feature","properties":{"cat":"Lowland wetland","fill":"#3DA5C4","text":"Protect and manage habitats on peat","url":"Click HERE to view the preferred habitat in our strategy"},"geometry":{"type":"Polygon","coordinates":[[[-2.85497,51.28937],[-2.85346,51.28949],[-2.85342,51.28929],[-2.85351,51.28859],[-2.85349,51.2885],[-2.8539,51.28865],[-2.85438,51.28876],[-2.85497,51.28884],[-2.85497,51.28937]]]}},{"type":"Feature","properties":{"cat":"Lowland wetland","fill":"#3DA5C4","text":"Protect and manage habitats on peat","url":"Click HERE to view the preferred habitat in our strategy"},"geometry":{"type":"Polygon","coordinates":[[[-2.84904,51.28185],[-2.84918,51.28168],[-2.84932,51.28174],[-2.84933,51.28181],[-2.84929,51.28187],[-2.84935,51.28188],[-2.84943,51.28177],[-2.84962,51.28181],[-2.84953,51.28185],[-2.84958,51.28187],[-2.84925,51.28231],[-2.84881,51.28217],[-2.84904,51.28185]]]}},{"type":"Feature","properties":{"cat":"Lowland wetland","fill":"#3DA5C4","text":"Protect and manage habitats on peat","url":"Click HERE to view the preferred habitat in our strategy"},"geometry":{"type":"Polygon","coordinates":[[[-2.84917,51.27979],[-2.84915,51.28013],[-2.84902,51.28034],[-2.84901,51.28053],[-2.84893,51.28057],[-2.84882,51.28048],[-2.84877,51.2805],[-2.84872,51.28046],[-2.84875,51.28045],[-2.84849,51.28037],[-2.84885,51.27975],[-2.84917,51.27979]]]}},{"type":"Feature","properties":{"cat":"Lowland wetland","fill":"#3DA5C4","text":"Protect and manage habitats on peat","url":"Click HERE to view the preferred habitat in our strategy"},"geometry":{"type":"Polygon","coordinates":[[[-2.81367,51.27881],[-2.81375,51.27918],[-2.81374,51.27946],[-2.8138,51.27986],[-2.81047,51.28027],[-2.81047,51.28022],[-2.81044,51.28021],[-2.81056,51.28018],[-2.81056,51.28011],[-2.81044,51.2801],[-2.81036,51.27881],[-2.81367,51.27881]]]}},{"type":"Feature","properties":{"cat":"Lowland wetland","fill":"#3DA5C4","text":"Protect and manage habitats on peat","url":"Click HERE to view the preferred habitat in our strategy"},"geometry":{"type":"Polygon","coordinates":[[[-2.82931,51.28266],[-2.82929,51.28268],[-2.82879,51.2826],[-2.82568,51.28204],[-2.82645,51.28084],[-2.82669,51.28092],[-2.82672,51.28089],[-2.82681,51.28092],[-2.82678,51.28095],[-2.83017,51.28195],[-2.82934,51.28268],[-2.82931,51.28266]]]}},{"type":"Feature","properties":{"cat":"Lowland wetland","fill":"#3DA5C4","text":"Protect and manage habitats on peat","url":"Click HERE to view the preferred habitat in our strategy"},"geometry":{"type":"Polygon","coordinates":[[[-2.85352,51.29039],[-2.85337,51.29072],[-2.85324,51.29125],[-2.85185,51.29107],[-2.85179,51.29107],[-2.85175,51.29117],[-2.85167,51.29116],[-2.85186,51.29074],[-2.85192,51.29039],[-2.85191,51.29022],[-2.85198,51.2902],[-2.85166,51.29019],[-2.85181,51.28936],[-2.85237,51.28943],[-2.85341,51.2894],[-2.85347,51.28964],[-2.85348,51.29025],[-2.85352,51.29039]]]}},{"type":"Feature","properties":{"cat":"Lowland wetland","fill":"#3DA5C4","text":"Protect and manage habitats on peat","url":"Click HERE to view the preferred habitat in our strategy"},"geometry":{"type":"Polygon","coordinates":[[[-2.81408,51.28041],[-2.81406,51.28025],[-2.8159,51.28022],[-2.81591,51.28044],[-2.81607,51.28045],[-2.8141,51.28047],[-2.81408,51.28041]]]}},{"type":"Feature","properties":{"cat":"Lowland wetland","fill":"#3DA5C4","text":"Protect and manage habitats on peat","url":"Click HERE to view the preferred habitat in our strategy"},"geometry":{"type":"Polygon","coordinates":[[[-2.83813,51.27886],[-2.83893,51.27887],[-2.8391,51.27903],[-2.83922,51.27897],[-2.83979,51.27934],[-2.83988,51.27943],[-2.84,51.27967],[-2.84014,51.27976],[-2.83861,51.28052],[-2.83785,51.27972],[-2.83822,51.27954],[-2.83823,51.27956],[-2.83853,51.27947],[-2.83863,51.27941],[-2.83856,51.27934],[-2.8384,51.2793],[-2.83831,51.27921],[-2.83804,51.27887],[-2.83813,51.27886]],[[-2.83937,51.27933],[-2.83901,51.27946],[-2.83899,51.27953],[-2.83904,51.2796],[-2.83948,51.27971],[-2.8396,51.27977],[-2.8397,51.27978],[-2.83976,51.27974],[-2.83974,51.27967],[-2.83964,51.27963],[-2.83961,51.27954],[-2.83947,51.27935],[-2.83937,51.27933]]]}},{"type":"Feature","properties":{"cat":"Lowland wetland","fill":"#3DA5C4","text":"Protect and manage habitats on peat","url":"Click HERE to view the preferred habitat in our strategy"},"geometry":{"type":"Polygon","coordinates":[[[-2.85375,51.28555],[-2.8536,51.2855],[-2.85357,51.28531],[-2.85384,51.2851],[-2.8539,51.28501],[-2.85389,51.28488],[-2.8538,51.28472],[-2.85367,51.28464],[-2.85305,51.28447],[-2.85273,51.28421],[-2.85245,51.28415],[-2.85234,51.28416],[-2.85194,51.28405],[-2.85195,51.28392],[-2.85213,51.28368],[-2.85219,51.28338],[-2.8523,51.28316],[-2.85231,51.28306],[-2.85227,51.2829],[-2.85249,51.28271],[-2.85253,51.28253],[-2.85279,51.28237],[-2.85284,51.28229],[-2.85272,51.28207],[-2.8528,51.28199],[-2.85298,51.28195],[-2.85307,51.28187],[-2.85322,51.28182],[-2.85334,51.28191],[-2.85349,51.28196],[-2.85433,51.282],[-2.85441,51.28214],[-2.85444,51.28213],[-2.85445,51.28216],[-2.85442,51.28217],[-2.8548,51.28292],[-2.85493,51.28316],[-2.85497,51.28316],[-2.85497,51.28463],[-2.85429,51.28467],[-2.85448,51.28554],[-2.85418,51.28566],[-2.85375,51.28555]]]}},{"type":"Feature","properties":{"cat":"Lowland wetland","fill":"#3DA5C4","text":"Protect and manage habitats on peat","url":"Click HERE to view the preferred habitat in our strategy"},"geometry":{"type":"Polygon","coordinates":[[[-2.8371,51.27896],[-2.83705,51.27894],[-2.83709,51.27893],[-2.83703,51.27883],[-2.83718,51.27898],[-2.83788,51.2798],[-2.83961,51.28161],[-2.84052,51.28251],[-2.84049,51.28252],[-2.84033,51.28237],[-2.83875,51.28077],[-2.83748,51.27941],[-2.8371,51.27896]]]}},{"type":"Feature","properties":{"cat":"Lowland wetland","fill":"#3DA5C4","text":"Protect and manage habitats on peat","url":"Click HERE to view the preferred habitat in our strategy"},"geometry":{"type":"Polygon","coordinates":[[[-2.8507,51.28164],[-2.85114,51.28174],[-2.85095,51.28198],[-2.85272,51.28238],[-2.85257,51.28246],[-2.85251,51.28252],[-2.85248,51.28261],[-2.85236,51.28259],[-2.8524,51.28252],[-2.85224,51.28249],[-2.85223,51.28252],[-2.8522,51.28251],[-2.85221,51.28247],[-2.85217,51.28246],[-2.85214,51.28239],[-2.8524,51.28243],[-2.85244,51.28235],[-2.8522,51.2823],[-2.85218,51.28233],[-2.85207,51.28228],[-2.85202,51.28238],[-2.85196,51.28237],[-2.85182,51.28243],[-2.85182,51.28239],[-2.85172,51.28237],[-2.85181,51.28221],[-2.85115,51.28206],[-2.85103,51.28206],[-2.85096,51.28204],[-2.85098,51.282],[-2.85084,51.28197],[-2.85079,51.28207],[-2.85015,51.28191],[-2.85036,51.28157],[-2.8507,51.28164]],[[-2.85189,51.28236],[-2.85193,51.28237],[-2.85198,51.28228],[-2.85194,51.28227],[-2.85189,51.28236]]]}},{"type":"Feature","properties":{"cat":"Lowland wetland","fill":"#3DA5C4","text":"Protect and manage habitats on peat","url":"Click HERE to view the preferred habitat in our strategy"},"geometry":{"type":"Polygon","coordinates":[[[-2.83295,51.28921],[-2.83272,51.28919],[-2.83276,51.28909],[-2.83231,51.28903],[-2.83228,51.28912],[-2.83216,51.28914],[-2.8315,51.28905],[-2.83152,51.28897],[-2.83147,51.28897],[-2.83144,51.28904],[-2.83117,51.289],[-2.8311,51.28919],[-2.83159,51.28927],[-2.83156,51.28934],[-2.83012,51.28908],[-2.83027,51.28878],[-2.83046,51.28825],[-2.83076,51.28769],[-2.83109,51.28783],[-2.83118,51.28785],[-2.83129,51.28783],[-2.83233,51.28676],[-2.83484,51.28753],[-2.83538,51.28773],[-2.83538,51.2881],[-2.83522,51.28811],[-2.83506,51.28807],[-2.83446,51.28809],[-2.83416,51.28816],[-2.83385,51.28835],[-2.83384,51.28839],[-2.8339,51.28844],[-2.83398,51.28861],[-2.83377,51.28876],[-2.83382,51.28902],[-2.8338,51.28908],[-2.83353,51.28926],[-2.83348,51.28938],[-2.83353,51.28957],[-2.83287,51.2895],[-2.83295,51.28921]]]}},{"type":"Feature","properties":{"cat":"Lowland wetland","fill":"#3DA5C4","text":"Protect and manage habitats on peat","url":"Click HERE to view the preferred habitat in our strategy"},"geometry":{"type":"Polygon","coordinates":[[[-2.82871,51.28372],[-2.82873,51.28365],[-2.83181,51.28412],[-2.83179,51.28416],[-2.83183,51.28418],[-2.8318,51.28422],[-2.83176,51.28421],[-2.8317,51.2843],[-2.83127,51.28509],[-2.82852,51.2845],[-2.82871,51.28372]]]}},{"type":"Feature","properties":{"cat":"Lowland wetland","fill":"#3DA5C4","text":"Restore and manage wetlands, incorporating a mosaic of wetland features to benefit a wide variety of fauna and flora.","url":"Click HERE to view the preferred habitat in our strategy"},"geometry":{"type":"Polygon","coordinates":[[[-2.82712,51.28605],[-2.82711,51.28576],[-2.82737,51.28587],[-2.82733,51.28601],[-2.82729,51.28605],[-2.82718,51.28609],[-2.82711,51.28609],[-2.82712,51.28605]],[[-2.82713,51.28589],[-2.82713,51.28596],[-2.82721,51.28597],[-2.82722,51.2859],[-2.82713,51.28589]]]}},{"type":"Feature","properties":{"cat":"Lowland wetland","fill":"#3DA5C4","text":"Protect and manage habitats on peat","url":"Click HERE to view the preferred habitat in our strategy"},"geometry":{"type":"Polygon","coordinates":[[[-2.85197,51.28409],[-2.85232,51.28418],[-2.85245,51.28417],[-2.85268,51.28421],[-2.853,51.28447],[-2.8532,51.28455],[-2.8536,51.28464],[-2.85381,51.28477],[-2.85387,51.28491],[-2.85387,51.28503],[-2.85353,51.28529],[-2.85357,51.2855],[-2.85361,51.28554],[-2.85414,51.28567],[-2.85428,51.28574],[-2.85442,51.28589],[-2.85445,51.28603],[-2.85423,51.28635],[-2.85384,51.28678],[-2.8538,51.28688],[-2.8533,51.28669],[-2.85191,51.28626],[-2.85059,51.28581],[-2.85062,51.28576],[-2.85078,51.28578],[-2.85364,51.28672],[-2.85376,51.28669],[-2.85394,51.2865],[-2.85429,51.28599],[-2.85427,51.28588],[-2.8542,51.28581],[-2.85405,51.28575],[-2.85353,51.2856],[-2.85341,51.2855],[-2.85338,51.28538],[-2.85339,51.28525],[-2.85347,51.28513],[-2.8536,51.28504],[-2.85366,51.28495],[-2.85368,51.28483],[-2.8536,51.28477],[-2.8521,51.28426],[-2.85194,51.28425],[-2.85179,51.28435],[-2.85117,51.285],[-2.85113,51.28518],[-2.85098,51.28534],[-2.85086,51.28533],[-2.85076,51.28527],[-2.8508,51.28523],[-2.85074,51.28521],[-2.8508,51.28513],[-2.851,51.28512],[-2.85087,51.28507],[-2.85088,51.28504],[-2.85155,51.28443],[-2.8517,51.2842],[-2.85193,51.28408],[-2.85197,51.28409]]]}},{"type":"Feature","properties":{"cat":"Lowland wetland","fill":"#3DA5C4","text":"Protect and manage habitats on peat","url":"Click HERE to view the preferred habitat in our strategy"},"geometry":{"type":"Polygon","coordinates":[[[-2.83509,51.28759],[-2.835,51.28759],[-2.83502,51.28757],[-2.83498,51.28755],[-2.83406,51.28726],[-2.83579,51.28602],[-2.8375,51.28636],[-2.83547,51.28769],[-2.8354,51.28771],[-2.83509,51.28759]]]}},{"type":"Feature","properties":{"cat":"Lowland wetland","fill":"#3DA5C4","text":"Protect and manage habitats on peat","url":"Click HERE to view the preferred habitat in our strategy"},"geometry":{"type":"Polygon","coordinates":[[[-2.84723,51.28058],[-2.84742,51.28065],[-2.84723,51.28091],[-2.84723,51.28095],[-2.84741,51.28101],[-2.84592,51.28182],[-2.84637,51.28213],[-2.84453,51.28313],[-2.84435,51.28322],[-2.84339,51.28258],[-2.84346,51.28258],[-2.84345,51.28254],[-2.84369,51.28245],[-2.84418,51.28215],[-2.8447,51.28194],[-2.84529,51.2818],[-2.84574,51.28178],[-2.8457,51.28174],[-2.84578,51.28173],[-2.84569,51.28137],[-2.84579,51.28124],[-2.84622,51.28113],[-2.84685,51.28087],[-2.84705,51.28066],[-2.8471,51.28054],[-2.84723,51.28058]]]}},{"type":"Feature","properties":{"cat":"Lowland wetland","fill":"#3DA5C4","text":"Protect and manage habitats on peat","url":"Click HERE to view the preferred habitat in our strategy"},"geometry":{"type":"Polygon","coordinates":[[[-2.81591,51.27881],[-2.8159,51.27894],[-2.816,51.27896],[-2.81567,51.27896],[-2.81576,51.27892],[-2.81584,51.27881],[-2.81591,51.27881]]]}},{"type":"Feature","properties":{"cat":"Lowland wetland","fill":"#3DA5C4","text":"Protect and manage habitats on peat","url":"Click HERE to view the preferred habitat in our strategy"},"geometry":{"type":"Polygon","coordinates":[[[-2.83551,51.28594],[-2.8355,51.28596],[-2.83543,51.28594],[-2.83544,51.28592],[-2.83351,51.28553],[-2.83445,51.28454],[-2.83928,51.2853],[-2.84015,51.28549],[-2.83827,51.28651],[-2.83551,51.28594]]]}},{"type":"Feature","properties":{"cat":"Lowland wetland","fill":"#3DA5C4","text":"Protect and manage habitats on peat","url":"Click HERE to view the preferred habitat in our strategy"},"geometry":{"type":"Polygon","coordinates":[[[-2.84314,51.28524],[-2.84317,51.28522],[-2.84312,51.28519],[-2.84314,51.28517],[-2.84309,51.28518],[-2.84224,51.28466],[-2.8446,51.28337],[-2.84502,51.28357],[-2.84545,51.28369],[-2.84612,51.28274],[-2.84757,51.28299],[-2.84753,51.28306],[-2.84755,51.28307],[-2.84679,51.28443],[-2.84591,51.28565],[-2.84546,51.28555],[-2.84528,51.28576],[-2.84511,51.28588],[-2.84506,51.28588],[-2.84381,51.28549],[-2.84321,51.28524],[-2.84314,51.28524]]]}},{"type":"Feature","properties":{"cat":"Lowland wetland","fill":"#3DA5C4","text":"Protect and manage habitats on peat","url":"Click HERE to view the preferred habitat in our strategy"},"geometry":{"type":"Polygon","coordinates":[[[-2.84041,51.28773],[-2.8396,51.28778],[-2.83911,51.28787],[-2.83875,51.28752],[-2.84057,51.28563],[-2.84256,51.28674],[-2.84252,51.28681],[-2.84248,51.2868],[-2.84193,51.28786],[-2.84119,51.28791],[-2.84086,51.2878],[-2.84041,51.28773]]]}},{"type":"Feature","properties":{"cat":"Lowland wetland","fill":"#3DA5C4","text":"Protect and manage habitats on peat","url":"Click HERE to view the preferred habitat in our strategy"},"geometry":{"type":"Polygon","coordinates":[[[-2.85065,51.28938],[-2.85061,51.28938],[-2.85049,51.28998],[-2.85041,51.29018],[-2.84951,51.29021],[-2.8494,51.29026],[-2.84889,51.2902],[-2.84916,51.28913],[-2.84906,51.28902],[-2.84911,51.28899],[-2.84917,51.28902],[-2.84973,51.28909],[-2.85017,51.28912],[-2.85021,51.28916],[-2.85065,51.28922],[-2.85062,51.28935],[-2.85066,51.28936],[-2.85065,51.28938]]]}},{"type":"Feature","properties":{"cat":"Lowland wetland","fill":"#3DA5C4","text":"Protect and manage habitats on peat","url":"Click HERE to view the preferred habitat in our strategy"},"geometry":{"type":"Polygon","coordinates":[[[-2.83944,51.28136],[-2.84056,51.28248],[-2.84055,51.2825],[-2.83964,51.2816],[-2.83944,51.28136]]]}},{"type":"Feature","properties":{"cat":"Lowland wetland","fill":"#3DA5C4","text":"Protect and manage habitats on peat","url":"Click HERE to view the preferred habitat in our strategy"},"geometry":{"type":"Polygon","coordinates":[[[-2.83967,51.2837],[-2.84017,51.28406],[-2.83985,51.28424],[-2.8394,51.28391],[-2.83941,51.28384],[-2.83951,51.28378],[-2.83956,51.2837],[-2.83962,51.28366],[-2.83967,51.2837]]]}},{"type":"Feature","properties":{"cat":"Lowland wetland","fill":"#3DA5C4","text":"Protect and manage habitats on peat","url":"Click HERE to view the preferred habitat in our strategy"},"geometry":{"type":"Polygon","coordinates":[[[-2.83039,51.2824],[-2.83061,51.28246],[-2.82933,51.28366],[-2.82926,51.2837],[-2.8285,51.28359],[-2.82997,51.2823],[-2.83039,51.2824]]]}},{"type":"Feature","properties":{"cat":"Lowland wetland","fill":"#3DA5C4","text":"Protect and manage habitats on peat","url":"Click HERE to view the preferred habitat in our strategy"},"geometry":{"type":"Polygon","coordinates":[[[-2.82205,51.28171],[-2.82205,51.28165],[-2.82148,51.28143],[-2.82154,51.28135],[-2.82152,51.28126],[-2.82122,51.28111],[-2.82119,51.28104],[-2.8215,51.28081],[-2.82164,51.28075],[-2.82173,51.28063],[-2.82186,51.28054],[-2.82182,51.28048],[-2.82183,51.28043],[-2.82277,51.27969],[-2.82313,51.27928],[-2.82343,51.27881],[-2.82387,51.27881],[-2.82396,51.27893],[-2.82396,51.27907],[-2.82304,51.28045],[-2.82267,51.28106],[-2.82221,51.28159],[-2.82208,51.28172],[-2.82205,51.28171]]]}},{"type":"Feature","properties":{"cat":"Lowland wetland","fill":"#3DA5C4","text":"Protect and manage habitats on peat","url":"Click HERE to view the preferred habitat in our strategy"},"geometry":{"type":"Polygon","coordinates":[[[-2.83837,51.28805],[-2.83873,51.28756],[-2.83907,51.28787],[-2.83901,51.28789],[-2.83887,51.28785],[-2.8389,51.28791],[-2.83883,51.28792],[-2.83883,51.28795],[-2.83892,51.28798],[-2.83883,51.28803],[-2.83877,51.28802],[-2.83875,51.28806],[-2.83888,51.28806],[-2.83898,51.28802],[-2.83908,51.28789],[-2.83943,51.28784],[-2.83914,51.28791],[-2.8391,51.28798],[-2.83886,51.28809],[-2.83838,51.28806],[-2.83823,51.28827],[-2.83837,51.28805]]]}},{"type":"Feature","properties":{"cat":"Lowland wetland","fill":"#3DA5C4","text":"Protect and manage habitats on peat","url":"Click HERE to view the preferred habitat in our strategy"},"geometry":{"type":"Polygon","coordinates":[[[-2.85045,51.29018],[-2.8505,51.29008],[-2.85069,51.28922],[-2.85178,51.28935],[-2.85163,51.29019],[-2.85189,51.29021],[-2.85189,51.29042],[-2.85184,51.29057],[-2.85181,51.29089],[-2.85174,51.29097],[-2.85163,51.29096],[-2.85154,51.29089],[-2.8514,51.29088],[-2.85039,51.29088],[-2.85041,51.2904],[-2.85045,51.29018]]]}},{"type":"Feature","properties":{"cat":"Lowland wetland","fill":"#3DA5C4","text":"Protect and manage habitats on peat","url":"Click HERE to view the preferred habitat in our strategy"},"geometry":{"type":"Polygon","coordinates":[[[-2.84843,51.28548],[-2.85012,51.28598],[-2.84987,51.2862],[-2.84902,51.28681],[-2.84896,51.2869],[-2.84842,51.28695],[-2.84774,51.28679],[-2.84753,51.28671],[-2.84722,51.2865],[-2.84674,51.28636],[-2.8471,51.28588],[-2.8477,51.28589],[-2.84815,51.28543],[-2.84819,51.28541],[-2.84843,51.28548]]]}},{"type":"Feature","properties":{"cat":"Lowland wetland","fill":"#3DA5C4","text":"Protect and manage habitats on peat","url":"Click HERE to view the preferred habitat in our strategy"},"geometry":{"type":"Polygon","coordinates":[[[-2.84206,51.28784],[-2.84196,51.28785],[-2.84256,51.28674],[-2.84391,51.2875],[-2.84378,51.28765],[-2.843,51.2875],[-2.8429,51.28751],[-2.8426,51.28795],[-2.84206,51.28784]]]}},{"type":"Feature","properties":{"cat":"Lowland wetland","fill":"#3DA5C4","text":"Protect and manage habitats on peat","url":"Click HERE to view the preferred habitat in our strategy"},"geometry":{"type":"Polygon","coordinates":[[[-2.85497,51.28316],[-2.85437,51.282],[-2.85458,51.282],[-2.85465,51.28206],[-2.85467,51.28199],[-2.85482,51.28199],[-2.85483,51.28203],[-2.85489,51.28203],[-2.85488,51.28198],[-2.85497,51.28198],[-2.85497,51.28316]]]}},{"type":"Feature","properties":{"cat":"Lowland wetland","fill":"#3DA5C4","text":"Protect and manage habitats on peat","url":"Click HERE to view the preferred habitat in our strategy"},"geometry":{"type":"Polygon","coordinates":[[[-2.83907,51.27886],[-2.83922,51.27897],[-2.8391,51.27903],[-2.83894,51.27889],[-2.83903,51.27889],[-2.83907,51.27886]]]}},{"type":"Feature","properties":{"cat":"Lowland wetland","fill":"#3DA5C4","text":"Protect and manage habitats on peat","url":"Click HERE to view the preferred habitat in our strategy"},"geometry":{"type":"Polygon","coordinates":[[[-2.841,51.27995],[-2.84091,51.27994],[-2.84093,51.27992],[-2.84089,51.2799],[-2.84068,51.27983],[-2.84031,51.27979],[-2.84007,51.27969],[-2.83986,51.27936],[-2.83903,51.27881],[-2.84097,51.27881],[-2.84107,51.27975],[-2.84106,51.27998],[-2.841,51.27995]]]}},{"type":"Feature","properties":{"cat":"Lowland wetland","fill":"#3DA5C4","text":"Protect and manage habitats on peat","url":"Click HERE to view the preferred habitat in our strategy"},"geometry":{"type":"Polygon","coordinates":[[[-2.85455,51.29163],[-2.85332,51.29146],[-2.85321,51.29143],[-2.85325,51.29132],[-2.85322,51.29131],[-2.85318,51.29143],[-2.85244,51.29127],[-2.85175,51.29117],[-2.85177,51.29109],[-2.85185,51.29107],[-2.85324,51.29125],[-2.85323,51.29129],[-2.85326,51.29129],[-2.85341,51.29073],[-2.85356,51.29039],[-2.85409,51.29026],[-2.85497,51.29021],[-2.85497,51.29166],[-2.85455,51.29163]]]}},{"type":"Feature","properties":{"cat":"Lowland wetland","fill":"#3DA5C4","text":"Protect and manage habitats on peat","url":"Click HERE to view the preferred habitat in our strategy"},"geometry":{"type":"Polygon","coordinates":[[[-2.84072,51.28252],[-2.84066,51.28252],[-2.84064,51.28247],[-2.84073,51.28228],[-2.84102,51.28194],[-2.84141,51.28125],[-2.84149,51.28113],[-2.84156,51.2811],[-2.84139,51.28133],[-2.84102,51.28196],[-2.84077,51.28224],[-2.84068,51.2825],[-2.84072,51.28252]]]}},{"type":"Feature","properties":{"cat":"Lowland wetland","fill":"#3DA5C4","text":"Protect and manage habitats on peat","url":"Click HERE to view the preferred habitat in our strategy"},"geometry":{"type":"Polygon","coordinates":[[[-2.82387,51.28031],[-2.8256,51.28083],[-2.82571,51.28063],[-2.82643,51.28083],[-2.8257,51.28195],[-2.82573,51.28195],[-2.8257,51.28201],[-2.82566,51.28202],[-2.82264,51.28147],[-2.82258,51.2814],[-2.82297,51.28089],[-2.82341,51.28018],[-2.82387,51.28031]]]}},{"type":"Feature","properties":{"cat":"Lowland wetland","fill":"#3DA5C4","text":"Protect and manage habitats on peat","url":"Click HERE to view the preferred habitat in our strategy"},"geometry":{"type":"Polygon","coordinates":[[[-2.81095,51.28073],[-2.81083,51.28025],[-2.8117,51.28015],[-2.81185,51.28071],[-2.81096,51.28079],[-2.81095,51.28073]]]}},{"type":"Feature","properties":{"cat":"Lowland wetland","fill":"#3DA5C4","text":"Protect and manage habitats on peat","url":"Click HERE to view the preferred habitat in our strategy"},"geometry":{"type":"Polygon","coordinates":[[[-2.85497,51.28652],[-2.85421,51.28642],[-2.85448,51.28603],[-2.85448,51.28592],[-2.85443,51.28584],[-2.85422,51.28567],[-2.8545,51.28553],[-2.85434,51.28487],[-2.85432,51.28467],[-2.85497,51.28464],[-2.85497,51.28652]]]}},{"type":"Feature","properties":{"cat":"Lowland wetland","fill":"#3DA5C4","text":"Protect and manage habitats on peat","url":"Click HERE to view the preferred habitat in our strategy"},"geometry":{"type":"Polygon","coordinates":[[[-2.85353,51.29031],[-2.85349,51.29028],[-2.85353,51.29028],[-2.85351,51.28982],[-2.85497,51.28972],[-2.85497,51.29019],[-2.85405,51.29024],[-2.85357,51.29036],[-2.85353,51.29031]]]}},{"type":"Feature","properties":{"cat":"Lowland wetland","fill":"#3DA5C4","text":"Protect and manage habitats on peat","url":"Click HERE to view the preferred habitat in our strategy"},"geometry":{"type":"Polygon","coordinates":[[[-2.84796,51.28175],[-2.84803,51.2818],[-2.84799,51.28182],[-2.84827,51.28196],[-2.84802,51.28227],[-2.84787,51.2823],[-2.84783,51.28241],[-2.84786,51.28243],[-2.84757,51.28297],[-2.84736,51.28293],[-2.84757,51.28252],[-2.84775,51.28255],[-2.84778,51.28251],[-2.84775,51.28239],[-2.84677,51.28226],[-2.84693,51.28227],[-2.84694,51.28224],[-2.84703,51.28223],[-2.8469,51.28213],[-2.84781,51.28164],[-2.84796,51.28175]]]}},{"type":"Feature","properties":{"cat":"Lowland wetland","fill":"#3DA5C4","text":"Protect and manage habitats on peat","url":"Click HERE to view the preferred habitat in our strategy"},"geometry":{"type":"Polygon","coordinates":[[[-2.84776,51.28386],[-2.84912,51.28417],[-2.84891,51.28452],[-2.84827,51.28536],[-2.84818,51.28533],[-2.84815,51.28538],[-2.84688,51.28501],[-2.84737,51.28428],[-2.84761,51.28382],[-2.84776,51.28386]]]}},{"type":"Feature","properties":{"cat":"Lowland wetland","fill":"#3DA5C4","text":"Protect and manage habitats on peat","url":"Click HERE to view the preferred habitat in our strategy"},"geometry":{"type":"Polygon","coordinates":[[[-2.82749,51.28341],[-2.82594,51.2833],[-2.82661,51.28228],[-2.82928,51.28275],[-2.82855,51.28338],[-2.82852,51.28336],[-2.8285,51.28338],[-2.82853,51.2834],[-2.82842,51.28346],[-2.82844,51.28347],[-2.82836,51.28355],[-2.82749,51.28341]]]}},{"type":"Feature","properties":{"cat":"Lowland wetland","fill":"#3DA5C4","text":"Protect and manage habitats on peat","url":"Click HERE to view the preferred habitat in our strategy"},"geometry":{"type":"Polygon","coordinates":[[[-2.81621,51.28047],[-2.81621,51.28057],[-2.8159,51.28057],[-2.81589,51.28047],[-2.81621,51.28047]]]}},{"type":"Feature","properties":{"cat":"Lowland wetland","fill":"#3DA5C4","text":"Protect and manage habitats on peat","url":"Click HERE to view the preferred habitat in our strategy"},"geometry":{"type":"Polygon","coordinates":[[[-2.84904,51.28695],[-2.84913,51.28697],[-2.8491,51.28702],[-2.84934,51.28706],[-2.84975,51.28726],[-2.84979,51.28731],[-2.84976,51.28733],[-2.84968,51.28724],[-2.84933,51.28709],[-2.84896,51.28704],[-2.84898,51.28696],[-2.84904,51.28695]]]}},{"type":"Feature","properties":{"cat":"Lowland wetland","fill":"#3DA5C4","text":"Protect and manage habitats on peat","url":"Click HERE to view the preferred habitat in our strategy"},"geometry":{"type":"Polygon","coordinates":[[[-2.85109,51.2823],[-2.85111,51.28235],[-2.85126,51.2824],[-2.85123,51.28244],[-2.85127,51.2825],[-2.8514,51.28253],[-2.85149,51.28244],[-2.85172,51.28248],[-2.8517,51.28253],[-2.85163,51.28252],[-2.85154,51.28267],[-2.85101,51.28255],[-2.85086,51.2825],[-2.85105,51.28223],[-2.85109,51.2823]]]}},{"type":"Feature","properties":{"cat":"Lowland wetland","fill":"#3DA5C4","text":"Protect and manage habitats on peat","url":"Click HERE to view the preferred habitat in our strategy"},"geometry":{"type":"Polygon","coordinates":[[[-2.84733,51.28096],[-2.84728,51.28094],[-2.84727,51.2809],[-2.84745,51.28065],[-2.84824,51.28091],[-2.84844,51.28097],[-2.84845,51.28095],[-2.8471,51.28051],[-2.8472,51.28017],[-2.84713,51.27976],[-2.84717,51.27955],[-2.84726,51.27935],[-2.84744,51.27946],[-2.84758,51.2795],[-2.84872,51.27973],[-2.84836,51.28032],[-2.84825,51.28029],[-2.84815,51.2804],[-2.84857,51.28054],[-2.84872,51.28046],[-2.84877,51.2805],[-2.84824,51.28076],[-2.84836,51.28087],[-2.84845,51.28083],[-2.84855,51.28088],[-2.8487,51.28083],[-2.84878,51.28088],[-2.84855,51.28099],[-2.84849,51.28097],[-2.84847,51.28099],[-2.84853,51.281],[-2.84816,51.28119],[-2.84806,51.28119],[-2.84733,51.28096]]]}},{"type":"Feature","properties":{"cat":"Lowland wetland","fill":"#3DA5C4","text":"Protect and manage habitats on peat","url":"Click HERE to view the preferred habitat in our strategy"},"geometry":{"type":"Polygon","coordinates":[[[-2.84885,51.27975],[-2.84849,51.28037],[-2.84836,51.28032],[-2.84872,51.27973],[-2.84885,51.27975]]]}},{"type":"Feature","properties":{"cat":"Lowland wetland","fill":"#3DA5C4","text":"Protect and manage habitats on peat","url":"Click HERE to view the preferred habitat in our strategy"},"geometry":{"type":"Polygon","coordinates":[[[-2.85496,51.28742],[-2.85424,51.28727],[-2.85366,51.28711],[-2.85375,51.28704],[-2.85397,51.28667],[-2.85421,51.28642],[-2.85497,51.28652],[-2.85496,51.28742]]]}},{"type":"Feature","properties":{"cat":"Lowland wetland","fill":"#3DA5C4","text":"Protect and manage habitats on peat","url":"Click HERE to view the preferred habitat in our strategy"},"geometry":{"type":"Polygon","coordinates":[[[-2.82924,51.28033],[-2.82742,51.27958],[-2.82782,51.27881],[-2.82908,51.27881],[-2.83181,51.28028],[-2.83188,51.28028],[-2.83185,51.2803],[-2.83198,51.28036],[-2.83114,51.28111],[-2.82924,51.28033]]]}},{"type":"Feature","properties":{"cat":"Lowland wetland","fill":"#3DA5C4","text":"Protect and manage habitats on peat","url":"Click HERE to view the preferred habitat in our strategy"},"geometry":{"type":"Polygon","coordinates":[[[-2.82576,51.28208],[-2.82933,51.28273],[-2.8258,51.28211],[-2.82578,51.28213],[-2.82568,51.28208],[-2.82576,51.28208]]]}},{"type":"Feature","properties":{"cat":"Lowland wetland","fill":"#3DA5C4","text":"Protect and manage habitats on peat","url":"Click HERE to view the preferred habitat in our strategy"},"geometry":{"type":"Polygon","coordinates":[[[-2.82372,51.27971],[-2.82551,51.28029],[-2.82629,51.27921],[-2.82675,51.27939],[-2.82599,51.28068],[-2.82571,51.2806],[-2.82557,51.28079],[-2.82344,51.28016],[-2.82372,51.27971]]]}},{"type":"Feature","properties":{"cat":"Lowland wetland","fill":"#3DA5C4","text":"Protect and manage habitats on peat","url":"Click HERE to view the preferred habitat in our strategy"},"geometry":{"type":"Polygon","coordinates":[[[-2.8333,51.28549],[-2.83132,51.2851],[-2.83186,51.28413],[-2.83441,51.28454],[-2.83351,51.28548],[-2.83355,51.28549],[-2.83352,51.28552],[-2.83329,51.28552],[-2.8333,51.28549]]]}},{"type":"Feature","properties":{"cat":"Lowland wetland","fill":"#3DA5C4","text":"Protect and manage habitats on peat","url":"Click HERE to view the preferred habitat in our strategy"},"geometry":{"type":"Polygon","coordinates":[[[-2.81402,51.28091],[-2.81405,51.281],[-2.81149,51.28134],[-2.81132,51.28125],[-2.8113,51.28121],[-2.81174,51.28115],[-2.81168,51.28098],[-2.81397,51.28067],[-2.81402,51.28091]]]}},{"type":"Feature","properties":{"cat":"Lowland wetland","fill":"#3DA5C4","text":"Protect and manage habitats on peat","url":"Click HERE to view the preferred habitat in our strategy"},"geometry":{"type":"Polygon","coordinates":[[[-2.83818,51.28429],[-2.83929,51.28366],[-2.83956,51.2837],[-2.83951,51.28378],[-2.83941,51.28384],[-2.8394,51.28391],[-2.83985,51.28424],[-2.83929,51.28453],[-2.84026,51.28524],[-2.83999,51.2854],[-2.8392,51.28525],[-2.83583,51.28472],[-2.83652,51.28417],[-2.83658,51.28422],[-2.83668,51.28421],[-2.83678,51.28412],[-2.83675,51.28407],[-2.83726,51.28363],[-2.83818,51.28429]]]}},{"type":"Feature","properties":{"cat":"Lowland wetland","fill":"#3DA5C4","text":"Protect and manage habitats on peat","url":"Click HERE to view the preferred habitat in our strategy"},"geometry":{"type":"Polygon","coordinates":[[[-2.84624,51.28804],[-2.84658,51.28805],[-2.84665,51.28808],[-2.84669,51.2883],[-2.84669,51.28877],[-2.84605,51.28873],[-2.84604,51.28829],[-2.84607,51.28819],[-2.84603,51.28805],[-2.84624,51.28804]]]}},{"type":"Feature","properties":{"cat":"Lowland wetland","fill":"#3DA5C4","text":"Protect and manage habitats on peat","url":"Click HERE to view the preferred habitat in our strategy"},"geometry":{"type":"Polygon","coordinates":[[[-2.84866,51.28551],[-2.85015,51.28594],[-2.85013,51.28596],[-2.84849,51.28548],[-2.84821,51.28538],[-2.84866,51.28551]]]}},{"type":"Feature","properties":{"cat":"Lowland wetland","fill":"#3DA5C4","text":"Protect and manage habitats on peat","url":"Click HERE to view the preferred habitat in our strategy"},"geometry":{"type":"Polygon","coordinates":[[[-2.84037,51.28793],[-2.84037,51.28812],[-2.84029,51.28812],[-2.84029,51.28793],[-2.84037,51.28793]]]}},{"type":"Feature","properties":{"cat":"Lowland wetland","fill":"#3DA5C4","text":"Protect and manage habitats on peat","url":"Click HERE to view the preferred habitat in our strategy"},"geometry":{"type":"Polygon","coordinates":[[[-2.83626,51.2838],[-2.8362,51.28381],[-2.83185,51.28274],[-2.83259,51.28193],[-2.83293,51.28159],[-2.83298,51.2816],[-2.8374,51.2833],[-2.83662,51.28391],[-2.83631,51.28384],[-2.83626,51.2838]]]}},{"type":"Feature","properties":{"cat":"Lowland wetland","fill":"#3DA5C4","text":"Protect and manage habitats on peat","url":"Click HERE to view the preferred habitat in our strategy"},"geometry":{"type":"Polygon","coordinates":[[[-2.85202,51.27881],[-2.85204,51.27893],[-2.85201,51.27902],[-2.85149,51.27895],[-2.85162,51.27881],[-2.85202,51.27881]]]}},{"type":"Feature","properties":{"cat":"Lowland wetland","fill":"#3DA5C4","text":"Protect and manage habitats on peat","url":"Click HERE to view the preferred habitat in our strategy"},"geometry":{"type":"Polygon","coordinates":[[[-2.81409,51.28107],[-2.81419,51.28156],[-2.81378,51.28161],[-2.81372,51.28137],[-2.81226,51.28154],[-2.81218,51.28126],[-2.81405,51.28101],[-2.81409,51.28107]]]}},{"type":"Feature","properties":{"cat":"Lowland wetland","fill":"#3DA5C4","text":"Protect and manage habitats on peat","url":"Click HERE to view the preferred habitat in our strategy"},"geometry":{"type":"Polygon","coordinates":[[[-2.83893,51.27881],[-2.83892,51.27885],[-2.83873,51.27886],[-2.83832,51.27885],[-2.83826,51.27881],[-2.83893,51.27881]]]}},{"type":"Feature","properties":{"cat":"Lowland wetland","fill":"#3DA5C4","text":"Protect and manage habitats on peat","url":"Click HERE to view the preferred habitat in our strategy"},"geometry":{"type":"Polygon","coordinates":[[[-2.8491,51.28683],[-2.84914,51.28685],[-2.84912,51.28689],[-2.84896,51.2869],[-2.84906,51.28682],[-2.8491,51.28683]]]}},{"type":"Feature","properties":{"cat":"Lowland wetland","fill":"#3DA5C4","text":"Restore and manage wetlands, incorporating a mosaic of wetland features to benefit a wide variety of fauna and flora.","url":"Click HERE to view the preferred habitat in our strategy"},"geometry":{"type":"Polygon","coordinates":[[[-2.8204,51.28319],[-2.81983,51.28394],[-2.81946,51.28433],[-2.81939,51.28439],[-2.81934,51.28437],[-2.81936,51.28435],[-2.81919,51.28433],[-2.81927,51.28416],[-2.81947,51.28396],[-2.8196,51.28375],[-2.82015,51.28339],[-2.82035,51.28317],[-2.8204,51.28319]]]}},{"type":"Feature","properties":{"cat":"Lowland wetland","fill":"#3DA5C4","text":"Restore and manage wetlands, incorporating a mosaic of wetland features to benefit a wide variety of fauna and flora.","url":"Click HERE to view the preferred habitat in our strategy"},"geometry":{"type":"Polygon","coordinates":[[[-2.82603,51.28753],[-2.8261,51.28755],[-2.82624,51.2875],[-2.82659,51.28723],[-2.82682,51.28696],[-2.82685,51.28687],[-2.82706,51.28676],[-2.82706,51.28642],[-2.82712,51.28642],[-2.8271,51.28609],[-2.82729,51.28605],[-2.82733,51.28601],[-2.82737,51.28587],[-2.82773,51.28589],[-2.82804,51.28585],[-2.82848,51.28585],[-2.82873,51.28591],[-2.82903,51.28603],[-2.82934,51.28645],[-2.82946,51.28666],[-2.82948,51.28676],[-2.82967,51.28696],[-2.82995,51.28715],[-2.83052,51.28745],[-2.83057,51.28753],[-2.83076,51.28769],[-2.83058,51.28799],[-2.83027,51.28878],[-2.8301,51.28908],[-2.8282,51.28857],[-2.82735,51.28846],[-2.82614,51.28822],[-2.82592,51.28803],[-2.82596,51.28766],[-2.82603,51.28753]]]}},{"type":"Feature","properties":{"cat":"Lowland wetland","fill":"#3DA5C4","text":"Protect and manage habitats on peat","url":"Click HERE to view the preferred habitat in our strategy"},"geometry":{"type":"Polygon","coordinates":[[[-2.8535,51.29279],[-2.85323,51.29274],[-2.85347,51.292],[-2.85362,51.29202],[-2.85363,51.29198],[-2.85384,51.29201],[-2.85358,51.29279],[-2.8535,51.29279]]]}},{"type":"Feature","properties":{"cat":"Lowland wetland","fill":"#3DA5C4","text":"Protect and manage habitats on peat","url":"Click HERE to view the preferred habitat in our strategy"},"geometry":{"type":"Polygon","coordinates":[[[-2.84692,51.2819],[-2.84692,51.28187],[-2.84714,51.28175],[-2.84722,51.28174],[-2.84692,51.2819]]]}},{"type":"Feature","properties":{"cat":"Lowland wetland","fill":"#3DA5C4","text":"Protect and manage habitats on peat","url":"Click HERE to view the preferred habitat in our strategy"},"geometry":{"type":"Polygon","coordinates":[[[-2.83403,51.28095],[-2.83405,51.28093],[-2.83402,51.28091],[-2.83413,51.28072],[-2.83432,51.28045],[-2.83485,51.28081],[-2.83581,51.2813],[-2.83656,51.28163],[-2.83779,51.28228],[-2.83829,51.28258],[-2.8374,51.2833],[-2.83728,51.28325],[-2.8373,51.28323],[-2.83356,51.28179],[-2.834,51.28096],[-2.83403,51.28095]]]}},{"type":"Feature","properties":{"cat":"Lowland wetland","fill":"#3DA5C4","text":"Protect and manage habitats on peat","url":"Click HERE to view the preferred habitat in our strategy"},"geometry":{"type":"Polygon","coordinates":[[[-2.85232,51.27939],[-2.85219,51.27944],[-2.85215,51.27941],[-2.85232,51.27939]]]}},{"type":"Feature","properties":{"cat":"Lowland wetland","fill":"#3DA5C4","text":"Protect and manage habitats on peat","url":"Click HERE to view the preferred habitat in our strategy"},"geometry":{"type":"Polygon","coordinates":[[[-2.85234,51.2794],[-2.85258,51.27947],[-2.85348,51.27959],[-2.85366,51.27965],[-2.85387,51.27978],[-2.85378,51.27983],[-2.85396,51.2801],[-2.85412,51.28018],[-2.85427,51.28021],[-2.85441,51.28032],[-2.85447,51.28052],[-2.85449,51.28076],[-2.85457,51.2809],[-2.85485,51.28109],[-2.85497,51.28121],[-2.85497,51.28196],[-2.85416,51.28198],[-2.85344,51.28192],[-2.8533,51.28185],[-2.85294,51.28155],[-2.85351,51.28063],[-2.85219,51.27944],[-2.85234,51.2794]]]}},{"type":"Feature","properties":{"cat":"Lowland wetland","fill":"#3DA5C4","text":"Protect and manage habitats on peat","url":"Click HERE to view the preferred habitat in our strategy"},"geometry":{"type":"Polygon","coordinates":[[[-2.85098,51.28043],[-2.85123,51.28051],[-2.8512,51.28054],[-2.85131,51.28061],[-2.85138,51.28055],[-2.85194,51.28091],[-2.85213,51.2809],[-2.85221,51.28095],[-2.8521,51.28105],[-2.852,51.28101],[-2.85131,51.28066],[-2.85097,51.28046],[-2.85076,51.28027],[-2.85098,51.28043]],[[-2.85129,51.28064],[-2.85134,51.28067],[-2.85137,51.28065],[-2.85132,51.28062],[-2.85129,51.28064]],[[-2.8511,51.28052],[-2.85117,51.28051],[-2.85113,51.28049],[-2.8511,51.28052]]]}},{"type":"Feature","properties":{"cat":"Lowland wetland","fill":"#3DA5C4","text":"Protect and manage habitats on peat","url":"Click HERE to view the preferred habitat in our strategy"},"geometry":{"type":"Polygon","coordinates":[[[-2.83329,51.27881],[-2.833,51.27912],[-2.83268,51.2793],[-2.83195,51.27881],[-2.83329,51.27881]]]}},{"type":"Feature","properties":{"cat":"Lowland wetland","fill":"#3DA5C4","text":"Protect and manage habitats on peat","url":"Click HERE to view the preferred habitat in our strategy"},"geometry":{"type":"Polygon","coordinates":[[[-2.83294,51.27947],[-2.83268,51.2793],[-2.83277,51.27924],[-2.83282,51.27925],[-2.83294,51.2792],[-2.83333,51.27881],[-2.83343,51.27881],[-2.83326,51.27902],[-2.83335,51.27914],[-2.83331,51.27927],[-2.83309,51.27951],[-2.83303,51.27952],[-2.83294,51.27947]]]}},{"type":"Feature","properties":{"cat":"Lowland wetland","fill":"#3DA5C4","text":"Protect and manage habitats on peat","url":"Click HERE to view the preferred habitat in our strategy"},"geometry":{"type":"Polygon","coordinates":[[[-2.8527,51.27903],[-2.8527,51.27908],[-2.85264,51.27909],[-2.85264,51.27906],[-2.8527,51.27903]]]}},{"type":"Feature","properties":{"cat":"Lowland wetland","fill":"#3DA5C4","text":"Protect and manage habitats on peat","url":"Click HERE to view the preferred habitat in our strategy"},"geometry":{"type":"Polygon","coordinates":[[[-2.85497,51.27943],[-2.85433,51.27955],[-2.85399,51.27972],[-2.85384,51.27962],[-2.85406,51.27957],[-2.85404,51.27944],[-2.85424,51.27938],[-2.85417,51.27922],[-2.85495,51.27906],[-2.85497,51.27943]]]}},{"type":"Feature","properties":{"cat":"Lowland wetland","fill":"#3DA5C4","text":"Protect and manage habitats on peat","url":"Click HERE to view the preferred habitat in our strategy"},"geometry":{"type":"Polygon","coordinates":[[[-2.83192,51.28028],[-2.83129,51.27997],[-2.82915,51.27881],[-2.83183,51.27881],[-2.83298,51.27956],[-2.83285,51.2796],[-2.83203,51.28032],[-2.832,51.28034],[-2.83192,51.28028]],[[-2.83239,51.27931],[-2.83235,51.27934],[-2.83229,51.27931],[-2.83225,51.27933],[-2.83243,51.27943],[-2.8325,51.27939],[-2.83239,51.27931]]]}},{"type":"Feature","properties":{"cat":"Lowland wetland","fill":"#3DA5C4","text":"Protect and manage habitats on peat","url":"Click HERE to view the preferred habitat in our strategy"},"geometry":{"type":"Polygon","coordinates":[[[-2.847,51.28654],[-2.84719,51.28661],[-2.8475,51.2868],[-2.84776,51.28689],[-2.8479,51.2869],[-2.84836,51.28703],[-2.84885,51.28707],[-2.8489,51.28705],[-2.84932,51.28711],[-2.84969,51.28727],[-2.84979,51.28744],[-2.85008,51.28767],[-2.85044,51.28784],[-2.85092,51.28787],[-2.85208,51.28771],[-2.85212,51.28777],[-2.85214,51.28795],[-2.85217,51.28795],[-2.85216,51.28798],[-2.85219,51.288],[-2.85118,51.28799],[-2.8499,51.28792],[-2.84932,51.28783],[-2.84742,51.28744],[-2.84739,51.28743],[-2.84744,51.28736],[-2.84747,51.28737],[-2.84762,51.28694],[-2.84646,51.28663],[-2.84658,51.28654],[-2.84678,51.2865],[-2.847,51.28654]]]}},{"type":"Feature","properties":{"cat":"Lowland wetland","fill":"#3DA5C4","text":"Protect and manage habitats on peat","url":"Click HERE to view the preferred habitat in our strategy"},"geometry":{"type":"Polygon","coordinates":[[[-2.84976,51.27963],[-2.84936,51.27962],[-2.84839,51.2795],[-2.84762,51.27933],[-2.84725,51.27912],[-2.84732,51.27906],[-2.84739,51.27906],[-2.84809,51.27919],[-2.84971,51.27937],[-2.84983,51.27963],[-2.84976,51.27963]]]}},{"type":"Feature","properties":{"cat":"Lowland wetland","fill":"#3DA5C4","text":"Protect and manage habitats on peat","url":"Click HERE to view the preferred habitat in our strategy"},"geometry":{"type":"Polygon","coordinates":[[[-2.85497,51.28093],[-2.85484,51.28085],[-2.85479,51.28077],[-2.85473,51.28034],[-2.85441,51.28003],[-2.85403,51.27973],[-2.8543,51.2796],[-2.85497,51.27947],[-2.85497,51.28093]]]}},{"type":"Feature","properties":{"cat":"Lowland wetland","fill":"#3DA5C4","text":"Protect and manage habitats on peat","url":"Click HERE to view the preferred habitat in our strategy"},"geometry":{"type":"Polygon","coordinates":[[[-2.85055,51.27894],[-2.85055,51.27881],[-2.85099,51.27881],[-2.85135,51.27893],[-2.85201,51.27904],[-2.85195,51.27923],[-2.85051,51.27945],[-2.85055,51.27894]]]}},{"type":"Feature","properties":{"cat":"Lowland wetland","fill":"#3DA5C4","text":"Protect and manage habitats on peat","url":"Click HERE to view the preferred habitat in our strategy"},"geometry":{"type":"Polygon","coordinates":[[[-2.84484,51.27881],[-2.84459,51.27897],[-2.84454,51.27892],[-2.84395,51.27881],[-2.84484,51.27881]]]}},{"type":"Feature","properties":{"cat":"Lowland wetland","fill":"#3DA5C4","text":"Protect and manage habitats on peat","url":"Click HERE to view the preferred habitat in our strategy"},"geometry":{"type":"Polygon","coordinates":[[[-2.85271,51.28806],[-2.85317,51.28806],[-2.85332,51.28819],[-2.85337,51.28838],[-2.85348,51.28853],[-2.85339,51.28926],[-2.8534,51.28938],[-2.8527,51.28943],[-2.85186,51.28934],[-2.85204,51.2885],[-2.85217,51.28825],[-2.85223,51.28806],[-2.85271,51.28806]]]}},{"type":"Feature","properties":{"cat":"Lowland wetland","fill":"#3DA5C4","text":"Protect and manage habitats on peat","url":"Click HERE to view the preferred habitat in our strategy"},"geometry":{"type":"Polygon","coordinates":[[[-2.81857,51.28232],[-2.81856,51.28234],[-2.81814,51.28229],[-2.81807,51.28233],[-2.8181,51.28228],[-2.81804,51.28228],[-2.81898,51.28001],[-2.81895,51.28],[-2.81896,51.27996],[-2.81899,51.27997],[-2.81901,51.27994],[-2.81909,51.27998],[-2.82199,51.28012],[-2.82157,51.28043],[-2.82082,51.2811],[-2.81977,51.28208],[-2.81941,51.28246],[-2.81932,51.28242],[-2.81857,51.28232]]]}},{"type":"Feature","properties":{"cat":"Lowland wetland","fill":"#3DA5C4","text":"Protect and manage habitats on peat","url":"Click HERE to view the preferred habitat in our strategy"},"geometry":{"type":"Polygon","coordinates":[[[-2.81108,51.28397],[-2.81084,51.28397],[-2.81042,51.28381],[-2.80946,51.2837],[-2.8094,51.28356],[-2.80972,51.28315],[-2.80981,51.28297],[-2.80996,51.28251],[-2.81013,51.2808],[-2.81048,51.2808],[-2.81057,51.28121],[-2.8107,51.28146],[-2.81144,51.28195],[-2.81165,51.28242],[-2.81175,51.28296],[-2.81196,51.28349],[-2.81207,51.28367],[-2.8119,51.28366],[-2.81188,51.28377],[-2.81216,51.28378],[-2.81222,51.28385],[-2.81219,51.28391],[-2.81155,51.28393],[-2.81131,51.284],[-2.81108,51.28397]]]}},{"type":"Feature","properties":{"cat":"Lowland wetland","fill":"#3DA5C4","text":"Protect and manage habitats on peat","url":"Click HERE to view the preferred habitat in our strategy"},"geometry":{"type":"Polygon","coordinates":[[[-2.85497,51.28882],[-2.85426,51.28871],[-2.85359,51.28853],[-2.85344,51.28844],[-2.85333,51.28816],[-2.8532,51.28805],[-2.85497,51.288],[-2.85497,51.28882]]]}},{"type":"Feature","properties":{"cat":"Lowland wetland","fill":"#3DA5C4","text":"Protect and manage habitats on peat","url":"Click HERE to view the preferred habitat in our strategy"},"geometry":{"type":"Polygon","coordinates":[[[-2.85216,51.28798],[-2.85217,51.28785],[-2.85212,51.2877],[-2.85258,51.28762],[-2.85266,51.28763],[-2.85266,51.2876],[-2.85295,51.28753],[-2.85314,51.28769],[-2.85399,51.28724],[-2.85497,51.28744],[-2.85497,51.28794],[-2.8525,51.288],[-2.85216,51.28798]]]}},{"type":"Feature","properties":{"cat":"Lowland wetland","fill":"#3DA5C4","text":"Protect and manage habitats on peat","url":"Click HERE to view the preferred habitat in our strategy"},"geometry":{"type":"Polygon","coordinates":[[[-2.83696,51.27881],[-2.83727,51.27921],[-2.83825,51.28027],[-2.83675,51.28168],[-2.83496,51.2808],[-2.83307,51.27955],[-2.83334,51.27922],[-2.83335,51.27914],[-2.83326,51.27902],[-2.83343,51.27881],[-2.83696,51.27881]]]}},{"type":"Feature","properties":{"cat":"Lowland wetland","fill":"#3DA5C4","text":"Protect and manage habitats on peat","url":"Click HERE to view the preferred habitat in our strategy"},"geometry":{"type":"Polygon","coordinates":[[[-2.85033,51.2883],[-2.8503,51.2882],[-2.8502,51.28818],[-2.85019,51.28812],[-2.85016,51.28812],[-2.85019,51.2881],[-2.8502,51.288],[-2.85126,51.28806],[-2.8522,51.28806],[-2.85212,51.28827],[-2.85215,51.28828],[-2.85214,51.28831],[-2.85211,51.2883],[-2.85199,51.28858],[-2.85184,51.28933],[-2.85045,51.28918],[-2.8502,51.28912],[-2.85033,51.2883]]]}},{"type":"Feature","properties":{"cat":"Lowland wetland","fill":"#3DA5C4","text":"Protect and manage habitats on peat","url":"Click HERE to view the preferred habitat in our strategy"},"geometry":{"type":"Polygon","coordinates":[[[-2.85214,51.29291],[-2.85215,51.29282],[-2.85282,51.29294],[-2.8529,51.2927],[-2.85331,51.29276],[-2.85286,51.29368],[-2.85243,51.29329],[-2.85215,51.29315],[-2.85207,51.29314],[-2.85214,51.29291]]]}},{"type":"Feature","properties":{"cat":"Lowland wetland","fill":"#3DA5C4","text":"Protect and manage habitats on peat","url":"Click HERE to view the preferred habitat in our strategy"},"geometry":{"type":"Polygon","coordinates":[[[-2.83109,51.28783],[-2.83111,51.28781],[-2.83075,51.28765],[-2.83054,51.28743],[-2.83015,51.28722],[-2.82995,51.28715],[-2.82967,51.28696],[-2.82948,51.28676],[-2.82946,51.28666],[-2.82934,51.28645],[-2.82911,51.28614],[-2.82936,51.28602],[-2.831,51.28505],[-2.83345,51.28554],[-2.83126,51.28782],[-2.83118,51.28785],[-2.83109,51.28783]]]}},{"type":"Feature","properties":{"cat":"Lowland wetland","fill":"#3DA5C4","text":"Protect and manage habitats on peat","url":"Click HERE to view the preferred habitat in our strategy"},"geometry":{"type":"Polygon","coordinates":[[[-2.84409,51.28627],[-2.84291,51.28562],[-2.84177,51.28494],[-2.84222,51.28467],[-2.84304,51.28519],[-2.84306,51.28522],[-2.84304,51.2853],[-2.84315,51.28545],[-2.8433,51.28561],[-2.84341,51.28568],[-2.84403,51.28587],[-2.84419,51.28595],[-2.84454,51.28624],[-2.84463,51.28628],[-2.84532,51.2863],[-2.84514,51.28671],[-2.84524,51.28678],[-2.84518,51.28683],[-2.84409,51.28627]]]}},{"type":"Feature","properties":{"cat":"Lowland wetland","fill":"#3DA5C4","text":"Protect and manage habitats on peat","url":"Click HERE to view the preferred habitat in our strategy"},"geometry":{"type":"Polygon","coordinates":[[[-2.83961,51.28338],[-2.83964,51.28341],[-2.83962,51.28344],[-2.83957,51.2834],[-2.83961,51.28338]]]}},{"type":"Feature","properties":{"cat":"Lowland wetland","fill":"#3DA5C4","text":"Protect and manage habitats on peat","url":"Click HERE to view the preferred habitat in our strategy"},"geometry":{"type":"Polygon","coordinates":[[[-2.83319,51.27969],[-2.83432,51.28045],[-2.83425,51.28052],[-2.83421,51.28051],[-2.83352,51.28178],[-2.83291,51.28156],[-2.83186,51.28266],[-2.83191,51.28267],[-2.83187,51.28273],[-2.83,51.28229],[-2.83008,51.28219],[-2.83294,51.27968],[-2.83304,51.2796],[-2.83319,51.27969]]]}},{"type":"Feature","properties":{"cat":"Lowland wetland","fill":"#3DA5C4","text":"Protect and manage habitats on peat","url":"Click HERE to view the preferred habitat in our strategy"},"geometry":{"type":"Polygon","coordinates":[[[-2.85047,51.27946],[-2.85004,51.27958],[-2.84997,51.27952],[-2.84989,51.27952],[-2.84992,51.27961],[-2.84983,51.27963],[-2.84971,51.27937],[-2.84809,51.27919],[-2.84739,51.27906],[-2.84732,51.27906],[-2.84725,51.27912],[-2.84676,51.27881],[-2.85055,51.27881],[-2.85051,51.27945],[-2.85047,51.27946]]]}},{"type":"Feature","properties":{"cat":"Lowland wetland","fill":"#3DA5C4","text":"Protect and manage habitats on peat","url":"Click HERE to view the preferred habitat in our strategy"},"geometry":{"type":"Polygon","coordinates":[[[-2.81915,51.27995],[-2.81914,51.27998],[-2.81909,51.27998],[-2.81948,51.27881],[-2.82322,51.27881],[-2.82302,51.27915],[-2.82275,51.27949],[-2.82199,51.28012],[-2.81915,51.27995]]]}},{"type":"Feature","properties":{"cat":"Lowland wetland","fill":"#3DA5C4","text":"Protect and manage habitats on peat","url":"Click HERE to view the preferred habitat in our strategy"},"geometry":{"type":"Polygon","coordinates":[[[-2.84054,51.28303],[-2.84065,51.28303],[-2.84092,51.28357],[-2.84114,51.28375],[-2.84157,51.28422],[-2.84158,51.2845],[-2.84169,51.28467],[-2.8415,51.28477],[-2.84048,51.28411],[-2.83967,51.28348],[-2.83977,51.28345],[-2.83974,51.28344],[-2.83977,51.28342],[-2.84045,51.28303],[-2.84054,51.28303]]]}},{"type":"Feature","properties":{"cat":"Lowland wetland","fill":"#3DA5C4","text":"Protect and manage habitats on peat","url":"Click HERE to view the preferred habitat in our strategy"},"geometry":{"type":"Polygon","coordinates":[[[-2.82417,51.2789],[-2.82416,51.27893],[-2.82409,51.27889],[-2.82399,51.2789],[-2.82392,51.27881],[-2.82554,51.27881],[-2.82634,51.27915],[-2.82626,51.2792],[-2.82618,51.27934],[-2.82417,51.2789]]]}},{"type":"Feature","properties":{"cat":"Lowland wetland","fill":"#3DA5C4","text":"Protect and manage habitats on peat","url":"Click HERE to view the preferred habitat in our strategy"},"geometry":{"type":"Polygon","coordinates":[[[-2.84428,51.28169],[-2.84308,51.28103],[-2.84271,51.28078],[-2.84311,51.28066],[-2.84351,51.28026],[-2.84381,51.28015],[-2.844,51.28013],[-2.84451,51.28022],[-2.84461,51.28026],[-2.84485,51.28044],[-2.84488,51.28042],[-2.84453,51.28019],[-2.844,51.2801],[-2.84369,51.28016],[-2.84336,51.28012],[-2.84332,51.27997],[-2.84343,51.27977],[-2.84377,51.27952],[-2.8449,51.27881],[-2.84654,51.27881],[-2.84728,51.27927],[-2.84723,51.27931],[-2.84712,51.27964],[-2.8471,51.2798],[-2.84716,51.28012],[-2.84708,51.28048],[-2.847,51.28067],[-2.8468,51.28086],[-2.84624,51.2811],[-2.84576,51.28123],[-2.84565,51.28139],[-2.84576,51.28172],[-2.84569,51.28176],[-2.84529,51.28178],[-2.84461,51.28193],[-2.84428,51.28169]]]}},{"type":"Feature","properties":{"cat":"Lowland wetland","fill":"#3DA5C4","text":"Protect and manage habitats on peat","url":"Click HERE to view the preferred habitat in our strategy"},"geometry":{"type":"Polygon","coordinates":[[[-2.84651,51.29227],[-2.84671,51.29199],[-2.84684,51.29173],[-2.84717,51.29068],[-2.84753,51.29012],[-2.84783,51.29025],[-2.84793,51.29036],[-2.84815,51.29072],[-2.84808,51.29077],[-2.84806,51.29115],[-2.84809,51.29174],[-2.84815,51.29174],[-2.84822,51.29242],[-2.84862,51.29244],[-2.84963,51.29241],[-2.84964,51.29255],[-2.84971,51.2926],[-2.84977,51.29271],[-2.84914,51.29282],[-2.84813,51.29316],[-2.84787,51.29321],[-2.8475,51.29323],[-2.84627,51.29301],[-2.84631,51.29282],[-2.84634,51.29281],[-2.84637,51.29254],[-2.84651,51.29227]]]}},{"type":"Feature","properties":{"cat":"Lowland wetland","fill":"#3DA5C4","text":"Protect and manage habitats on peat","url":"Click HERE to view the preferred habitat in our strategy"},"geometry":{"type":"Polygon","coordinates":[[[-2.84661,51.28722],[-2.84656,51.28723],[-2.84562,51.28698],[-2.84569,51.28693],[-2.84587,51.28698],[-2.84601,51.28675],[-2.84637,51.28661],[-2.84641,51.28664],[-2.84643,51.28662],[-2.84646,51.28663],[-2.84644,51.28665],[-2.84758,51.28696],[-2.8475,51.28724],[-2.84739,51.28743],[-2.84661,51.28722]]]}},{"type":"Feature","properties":{"cat":"Lowland wetland","fill":"#3DA5C4","text":"Protect and manage habitats on peat","url":"Click HERE to view the preferred habitat in our strategy"},"geometry":{"type":"Polygon","coordinates":[[[-2.85129,51.2805],[-2.85139,51.28044],[-2.85213,51.2809],[-2.85194,51.28091],[-2.85129,51.2805]]]}},{"type":"Feature","properties":{"cat":"Lowland wetland","fill":"#3DA5C4","text":"Protect and manage habitats on peat","url":"Click HERE to view the preferred habitat in our strategy"},"geometry":{"type":"Polygon","coordinates":[[[-2.81263,51.28004],[-2.8138,51.27988],[-2.81394,51.28051],[-2.81391,51.28051],[-2.81392,51.28054],[-2.81395,51.28053],[-2.81397,51.28065],[-2.81286,51.2808],[-2.81263,51.28004]]]}},{"type":"Feature","properties":{"cat":"Lowland wetland","fill":"#3DA5C4","text":"Protect and manage habitats on peat","url":"Click HERE to view the preferred habitat in our strategy"},"geometry":{"type":"Polygon","coordinates":[[[-2.84766,51.28525],[-2.84814,51.2854],[-2.84771,51.28583],[-2.84764,51.28586],[-2.84732,51.28584],[-2.84749,51.28563],[-2.84723,51.28556],[-2.84748,51.28521],[-2.84766,51.28525]]]}},{"type":"Feature","properties":{"cat":"Lowland wetland","fill":"#3DA5C4","text":"Protect and manage habitats on peat","url":"Click HERE to view the preferred habitat in our strategy"},"geometry":{"type":"Polygon","coordinates":[[[-2.83943,51.2795],[-2.83944,51.27955],[-2.83938,51.27958],[-2.83926,51.27954],[-2.83929,51.27948],[-2.83935,51.27946],[-2.83943,51.2795]]]}},{"type":"Feature","properties":{"cat":"Lowland wetland","fill":"#3DA5C4","text":"Protect and manage habitats on peat","url":"Click HERE to view the preferred habitat in our strategy"},"geometry":{"type":"Polygon","coordinates":[[[-2.82177,51.28307],[-2.8213,51.28307],[-2.82089,51.28302],[-2.82134,51.2826],[-2.82157,51.28234],[-2.8216,51.28235],[-2.82246,51.28152],[-2.8241,51.28182],[-2.82344,51.28303],[-2.82347,51.28304],[-2.82344,51.28312],[-2.82177,51.28307]]]}},{"type":"Feature","properties":{"cat":"Lowland wetland","fill":"#3DA5C4","text":"Protect and manage habitats on peat","url":"Click HERE to view the preferred habitat in our strategy"},"geometry":{"type":"Polygon","coordinates":[[[-2.82779,51.27881],[-2.82738,51.27956],[-2.82557,51.27881],[-2.82779,51.27881]]]}},{"type":"Feature","properties":{"cat":"Lowland wetland","fill":"#3DA5C4","text":"Protect and manage habitats on peat","url":"Click HERE to view the preferred habitat in our strategy"},"geometry":{"type":"Polygon","coordinates":[[[-2.81963,51.2824],[-2.81965,51.28243],[-2.81958,51.28246],[-2.81963,51.2824]]]}},{"type":"Feature","properties":{"cat":"Lowland wetland","fill":"#3DA5C4","text":"Restore and manage wetlands, incorporating a mosaic of wetland features to benefit a wide variety of fauna and flora.","url":"Click HERE to view the preferred habitat in our strategy"},"geometry":{"type":"Polygon","coordinates":[[[-2.84053,51.28286],[-2.84043,51.28305],[-2.83971,51.28344],[-2.84033,51.2831],[-2.84045,51.28298],[-2.84052,51.28281],[-2.84055,51.28281],[-2.84053,51.28286]]]}},{"type":"Feature","properties":{"cat":"Lowland wetland","fill":"#3DA5C4","text":"Protect and manage habitats on peat","url":"Click HERE to view the preferred habitat in our strategy"},"geometry":{"type":"Polygon","coordinates":[[[-2.85217,51.28645],[-2.8535,51.28688],[-2.85355,51.28695],[-2.85352,51.28705],[-2.85342,51.28714],[-2.85311,51.28732],[-2.85278,51.28745],[-2.85239,51.28754],[-2.85113,51.28774],[-2.85084,51.28775],[-2.8506,51.28771],[-2.85029,51.28759],[-2.85006,51.28746],[-2.84988,51.28724],[-2.84963,51.28709],[-2.84915,51.28693],[-2.84925,51.28676],[-2.84936,51.28666],[-2.85022,51.28601],[-2.85046,51.28588],[-2.85217,51.28645]]]}},{"type":"Feature","properties":{"cat":"Lowland wetland","fill":"#3DA5C4","text":"Protect and manage habitats on peat","url":"Click HERE to view the preferred habitat in our strategy"},"geometry":{"type":"Polygon","coordinates":[[[-2.81212,51.28161],[-2.81203,51.28163],[-2.81201,51.28157],[-2.81372,51.28137],[-2.81378,51.28161],[-2.81222,51.28177],[-2.81216,51.28177],[-2.81212,51.28161]]]}},{"type":"Feature","properties":{"cat":"Lowland wetland","fill":"#3DA5C4","text":"Protect and manage habitats on peat","url":"Click HERE to view the preferred habitat in our strategy"},"geometry":{"type":"Polygon","coordinates":[[[-2.83999,51.28811],[-2.83991,51.28811],[-2.84008,51.28783],[-2.84029,51.28782],[-2.84029,51.28816],[-2.84006,51.28817],[-2.84,51.28815],[-2.83999,51.28811]],[[-2.83996,51.28806],[-2.83994,51.2881],[-2.84,51.28811],[-2.84001,51.28807],[-2.83996,51.28806]]]}},{"type":"Feature","properties":{"cat":"Lowland wetland","fill":"#3DA5C4","text":"Protect and manage habitats on peat","url":"Click HERE to view the preferred habitat in our strategy"},"geometry":{"type":"Polygon","coordinates":[[[-2.84059,51.28781],[-2.84008,51.28783],[-2.84011,51.28777],[-2.84045,51.28776],[-2.84091,51.28785],[-2.8409,51.28789],[-2.84059,51.28781]]]}},{"type":"Feature","properties":{"cat":"Lowland wetland","fill":"#3DA5C4","text":"Protect and manage habitats on peat","url":"Click HERE to view the preferred habitat in our strategy"},"geometry":{"type":"Polygon","coordinates":[[[-2.8106,51.28081],[-2.81047,51.28029],[-2.81083,51.28025],[-2.81094,51.2807],[-2.81085,51.28071],[-2.81086,51.28074],[-2.81095,51.28073],[-2.81095,51.28076],[-2.81084,51.28077],[-2.81086,51.28083],[-2.81064,51.28086],[-2.81065,51.28095],[-2.81062,51.28093],[-2.8106,51.28081]],[[-2.81083,51.2808],[-2.81078,51.2808],[-2.81078,51.28083],[-2.81084,51.28083],[-2.81083,51.2808]]]}},{"type":"Feature","properties":{"cat":"Lowland wetland","fill":"#3DA5C4","text":"Protect and manage habitats on peat","url":"Click HERE to view the preferred habitat in our strategy"},"geometry":{"type":"Polygon","coordinates":[[[-2.81593,51.28105],[-2.81605,51.28108],[-2.81605,51.28112],[-2.81567,51.28112],[-2.81567,51.28155],[-2.81424,51.28158],[-2.81412,51.28104],[-2.81587,51.28102],[-2.81593,51.28105]]]}},{"type":"Feature","properties":{"cat":"Lowland wetland","fill":"#3DA5C4","text":"Protect and manage habitats on peat","url":"Click HERE to view the preferred habitat in our strategy"},"geometry":{"type":"Polygon","coordinates":[[[-2.83365,51.28715],[-2.83358,51.28715],[-2.83359,51.28713],[-2.83235,51.28674],[-2.83349,51.28555],[-2.83576,51.28601],[-2.83404,51.28724],[-2.83365,51.28715]]]}},{"type":"Feature","properties":{"cat":"Lowland wetland","fill":"#3DA5C4","text":"Protect and manage habitats on peat","url":"Click HERE to view the preferred habitat in our strategy"},"geometry":{"type":"Polygon","coordinates":[[[-2.84775,51.28111],[-2.84796,51.28118],[-2.848,51.28116],[-2.84804,51.28118],[-2.84802,51.28121],[-2.8474,51.28156],[-2.84697,51.28125],[-2.84741,51.28101],[-2.84775,51.28111]]]}},{"type":"Feature","properties":{"cat":"Lowland wetland","fill":"#3DA5C4","text":"Protect and manage habitats on peat","url":"Click HERE to view the preferred habitat in our strategy"},"geometry":{"type":"Polygon","coordinates":[[[-2.82985,51.28183],[-2.82904,51.28161],[-2.82602,51.28069],[-2.82683,51.27935],[-2.831,51.28109],[-2.83114,51.28111],[-2.83031,51.28184],[-2.83034,51.28185],[-2.83028,51.28191],[-2.83025,51.28189],[-2.8302,51.28193],[-2.82985,51.28183]]]}},{"type":"Feature","properties":{"cat":"Lowland wetland","fill":"#3DA5C4","text":"Protect and manage habitats on peat","url":"Click HERE to view the preferred habitat in our strategy"},"geometry":{"type":"Polygon","coordinates":[[[-2.81286,51.2808],[-2.8119,51.28093],[-2.8117,51.28015],[-2.81263,51.28004],[-2.81286,51.2808]]]}},{"type":"Feature","properties":{"cat":"Lowland wetland","fill":"#3DA5C4","text":"Protect and manage habitats on peat","url":"Click HERE to view the preferred habitat in our strategy"},"geometry":{"type":"Polygon","coordinates":[[[-2.84095,51.28786],[-2.84115,51.28793],[-2.84143,51.28796],[-2.84147,51.28793],[-2.84211,51.28787],[-2.84262,51.28798],[-2.84265,51.28802],[-2.84218,51.28792],[-2.84155,51.28798],[-2.84116,51.28796],[-2.84094,51.2879],[-2.84095,51.28786]]]}},{"type":"Feature","properties":{"cat":"Lowland wetland","fill":"#3DA5C4","text":"Protect and manage habitats on peat","url":"Click HERE to view the preferred habitat in our strategy"},"geometry":{"type":"Polygon","coordinates":[[[-2.83489,51.28856],[-2.83486,51.28857],[-2.83464,51.2884],[-2.83452,51.28828],[-2.83445,51.28812],[-2.83505,51.28808],[-2.83522,51.28813],[-2.8354,51.28811],[-2.83562,51.28813],[-2.83498,51.28867],[-2.83491,51.28862],[-2.83494,51.2886],[-2.83489,51.28856]]]}},{"type":"Feature","properties":{"cat":"Lowland wetland","fill":"#3DA5C4","text":"Protect and manage habitats on peat","url":"Click HERE to view the preferred habitat in our strategy"},"geometry":{"type":"Polygon","coordinates":[[[-2.84056,51.28248],[-2.84058,51.28249],[-2.84071,51.28221],[-2.84098,51.28191],[-2.84127,51.28136],[-2.84136,51.28123],[-2.84138,51.28124],[-2.84102,51.28188],[-2.84074,51.28222],[-2.84059,51.28251],[-2.84055,51.2825],[-2.84056,51.28248]]]}},{"type":"Feature","properties":{"cat":"Lowland wetland","fill":"#3DA5C4","text":"Protect and manage habitats on peat","url":"Click HERE to view the preferred habitat in our strategy"},"geometry":{"type":"Polygon","coordinates":[[[-2.84317,51.28847],[-2.84082,51.28818],[-2.84082,51.28812],[-2.84085,51.28813],[-2.84094,51.2879],[-2.84116,51.28796],[-2.84155,51.28798],[-2.84218,51.28792],[-2.84265,51.28802],[-2.84309,51.28819],[-2.84316,51.28826],[-2.8431,51.28841],[-2.84312,51.28842],[-2.8432,51.28829],[-2.84318,51.28822],[-2.8431,51.28817],[-2.84276,51.28807],[-2.84265,51.28797],[-2.84288,51.28758],[-2.84295,51.28753],[-2.84302,51.28753],[-2.84367,51.28767],[-2.84368,51.28764],[-2.84375,51.28765],[-2.84373,51.28768],[-2.84383,51.28766],[-2.84389,51.28768],[-2.84376,51.28808],[-2.84395,51.2881],[-2.84396,51.2883],[-2.84413,51.28834],[-2.84405,51.28847],[-2.84409,51.28848],[-2.84414,51.2884],[-2.84407,51.28854],[-2.84317,51.28847]]]}},{"type":"Feature","properties":{"cat":"Lowland wetland","fill":"#3DA5C4","text":"Protect and manage habitats on peat","url":"Click HERE to view the preferred habitat in our strategy"},"geometry":{"type":"Polygon","coordinates":[[[-2.84015,51.27977],[-2.84061,51.27984],[-2.84106,51.28],[-2.84112,51.28019],[-2.84085,51.28046],[-2.84077,51.28074],[-2.84077,51.28084],[-2.84085,51.2809],[-2.84135,51.28097],[-2.84142,51.281],[-2.84144,51.28105],[-2.84117,51.28147],[-2.84093,51.28194],[-2.84068,51.28221],[-2.84055,51.28248],[-2.83863,51.28051],[-2.84015,51.27977]]]}},{"type":"Feature","properties":{"cat":"Lowland wetland","fill":"#3DA5C4","text":"Protect and manage habitats on peat","url":"Click HERE to view the preferred habitat in our strategy"},"geometry":{"type":"Polygon","coordinates":[[[-2.82298,51.28382],[-2.82236,51.28378],[-2.82052,51.28381],[-2.82011,51.28374],[-2.82054,51.28316],[-2.82072,51.283],[-2.82081,51.28299],[-2.82087,51.28304],[-2.82121,51.28309],[-2.82316,51.28312],[-2.82505,51.28328],[-2.82497,51.28379],[-2.82298,51.28382]]]}},{"type":"Feature","properties":{"cat":"Lowland wetland","fill":"#3DA5C4","text":"Protect and manage habitats on peat","url":"Click HERE to view the preferred habitat in our strategy"},"geometry":{"type":"Polygon","coordinates":[[[-2.83542,51.28793],[-2.8354,51.28771],[-2.83638,51.28711],[-2.8375,51.28636],[-2.83824,51.28652],[-2.83661,51.28741],[-2.83586,51.28795],[-2.83565,51.28814],[-2.83542,51.28811],[-2.83542,51.28793]]]}},{"type":"Feature","properties":{"cat":"Lowland wetland","fill":"#3DA5C4","text":"Protect and manage habitats on peat","url":"Click HERE to view the preferred habitat in our strategy"},"geometry":{"type":"Polygon","coordinates":[[[-2.84194,51.28072],[-2.84148,51.28101],[-2.84129,51.28093],[-2.84085,51.28088],[-2.84081,51.28083],[-2.84088,51.28046],[-2.84115,51.28019],[-2.8411,51.27998],[-2.84102,51.27881],[-2.84384,51.27881],[-2.84457,51.27894],[-2.84459,51.27897],[-2.84375,51.27949],[-2.84332,51.27982],[-2.84328,51.27997],[-2.84331,51.28014],[-2.84361,51.28019],[-2.84349,51.28024],[-2.84312,51.28061],[-2.84294,51.2807],[-2.84251,51.28079],[-2.84202,51.28103],[-2.84179,51.28089],[-2.84198,51.28075],[-2.84194,51.28072]],[[-2.84318,51.27986],[-2.84323,51.27983],[-2.84318,51.27983],[-2.84157,51.28092],[-2.84173,51.28084],[-2.84318,51.27986]]]}},{"type":"Feature","properties":{"cat":"Lowland wetland","fill":"#3DA5C4","text":"Protect and manage habitats on peat","url":"Click HERE to view the preferred habitat in our strategy"},"geometry":{"type":"Polygon","coordinates":[[[-2.84057,51.2827],[-2.84059,51.28285],[-2.84056,51.28286],[-2.84054,51.28303],[-2.84045,51.28303],[-2.84057,51.2827]]]}},{"type":"Feature","properties":{"cat":"Lowland wetland","fill":"#3DA5C4","text":"Protect and manage habitats on peat","url":"Click HERE to view the preferred habitat in our strategy"},"geometry":{"type":"Polygon","coordinates":[[[-2.84155,51.28108],[-2.84175,51.28092],[-2.84197,51.28106],[-2.84185,51.28112],[-2.84155,51.28108]]]}},{"type":"Feature","properties":{"cat":"Lowland wetland","fill":"#3DA5C4","text":"Protect and manage habitats on peat","url":"Click HERE to view the preferred habitat in our strategy"},"geometry":{"type":"Polygon","coordinates":[[[-2.83672,51.28417],[-2.83662,51.28423],[-2.83652,51.28417],[-2.83659,51.28411],[-2.83672,51.28417]]]}},{"type":"Feature","properties":{"cat":"Lowland wetland","fill":"#3DA5C4","text":"Protect and manage habitats on peat","url":"Click HERE to view the preferred habitat in our strategy"},"geometry":{"type":"Polygon","coordinates":[[[-2.83946,51.28849],[-2.83947,51.28852],[-2.83935,51.28854],[-2.83934,51.28851],[-2.83946,51.28849]]]}},{"type":"Feature","properties":{"cat":"Lowland wetland","fill":"#3DA5C4","text":"Protect and manage habitats on peat","url":"Click HERE to view the preferred habitat in our strategy"},"geometry":{"type":"Polygon","coordinates":[[[-2.85052,51.27956],[-2.85032,51.2796],[-2.85035,51.27967],[-2.8503,51.27972],[-2.85018,51.27962],[-2.85051,51.27954],[-2.85052,51.27956]]]}},{"type":"Feature","properties":{"cat":"Lowland wetland","fill":"#3DA5C4","text":"Protect and manage habitats on peat","url":"Click HERE to view the preferred habitat in our strategy"},"geometry":{"type":"Polygon","coordinates":[[[-2.83902,51.28314],[-2.83948,51.2835],[-2.83945,51.28351],[-2.83887,51.28308],[-2.8389,51.28307],[-2.83902,51.28314]]]}},{"type":"Feature","properties":{"cat":"Lowland wetland","fill":"#3DA5C4","text":"Protect and manage habitats on peat","url":"Click HERE to view the preferred habitat in our strategy"},"geometry":{"type":"Polygon","coordinates":[[[-2.85006,51.28911],[-2.84917,51.28902],[-2.8491,51.28898],[-2.84935,51.28788],[-2.85018,51.288],[-2.85015,51.28817],[-2.85027,51.28821],[-2.8503,51.28827],[-2.85017,51.28912],[-2.85006,51.28911]]]}},{"type":"Feature","properties":{"cat":"Lowland wetland","fill":"#3DA5C4","text":"Protect and manage habitats on peat","url":"Click HERE to view the preferred habitat in our strategy"},"geometry":{"type":"Polygon","coordinates":[[[-2.81627,51.28113],[-2.81627,51.2815],[-2.81624,51.28151],[-2.81624,51.28113],[-2.81627,51.28113]]]}},{"type":"Feature","properties":{"cat":"Lowland wetland","fill":"#3DA5C4","text":"Restore and manage wetlands, incorporating a mosaic of wetland features to benefit a wide variety of fauna and flora.","url":"Click HERE to view the preferred habitat in our strategy"},"geometry":{"type":"Polygon","coordinates":[[[-2.83594,51.28459],[-2.8366,51.28406],[-2.83664,51.28407],[-2.83587,51.2847],[-2.83579,51.28472],[-2.83594,51.28459]]]}},{"type":"Feature","properties":{"cat":"Lowland wetland","fill":"#3DA5C4","text":"Protect and manage habitats on peat","url":"Click HERE to view the preferred habitat in our strategy"},"geometry":{"type":"Polygon","coordinates":[[[-2.84144,51.281],[-2.84148,51.28101],[-2.84149,51.28105],[-2.84138,51.28124],[-2.84136,51.28123],[-2.84147,51.28105],[-2.84144,51.281]]]}},{"type":"Feature","properties":{"cat":"Lowland wetland","fill":"#3DA5C4","text":"Protect and manage habitats on peat","url":"Click HERE to view the preferred habitat in our strategy"},"geometry":{"type":"Polygon","coordinates":[[[-2.85452,51.29458],[-2.85446,51.29462],[-2.85434,51.29462],[-2.85424,51.29451],[-2.85386,51.29433],[-2.85375,51.29424],[-2.85371,51.29417],[-2.85372,51.29406],[-2.8539,51.29388],[-2.8539,51.29381],[-2.85379,51.29376],[-2.85361,51.29401],[-2.85297,51.29379],[-2.85286,51.29368],[-2.85331,51.29276],[-2.85429,51.29289],[-2.85497,51.29314],[-2.85497,51.2944],[-2.85494,51.29446],[-2.85497,51.29447],[-2.85497,51.29459],[-2.8549,51.29469],[-2.85452,51.29458]]]}},{"type":"Feature","properties":{"cat":"Lowland wetland","fill":"#3DA5C4","text":"Restore and manage wetlands, incorporating a mosaic of wetland features to benefit a wide variety of fauna and flora.","url":"Click HERE to view the preferred habitat in our strategy"},"geometry":{"type":"Polygon","coordinates":[[[-2.8182,51.28451],[-2.8178,51.28442],[-2.81777,51.28438],[-2.81763,51.28434],[-2.81757,51.28429],[-2.81771,51.28418],[-2.81801,51.28397],[-2.81823,51.28406],[-2.81826,51.28412],[-2.81839,51.28418],[-2.81847,51.28418],[-2.81866,51.28406],[-2.81877,51.28407],[-2.81873,51.28417],[-2.81848,51.2845],[-2.81867,51.28452],[-2.8186,51.28461],[-2.8182,51.28451]]]}},{"type":"Feature","properties":{"cat":"Lowland wetland","fill":"#3DA5C4","text":"Protect and manage habitats on peat","url":"Click HERE to view the preferred habitat in our strategy"},"geometry":{"type":"Polygon","coordinates":[[[-2.85069,51.28017],[-2.85071,51.28019],[-2.85069,51.28021],[-2.8506,51.28016],[-2.85066,51.28013],[-2.85069,51.28017]]]}},{"type":"Feature","properties":{"cat":"Lowland wetland","fill":"#3DA5C4","text":"Restore and manage wetlands, incorporating a mosaic of wetland features to benefit a wide variety of fauna and flora.","url":"Click HERE to view the preferred habitat in our strategy"},"geometry":{"type":"Polygon","coordinates":[[[-2.83025,51.28189],[-2.83028,51.28191],[-2.82937,51.2827],[-2.82934,51.28268],[-2.83025,51.28189]]]}},{"type":"Feature","properties":{"cat":"Lowland wetland","fill":"#3DA5C4","text":"Protect and manage habitats on peat","url":"Click HERE to view the preferred habitat in our strategy"},"geometry":{"type":"Polygon","coordinates":[[[-2.85083,51.28021],[-2.85112,51.28042],[-2.85122,51.28036],[-2.85126,51.28038],[-2.8512,51.28042],[-2.85103,51.28042],[-2.85077,51.28021],[-2.85072,51.28015],[-2.85074,51.28014],[-2.85083,51.28021]]]}},{"type":"Feature","properties":{"cat":"Lowland wetland","fill":"#3DA5C4","text":"Protect and manage habitats on peat","url":"Click HERE to view the preferred habitat in our strategy"},"geometry":{"type":"Polygon","coordinates":[[[-2.81114,51.28088],[-2.81115,51.28094],[-2.81104,51.28094],[-2.81105,51.28089],[-2.81114,51.28088]]]}},{"type":"Feature","properties":{"cat":"Lowland wetland","fill":"#3DA5C4","text":"Protect and manage habitats on peat","url":"Click HERE to view the preferred habitat in our strategy"},"geometry":{"type":"Polygon","coordinates":[[[-2.82148,51.28143],[-2.82152,51.28145],[-2.82141,51.28158],[-2.82154,51.28163],[-2.82152,51.28165],[-2.82135,51.28159],[-2.82148,51.28143]]]}},{"type":"Feature","properties":{"cat":"Lowland wetland","fill":"#3DA5C4","text":"Protect and manage habitats on peat","url":"Click HERE to view the preferred habitat in our strategy"},"geometry":{"type":"Polygon","coordinates":[[[-2.85497,51.28115],[-2.85459,51.28087],[-2.85453,51.28076],[-2.85451,51.28047],[-2.85446,51.28032],[-2.85436,51.28022],[-2.85405,51.28012],[-2.85398,51.28006],[-2.85386,51.27988],[-2.85388,51.27982],[-2.85391,51.27981],[-2.85418,51.28],[-2.85412,51.28008],[-2.85426,51.28005],[-2.85449,51.28026],[-2.85459,51.28049],[-2.85459,51.28069],[-2.85463,51.28083],[-2.85469,51.2809],[-2.85497,51.28106],[-2.85497,51.28115]]]}},{"type":"Feature","properties":{"cat":"Lowland wetland","fill":"#3DA5C4","text":"Protect and manage habitats on peat","url":"Click HERE to view the preferred habitat in our strategy"},"geometry":{"type":"Polygon","coordinates":[[[-2.81624,51.28043],[-2.81628,51.28045],[-2.81627,51.28108],[-2.81624,51.28108],[-2.81623,51.28092],[-2.81624,51.28043]]]}},{"type":"Feature","properties":{"cat":"Lowland wetland","fill":"#3DA5C4","text":"Protect and manage habitats on peat","url":"Click HERE to view the preferred habitat in our strategy"},"geometry":{"type":"Polygon","coordinates":[[[-2.83677,51.28166],[-2.83707,51.28177],[-2.83822,51.28236],[-2.83932,51.28314],[-2.83961,51.28338],[-2.83957,51.2834],[-2.8382,51.28245],[-2.83757,51.28209],[-2.83675,51.28168],[-2.83677,51.28166]]]}},{"type":"Feature","properties":{"cat":"Lowland wetland","fill":"#3DA5C4","text":"Protect and manage habitats on peat","url":"Click HERE to view the preferred habitat in our strategy"},"geometry":{"type":"Polygon","coordinates":[[[-2.85131,51.28008],[-2.85148,51.28023],[-2.85137,51.28029],[-2.8511,51.28041],[-2.85092,51.28028],[-2.85105,51.28021],[-2.85108,51.28023],[-2.85113,51.28021],[-2.85131,51.28008]],[[-2.85103,51.28028],[-2.85109,51.28029],[-2.8511,51.28025],[-2.85104,51.28024],[-2.85103,51.28028]]]}},{"type":"Feature","properties":{"cat":"Lowland wetland","fill":"#3DA5C4","text":"Protect and manage habitats on peat","url":"Click HERE to view the preferred habitat in our strategy"},"geometry":{"type":"Polygon","coordinates":[[[-2.81393,51.28024],[-2.81402,51.28025],[-2.81406,51.28046],[-2.81397,51.28047],[-2.81393,51.28024]]]}},{"type":"Feature","properties":{"cat":"Lowland wetland","fill":"#3DA5C4","text":"Protect and manage habitats on peat","url":"Click HERE to view the preferred habitat in our strategy"},"geometry":{"type":"Polygon","coordinates":[[[-2.85423,51.29288],[-2.85358,51.29279],[-2.85376,51.2923],[-2.85393,51.29166],[-2.85453,51.29177],[-2.85423,51.29288]]]}},{"type":"Feature","properties":{"cat":"Lowland wetland","fill":"#3DA5C4","text":"Protect and manage habitats on peat","url":"Click HERE to view the preferred habitat in our strategy"},"geometry":{"type":"Polygon","coordinates":[[[-2.84068,51.28441],[-2.8409,51.28454],[-2.84093,51.28459],[-2.84068,51.28441]]]}},{"type":"Feature","properties":{"cat":"Lowland wetland","fill":"#3DA5C4","text":"Protect and manage habitats on peat","url":"Click HERE to view the preferred habitat in our strategy"},"geometry":{"type":"Polygon","coordinates":[[[-2.81186,51.2815],[-2.81179,51.28132],[-2.81218,51.28126],[-2.81226,51.28154],[-2.81188,51.28158],[-2.81186,51.2815]]]}},{"type":"Feature","properties":{"cat":"Lowland wetland","fill":"#3DA5C4","text":"Protect and manage habitats on peat","url":"Click HERE to view the preferred habitat in our strategy"},"geometry":{"type":"Polygon","coordinates":[[[-2.85245,51.29141],[-2.85293,51.29149],[-2.85277,51.29197],[-2.85273,51.29202],[-2.85202,51.29198],[-2.85216,51.2916],[-2.85224,51.29148],[-2.85234,51.29139],[-2.85245,51.29141]]]}},{"type":"Feature","properties":{"cat":"Lowland wetland","fill":"#3DA5C4","text":"Protect and manage habitats on peat","url":"Click HERE to view the preferred habitat in our strategy"},"geometry":{"type":"Polygon","coordinates":[[[-2.84021,51.28411],[-2.84024,51.28409],[-2.84028,51.28412],[-2.84013,51.28413],[-2.8401,51.2841],[-2.84016,51.28407],[-2.84021,51.28411]]]}},{"type":"Feature","properties":{"cat":"Lowland wetland","fill":"#3DA5C4","text":"Protect and manage habitats on peat","url":"Click HERE to view the preferred habitat in our strategy"},"geometry":{"type":"Polygon","coordinates":[[[-2.85484,51.27907],[-2.85497,51.27906],[-2.85466,51.27913],[-2.85465,51.27911],[-2.85484,51.27907]]]}},{"type":"Feature","properties":{"cat":"Lowland wetland","fill":"#3DA5C4","text":"Protect and manage habitats on peat","url":"Click HERE to view the preferred habitat in our strategy"},"geometry":{"type":"Polygon","coordinates":[[[-2.81204,51.28363],[-2.81175,51.28296],[-2.81162,51.28234],[-2.8117,51.28252],[-2.81174,51.2828],[-2.81183,51.2831],[-2.81209,51.28367],[-2.81204,51.28363]]]}},{"type":"Feature","properties":{"cat":"Lowland wetland","fill":"#3DA5C4","text":"Protect and manage habitats on peat","url":"Click HERE to view the preferred habitat in our strategy"},"geometry":{"type":"Polygon","coordinates":[[[-2.84591,51.28749],[-2.8459,51.28765],[-2.84597,51.28797],[-2.84594,51.28797],[-2.84588,51.28766],[-2.84591,51.28749]]]}},{"type":"Feature","properties":{"cat":"Lowland wetland","fill":"#3DA5C4","text":"Protect and manage habitats on peat","url":"Click HERE to view the preferred habitat in our strategy"},"geometry":{"type":"Polygon","coordinates":[[[-2.84663,51.28642],[-2.84645,51.28639],[-2.84648,51.28626],[-2.84616,51.28615],[-2.84634,51.2858],[-2.84665,51.2859],[-2.84649,51.28614],[-2.84675,51.28621],[-2.84661,51.2864],[-2.84668,51.28642],[-2.84667,51.28645],[-2.84662,51.28644],[-2.84663,51.28642]]]}},{"type":"Feature","properties":{"cat":"Lowland wetland","fill":"#3DA5C4","text":"Protect and manage habitats on peat","url":"Click HERE to view the preferred habitat in our strategy"},"geometry":{"type":"Polygon","coordinates":[[[-2.81851,51.28309],[-2.81853,51.28307],[-2.81856,51.28309],[-2.81885,51.28281],[-2.81886,51.28261],[-2.81882,51.28258],[-2.81912,51.28263],[-2.81853,51.2832],[-2.81847,51.28317],[-2.81851,51.28309]]]}},{"type":"Feature","properties":{"cat":"Lowland wetland","fill":"#3DA5C4","text":"Protect and manage habitats on peat","url":"Click HERE to view the preferred habitat in our strategy"},"geometry":{"type":"Polygon","coordinates":[[[-2.84157,51.28503],[-2.84153,51.28499],[-2.8416,51.285],[-2.84483,51.2868],[-2.84483,51.28683],[-2.84478,51.28684],[-2.8448,51.28681],[-2.84452,51.28665],[-2.84157,51.28503]]]}},{"type":"Feature","properties":{"cat":"Lowland wetland","fill":"#3DA5C4","text":"Protect and manage habitats on peat","url":"Click HERE to view the preferred habitat in our strategy"},"geometry":{"type":"Polygon","coordinates":[[[-2.85126,51.28245],[-2.85123,51.28241],[-2.85127,51.2824],[-2.8513,51.28243],[-2.85126,51.28245]]]}},{"type":"Feature","properties":{"cat":"Lowland wetland","fill":"#3DA5C4","text":"Protect and manage habitats on peat","url":"Click HERE to view the preferred habitat in our strategy"},"geometry":{"type":"Polygon","coordinates":[[[-2.84169,51.28467],[-2.84172,51.28476],[-2.84158,51.28482],[-2.8415,51.28477],[-2.84169,51.28467]]]}},{"type":"Feature","properties":{"cat":"Lowland wetland","fill":"#3DA5C4","text":"Protect and manage habitats on peat","url":"Click HERE to view the preferred habitat in our strategy"},"geometry":{"type":"Polygon","coordinates":[[[-2.85105,51.2913],[-2.85107,51.29136],[-2.85096,51.29135],[-2.85098,51.29129],[-2.85105,51.2913]]]}},{"type":"Feature","properties":{"cat":"Lowland wetland","fill":"#3DA5C4","text":"Protect and manage habitats on peat","url":"Click HERE to view the preferred habitat in our strategy"},"geometry":{"type":"Polygon","coordinates":[[[-2.84577,51.28678],[-2.8458,51.28672],[-2.84601,51.28675],[-2.84587,51.28698],[-2.84569,51.28693],[-2.84577,51.28678]]]}},{"type":"Feature","properties":{"cat":"Lowland wetland","fill":"#3DA5C4","text":"Protect and manage habitats on peat","url":"Click HERE to view the preferred habitat in our strategy"},"geometry":{"type":"Polygon","coordinates":[[[-2.85043,51.29026],[-2.85039,51.29088],[-2.85154,51.29089],[-2.85163,51.29096],[-2.85174,51.29097],[-2.85168,51.29116],[-2.85157,51.29113],[-2.85153,51.29098],[-2.85138,51.2909],[-2.85068,51.2909],[-2.85141,51.29093],[-2.85151,51.29101],[-2.85154,51.29115],[-2.85159,51.29116],[-2.85156,51.2912],[-2.84966,51.29118],[-2.84975,51.29023],[-2.85044,51.29021],[-2.85043,51.29026]],[[-2.85127,51.29108],[-2.85127,51.29114],[-2.85144,51.29114],[-2.85144,51.29108],[-2.85127,51.29108]],[[-2.8498,51.2911],[-2.8499,51.2911],[-2.84991,51.29093],[-2.84982,51.29093],[-2.8498,51.2911]]]}},{"type":"Feature","properties":{"cat":"Lowland wetland","fill":"#3DA5C4","text":"Protect and manage habitats on peat","url":"Click HERE to view the preferred habitat in our strategy"},"geometry":{"type":"Polygon","coordinates":[[[-2.83441,51.28812],[-2.83447,51.28826],[-2.83417,51.28827],[-2.83413,51.28823],[-2.83427,51.28815],[-2.83441,51.28812]]]}},{"type":"Feature","properties":{"cat":"Lowland wetland","fill":"#3DA5C4","text":"Protect and manage habitats on peat","url":"Click HERE to view the preferred habitat in our strategy"},"geometry":{"type":"Polygon","coordinates":[[[-2.83831,51.28269],[-2.83845,51.28275],[-2.83882,51.28301],[-2.83879,51.28302],[-2.83837,51.28273],[-2.8383,51.28271],[-2.83821,51.28274],[-2.83679,51.2839],[-2.83682,51.28392],[-2.83676,51.28394],[-2.83676,51.2839],[-2.83797,51.28291],[-2.83825,51.28269],[-2.83831,51.28269]]]}},{"type":"Feature","properties":{"cat":"Lowland wetland","fill":"#3DA5C4","text":"Protect and manage habitats on peat","url":"Click HERE to view the preferred habitat in our strategy"},"geometry":{"type":"Polygon","coordinates":[[[-2.83471,51.28879],[-2.83464,51.28883],[-2.83444,51.28871],[-2.83434,51.28878],[-2.83399,51.28864],[-2.83401,51.28861],[-2.83395,51.28851],[-2.83449,51.28827],[-2.83453,51.28828],[-2.83504,51.28873],[-2.83488,51.28887],[-2.83471,51.28879]],[[-2.83475,51.28867],[-2.8347,51.28868],[-2.83473,51.2887],[-2.83477,51.28868],[-2.83475,51.28867]]]}},{"type":"Feature","properties":{"cat":"Lowland wetland","fill":"#3DA5C4","text":"Protect and manage habitats on peat","url":"Click HERE to view the preferred habitat in our strategy"},"geometry":{"type":"Polygon","coordinates":[[[-2.8373,51.27904],[-2.83742,51.27919],[-2.83727,51.27905],[-2.8373,51.27904]]]}},{"type":"Feature","properties":{"cat":"Lowland wetland","fill":"#3DA5C4","text":"Protect and manage habitats on peat","url":"Click HERE to view the preferred habitat in our strategy"},"geometry":{"type":"Polygon","coordinates":[[[-2.84703,51.28586],[-2.84701,51.28593],[-2.84685,51.28614],[-2.84664,51.28641],[-2.84661,51.2864],[-2.84703,51.28586]]]}},{"type":"Feature","properties":{"cat":"Lowland wetland","fill":"#3DA5C4","text":"Protect and manage habitats on peat","url":"Click HERE to view the preferred habitat in our strategy"},"geometry":{"type":"Polygon","coordinates":[[[-2.81175,51.28238],[-2.81186,51.28298],[-2.81195,51.28313],[-2.81192,51.28314],[-2.81206,51.28347],[-2.81217,51.28366],[-2.81208,51.28357],[-2.81185,51.28302],[-2.81175,51.28255],[-2.81172,51.28234],[-2.81175,51.28238]]]}},{"type":"Feature","properties":{"cat":"Lowland wetland","fill":"#3DA5C4","text":"Protect and manage habitats on peat","url":"Click HERE to view the preferred habitat in our strategy"},"geometry":{"type":"Polygon","coordinates":[[[-2.84847,51.29018],[-2.84937,51.29028],[-2.84953,51.29023],[-2.84975,51.29023],[-2.84966,51.29118],[-2.84927,51.29117],[-2.8489,51.29111],[-2.84858,51.29097],[-2.8484,51.29085],[-2.84823,51.29061],[-2.84842,51.29055],[-2.84833,51.29047],[-2.84848,51.29033],[-2.84841,51.29022],[-2.84847,51.29018]]]}},{"type":"Feature","properties":{"cat":"Lowland wetland","fill":"#3DA5C4","text":"Protect and manage habitats on peat","url":"Click HERE to view the preferred habitat in our strategy"},"geometry":{"type":"Polygon","coordinates":[[[-2.83351,51.28939],[-2.83358,51.28925],[-2.83383,51.28905],[-2.83379,51.28877],[-2.83398,51.28864],[-2.83464,51.28891],[-2.83476,51.28899],[-2.83423,51.2895],[-2.83404,51.2896],[-2.8338,51.28962],[-2.8336,51.28958],[-2.83351,51.28939]],[[-2.83362,51.28934],[-2.83361,51.28938],[-2.83368,51.28939],[-2.8337,51.28935],[-2.83362,51.28934]]]}},{"type":"Feature","properties":{"cat":"Lowland wetland","fill":"#3DA5C4","text":"Protect and manage habitats on peat","url":"Click HERE to view the preferred habitat in our strategy"},"geometry":{"type":"Polygon","coordinates":[[[-2.84898,51.28098],[-2.84912,51.28106],[-2.84891,51.28133],[-2.84885,51.2813],[-2.849,51.28118],[-2.84897,51.2811],[-2.84898,51.28098]]]}},{"type":"Feature","properties":{"cat":"Lowland wetland","fill":"#3DA5C4","text":"Protect and manage habitats on peat","url":"Click HERE to view the preferred habitat in our strategy"},"geometry":{"type":"Polygon","coordinates":[[[-2.84648,51.28642],[-2.84667,51.28645],[-2.84646,51.28663],[-2.84641,51.28661],[-2.84639,51.28656],[-2.84642,51.28644],[-2.84648,51.28642]]]}},{"type":"Feature","properties":{"cat":"Lowland wetland","fill":"#3DA5C4","text":"Protect and manage habitats on peat","url":"Click HERE to view the preferred habitat in our strategy"},"geometry":{"type":"Polygon","coordinates":[[[-2.81624,51.28021],[-2.81623,51.27899],[-2.81627,51.27903],[-2.81628,51.2804],[-2.81624,51.2804],[-2.81624,51.28021]]]}},{"type":"Feature","properties":{"cat":"Lowland wetland","fill":"#3DA5C4","text":"Protect and manage habitats on peat","url":"Click HERE to view the preferred habitat in our strategy"},"geometry":{"type":"Polygon","coordinates":[[[-2.81025,51.27881],[-2.81026,51.27941],[-2.81028,51.27968],[-2.81031,51.27968],[-2.81031,51.27972],[-2.81028,51.27972],[-2.81028,51.28006],[-2.81046,51.28076],[-2.81035,51.28049],[-2.81028,51.28019],[-2.81022,51.27881],[-2.81025,51.27881]]]}},{"type":"Feature","properties":{"cat":"Lowland wetland","fill":"#3DA5C4","text":"Protect and manage habitats on peat","url":"Click HERE to view the preferred habitat in our strategy"},"geometry":{"type":"Polygon","coordinates":[[[-2.81815,51.28304],[-2.81826,51.28305],[-2.81826,51.28311],[-2.81853,51.2832],[-2.81827,51.28346],[-2.818,51.28337],[-2.818,51.28333],[-2.81816,51.28328],[-2.81798,51.28326],[-2.81802,51.28308],[-2.81815,51.28304]]]}},{"type":"Feature","properties":{"cat":"Lowland wetland","fill":"#3DA5C4","text":"Protect and manage habitats on peat","url":"Click HERE to view the preferred habitat in our strategy"},"geometry":{"type":"Polygon","coordinates":[[[-2.85099,51.28047],[-2.85151,51.28077],[-2.8521,51.28105],[-2.85199,51.28123],[-2.8512,51.28082],[-2.85095,51.28075],[-2.85063,51.28072],[-2.85075,51.28059],[-2.85099,51.28047]]]}},{"type":"Feature","properties":{"cat":"Lowland wetland","fill":"#3DA5C4","text":"Protect and manage habitats on peat","url":"Click HERE to view the preferred habitat in our strategy"},"geometry":{"type":"Polygon","coordinates":[[[-2.85456,51.29177],[-2.85497,51.29177],[-2.85497,51.29314],[-2.85423,51.29288],[-2.85453,51.29177],[-2.85456,51.29177]]]}},{"type":"Feature","properties":{"cat":"Lowland wetland","fill":"#3DA5C4","text":"Protect and manage habitats on peat","url":"Click HERE to view the preferred habitat in our strategy"},"geometry":{"type":"Polygon","coordinates":[[[-2.85102,51.29218],[-2.85104,51.29192],[-2.85232,51.29201],[-2.85225,51.29223],[-2.85235,51.29225],[-2.85229,51.2924],[-2.85195,51.29249],[-2.85098,51.29241],[-2.85102,51.29218]]]}},{"type":"Feature","properties":{"cat":"Lowland wetland","fill":"#3DA5C4","text":"Protect and manage habitats on peat","url":"Click HERE to view the preferred habitat in our strategy"},"geometry":{"type":"Polygon","coordinates":[[[-2.85093,51.29129],[-2.85098,51.29129],[-2.85096,51.29135],[-2.85107,51.29136],[-2.85108,51.29143],[-2.85098,51.29241],[-2.84948,51.29242],[-2.84924,51.29223],[-2.8495,51.29181],[-2.84981,51.29182],[-2.84986,51.29126],[-2.85093,51.29129]]]}},{"type":"Feature","properties":{"cat":"Lowland wetland","fill":"#3DA5C4","text":"Protect and manage habitats on peat","url":"Click HERE to view the preferred habitat in our strategy"},"geometry":{"type":"Polygon","coordinates":[[[-2.8467,51.28645],[-2.84721,51.28659],[-2.84744,51.28675],[-2.84768,51.28686],[-2.8475,51.2868],[-2.84719,51.28661],[-2.847,51.28654],[-2.84678,51.2865],[-2.84658,51.28654],[-2.8467,51.28645]]]}},{"type":"Feature","properties":{"cat":"Lowland wetland","fill":"#3DA5C4","text":"Protect and manage habitats on peat","url":"Click HERE to view the preferred habitat in our strategy"},"geometry":{"type":"Polygon","coordinates":[[[-2.83387,51.28839],[-2.83386,51.28836],[-2.83427,51.28815],[-2.83413,51.28823],[-2.83417,51.28827],[-2.83449,51.28827],[-2.83395,51.28851],[-2.83393,51.28844],[-2.83387,51.28839]],[[-2.83393,51.28835],[-2.83389,51.28838],[-2.83392,51.2884],[-2.83396,51.28836],[-2.83393,51.28835]]]}},{"type":"Feature","properties":{"cat":"Lowland wetland","fill":"#3DA5C4","text":"Protect and manage habitats on peat","url":"Click HERE to view the preferred habitat in our strategy"},"geometry":{"type":"Polygon","coordinates":[[[-2.85196,51.29136],[-2.85234,51.29139],[-2.85216,51.2916],[-2.85202,51.29198],[-2.85175,51.29197],[-2.85187,51.29135],[-2.85196,51.29136]]]}},{"type":"Feature","properties":{"cat":"Lowland wetland","fill":"#3DA5C4","text":"Protect and manage habitats on peat","url":"Click HERE to view the preferred habitat in our strategy"},"geometry":{"type":"Polygon","coordinates":[[[-2.84065,51.28442],[-2.84043,51.28453],[-2.84047,51.28451],[-2.84044,51.28448],[-2.84061,51.28439],[-2.84065,51.28442]]]}},{"type":"Feature","properties":{"cat":"Lowland wetland","fill":"#3DA5C4","text":"Protect and manage habitats on peat","url":"Click HERE to view the preferred habitat in our strategy"},"geometry":{"type":"Polygon","coordinates":[[[-2.81988,51.28227],[-2.82,51.28215],[-2.82121,51.28243],[-2.8211,51.2826],[-2.82023,51.28236],[-2.82025,51.28231],[-2.81987,51.28275],[-2.81954,51.28263],[-2.81988,51.28227]],[[-2.82013,51.28232],[-2.8201,51.28235],[-2.82017,51.28238],[-2.8202,51.28234],[-2.82013,51.28232]],[[-2.82021,51.28233],[-2.82024,51.28227],[-2.82016,51.28225],[-2.82013,51.28231],[-2.82021,51.28233]],[[-2.8201,51.28219],[-2.82008,51.28221],[-2.82019,51.28223],[-2.8202,51.28221],[-2.8201,51.28219]]]}},{"type":"Feature","properties":{"cat":"Lowland wetland","fill":"#3DA5C4","text":"Protect and manage habitats on peat","url":"Click HERE to view the preferred habitat in our strategy"},"geometry":{"type":"Polygon","coordinates":[[[-2.84942,51.2802],[-2.8494,51.28014],[-2.84964,51.28006],[-2.84977,51.28012],[-2.84974,51.28015],[-2.84987,51.28021],[-2.84991,51.28017],[-2.85003,51.28024],[-2.84977,51.28037],[-2.84942,51.2802]]]}},{"type":"Feature","properties":{"cat":"Lowland wetland","fill":"#3DA5C4","text":"Restore and manage wetlands, incorporating a mosaic of wetland features to benefit a wide variety of fauna and flora.","url":"Click HERE to view the preferred habitat in our strategy"},"geometry":{"type":"Polygon","coordinates":[[[-2.79536,51.28314],[-2.7955,51.2832],[-2.79554,51.28319],[-2.79562,51.28311],[-2.79563,51.28298],[-2.79545,51.2827],[-2.79515,51.28244],[-2.79471,51.28183],[-2.79478,51.28182],[-2.79496,51.28208],[-2.79532,51.28249],[-2.79589,51.28294],[-2.79578,51.28299],[-2.79578,51.28322],[-2.7955,51.28326],[-2.79534,51.28315],[-2.79536,51.28314]]]}},{"type":"Feature","properties":{"cat":"Lowland wetland","fill":"#3DA5C4","text":"Restore and manage wetlands, incorporating a mosaic of wetland features to benefit a wide variety of fauna and flora.","url":"Click HERE to view the preferred habitat in our strategy"},"geometry":{"type":"Polygon","coordinates":[[[-2.81341,51.2834],[-2.81341,51.28343],[-2.81206,51.28347],[-2.81194,51.28317],[-2.81344,51.28301],[-2.81341,51.2834]]]}},{"type":"Feature","properties":{"cat":"Lowland wetland","fill":"#3DA5C4","text":"Restore and manage wetlands, incorporating a mosaic of wetland features to benefit a wide variety of fauna and flora.","url":"Click HERE to view the preferred habitat in our strategy"},"geometry":{"type":"Polygon","coordinates":[[[-2.82911,51.28614],[-2.82909,51.28612],[-2.82926,51.28602],[-2.82929,51.28604],[-2.82911,51.28614]]]}},{"type":"Feature","properties":{"cat":"Lowland wetland","fill":"#3DA5C4","text":"Restore and manage wetlands, incorporating a mosaic of wetland features to benefit a wide variety of fauna and flora.","url":"Click HERE to view the preferred habitat in our strategy"},"geometry":{"type":"Polygon","coordinates":[[[-2.8368,51.28162],[-2.83825,51.28027],[-2.83826,51.28029],[-2.83807,51.28049],[-2.8368,51.28162]]]}},{"type":"Feature","properties":{"cat":"Lowland wetland","fill":"#3DA5C4","text":"Protect and manage habitats on peat","url":"Click HERE to view the preferred habitat in our strategy"},"geometry":{"type":"Polygon","coordinates":[[[-2.8521,51.27995],[-2.85206,51.27998],[-2.85205,51.27999],[-2.85202,51.28],[-2.85198,51.28002],[-2.85194,51.28004],[-2.85191,51.28005],[-2.85188,51.28007],[-2.85182,51.28011],[-2.85179,51.28013],[-2.85178,51.28012],[-2.85191,51.28004],[-2.85191,51.28004],[-2.85201,51.27998],[-2.8521,51.27994],[-2.8521,51.27995]]]}},{"type":"Feature","properties":{"cat":"Lowland wetland","fill":"#3DA5C4","text":"Restore and manage wetlands, incorporating a mosaic of wetland features to benefit a wide variety of fauna and flora.","url":"Click HERE to view the preferred habitat in our strategy"},"geometry":{"type":"Polygon","coordinates":[[[-2.83893,51.27884],[-2.83893,51.27881],[-2.83896,51.27881],[-2.83893,51.27884]]]}},{"type":"Feature","properties":{"cat":"Lowland wetland","fill":"#3DA5C4","text":"Protect and manage habitats on peat","url":"Click HERE to view the preferred habitat in our strategy"},"geometry":{"type":"Polygon","coordinates":[[[-2.8162,51.27893],[-2.81614,51.2789],[-2.81609,51.27881],[-2.81619,51.27881],[-2.8162,51.27893]]]}},{"type":"Feature","properties":{"cat":"Lowland wetland","fill":"#3DA5C4","text":"Protect and manage habitats on peat","url":"Click HERE to view the preferred habitat in our strategy"},"geometry":{"type":"Polygon","coordinates":[[[-2.84962,51.28181],[-2.84992,51.28189],[-2.84991,51.28191],[-2.84961,51.28183],[-2.84962,51.28181]]]}},{"type":"Feature","properties":{"cat":"Lowland wetland","fill":"#3DA5C4","text":"Restore and manage wetlands, incorporating a mosaic of wetland features to benefit a wide variety of fauna and flora.","url":"Click HERE to view the preferred habitat in our strategy"},"geometry":{"type":"Polygon","coordinates":[[[-2.81621,51.28286],[-2.81621,51.2828],[-2.81624,51.28281],[-2.81623,51.28344],[-2.81621,51.28286]]]}},{"type":"Feature","properties":{"cat":"Lowland wetland","fill":"#3DA5C4","text":"Protect and manage habitats on peat","url":"Click HERE to view the preferred habitat in our strategy"},"geometry":{"type":"Polygon","coordinates":[[[-2.85293,51.29149],[-2.85297,51.29149],[-2.85294,51.29156],[-2.85293,51.29149]]]}},{"type":"Feature","properties":{"cat":"Lowland wetland","fill":"#3DA5C4","text":"Restore and manage wetlands, incorporating a mosaic of wetland features to benefit a wide variety of fauna and flora.","url":"Click HERE to view the preferred habitat in our strategy"},"geometry":{"type":"Polygon","coordinates":[[[-2.84854,51.28171],[-2.84808,51.28225],[-2.84799,51.28229],[-2.84811,51.28218],[-2.84829,51.28193],[-2.84851,51.2817],[-2.84854,51.28171]]]}},{"type":"Feature","properties":{"cat":"Lowland wetland","fill":"#3DA5C4","text":"Restore and manage wetlands, incorporating a mosaic of wetland features to benefit a wide variety of fauna and flora.","url":"Click HERE to view the preferred habitat in our strategy"},"geometry":{"type":"Polygon","coordinates":[[[-2.8176,51.28228],[-2.81762,51.28223],[-2.8181,51.28228],[-2.81807,51.28233],[-2.8176,51.28228]]]}},{"type":"Feature","properties":{"cat":"Lowland wetland","fill":"#3DA5C4","text":"Restore and manage wetlands, incorporating a mosaic of wetland features to benefit a wide variety of fauna and flora.","url":"Click HERE to view the preferred habitat in our strategy"},"geometry":{"type":"Polygon","coordinates":[[[-2.82154,51.28237],[-2.82156,51.28238],[-2.82134,51.2826],[-2.82089,51.28302],[-2.82086,51.28301],[-2.82154,51.28237]]]}},{"type":"Feature","properties":{"cat":"Lowland wetland","fill":"#3DA5C4","text":"Restore and manage wetlands, incorporating a mosaic of wetland features to benefit a wide variety of fauna and flora.","url":"Click HERE to view the preferred habitat in our strategy"},"geometry":{"type":"Polygon","coordinates":[[[-2.81639,51.28215],[-2.81639,51.2821],[-2.81694,51.28216],[-2.81696,51.28214],[-2.8176,51.28223],[-2.81759,51.28228],[-2.81639,51.28215]]]}},{"type":"Feature","properties":{"cat":"Lowland wetland","fill":"#3DA5C4","text":"Restore and manage wetlands, incorporating a mosaic of wetland features to benefit a wide variety of fauna and flora.","url":"Click HERE to view the preferred habitat in our strategy"},"geometry":{"type":"Polygon","coordinates":[[[-2.81395,51.28053],[-2.81392,51.28054],[-2.81391,51.28051],[-2.81394,51.28051],[-2.81375,51.27957],[-2.81375,51.27918],[-2.81367,51.27881],[-2.81373,51.27881],[-2.81381,51.27927],[-2.81378,51.27945],[-2.81383,51.27976],[-2.81402,51.28069],[-2.81417,51.28119],[-2.81428,51.2818],[-2.81434,51.28194],[-2.81436,51.28263],[-2.81439,51.28276],[-2.81445,51.28276],[-2.81446,51.28279],[-2.81436,51.28278],[-2.81431,51.28264],[-2.81431,51.28194],[-2.81426,51.28182],[-2.81422,51.2818],[-2.81425,51.28178],[-2.81424,51.28171],[-2.81413,51.28119],[-2.81402,51.28091],[-2.81395,51.28053]]]}},{"type":"Feature","properties":{"cat":"Lowland wetland","fill":"#3DA5C4","text":"Restore and manage wetlands, incorporating a mosaic of wetland features to benefit a wide variety of fauna and flora.","url":"Click HERE to view the preferred habitat in our strategy"},"geometry":{"type":"Polygon","coordinates":[[[-2.8432,51.27986],[-2.84173,51.28084],[-2.84157,51.28092],[-2.84318,51.27983],[-2.84323,51.27983],[-2.8432,51.27986]]]}},{"type":"Feature","properties":{"cat":"Lowland wetland","fill":"#3DA5C4","text":"Restore and manage wetlands, incorporating a mosaic of wetland features to benefit a wide variety of fauna and flora.","url":"Click HERE to view the preferred habitat in our strategy"},"geometry":{"type":"Polygon","coordinates":[[[-2.83741,51.28329],[-2.83815,51.28268],[-2.83825,51.28263],[-2.83743,51.28331],[-2.83741,51.28329]]]}},{"type":"Feature","properties":{"cat":"Lowland wetland","fill":"#3DA5C4","text":"Protect and manage habitats on peat","url":"Click HERE to view the preferred habitat in our strategy"},"geometry":{"type":"Polygon","coordinates":[[[-2.81145,51.28092],[-2.81115,51.28092],[-2.81113,51.28086],[-2.81119,51.28086],[-2.81117,51.28077],[-2.81185,51.28071],[-2.8119,51.28093],[-2.81147,51.28099],[-2.81145,51.28092]]]}},{"type":"Feature","properties":{"cat":"Lowland wetland","fill":"#3DA5C4","text":"Restore and manage wetlands, incorporating a mosaic of wetland features to benefit a wide variety of fauna and flora.","url":"Click HERE to view the preferred habitat in our strategy"},"geometry":{"type":"Polygon","coordinates":[[[-2.84051,51.28258],[-2.84049,51.28264],[-2.84047,51.28263],[-2.84051,51.28258]]]}},{"type":"Feature","properties":{"cat":"Lowland wetland","fill":"#3DA5C4","text":"Restore and manage wetlands, incorporating a mosaic of wetland features to benefit a wide variety of fauna and flora.","url":"Click HERE to view the preferred habitat in our strategy"},"geometry":{"type":"Polygon","coordinates":[[[-2.83127,51.28509],[-2.8317,51.2843],[-2.83176,51.28421],[-2.8318,51.28422],[-2.83132,51.2851],[-2.83127,51.28509]]]}},{"type":"Feature","properties":{"cat":"Lowland wetland","fill":"#3DA5C4","text":"Protect and manage habitats on peat","url":"Click HERE to view the preferred habitat in our strategy"},"geometry":{"type":"Polygon","coordinates":[[[-2.81605,51.28108],[-2.81606,51.28102],[-2.81613,51.28102],[-2.81614,51.28109],[-2.81605,51.28108]]]}},{"type":"Feature","properties":{"cat":"Lowland wetland","fill":"#3DA5C4","text":"Restore and manage wetlands, incorporating a mosaic of wetland features to benefit a wide variety of fauna and flora.","url":"Click HERE to view the preferred habitat in our strategy"},"geometry":{"type":"Polygon","coordinates":[[[-2.8293,51.28273],[-2.82932,51.28274],[-2.82878,51.28322],[-2.82858,51.28339],[-2.82855,51.28338],[-2.8293,51.28273]]]}},{"type":"Feature","properties":{"cat":"Lowland wetland","fill":"#3DA5C4","text":"Restore and manage wetlands, incorporating a mosaic of wetland features to benefit a wide variety of fauna and flora.","url":"Click HERE to view the preferred habitat in our strategy"},"geometry":{"type":"Polygon","coordinates":[[[-2.83713,51.27899],[-2.83748,51.27941],[-2.83875,51.28077],[-2.84051,51.28255],[-2.84048,51.28256],[-2.83904,51.28112],[-2.83727,51.27921],[-2.83707,51.27896],[-2.83713,51.27899]]]}},{"type":"Feature","properties":{"cat":"Lowland wetland","fill":"#3DA5C4","text":"Restore and manage wetlands, incorporating a mosaic of wetland features to benefit a wide variety of fauna and flora.","url":"Click HERE to view the preferred habitat in our strategy"},"geometry":{"type":"Polygon","coordinates":[[[-2.83445,51.28454],[-2.83355,51.28549],[-2.83351,51.28548],[-2.83429,51.28466],[-2.83441,51.28454],[-2.83445,51.28454]]]}},{"type":"Feature","properties":{"cat":"Lowland wetland","fill":"#3DA5C4","text":"Restore and manage wetlands, incorporating a mosaic of wetland features to benefit a wide variety of fauna and flora.","url":"Click HERE to view the preferred habitat in our strategy"},"geometry":{"type":"Polygon","coordinates":[[[-2.81814,51.28229],[-2.81932,51.28242],[-2.81931,51.28244],[-2.81865,51.28237],[-2.81812,51.28231],[-2.81814,51.28229]]]}},{"type":"Feature","properties":{"cat":"Lowland wetland","fill":"#3DA5C4","text":"Restore and manage wetlands, incorporating a mosaic of wetland features to benefit a wide variety of fauna and flora.","url":"Click HERE to view the preferred habitat in our strategy"},"geometry":{"type":"Polygon","coordinates":[[[-2.82661,51.28228],[-2.82598,51.28323],[-2.82594,51.28323],[-2.82658,51.28227],[-2.82661,51.28228]]]}},{"type":"Feature","properties":{"cat":"Lowland wetland","fill":"#3DA5C4","text":"Restore and manage wetlands, incorporating a mosaic of wetland features to benefit a wide variety of fauna and flora.","url":"Click HERE to view the preferred habitat in our strategy"},"geometry":{"type":"Polygon","coordinates":[[[-2.82266,51.28112],[-2.82224,51.2816],[-2.82209,51.28173],[-2.82258,51.28116],[-2.82263,51.28111],[-2.82266,51.28112]]]}},{"type":"Feature","properties":{"cat":"Lowland wetland","fill":"#3DA5C4","text":"Restore and manage wetlands, incorporating a mosaic of wetland features to benefit a wide variety of fauna and flora.","url":"Click HERE to view the preferred habitat in our strategy"},"geometry":{"type":"Polygon","coordinates":[[[-2.8105,51.2804],[-2.81064,51.28099],[-2.81059,51.2809],[-2.81044,51.28028],[-2.81044,51.28021],[-2.81047,51.28022],[-2.8105,51.2804]]]}},{"type":"Feature","properties":{"cat":"Lowland wetland","fill":"#3DA5C4","text":"Restore and manage wetlands, incorporating a mosaic of wetland features to benefit a wide variety of fauna and flora.","url":"Click HERE to view the preferred habitat in our strategy"},"geometry":{"type":"Polygon","coordinates":[[[-2.83358,51.28715],[-2.83233,51.28676],[-2.83235,51.28674],[-2.83268,51.28684],[-2.83359,51.28713],[-2.83358,51.28715]]]}},{"type":"Feature","properties":{"cat":"Lowland wetland","fill":"#3DA5C4","text":"Protect and manage habitats on peat","url":"Click HERE to view the preferred habitat in our strategy"},"geometry":{"type":"Polygon","coordinates":[[[-2.81627,51.27881],[-2.81625,51.27896],[-2.81623,51.27881],[-2.81627,51.27881]]]}},{"type":"Feature","properties":{"cat":"Lowland wetland","fill":"#3DA5C4","text":"Restore and manage wetlands, incorporating a mosaic of wetland features to benefit a wide variety of fauna and flora.","url":"Click HERE to view the preferred habitat in our strategy"},"geometry":{"type":"Polygon","coordinates":[[[-2.84395,51.27881],[-2.84406,51.27883],[-2.8443,51.27888],[-2.84434,51.27888],[-2.84439,51.27889],[-2.84454,51.27892],[-2.84455,51.27893],[-2.84453,51.27894],[-2.84452,51.27893],[-2.84439,51.27891],[-2.84433,51.2789],[-2.8443,51.2789],[-2.84405,51.27885],[-2.84384,51.27881],[-2.84395,51.27881]]]}},{"type":"Feature","properties":{"cat":"Lowland wetland","fill":"#3DA5C4","text":"Protect and manage habitats on peat","url":"Click HERE to view the preferred habitat in our strategy"},"geometry":{"type":"Polygon","coordinates":[[[-2.83882,51.28659],[-2.83884,51.28657],[-2.83896,51.28666],[-2.83892,51.28668],[-2.83882,51.28659]]]}},{"type":"Feature","properties":{"cat":"Lowland wetland","fill":"#3DA5C4","text":"Protect and manage habitats on peat","url":"Click HERE to view the preferred habitat in our strategy"},"geometry":{"type":"Polygon","coordinates":[[[-2.83464,51.28891],[-2.83434,51.28878],[-2.83444,51.28871],[-2.83464,51.28883],[-2.83468,51.28881],[-2.83486,51.28889],[-2.83476,51.28899],[-2.83464,51.28891]],[[-2.83467,51.28886],[-2.83462,51.28888],[-2.83465,51.28892],[-2.83471,51.2889],[-2.83467,51.28886]]]}},{"type":"Feature","properties":{"cat":"Lowland wetland","fill":"#3DA5C4","text":"Protect and manage habitats on peat","url":"Click HERE to view the preferred habitat in our strategy"},"geometry":{"type":"Polygon","coordinates":[[[-2.85098,51.282],[-2.85096,51.28204],[-2.85103,51.28206],[-2.85099,51.28211],[-2.85079,51.28207],[-2.85084,51.28197],[-2.85098,51.282]]]}},{"type":"Feature","properties":{"cat":"Lowland wetland","fill":"#3DA5C4","text":"Restore and manage wetlands, incorporating a mosaic of wetland features to benefit a wide variety of fauna and flora.","url":"Click HERE to view the preferred habitat in our strategy"},"geometry":{"type":"Polygon","coordinates":[[[-2.81621,51.28286],[-2.81481,51.28281],[-2.81446,51.28279],[-2.81445,51.28276],[-2.81621,51.28286]]]}},{"type":"Feature","properties":{"cat":"Lowland wetland","fill":"#3DA5C4","text":"Restore and manage wetlands, incorporating a mosaic of wetland features to benefit a wide variety of fauna and flora.","url":"Click HERE to view the preferred habitat in our strategy"},"geometry":{"type":"Polygon","coordinates":[[[-2.84049,51.28264],[-2.84033,51.28301],[-2.83973,51.28335],[-2.83971,51.28333],[-2.84027,51.28303],[-2.84033,51.28297],[-2.84046,51.28265],[-2.84049,51.28264]]]}},{"type":"Feature","properties":{"cat":"Lowland wetland","fill":"#3DA5C4","text":"Protect and manage habitats on peat","url":"Click HERE to view the preferred habitat in our strategy"},"geometry":{"type":"Polygon","coordinates":[[[-2.85314,51.29216],[-2.85341,51.2922],[-2.85323,51.29274],[-2.85268,51.29266],[-2.85258,51.29249],[-2.85272,51.29209],[-2.85314,51.29216]]]}},{"type":"Feature","properties":{"cat":"Lowland wetland","fill":"#3DA5C4","text":"Protect and manage habitats on peat","url":"Click HERE to view the preferred habitat in our strategy"},"geometry":{"type":"Polygon","coordinates":[[[-2.85111,51.29242],[-2.85117,51.29242],[-2.85114,51.29257],[-2.85062,51.29256],[-2.85062,51.2924],[-2.85111,51.29242]]]}},{"type":"Feature","properties":{"cat":"Lowland wetland","fill":"#3DA5C4","text":"Protect and manage habitats on peat","url":"Click HERE to view the preferred habitat in our strategy"},"geometry":{"type":"Polygon","coordinates":[[[-2.84039,51.28816],[-2.84067,51.28816],[-2.84078,51.28813],[-2.84082,51.28814],[-2.84081,51.28823],[-2.84072,51.2882],[-2.83973,51.28822],[-2.83975,51.28815],[-2.83989,51.28815],[-2.83991,51.28811],[-2.83999,51.28811],[-2.84,51.28815],[-2.84006,51.28817],[-2.84039,51.28816]]]}},{"type":"Feature","properties":{"cat":"Lowland wetland","fill":"#3DA5C4","text":"Protect and manage habitats on peat","url":"Click HERE to view the preferred habitat in our strategy"},"geometry":{"type":"Polygon","coordinates":[[[-2.8449,51.28685],[-2.84534,51.28705],[-2.84541,51.28711],[-2.84537,51.28713],[-2.8453,51.28707],[-2.84523,51.2871],[-2.84489,51.28694],[-2.84492,51.2869],[-2.84505,51.28699],[-2.84526,51.28707],[-2.84504,51.28696],[-2.8449,51.28685]]]}},{"type":"Feature","properties":{"cat":"Lowland wetland","fill":"#3DA5C4","text":"Protect and manage habitats on peat","url":"Click HERE to view the preferred habitat in our strategy"},"geometry":{"type":"Polygon","coordinates":[[[-2.83959,51.28358],[-2.84032,51.28412],[-2.84011,51.284],[-2.83956,51.28359],[-2.83959,51.28358]]]}},{"type":"Feature","properties":{"cat":"Lowland wetland","fill":"#3DA5C4","text":"Protect and manage habitats on peat","url":"Click HERE to view the preferred habitat in our strategy"},"geometry":{"type":"Polygon","coordinates":[[[-2.84042,51.2842],[-2.84061,51.28434],[-2.84039,51.28422],[-2.84042,51.2842]]]}},{"type":"Feature","properties":{"cat":"Lowland wetland","fill":"#3DA5C4","text":"Protect and manage habitats on peat","url":"Click HERE to view the preferred habitat in our strategy"},"geometry":{"type":"Polygon","coordinates":[[[-2.83727,51.27881],[-2.83728,51.27885],[-2.83724,51.27888],[-2.83716,51.27886],[-2.83713,51.27881],[-2.83727,51.27881]]]}},{"type":"Feature","properties":{"cat":"Lowland wetland","fill":"#3DA5C4","text":"Protect and manage habitats on peat","url":"Click HERE to view the preferred habitat in our strategy"},"geometry":{"type":"Polygon","coordinates":[[[-2.85269,51.27886],[-2.85264,51.27888],[-2.85272,51.27896],[-2.8527,51.27898],[-2.8526,51.27898],[-2.85249,51.27892],[-2.85268,51.27884],[-2.85269,51.27886]]]}},{"type":"Feature","properties":{"cat":"Lowland wetland","fill":"#3DA5C4","text":"Protect and manage habitats on peat","url":"Click HERE to view the preferred habitat in our strategy"},"geometry":{"type":"Polygon","coordinates":[[[-2.83804,51.27885],[-2.83809,51.27896],[-2.83831,51.27921],[-2.83793,51.27933],[-2.83772,51.27909],[-2.83759,51.27913],[-2.83758,51.27911],[-2.83797,51.27898],[-2.83783,51.27882],[-2.83801,51.27881],[-2.83804,51.27885]],[[-2.83788,51.27917],[-2.83799,51.2793],[-2.83806,51.27928],[-2.83796,51.27915],[-2.83788,51.27917]]]}},{"type":"Feature","properties":{"cat":"Lowland wetland","fill":"#3DA5C4","text":"Protect and manage habitats on peat","url":"Click HERE to view the preferred habitat in our strategy"},"geometry":{"type":"Polygon","coordinates":[[[-2.83445,51.28812],[-2.83451,51.28826],[-2.83449,51.28827],[-2.83441,51.28812],[-2.83445,51.28812]]]}},{"type":"Feature","properties":{"cat":"Lowland wetland","fill":"#3DA5C4","text":"Protect and manage habitats on peat","url":"Click HERE to view the preferred habitat in our strategy"},"geometry":{"type":"Polygon","coordinates":[[[-2.83451,51.28826],[-2.83453,51.28828],[-2.8345,51.28829],[-2.83451,51.28826]]]}},{"type":"Feature","properties":{"cat":"Lowland wetland","fill":"#3DA5C4","text":"Protect and manage habitats on peat","url":"Click HERE to view the preferred habitat in our strategy"},"geometry":{"type":"Polygon","coordinates":[[[-2.84969,51.2926],[-2.84963,51.29252],[-2.84963,51.29241],[-2.85062,51.2924],[-2.85062,51.29256],[-2.84969,51.2926]]]}},{"type":"Feature","properties":{"cat":"Lowland wetland","fill":"#3DA5C4","text":"Protect and manage habitats on peat","url":"Click HERE to view the preferred habitat in our strategy"},"geometry":{"type":"Polygon","coordinates":[[[-2.84548,51.28703],[-2.84538,51.28704],[-2.84511,51.28692],[-2.84161,51.28497],[-2.84166,51.28493],[-2.84246,51.28542],[-2.84409,51.28633],[-2.84515,51.28686],[-2.8455,51.28699],[-2.84548,51.28703]]]}},{"type":"Feature","properties":{"cat":"Lowland wetland","fill":"#3DA5C4","text":"Protect and manage habitats on peat","url":"Click HERE to view the preferred habitat in our strategy"},"geometry":{"type":"Polygon","coordinates":[[[-2.85221,51.27921],[-2.85206,51.27919],[-2.85197,51.27923],[-2.85201,51.27904],[-2.85224,51.27898],[-2.85227,51.27904],[-2.85243,51.279],[-2.85243,51.27907],[-2.85262,51.27911],[-2.85226,51.27925],[-2.85221,51.27921]]]}},{"type":"Feature","properties":{"cat":"Lowland wetland","fill":"#3DA5C4","text":"Protect and manage habitats on peat","url":"Click HERE to view the preferred habitat in our strategy"},"geometry":{"type":"Polygon","coordinates":[[[-2.84138,51.28482],[-2.84021,51.28401],[-2.83959,51.28352],[-2.84038,51.2841],[-2.84139,51.28476],[-2.84141,51.28478],[-2.84138,51.28482]]]}},{"type":"Feature","properties":{"cat":"Lowland wetland","fill":"#3DA5C4","text":"Protect and manage habitats on peat","url":"Click HERE to view the preferred habitat in our strategy"},"geometry":{"type":"Polygon","coordinates":[[[-2.8383,51.28266],[-2.83818,51.2827],[-2.83748,51.28329],[-2.83738,51.28331],[-2.83743,51.28331],[-2.83829,51.28258],[-2.83956,51.28347],[-2.83953,51.28348],[-2.83843,51.28271],[-2.8383,51.28266]]]}},{"type":"Feature","properties":{"cat":"Lowland wetland","fill":"#3DA5C4","text":"Protect and manage habitats on peat","url":"Click HERE to view the preferred habitat in our strategy"},"geometry":{"type":"Polygon","coordinates":[[[-2.85466,51.27913],[-2.85417,51.27922],[-2.85424,51.27938],[-2.85404,51.27944],[-2.85406,51.27957],[-2.85382,51.27962],[-2.85404,51.27956],[-2.85402,51.27943],[-2.85422,51.27937],[-2.85413,51.27923],[-2.85465,51.27911],[-2.85466,51.27913]]]}},{"type":"Feature","properties":{"cat":"Lowland wetland","fill":"#3DA5C4","text":"Protect and manage habitats on peat","url":"Click HERE to view the preferred habitat in our strategy"},"geometry":{"type":"Polygon","coordinates":[[[-2.83308,51.27951],[-2.83311,51.27953],[-2.83305,51.27954],[-2.83308,51.27951]]]}},{"type":"Feature","properties":{"cat":"Lowland wetland","fill":"#3DA5C4","text":"Protect and manage habitats on peat","url":"Click HERE to view the preferred habitat in our strategy"},"geometry":{"type":"Polygon","coordinates":[[[-2.8498,51.29284],[-2.84979,51.29274],[-2.84971,51.2926],[-2.85057,51.29256],[-2.85187,51.2926],[-2.85194,51.29277],[-2.85215,51.29282],[-2.85214,51.2929],[-2.85204,51.29293],[-2.85106,51.29295],[-2.85048,51.29301],[-2.85018,51.29285],[-2.8499,51.29287],[-2.8498,51.29284]]]}},{"type":"Feature","properties":{"cat":"Lowland wetland","fill":"#3DA5C4","text":"Protect and manage habitats on peat","url":"Click HERE to view the preferred habitat in our strategy"},"geometry":{"type":"Polygon","coordinates":[[[-2.83308,51.27952],[-2.83305,51.27954],[-2.83303,51.27952],[-2.83308,51.27952]]]}},{"type":"Feature","properties":{"cat":"Lowland wetland","fill":"#3DA5C4","text":"Protect and manage habitats on peat","url":"Click HERE to view the preferred habitat in our strategy"},"geometry":{"type":"Polygon","coordinates":[[[-2.84419,51.28831],[-2.84438,51.28778],[-2.84432,51.28777],[-2.84432,51.28785],[-2.84415,51.28831],[-2.84402,51.28827],[-2.84403,51.28811],[-2.84411,51.28812],[-2.84425,51.28775],[-2.84435,51.28775],[-2.84439,51.28778],[-2.84433,51.28802],[-2.84422,51.28832],[-2.84419,51.28831]]]}},{"type":"Feature","properties":{"cat":"Lowland wetland","fill":"#3DA5C4","text":"Restore and manage wetlands, incorporating a mosaic of wetland features to benefit a wide variety of fauna and flora.","url":"Click HERE to view the preferred habitat in our strategy"},"geometry":{"type":"Polygon","coordinates":[[[-2.81455,51.28378],[-2.81458,51.28343],[-2.81448,51.28295],[-2.81481,51.28281],[-2.81589,51.28285],[-2.81581,51.28342],[-2.81513,51.28337],[-2.81502,51.28343],[-2.81499,51.2838],[-2.81507,51.2838],[-2.81504,51.28385],[-2.81494,51.28384],[-2.81491,51.28404],[-2.81453,51.28397],[-2.81455,51.28378]]]}},{"type":"Feature","properties":{"cat":"Lowland wetland","fill":"#3DA5C4","text":"Restore and manage wetlands, incorporating a mosaic of wetland features to benefit a wide variety of fauna and flora.","url":"Click HERE to view the preferred habitat in our strategy"},"geometry":{"type":"Polygon","coordinates":[[[-2.81621,51.2828],[-2.81621,51.28284],[-2.81439,51.28276],[-2.81435,51.28257],[-2.81435,51.28223],[-2.81622,51.28218],[-2.81621,51.2828]]]}},{"type":"Feature","properties":{"cat":"Lowland wetland","fill":"#3DA5C4","text":"Restore and manage wetlands, incorporating a mosaic of wetland features to benefit a wide variety of fauna and flora.","url":"Click HERE to view the preferred habitat in our strategy"},"geometry":{"type":"Polygon","coordinates":[[[-2.82498,51.28373],[-2.82502,51.28373],[-2.8251,51.28328],[-2.82708,51.28339],[-2.82842,51.28357],[-2.82793,51.2839],[-2.82762,51.28435],[-2.82736,51.28457],[-2.82718,51.28442],[-2.827,51.28435],[-2.82564,51.28413],[-2.82501,51.2838],[-2.82502,51.28377],[-2.82498,51.28377],[-2.82498,51.28373]]]}},{"type":"Feature","properties":{"cat":"Lowland wetland","fill":"#3DA5C4","text":"Restore and manage wetlands, incorporating a mosaic of wetland features to benefit a wide variety of fauna and flora.","url":"Click HERE to view the preferred habitat in our strategy"},"geometry":{"type":"Polygon","coordinates":[[[-2.82936,51.28602],[-2.8293,51.28604],[-2.82926,51.28602],[-2.82909,51.28612],[-2.82903,51.28603],[-2.8289,51.28597],[-2.82855,51.28586],[-2.82841,51.28585],[-2.82921,51.28467],[-2.83096,51.28505],[-2.82932,51.28599],[-2.82936,51.28602]]]}},{"type":"Feature","properties":{"cat":"Lowland wetland","fill":"#3DA5C4","text":"Restore and manage wetlands, incorporating a mosaic of wetland features to benefit a wide variety of fauna and flora.","url":"Click HERE to view the preferred habitat in our strategy"},"geometry":{"type":"Polygon","coordinates":[[[-2.82843,51.28486],[-2.82848,51.28486],[-2.82834,51.28542],[-2.82768,51.28536],[-2.8277,51.28525],[-2.82822,51.28529],[-2.82833,51.28485],[-2.82843,51.28486]]]}},{"type":"Feature","properties":{"cat":"Lowland wetland","fill":"#3DA5C4","text":"Restore and manage wetlands, incorporating a mosaic of wetland features to benefit a wide variety of fauna and flora.","url":"Click HERE to view the preferred habitat in our strategy"},"geometry":{"type":"Polygon","coordinates":[[[-2.81373,51.28298],[-2.81374,51.28302],[-2.81379,51.28303],[-2.81384,51.28327],[-2.81385,51.2837],[-2.8134,51.28354],[-2.81344,51.28301],[-2.81373,51.28298]]]}},{"type":"Feature","properties":{"cat":"Lowland wetland","fill":"#3DA5C4","text":"Restore and manage wetlands, incorporating a mosaic of wetland features to benefit a wide variety of fauna and flora.","url":"Click HERE to view the preferred habitat in our strategy"},"geometry":{"type":"Polygon","coordinates":[[[-2.8142,51.28337],[-2.81451,51.2831],[-2.81457,51.28338],[-2.8142,51.28337]]]}},{"type":"Feature","properties":{"cat":"Lowland wetland","fill":"#3DA5C4","text":"Restore and manage wetlands, incorporating a mosaic of wetland features to benefit a wide variety of fauna and flora.","url":"Click HERE to view the preferred habitat in our strategy"},"geometry":{"type":"Polygon","coordinates":[[[-2.81621,51.28286],[-2.81621,51.28349],[-2.81581,51.28345],[-2.81589,51.28285],[-2.81621,51.28286]]]}},{"type":"Feature","properties":{"cat":"Lowland wetland","fill":"#3DA5C4","text":"Restore and manage wetlands, incorporating a mosaic of wetland features to benefit a wide variety of fauna and flora.","url":"Click HERE to view the preferred habitat in our strategy"},"geometry":{"type":"Polygon","coordinates":[[[-2.81435,51.28292],[-2.81194,51.28317],[-2.81192,51.28314],[-2.81195,51.28313],[-2.81187,51.28301],[-2.81185,51.28292],[-2.81431,51.28264],[-2.81436,51.28278],[-2.81446,51.28279],[-2.81447,51.28292],[-2.81435,51.28292]]]}},{"type":"Feature","properties":{"cat":"Lowland wetland","fill":"#3DA5C4","text":"Restore and manage wetlands, incorporating a mosaic of wetland features to benefit a wide variety of fauna and flora.","url":"Click HERE to view the preferred habitat in our strategy"},"geometry":{"type":"Polygon","coordinates":[[[-2.81798,51.28338],[-2.81715,51.28404],[-2.81689,51.2843],[-2.81653,51.28426],[-2.81653,51.28225],[-2.81802,51.28241],[-2.81738,51.28316],[-2.81798,51.28338]]]}},{"type":"Feature","properties":{"cat":"Lowland wetland","fill":"#3DA5C4","text":"Restore and manage wetlands, incorporating a mosaic of wetland features to benefit a wide variety of fauna and flora.","url":"Click HERE to view the preferred habitat in our strategy"},"geometry":{"type":"Polygon","coordinates":[[[-2.82096,51.28516],[-2.81939,51.28507],[-2.8194,51.28472],[-2.81948,51.28447],[-2.81962,51.2844],[-2.81971,51.28423],[-2.8201,51.28377],[-2.82085,51.28384],[-2.82177,51.28382],[-2.82177,51.28415],[-2.82117,51.28418],[-2.82115,51.28517],[-2.82096,51.28516]]]}},{"type":"Feature","properties":{"cat":"Lowland wetland","fill":"#3DA5C4","text":"Restore and manage wetlands, incorporating a mosaic of wetland features to benefit a wide variety of fauna and flora.","url":"Click HERE to view the preferred habitat in our strategy"},"geometry":{"type":"Polygon","coordinates":[[[-2.8164,51.28447],[-2.81639,51.28215],[-2.8181,51.28233],[-2.81801,51.28241],[-2.81653,51.28225],[-2.81653,51.28426],[-2.81689,51.2843],[-2.81715,51.28404],[-2.818,51.28337],[-2.81827,51.28346],[-2.81695,51.28459],[-2.81644,51.28452],[-2.81645,51.28447],[-2.8164,51.28447]]]}},{"type":"Feature","properties":{"cat":"Moorland & heath","fill":"#9C4D9C","text":"Manage existing unenclosed upland habitats - including moor, heath and mire -sustainably, so they are in good condition, and supporting a thriving and diverse community of species","url":"Click HERE to view the preferred habitat in our strategy"},"geometry":{"type":"Polygon","coordinates":[[[-2.75655,51.31426],[-2.75657,51.31441],[-2.75616,51.31429],[-2.75655,51.31422],[-2.75655,51.31426]]]}},{"type":"Feature","properties":{"cat":"Moorland & heath","fill":"#9C4D9C","text":"Manage existing unenclosed upland habitats - including moor, heath and mire -sustainably, so they are in good condition, and supporting a thriving and diverse community of species","url":"Click HERE to view the preferred habitat in our strategy"},"geometry":{"type":"Polygon","coordinates":[[[-2.81044,51.30142],[-2.81046,51.30135],[-2.81229,51.30123],[-2.81344,51.30125],[-2.81627,51.30113],[-2.81697,51.30105],[-2.81744,51.30104],[-2.81826,51.30096],[-2.81827,51.30098],[-2.81826,51.30103],[-2.8169,51.30113],[-2.8163,51.30121],[-2.81364,51.30131],[-2.81342,51.30134],[-2.81271,51.30129],[-2.81127,51.3014],[-2.81044,51.30142]]]}},{"type":"Feature","properties":{"cat":"Moorland & heath","fill":"#9C4D9C","text":"Manage existing unenclosed upland habitats - including moor, heath and mire -sustainably, so they are in good condition, and supporting a thriving and diverse community of species","url":"Click HERE to view the preferred habitat in our strategy"},"geometry":{"type":"Polygon","coordinates":[[[-2.74743,51.31104],[-2.74911,51.31133],[-2.74516,51.3117],[-2.74587,51.31143],[-2.74699,51.31114],[-2.74733,51.31102],[-2.74743,51.31104]]]}},{"type":"Feature","properties":{"cat":"Moorland & heath","fill":"#9C4D9C","text":"Manage existing unenclosed upland habitats - including moor, heath and mire -sustainably, so they are in good condition, and supporting a thriving and diverse community of species","url":"Click HERE to view the preferred habitat in our strategy"},"geometry":{"type":"Polygon","coordinates":[[[-2.7645,51.31343],[-2.7636,51.31341],[-2.76361,51.31333],[-2.76512,51.31344],[-2.76483,51.31268],[-2.76417,51.31207],[-2.76386,51.31276],[-2.76351,51.31277],[-2.76345,51.31285],[-2.76342,51.31317],[-2.7634,51.31286],[-2.76371,51.31238],[-2.7645,51.31099],[-2.76446,51.31073],[-2.76414,51.31026],[-2.76363,51.30965],[-2.76343,51.30957],[-2.76414,51.30885],[-2.76563,51.30901],[-2.7662,51.30833],[-2.76574,51.30824],[-2.76566,51.30806],[-2.76584,51.30797],[-2.76577,51.3078],[-2.76594,51.30747],[-2.76608,51.30746],[-2.76635,51.30752],[-2.7665,51.30742],[-2.76685,51.30754],[-2.76692,51.30748],[-2.76564,51.30902],[-2.76597,51.30908],[-2.76587,51.30908],[-2.76576,51.30913],[-2.7654,51.30983],[-2.76561,51.31001],[-2.76561,51.31004],[-2.76517,51.31056],[-2.76508,51.31075],[-2.76489,51.31092],[-2.76429,51.31192],[-2.76424,51.31192],[-2.76422,51.31196],[-2.76431,51.31209],[-2.76465,51.31237],[-2.76486,51.31266],[-2.765,51.31291],[-2.76522,51.31348],[-2.7645,51.31343]],[[-2.76495,51.31042],[-2.76485,51.31056],[-2.76504,51.31058],[-2.76505,51.31051],[-2.7651,51.31046],[-2.76495,51.31042]],[[-2.76501,51.3106],[-2.76493,51.31059],[-2.76489,51.31068],[-2.76506,51.31071],[-2.76501,51.3106]]]}},{"type":"Feature","properties":{"cat":"Moorland & heath","fill":"#9C4D9C","text":"Manage existing unenclosed upland habitats - including moor, heath and mire -sustainably, so they are in good condition, and supporting a thriving and diverse community of species","url":"Click HERE to view the preferred habitat in our strategy"},"geometry":{"type":"Polygon","coordinates":[[[-2.84258,51.29254],[-2.84292,51.29264],[-2.84292,51.29268],[-2.84264,51.29327],[-2.8426,51.29342],[-2.84263,51.29348],[-2.84262,51.29362],[-2.84253,51.29379],[-2.84227,51.29366],[-2.84197,51.29339],[-2.8419,51.29329],[-2.84188,51.29309],[-2.84182,51.29297],[-2.84189,51.29287],[-2.84189,51.29266],[-2.84185,51.29255],[-2.84188,51.29241],[-2.84258,51.29254]]]}},{"type":"Feature","properties":{"cat":"Moorland & heath","fill":"#9C4D9C","text":"Manage existing unenclosed upland habitats - including moor, heath and mire -sustainably, so they are in good condition, and supporting a thriving and diverse community of species","url":"Click HERE to view the preferred habitat in our strategy"},"geometry":{"type":"Polygon","coordinates":[[[-2.76375,51.31716],[-2.76414,51.31734],[-2.7642,51.3174],[-2.76358,51.31861],[-2.76321,51.31964],[-2.76335,51.32007],[-2.76347,51.3216],[-2.76359,51.32192],[-2.76354,51.32192],[-2.76338,51.32187],[-2.76321,51.32186],[-2.76316,51.32174],[-2.76307,51.32131],[-2.763,51.3204],[-2.76286,51.31975],[-2.76306,51.31906],[-2.76333,51.31838],[-2.76366,51.31768],[-2.76365,51.31727],[-2.76375,51.31716]]]}},{"type":"Feature","properties":{"cat":"Moorland & heath","fill":"#9C4D9C","text":"Manage existing unenclosed upland habitats - including moor, heath and mire -sustainably, so they are in good condition, and supporting a thriving and diverse community of species","url":"Click HERE to view the preferred habitat in our strategy"},"geometry":{"type":"Polygon","coordinates":[[[-2.75548,51.31423],[-2.75584,51.31424],[-2.75616,51.31429],[-2.75657,51.31441],[-2.75664,51.31458],[-2.75738,51.31546],[-2.75775,51.31607],[-2.75798,51.31661],[-2.75846,51.31737],[-2.75859,51.31793],[-2.75855,51.31825],[-2.75842,51.31855],[-2.75751,51.32013],[-2.75747,51.32055],[-2.75738,51.32098],[-2.75731,51.32115],[-2.75701,51.3216],[-2.75645,51.32143],[-2.75634,51.32136],[-2.75627,51.32126],[-2.75587,51.32105],[-2.75587,51.32071],[-2.75572,51.32046],[-2.75543,51.31977],[-2.7558,51.3197],[-2.75595,51.31958],[-2.75618,51.3195],[-2.7563,51.3194],[-2.75673,51.31923],[-2.75685,51.31906],[-2.75686,51.31879],[-2.75685,51.31873],[-2.75661,51.31847],[-2.75658,51.31823],[-2.75642,51.31806],[-2.75639,51.31789],[-2.75621,51.31781],[-2.7561,51.31772],[-2.75609,51.31761],[-2.75614,51.31755],[-2.75615,51.31739],[-2.75611,51.31725],[-2.75568,51.31707],[-2.75558,51.31697],[-2.75543,51.31664],[-2.75528,51.31648],[-2.75527,51.31637],[-2.75538,51.31624],[-2.75535,51.31615],[-2.75539,51.31606],[-2.75538,51.31589],[-2.75534,51.31582],[-2.75525,51.31578],[-2.75512,51.31565],[-2.75516,51.31545],[-2.7551,51.31527],[-2.75487,51.3151],[-2.75484,51.31497],[-2.75486,51.31492],[-2.75498,51.31483],[-2.75498,51.31475],[-2.75471,51.31457],[-2.75463,51.31446],[-2.75463,51.31438],[-2.75469,51.31431],[-2.75486,51.31424],[-2.75516,51.31421],[-2.75548,51.31423]]]}},{"type":"Feature","properties":{"cat":"Moorland & heath","fill":"#9C4D9C","text":"Manage existing unenclosed upland habitats - including moor, heath and mire -sustainably, so they are in good condition, and supporting a thriving and diverse community of species","url":"Click HERE to view the preferred habitat in our strategy"},"geometry":{"type":"Polygon","coordinates":[[[-2.75417,51.31425],[-2.75407,51.3143],[-2.75405,51.31402],[-2.75423,51.3142],[-2.7544,51.31425],[-2.75417,51.31425]]]}},{"type":"Feature","properties":{"cat":"Moorland & heath","fill":"#9C4D9C","text":"Manage existing unenclosed upland habitats - including moor, heath and mire -sustainably, so they are in good condition, and supporting a thriving and diverse community of species","url":"Click HERE to view the preferred habitat in our strategy"},"geometry":{"type":"Polygon","coordinates":[[[-2.73051,51.31377],[-2.73064,51.31403],[-2.72998,51.31532],[-2.72996,51.31534],[-2.72932,51.31509],[-2.72987,51.31452],[-2.73051,51.31377]]]}},{"type":"Feature","properties":{"cat":"Moorland & heath","fill":"#9C4D9C","text":"Manage existing unenclosed upland habitats - including moor, heath and mire -sustainably, so they are in good condition, and supporting a thriving and diverse community of species","url":"Click HERE to view the preferred habitat in our strategy"},"geometry":{"type":"Polygon","coordinates":[[[-2.75826,51.31082],[-2.75973,51.31111],[-2.75841,51.3116],[-2.75791,51.31174],[-2.75802,51.31124],[-2.75819,51.31081],[-2.75826,51.31082]]]}},{"type":"Feature","properties":{"cat":"Moorland & heath","fill":"#9C4D9C","text":"Manage existing unenclosed upland habitats - including moor, heath and mire -sustainably, so they are in good condition, and supporting a thriving and diverse community of species","url":"Click HERE to view the preferred habitat in our strategy"},"geometry":{"type":"Polygon","coordinates":[[[-2.75863,51.31788],[-2.75852,51.31735],[-2.75834,51.3169],[-2.75842,51.31692],[-2.75864,51.31741],[-2.75876,51.3179],[-2.75863,51.31788]]]}},{"type":"Feature","properties":{"cat":"Moorland & heath","fill":"#9C4D9C","text":"Manage existing unenclosed upland habitats - including moor, heath and mire -sustainably, so they are in good condition, and supporting a thriving and diverse community of species","url":"Click HERE to view the preferred habitat in our strategy"},"geometry":{"type":"Polygon","coordinates":[[[-2.75834,51.3169],[-2.75783,51.31608],[-2.75803,51.31621],[-2.75841,51.31688],[-2.75842,51.31692],[-2.75834,51.3169]]]}},{"type":"Feature","properties":{"cat":"Moorland & heath","fill":"#9C4D9C","text":"Manage existing unenclosed upland habitats - including moor, heath and mire -sustainably, so they are in good condition, and supporting a thriving and diverse community of species","url":"Click HERE to view the preferred habitat in our strategy"},"geometry":{"type":"Polygon","coordinates":[[[-2.76413,51.31109],[-2.76428,51.31079],[-2.76425,51.31063],[-2.76354,51.3098],[-2.76347,51.30962],[-2.76358,51.30967],[-2.76409,51.31028],[-2.7644,51.31074],[-2.76444,51.31098],[-2.76366,51.31237],[-2.76337,51.3128],[-2.76333,51.3129],[-2.7634,51.31342],[-2.7631,51.3134],[-2.76298,51.31271],[-2.76336,51.31245],[-2.76356,51.31202],[-2.76413,51.31109]]]}},{"type":"Feature","properties":{"cat":"Moorland & heath","fill":"#9C4D9C","text":"Manage existing unenclosed upland habitats - including moor, heath and mire -sustainably, so they are in good condition, and supporting a thriving and diverse community of species","url":"Click HERE to view the preferred habitat in our strategy"},"geometry":{"type":"Polygon","coordinates":[[[-2.75802,51.31619],[-2.75782,51.3158],[-2.75746,51.31528],[-2.75675,51.31447],[-2.75674,51.31437],[-2.75687,51.3142],[-2.75854,51.3145],[-2.75959,51.31462],[-2.75959,51.31524],[-2.75968,51.31602],[-2.7599,51.31653],[-2.75813,51.31624],[-2.75802,51.31619]]]}},{"type":"Feature","properties":{"cat":"Moorland & heath","fill":"#9C4D9C","text":"Manage existing unenclosed upland habitats - including moor, heath and mire -sustainably, so they are in good condition, and supporting a thriving and diverse community of species","url":"Click HERE to view the preferred habitat in our strategy"},"geometry":{"type":"Polygon","coordinates":[[[-2.74789,51.31389],[-2.74764,51.31388],[-2.74758,51.31384],[-2.74756,51.31377],[-2.74759,51.31372],[-2.7477,51.31367],[-2.74788,51.31368],[-2.74797,51.31376],[-2.74797,51.31382],[-2.74789,51.31389]]]}},{"type":"Feature","properties":{"cat":"Moorland & heath","fill":"#9C4D9C","text":"Manage existing unenclosed upland habitats - including moor, heath and mire -sustainably, so they are in good condition, and supporting a thriving and diverse community of species","url":"Click HERE to view the preferred habitat in our strategy"},"geometry":{"type":"Polygon","coordinates":[[[-2.76336,51.31819],[-2.76336,51.31828],[-2.76321,51.3186],[-2.76195,51.31844],[-2.75942,51.31799],[-2.75876,51.3179],[-2.75864,51.31741],[-2.75842,51.31692],[-2.76339,51.31802],[-2.76336,51.31819]]]}},{"type":"Feature","properties":{"cat":"Moorland & heath","fill":"#9C4D9C","text":"Manage existing unenclosed upland habitats - including moor, heath and mire -sustainably, so they are in good condition, and supporting a thriving and diverse community of species","url":"Click HERE to view the preferred habitat in our strategy"},"geometry":{"type":"Polygon","coordinates":[[[-2.74791,51.31388],[-2.74791,51.31389],[-2.74789,51.31389],[-2.74789,51.31388],[-2.74791,51.31388]]]}},{"type":"Feature","properties":{"cat":"Moorland & heath","fill":"#9C4D9C","text":"Manage existing unenclosed upland habitats - including moor, heath and mire -sustainably, so they are in good condition, and supporting a thriving and diverse community of species","url":"Click HERE to view the preferred habitat in our strategy"},"geometry":{"type":"Polygon","coordinates":[[[-2.76321,51.31345],[-2.76198,51.31385],[-2.76012,51.31393],[-2.75717,51.31376],[-2.75701,51.31373],[-2.75694,51.31364],[-2.75705,51.31329],[-2.75723,51.31309],[-2.75897,51.31326],[-2.76138,51.3133],[-2.7634,51.31342],[-2.76336,51.31345],[-2.76321,51.31345]],[[-2.76183,51.31385],[-2.7631,51.31344],[-2.76108,51.31332],[-2.75882,51.3133],[-2.75731,51.31316],[-2.75703,51.31372],[-2.75797,51.3138],[-2.75955,51.31386],[-2.75987,51.3139],[-2.76183,51.31385]]]}},{"type":"Feature","properties":{"cat":"Moorland & heath","fill":"#9C4D9C","text":"Manage existing unenclosed upland habitats - including moor, heath and mire -sustainably, so they are in good condition, and supporting a thriving and diverse community of species","url":"Click HERE to view the preferred habitat in our strategy"},"geometry":{"type":"Polygon","coordinates":[[[-2.75401,51.31992],[-2.75401,51.31992],[-2.754,51.31989],[-2.75401,51.31992],[-2.75401,51.31992]]]}},{"type":"Feature","properties":{"cat":"Moorland & heath","fill":"#9C4D9C","text":"Manage existing unenclosed upland habitats - including moor, heath and mire -sustainably, so they are in good condition, and supporting a thriving and diverse community of species","url":"Click HERE to view the preferred habitat in our strategy"},"geometry":{"type":"Polygon","coordinates":[[[-2.75387,51.31976],[-2.75387,51.31972],[-2.75382,51.3197],[-2.75387,51.31967],[-2.75394,51.31978],[-2.75387,51.31976]]]}},{"type":"Feature","properties":{"cat":"Moorland & heath","fill":"#9C4D9C","text":"Manage existing unenclosed upland habitats - including moor, heath and mire -sustainably, so they are in good condition, and supporting a thriving and diverse community of species","url":"Click HERE to view the preferred habitat in our strategy"},"geometry":{"type":"Polygon","coordinates":[[[-2.75663,51.31423],[-2.75664,51.31444],[-2.75657,51.31441],[-2.75655,51.31426],[-2.75656,51.31421],[-2.75666,51.31418],[-2.75663,51.31423]]]}},{"type":"Feature","properties":{"cat":"Moorland & heath","fill":"#9C4D9C","text":"Manage existing unenclosed upland habitats - including moor, heath and mire -sustainably, so they are in good condition, and supporting a thriving and diverse community of species","url":"Click HERE to view the preferred habitat in our strategy"},"geometry":{"type":"Polygon","coordinates":[[[-2.75817,51.31044],[-2.75811,51.31045],[-2.75807,51.31027],[-2.75843,51.30977],[-2.75837,51.30989],[-2.75832,51.31015],[-2.75822,51.31044],[-2.75817,51.31044]]]}},{"type":"Feature","properties":{"cat":"Moorland & heath","fill":"#9C4D9C","text":"Manage existing unenclosed upland habitats - including moor, heath and mire -sustainably, so they are in good condition, and supporting a thriving and diverse community of species","url":"Click HERE to view the preferred habitat in our strategy"},"geometry":{"type":"Polygon","coordinates":[[[-2.76146,51.31403],[-2.76062,51.31429],[-2.75935,51.3145],[-2.75851,51.31443],[-2.75699,51.31415],[-2.7569,51.31411],[-2.75688,51.31407],[-2.75691,51.31394],[-2.75701,51.31375],[-2.75979,51.31394],[-2.76102,51.31393],[-2.76182,51.31389],[-2.76146,51.31403]]]}},{"type":"Feature","properties":{"cat":"Moorland & heath","fill":"#9C4D9C","text":"Manage existing unenclosed upland habitats - including moor, heath and mire -sustainably, so they are in good condition, and supporting a thriving and diverse community of species","url":"Click HERE to view the preferred habitat in our strategy"},"geometry":{"type":"Polygon","coordinates":[[[-2.75719,51.31059],[-2.75725,51.3106],[-2.75729,51.31069],[-2.75721,51.31074],[-2.75708,51.31072],[-2.75705,51.31068],[-2.75707,51.31061],[-2.75719,51.31059]]]}},{"type":"Feature","properties":{"cat":"Moorland & heath","fill":"#9C4D9C","text":"Manage existing unenclosed upland habitats - including moor, heath and mire -sustainably, so they are in good condition, and supporting a thriving and diverse community of species","url":"Click HERE to view the preferred habitat in our strategy"},"geometry":{"type":"Polygon","coordinates":[[[-2.76384,51.31279],[-2.76366,51.31319],[-2.76359,51.31343],[-2.76346,51.31342],[-2.76342,51.31317],[-2.76345,51.31285],[-2.76351,51.31277],[-2.76386,51.31276],[-2.76384,51.31279]]]}},{"type":"Feature","properties":{"cat":"Moorland & heath","fill":"#9C4D9C","text":"Manage existing unenclosed upland habitats - including moor, heath and mire -sustainably, so they are in good condition, and supporting a thriving and diverse community of species","url":"Click HERE to view the preferred habitat in our strategy"},"geometry":{"type":"Polygon","coordinates":[[[-2.75578,51.32417],[-2.75577,51.32424],[-2.7555,51.32451],[-2.7548,51.32455],[-2.7548,51.32415],[-2.75471,51.32336],[-2.75473,51.32318],[-2.75479,51.3237],[-2.7549,51.32393],[-2.75512,51.32404],[-2.75578,51.32412],[-2.75578,51.32417]]]}},{"type":"Feature","properties":{"cat":"Moorland & heath","fill":"#9C4D9C","text":"Manage existing unenclosed upland habitats - including moor, heath and mire -sustainably, so they are in good condition, and supporting a thriving and diverse community of species","url":"Click HERE to view the preferred habitat in our strategy"},"geometry":{"type":"Polygon","coordinates":[[[-2.75489,51.32047],[-2.75505,51.3206],[-2.75522,51.32087],[-2.75526,51.32112],[-2.75534,51.32128],[-2.75536,51.3214],[-2.75532,51.32148],[-2.75535,51.3214],[-2.75522,51.32121],[-2.7551,51.32076],[-2.75489,51.32047]]]}},{"type":"Feature","properties":{"cat":"Moorland & heath","fill":"#9C4D9C","text":"Manage existing unenclosed upland habitats - including moor, heath and mire -sustainably, so they are in good condition, and supporting a thriving and diverse community of species","url":"Click HERE to view the preferred habitat in our strategy"},"geometry":{"type":"Polygon","coordinates":[[[-2.75507,51.32188],[-2.75506,51.32192],[-2.75505,51.32196],[-2.75504,51.32198],[-2.75503,51.32199],[-2.75506,51.32192],[-2.75508,51.32186],[-2.75507,51.32188]]]}},{"type":"Feature","properties":{"cat":"Moorland & heath","fill":"#9C4D9C","text":"Manage existing unenclosed upland habitats - including moor, heath and mire -sustainably, so they are in good condition, and supporting a thriving and diverse community of species","url":"Click HERE to view the preferred habitat in our strategy"},"geometry":{"type":"Polygon","coordinates":[[[-2.75496,51.32221],[-2.75491,51.32249],[-2.75484,51.32264],[-2.75496,51.32221]]]}},{"type":"Feature","properties":{"cat":"Moorland & heath","fill":"#9C4D9C","text":"Manage existing unenclosed upland habitats - including moor, heath and mire -sustainably, so they are in good condition, and supporting a thriving and diverse community of species","url":"Click HERE to view the preferred habitat in our strategy"},"geometry":{"type":"Polygon","coordinates":[[[-2.75656,51.31421],[-2.75657,51.31414],[-2.75714,51.31309],[-2.75718,51.31305],[-2.75724,51.31307],[-2.75705,51.31329],[-2.75694,51.31364],[-2.75693,51.3136],[-2.75673,51.31407],[-2.75666,51.31418],[-2.75656,51.31421]]]}},{"type":"Feature","properties":{"cat":"Moorland & heath","fill":"#9C4D9C","text":"Manage existing unenclosed upland habitats - including moor, heath and mire -sustainably, so they are in good condition, and supporting a thriving and diverse community of species","url":"Click HERE to view the preferred habitat in our strategy"},"geometry":{"type":"Polygon","coordinates":[[[-2.76216,51.31464],[-2.76132,51.31466],[-2.76029,51.31464],[-2.75968,51.31461],[-2.75953,51.31453],[-2.76082,51.31429],[-2.76315,51.31349],[-2.76334,51.31347],[-2.76343,51.3146],[-2.76216,51.31464]]]}},{"type":"Feature","properties":{"cat":"Moorland & heath","fill":"#9C4D9C","text":"Manage existing unenclosed upland habitats - including moor, heath and mire -sustainably, so they are in good condition, and supporting a thriving and diverse community of species","url":"Click HERE to view the preferred habitat in our strategy"},"geometry":{"type":"Polygon","coordinates":[[[-2.75369,51.3192],[-2.75371,51.31916],[-2.75376,51.31918],[-2.75373,51.31921],[-2.75369,51.3192]]]}},{"type":"Feature","properties":{"cat":"Moorland & heath","fill":"#9C4D9C","text":"Manage existing unenclosed upland habitats - including moor, heath and mire -sustainably, so they are in good condition, and supporting a thriving and diverse community of species","url":"Click HERE to view the preferred habitat in our strategy"},"geometry":{"type":"Polygon","coordinates":[[[-2.73595,51.30622],[-2.73612,51.3063],[-2.73629,51.30645],[-2.73682,51.30648],[-2.73676,51.30662],[-2.73579,51.30667],[-2.7355,51.30665],[-2.73595,51.30622]]]}},{"type":"Feature","properties":{"cat":"Moorland & heath","fill":"#9C4D9C","text":"Manage existing unenclosed upland habitats - including moor, heath and mire -sustainably, so they are in good condition, and supporting a thriving and diverse community of species","url":"Click HERE to view the preferred habitat in our strategy"},"geometry":{"type":"Polygon","coordinates":[[[-2.7642,51.31581],[-2.76425,51.31577],[-2.76411,51.31541],[-2.76396,51.31538],[-2.76389,51.3154],[-2.76384,51.31546],[-2.76395,51.315],[-2.76415,51.31519],[-2.76418,51.31544],[-2.76435,51.31566],[-2.76437,51.316],[-2.7642,51.31581]]]}},{"type":"Feature","properties":{"cat":"Moorland & heath","fill":"#9C4D9C","text":"Manage existing unenclosed upland habitats - including moor, heath and mire -sustainably, so they are in good condition, and supporting a thriving and diverse community of species","url":"Click HERE to view the preferred habitat in our strategy"},"geometry":{"type":"Polygon","coordinates":[[[-2.84765,51.29982],[-2.84698,51.29986],[-2.84685,51.29984],[-2.85316,51.29944],[-2.85438,51.29967],[-2.85434,51.29969],[-2.85316,51.29946],[-2.84765,51.29982]]]}},{"type":"Feature","properties":{"cat":"Moorland & heath","fill":"#9C4D9C","text":"Manage existing unenclosed upland habitats - including moor, heath and mire -sustainably, so they are in good condition, and supporting a thriving and diverse community of species","url":"Click HERE to view the preferred habitat in our strategy"},"geometry":{"type":"Polygon","coordinates":[[[-2.76272,51.3136],[-2.76321,51.31345],[-2.76336,51.31345],[-2.76334,51.31347],[-2.76315,51.31349],[-2.76082,51.31429],[-2.75953,51.31453],[-2.75968,51.31461],[-2.75916,51.31452],[-2.75982,51.31446],[-2.7609,51.31424],[-2.76153,51.31404],[-2.76272,51.3136]]]}},{"type":"Feature","properties":{"cat":"Moorland & heath","fill":"#9C4D9C","text":"Manage existing unenclosed upland habitats - including moor, heath and mire -sustainably, so they are in good condition, and supporting a thriving and diverse community of species","url":"Click HERE to view the preferred habitat in our strategy"},"geometry":{"type":"Polygon","coordinates":[[[-2.75678,51.3106],[-2.75661,51.31062],[-2.75671,51.31056],[-2.75686,51.31058],[-2.75678,51.3106]]]}},{"type":"Feature","properties":{"cat":"Moorland & heath","fill":"#9C4D9C","text":"Manage existing unenclosed upland habitats - including moor, heath and mire -sustainably, so they are in good condition, and supporting a thriving and diverse community of species","url":"Click HERE to view the preferred habitat in our strategy"},"geometry":{"type":"Polygon","coordinates":[[[-2.75882,51.30844],[-2.75839,51.30834],[-2.75897,51.30828],[-2.75897,51.30846],[-2.75882,51.30844]]]}},{"type":"Feature","properties":{"cat":"Moorland & heath","fill":"#9C4D9C","text":"Manage existing unenclosed upland habitats - including moor, heath and mire -sustainably, so they are in good condition, and supporting a thriving and diverse community of species","url":"Click HERE to view the preferred habitat in our strategy"},"geometry":{"type":"Polygon","coordinates":[[[-2.73875,51.31143],[-2.73785,51.31108],[-2.73639,51.31035],[-2.73565,51.31008],[-2.73496,51.30971],[-2.73438,51.3096],[-2.73404,51.30948],[-2.73317,51.30901],[-2.73673,51.30927],[-2.73879,51.30947],[-2.74017,51.30966],[-2.74029,51.31027],[-2.74038,51.31049],[-2.74037,51.31053],[-2.74062,51.31127],[-2.74081,51.31196],[-2.7409,51.31208],[-2.74075,51.31207],[-2.74067,51.31211],[-2.73933,51.31167],[-2.73875,51.31143]]]}},{"type":"Feature","properties":{"cat":"Moorland & heath","fill":"#9C4D9C","text":"Manage existing unenclosed upland habitats - including moor, heath and mire -sustainably, so they are in good condition, and supporting a thriving and diverse community of species","url":"Click HERE to view the preferred habitat in our strategy"},"geometry":{"type":"Polygon","coordinates":[[[-2.74012,51.30953],[-2.73999,51.30937],[-2.73986,51.30907],[-2.73975,51.3089],[-2.73971,51.3084],[-2.73971,51.30736],[-2.73968,51.30727],[-2.73965,51.30681],[-2.73953,51.30673],[-2.73838,51.30667],[-2.73783,51.30659],[-2.73754,51.30658],[-2.73764,51.30654],[-2.75166,51.30747],[-2.75642,51.30797],[-2.75897,51.30827],[-2.75756,51.30846],[-2.75671,51.3085],[-2.75647,51.30846],[-2.75565,51.30852],[-2.75531,51.30861],[-2.75501,51.30873],[-2.75405,51.30898],[-2.75371,51.30904],[-2.7531,51.30936],[-2.75197,51.30977],[-2.75026,51.31033],[-2.74881,51.31071],[-2.74829,51.31079],[-2.74822,51.31083],[-2.74733,51.31102],[-2.74582,51.31079],[-2.74343,51.31035],[-2.74288,51.3102],[-2.74237,51.31014],[-2.74135,51.30995],[-2.74085,51.3098],[-2.74017,51.30966],[-2.74012,51.30953]]]}},{"type":"Feature","properties":{"cat":"Moorland & heath","fill":"#9C4D9C","text":"Manage existing unenclosed upland habitats - including moor, heath and mire -sustainably, so they are in good condition, and supporting a thriving and diverse community of species","url":"Click HERE to view the preferred habitat in our strategy"},"geometry":{"type":"Polygon","coordinates":[[[-2.72945,51.31195],[-2.72973,51.31197],[-2.7298,51.31195],[-2.72985,51.312],[-2.72991,51.312],[-2.72978,51.31209],[-2.72974,51.31228],[-2.72969,51.31229],[-2.72955,51.31221],[-2.7295,51.31213],[-2.72943,51.31209],[-2.72941,51.31201],[-2.72946,51.312],[-2.72945,51.31195]]]}},{"type":"Feature","properties":{"cat":"Moorland & heath","fill":"#9C4D9C","text":"Manage existing unenclosed upland habitats - including moor, heath and mire -sustainably, so they are in good condition, and supporting a thriving and diverse community of species","url":"Click HERE to view the preferred habitat in our strategy"},"geometry":{"type":"Polygon","coordinates":[[[-2.76399,51.31538],[-2.76413,51.31543],[-2.76424,51.31575],[-2.7642,51.31583],[-2.76391,51.31576],[-2.76384,51.31546],[-2.76389,51.3154],[-2.76399,51.31538]]]}},{"type":"Feature","properties":{"cat":"Moorland & heath","fill":"#9C4D9C","text":"Manage existing unenclosed upland habitats - including moor, heath and mire -sustainably, so they are in good condition, and supporting a thriving and diverse community of species","url":"Click HERE to view the preferred habitat in our strategy"},"geometry":{"type":"Polygon","coordinates":[[[-2.75884,51.3145],[-2.75794,51.31437],[-2.75705,51.31421],[-2.75681,51.31414],[-2.75673,51.31407],[-2.75693,51.3136],[-2.75701,51.31373],[-2.75717,51.31376],[-2.76007,51.31393],[-2.7614,51.31389],[-2.7621,51.31383],[-2.76141,51.31408],[-2.76066,51.3143],[-2.75982,51.31446],[-2.75931,51.31452],[-2.75884,51.3145]],[[-2.76158,51.3139],[-2.75979,51.31394],[-2.75701,51.31375],[-2.75691,51.31394],[-2.75688,51.31407],[-2.7569,51.31411],[-2.75699,51.31415],[-2.75851,51.31443],[-2.75935,51.3145],[-2.76062,51.31429],[-2.76132,51.31409],[-2.76182,51.31389],[-2.76158,51.3139]]]}},{"type":"Feature","properties":{"cat":"Moorland & heath","fill":"#9C4D9C","text":"Manage existing unenclosed upland habitats - including moor, heath and mire -sustainably, so they are in good condition, and supporting a thriving and diverse community of species","url":"Click HERE to view the preferred habitat in our strategy"},"geometry":{"type":"Polygon","coordinates":[[[-2.75959,51.31462],[-2.75854,51.3145],[-2.75687,51.3142],[-2.75674,51.31437],[-2.75675,51.31447],[-2.75746,51.31528],[-2.75782,51.3158],[-2.75803,51.31621],[-2.75783,51.31608],[-2.75765,51.31569],[-2.75753,51.31551],[-2.75664,51.31444],[-2.75662,51.31425],[-2.75666,51.31418],[-2.7569,51.31419],[-2.75794,51.31437],[-2.75916,51.31452],[-2.75958,51.31459],[-2.75959,51.31462]]]}},{"type":"Feature","properties":{"cat":"Moorland & heath","fill":"#9C4D9C","text":"Manage existing unenclosed upland habitats - including moor, heath and mire -sustainably, so they are in good condition, and supporting a thriving and diverse community of species","url":"Click HERE to view the preferred habitat in our strategy"},"geometry":{"type":"Polygon","coordinates":[[[-2.76271,51.31965],[-2.76197,51.31961],[-2.76168,51.31962],[-2.7614,51.31968],[-2.76033,51.31964],[-2.76004,51.31967],[-2.7595,51.31958],[-2.75929,51.31965],[-2.75888,51.31962],[-2.75841,51.31969],[-2.75801,51.31963],[-2.75858,51.31865],[-2.75878,51.31812],[-2.7588,51.31801],[-2.75876,51.3179],[-2.75942,51.31799],[-2.76195,51.31844],[-2.76321,51.3186],[-2.76293,51.31933],[-2.76285,51.31965],[-2.76271,51.31965]]]}},{"type":"Feature","properties":{"cat":"Moorland & heath","fill":"#9C4D9C","text":"Manage existing unenclosed upland habitats - including moor, heath and mire -sustainably, so they are in good condition, and supporting a thriving and diverse community of species","url":"Click HERE to view the preferred habitat in our strategy"},"geometry":{"type":"Polygon","coordinates":[[[-2.73308,51.30897],[-2.73321,51.30903],[-2.73268,51.30946],[-2.73263,51.30949],[-2.73256,51.30948],[-2.73308,51.30897]]]}},{"type":"Feature","properties":{"cat":"Moorland & heath","fill":"#9C4D9C","text":"Manage existing unenclosed upland habitats - including moor, heath and mire -sustainably, so they are in good condition, and supporting a thriving and diverse community of species","url":"Click HERE to view the preferred habitat in our strategy"},"geometry":{"type":"Polygon","coordinates":[[[-2.75303,51.31469],[-2.75304,51.31479],[-2.75296,51.31478],[-2.75295,51.31469],[-2.75289,51.3146],[-2.75301,51.31464],[-2.75303,51.31469]]]}},{"type":"Feature","properties":{"cat":"Moorland & heath","fill":"#9C4D9C","text":"Manage existing unenclosed upland habitats - including moor, heath and mire -sustainably, so they are in good condition, and supporting a thriving and diverse community of species","url":"Click HERE to view the preferred habitat in our strategy"},"geometry":{"type":"Polygon","coordinates":[[[-2.75706,51.32163],[-2.75701,51.3216],[-2.75731,51.32115],[-2.75741,51.32089],[-2.75751,51.32013],[-2.75842,51.31855],[-2.75855,51.31825],[-2.75859,51.31793],[-2.75846,51.31737],[-2.75798,51.31661],[-2.75775,51.31607],[-2.75738,51.31546],[-2.75664,51.31458],[-2.75657,51.31441],[-2.75664,51.31444],[-2.75695,51.31479],[-2.75765,51.31569],[-2.75783,51.31608],[-2.75835,51.31692],[-2.75852,51.31735],[-2.75867,51.31805],[-2.75867,51.31813],[-2.75855,51.3185],[-2.75802,51.31944],[-2.75797,51.31962],[-2.75781,51.3199],[-2.75755,51.32062],[-2.75748,51.32105],[-2.75739,51.32126],[-2.75711,51.32166],[-2.75706,51.32163]]]}},{"type":"Feature","properties":{"cat":"Moorland & heath","fill":"#9C4D9C","text":"Manage existing unenclosed upland habitats - including moor, heath and mire -sustainably, so they are in good condition, and supporting a thriving and diverse community of species","url":"Click HERE to view the preferred habitat in our strategy"},"geometry":{"type":"Polygon","coordinates":[[[-2.73783,51.30659],[-2.73838,51.30667],[-2.73953,51.30673],[-2.73965,51.30681],[-2.73968,51.30727],[-2.73971,51.30736],[-2.73971,51.3084],[-2.73975,51.3089],[-2.74017,51.30966],[-2.73879,51.30947],[-2.73673,51.30927],[-2.73314,51.309],[-2.73379,51.30838],[-2.73395,51.3083],[-2.73398,51.30823],[-2.7343,51.30798],[-2.73438,51.3079],[-2.73448,51.3077],[-2.73495,51.30728],[-2.73529,51.3071],[-2.73551,51.30693],[-2.73621,51.30671],[-2.73754,51.30658],[-2.73783,51.30659]]]}},{"type":"Feature","properties":{"cat":"Moorland & heath","fill":"#9C4D9C","text":"Manage existing unenclosed upland habitats - including moor, heath and mire -sustainably, so they are in good condition, and supporting a thriving and diverse community of species","url":"Click HERE to view the preferred habitat in our strategy"},"geometry":{"type":"Polygon","coordinates":[[[-2.7618,51.30994],[-2.76212,51.31032],[-2.76237,51.31053],[-2.76177,51.31059],[-2.76066,51.3108],[-2.75986,51.31108],[-2.75934,51.311],[-2.75819,51.31074],[-2.75831,51.31056],[-2.75851,51.31035],[-2.75851,51.31006],[-2.75877,51.30947],[-2.75883,51.30916],[-2.75907,51.30871],[-2.75919,51.30857],[-2.75923,51.30856],[-2.76104,51.30918],[-2.7613,51.30934],[-2.76149,51.30951],[-2.7618,51.30994]]]}},{"type":"Feature","properties":{"cat":"Moorland & heath","fill":"#9C4D9C","text":"Manage existing unenclosed upland habitats - including moor, heath and mire -sustainably, so they are in good condition, and supporting a thriving and diverse community of species","url":"Click HERE to view the preferred habitat in our strategy"},"geometry":{"type":"Polygon","coordinates":[[[-2.76428,51.31079],[-2.7639,51.31149],[-2.76332,51.31117],[-2.76301,51.31096],[-2.7626,51.31058],[-2.76428,51.31076],[-2.76428,51.31079]]]}},{"type":"Feature","properties":{"cat":"Moorland & heath","fill":"#9C4D9C","text":"Manage existing unenclosed upland habitats - including moor, heath and mire -sustainably, so they are in good condition, and supporting a thriving and diverse community of species","url":"Click HERE to view the preferred habitat in our strategy"},"geometry":{"type":"Polygon","coordinates":[[[-2.83935,51.29067],[-2.83974,51.29068],[-2.83978,51.2907],[-2.83977,51.29082],[-2.83934,51.29079],[-2.83935,51.29067]],[[-2.83939,51.29076],[-2.83973,51.29078],[-2.83974,51.29071],[-2.8394,51.29069],[-2.83939,51.29076]]]}},{"type":"Feature","properties":{"cat":"Moorland & heath","fill":"#9C4D9C","text":"Manage existing unenclosed upland habitats - including moor, heath and mire -sustainably, so they are in good condition, and supporting a thriving and diverse community of species","url":"Click HERE to view the preferred habitat in our strategy"},"geometry":{"type":"Polygon","coordinates":[[[-2.75797,51.31962],[-2.75802,51.31944],[-2.75855,51.3185],[-2.75867,51.31813],[-2.75863,51.31788],[-2.75876,51.3179],[-2.7588,51.31801],[-2.75878,51.31812],[-2.75858,51.31865],[-2.75801,51.31963],[-2.75797,51.31962]]]}},{"type":"Feature","properties":{"cat":"Moorland & heath","fill":"#9C4D9C","text":"Manage existing unenclosed upland habitats - including moor, heath and mire -sustainably, so they are in good condition, and supporting a thriving and diverse community of species","url":"Click HERE to view the preferred habitat in our strategy"},"geometry":{"type":"Polygon","coordinates":[[[-2.76424,51.31575],[-2.76425,51.31577],[-2.76423,51.31578],[-2.76424,51.31575]]]}},{"type":"Feature","properties":{"cat":"Moorland & heath","fill":"#9C4D9C","text":"Manage existing unenclosed upland habitats - including moor, heath and mire -sustainably, so they are in good condition, and supporting a thriving and diverse community of species","url":"Click HERE to view the preferred habitat in our strategy"},"geometry":{"type":"Polygon","coordinates":[[[-2.73066,51.31423],[-2.73094,51.31434],[-2.73116,51.31459],[-2.73163,51.31548],[-2.7318,51.3159],[-2.73093,51.31588],[-2.73003,51.31563],[-2.73012,51.31545],[-2.73019,51.31513],[-2.73044,51.3147],[-2.73066,51.31423]]]}},{"type":"Feature","properties":{"cat":"Moorland & heath","fill":"#9C4D9C","text":"Manage existing unenclosed upland habitats - including moor, heath and mire -sustainably, so they are in good condition, and supporting a thriving and diverse community of species","url":"Click HERE to view the preferred habitat in our strategy"},"geometry":{"type":"Polygon","coordinates":[[[-2.76015,51.31656],[-2.76149,51.31683],[-2.76264,51.31735],[-2.76327,51.3176],[-2.76339,51.31767],[-2.76343,51.31775],[-2.76339,51.31802],[-2.75842,51.31692],[-2.75803,51.31621],[-2.76015,51.31656]]]}},{"type":"Feature","properties":{"cat":"Moorland & heath","fill":"#9C4D9C","text":"Manage existing unenclosed upland habitats - including moor, heath and mire -sustainably, so they are in good condition, and supporting a thriving and diverse community of species","url":"Click HERE to view the preferred habitat in our strategy"},"geometry":{"type":"Polygon","coordinates":[[[-2.75191,51.31555],[-2.75129,51.31561],[-2.75124,51.31555],[-2.75123,51.31543],[-2.75128,51.31539],[-2.75133,51.3154],[-2.75137,51.31553],[-2.75189,51.31548],[-2.75191,51.31555]]]}},{"type":"Feature","properties":{"cat":"Moorland & heath","fill":"#9C4D9C","text":"Manage existing unenclosed upland habitats - including moor, heath and mire -sustainably, so they are in good condition, and supporting a thriving and diverse community of species","url":"Click HERE to view the preferred habitat in our strategy"},"geometry":{"type":"Polygon","coordinates":[[[-2.7355,51.30665],[-2.73579,51.30667],[-2.73676,51.30662],[-2.73682,51.30648],[-2.73763,51.30655],[-2.73739,51.30661],[-2.73615,51.30672],[-2.73551,51.30693],[-2.73529,51.3071],[-2.73495,51.30728],[-2.73448,51.3077],[-2.73438,51.3079],[-2.73411,51.30815],[-2.73398,51.30823],[-2.73395,51.3083],[-2.73379,51.30838],[-2.73354,51.3086],[-2.73319,51.30897],[-2.73314,51.309],[-2.73308,51.30897],[-2.7355,51.30665]]]}},{"type":"Feature","properties":{"cat":"Moorland & heath","fill":"#9C4D9C","text":"Manage existing unenclosed upland habitats - including moor, heath and mire -sustainably, so they are in good condition, and supporting a thriving and diverse community of species","url":"Click HERE to view the preferred habitat in our strategy"},"geometry":{"type":"Polygon","coordinates":[[[-2.76213,51.31333],[-2.76072,51.31326],[-2.75894,51.31324],[-2.75739,51.31306],[-2.7577,51.31262],[-2.7579,51.31181],[-2.75915,51.31138],[-2.75976,51.31113],[-2.76042,51.31125],[-2.76085,51.31141],[-2.76138,51.31156],[-2.76352,51.31211],[-2.76336,51.31245],[-2.76298,51.31271],[-2.76309,51.31337],[-2.76213,51.31333]]]}},{"type":"Feature","properties":{"cat":"Moorland & heath","fill":"#9C4D9C","text":"Manage existing unenclosed upland habitats - including moor, heath and mire -sustainably, so they are in good condition, and supporting a thriving and diverse community of species","url":"Click HERE to view the preferred habitat in our strategy"},"geometry":{"type":"Polygon","coordinates":[[[-2.76189,51.30934],[-2.76347,51.30962],[-2.76354,51.3098],[-2.76407,51.3104],[-2.76425,51.31063],[-2.76426,51.3107],[-2.76246,51.31052],[-2.76219,51.31028],[-2.76161,51.30964],[-2.76133,51.30924],[-2.76189,51.30934]]]}},{"type":"Feature","properties":{"cat":"Moorland & heath","fill":"#9C4D9C","text":"Manage existing unenclosed upland habitats - including moor, heath and mire -sustainably, so they are in good condition, and supporting a thriving and diverse community of species","url":"Click HERE to view the preferred habitat in our strategy"},"geometry":{"type":"Polygon","coordinates":[[[-2.76323,51.30952],[-2.76125,51.3092],[-2.76036,51.3088],[-2.7591,51.30842],[-2.75902,51.30827],[-2.76414,51.30885],[-2.76343,51.30957],[-2.76323,51.30952]]]}},{"type":"Feature","properties":{"cat":"Moorland & heath","fill":"#9C4D9C","text":"Manage existing unenclosed upland habitats - including moor, heath and mire -sustainably, so they are in good condition, and supporting a thriving and diverse community of species","url":"Click HERE to view the preferred habitat in our strategy"},"geometry":{"type":"Polygon","coordinates":[[[-2.74098,51.31213],[-2.74107,51.31209],[-2.74171,51.31204],[-2.74199,51.31198],[-2.74219,51.31199],[-2.74516,51.3117],[-2.74422,51.31209],[-2.74339,51.31254],[-2.74265,51.31289],[-2.74161,51.31244],[-2.74122,51.31231],[-2.74096,51.31216],[-2.74098,51.31213]]]}},{"type":"Feature","properties":{"cat":"Moorland & heath","fill":"#9C4D9C","text":"Manage existing unenclosed upland habitats - including moor, heath and mire -sustainably, so they are in good condition, and supporting a thriving and diverse community of species","url":"Click HERE to view the preferred habitat in our strategy"},"geometry":{"type":"Polygon","coordinates":[[[-2.76315,51.31692],[-2.76292,51.31692],[-2.76283,51.31688],[-2.76275,51.31676],[-2.76265,51.31675],[-2.76259,51.3167],[-2.76238,51.31667],[-2.76227,51.31647],[-2.76205,51.3163],[-2.76232,51.31631],[-2.76273,51.31643],[-2.76286,51.31656],[-2.76292,51.31657],[-2.76302,51.31672],[-2.7632,51.31688],[-2.76315,51.31692]]]}},{"type":"Feature","properties":{"cat":"Moorland & heath","fill":"#9C4D9C","text":"Manage existing unenclosed upland habitats - including moor, heath and mire -sustainably, so they are in good condition, and supporting a thriving and diverse community of species","url":"Click HERE to view the preferred habitat in our strategy"},"geometry":{"type":"Polygon","coordinates":[[[-2.73256,51.30948],[-2.73263,51.30949],[-2.73256,51.30958],[-2.7322,51.30992],[-2.73187,51.31031],[-2.7311,51.31147],[-2.73098,51.3118],[-2.731,51.31195],[-2.73097,51.31216],[-2.73088,51.31228],[-2.73054,51.31352],[-2.73057,51.31374],[-2.73072,51.31407],[-2.73102,51.31433],[-2.73124,51.31458],[-2.73161,51.31517],[-2.73171,51.31549],[-2.73191,51.31582],[-2.7323,51.31615],[-2.73242,51.31618],[-2.73233,51.3163],[-2.73227,51.31646],[-2.732,51.31646],[-2.73163,51.31548],[-2.7312,51.31466],[-2.73105,51.31444],[-2.73094,51.31434],[-2.73066,51.31423],[-2.73069,51.31415],[-2.73067,51.31409],[-2.73044,51.31365],[-2.73086,51.31219],[-2.73082,51.31213],[-2.73087,51.31212],[-2.7311,51.31141],[-2.73187,51.31016],[-2.73256,51.30948]]]}},{"type":"Feature","properties":{"cat":"Moorland & heath","fill":"#9C4D9C","text":"Manage existing unenclosed upland habitats - including moor, heath and mire -sustainably, so they are in good condition, and supporting a thriving and diverse community of species","url":"Click HERE to view the preferred habitat in our strategy"},"geometry":{"type":"Polygon","coordinates":[[[-2.73231,51.31608],[-2.73263,51.31492],[-2.73275,51.31473],[-2.73282,51.31453],[-2.73282,51.31437],[-2.73272,51.31408],[-2.73273,51.31394],[-2.73329,51.31342],[-2.73365,51.3129],[-2.73405,51.31256],[-2.73515,51.31215],[-2.73632,51.31194],[-2.7374,51.31157],[-2.73822,51.31144],[-2.73844,51.31148],[-2.73879,51.31145],[-2.73967,51.31179],[-2.74067,51.31211],[-2.74079,51.31224],[-2.74053,51.31255],[-2.74026,51.31305],[-2.74011,51.31324],[-2.74011,51.31331],[-2.73967,51.31381],[-2.73949,51.31418],[-2.73927,51.31426],[-2.73898,51.31431],[-2.73881,51.31441],[-2.73853,51.31447],[-2.73819,51.31469],[-2.73778,51.31485],[-2.73753,51.31487],[-2.73691,51.31501],[-2.73532,51.31529],[-2.7345,51.3155],[-2.73278,51.31601],[-2.73242,51.31618],[-2.7323,51.31615],[-2.73231,51.31608]]]}},{"type":"Feature","properties":{"cat":"Moorland & heath","fill":"#9C4D9C","text":"Manage existing unenclosed upland habitats - including moor, heath and mire -sustainably, so they are in good condition, and supporting a thriving and diverse community of species","url":"Click HERE to view the preferred habitat in our strategy"},"geometry":{"type":"Polygon","coordinates":[[[-2.73331,51.31596],[-2.73424,51.31595],[-2.73432,51.31602],[-2.73304,51.31615],[-2.73243,51.31635],[-2.73241,51.31637],[-2.73243,51.31646],[-2.73227,51.31646],[-2.73237,51.31623],[-2.73251,51.31613],[-2.73331,51.31596]]]}},{"type":"Feature","properties":{"cat":"Moorland & heath","fill":"#9C4D9C","text":"Manage existing unenclosed upland habitats - including moor, heath and mire -sustainably, so they are in good condition, and supporting a thriving and diverse community of species","url":"Click HERE to view the preferred habitat in our strategy"},"geometry":{"type":"Polygon","coordinates":[[[-2.75066,51.31968],[-2.74998,51.31948],[-2.74953,51.31939],[-2.74926,51.31926],[-2.74916,51.31919],[-2.74891,51.31891],[-2.74873,51.31859],[-2.74871,51.31845],[-2.74865,51.31845],[-2.74854,51.31854],[-2.74835,51.31856],[-2.74833,51.31847],[-2.74838,51.31842],[-2.7484,51.31829],[-2.74838,51.31818],[-2.74841,51.3181],[-2.7484,51.31798],[-2.74833,51.31788],[-2.74834,51.31765],[-2.74837,51.31759],[-2.74821,51.31728],[-2.74806,51.31719],[-2.74803,51.31708],[-2.74784,51.31675],[-2.74778,51.31656],[-2.74773,51.31619],[-2.7475,51.31571],[-2.74734,51.31512],[-2.74726,51.31503],[-2.74624,51.31439],[-2.74582,51.31419],[-2.74462,51.31366],[-2.74421,51.31351],[-2.74306,51.31319],[-2.74299,51.31316],[-2.74281,51.31298],[-2.74265,51.31289],[-2.74339,51.31254],[-2.74422,51.31209],[-2.74516,51.3117],[-2.74911,51.31133],[-2.74988,51.31143],[-2.75084,51.31167],[-2.75102,51.31169],[-2.75113,51.31204],[-2.75118,51.3121],[-2.75141,51.31219],[-2.75179,51.31245],[-2.7523,51.31252],[-2.75265,51.3127],[-2.75276,51.31279],[-2.75314,51.3132],[-2.75361,51.31364],[-2.75395,51.31389],[-2.75405,51.31402],[-2.75408,51.31498],[-2.75385,51.31553],[-2.75398,51.31621],[-2.75409,51.31648],[-2.7541,51.31663],[-2.75417,51.31684],[-2.75437,51.31718],[-2.7545,51.31762],[-2.75529,51.31886],[-2.75526,51.31921],[-2.75521,51.31933],[-2.75473,51.31948],[-2.75444,51.31953],[-2.75427,51.31971],[-2.75407,51.31981],[-2.75401,51.31992],[-2.75398,51.31982],[-2.75387,51.31967],[-2.7532,51.32003],[-2.75299,51.32007],[-2.75267,51.32009],[-2.75232,51.31999],[-2.7516,51.31989],[-2.75066,51.31968]],[[-2.75371,51.31916],[-2.75371,51.31921],[-2.75376,51.31918],[-2.75371,51.31916]],[[-2.75191,51.31551],[-2.75189,51.31548],[-2.75137,51.31553],[-2.75133,51.3154],[-2.75128,51.31539],[-2.75123,51.31543],[-2.75124,51.31555],[-2.75129,51.31561],[-2.75174,51.31558],[-2.75191,51.31555],[-2.75191,51.31551]],[[-2.75197,51.31549],[-2.75196,51.31551],[-2.752,51.31552],[-2.75202,51.3155],[-2.752,51.31538],[-2.7518,51.31521],[-2.75127,51.31524],[-2.75123,51.31528],[-2.75124,51.31535],[-2.75129,51.31538],[-2.75132,51.31537],[-2.75133,51.3153],[-2.75182,51.31528],[-2.75198,51.31545],[-2.75197,51.31549]],[[-2.75289,51.3146],[-2.75295,51.31469],[-2.75294,51.31476],[-2.75304,51.31479],[-2.75301,51.31464],[-2.75289,51.3146]],[[-2.74789,51.31389],[-2.74797,51.31382],[-2.74797,51.31376],[-2.74788,51.31368],[-2.7477,51.31367],[-2.74759,51.31372],[-2.74756,51.31377],[-2.74758,51.31384],[-2.74764,51.31388],[-2.74789,51.31389]]]}},{"type":"Feature","properties":{"cat":"Moorland & heath","fill":"#9C4D9C","text":"Manage existing unenclosed upland habitats - including moor, heath and mire -sustainably, so they are in good condition, and supporting a thriving and diverse community of species","url":"Click HERE to view the preferred habitat in our strategy"},"geometry":{"type":"Polygon","coordinates":[[[-2.75197,51.31549],[-2.75198,51.31545],[-2.75182,51.31528],[-2.75133,51.3153],[-2.75132,51.31537],[-2.75129,51.31538],[-2.75124,51.31535],[-2.75123,51.31528],[-2.75127,51.31524],[-2.7518,51.31521],[-2.752,51.31538],[-2.75202,51.3155],[-2.752,51.31552],[-2.75196,51.31551],[-2.75197,51.31549]]]}},{"type":"Feature","properties":{"cat":"Moorland & heath","fill":"#9C4D9C","text":"Manage existing unenclosed upland habitats - including moor, heath and mire -sustainably, so they are in good condition, and supporting a thriving and diverse community of species","url":"Click HERE to view the preferred habitat in our strategy"},"geometry":{"type":"Polygon","coordinates":[[[-2.75383,51.3197],[-2.75387,51.31972],[-2.75387,51.31977],[-2.75363,51.3199],[-2.75292,51.32013],[-2.75245,51.32004],[-2.75152,51.31993],[-2.75023,51.31963],[-2.74949,51.31941],[-2.74909,51.31919],[-2.74912,51.31915],[-2.74926,51.31926],[-2.74953,51.31939],[-2.74998,51.31948],[-2.75073,51.31971],[-2.7516,51.31989],[-2.75232,51.31999],[-2.75267,51.32009],[-2.7532,51.32003],[-2.75383,51.3197]]]}},{"type":"Feature","properties":{"cat":"Moorland & heath","fill":"#9C4D9C","text":"Manage existing unenclosed upland habitats - including moor, heath and mire -sustainably, so they are in good condition, and supporting a thriving and diverse community of species","url":"Click HERE to view the preferred habitat in our strategy"},"geometry":{"type":"Polygon","coordinates":[[[-2.7621,51.31711],[-2.76149,51.31683],[-2.76054,51.31663],[-2.7599,51.31653],[-2.75968,51.31602],[-2.75959,51.31524],[-2.75959,51.31462],[-2.76132,51.31466],[-2.76343,51.3146],[-2.76345,51.31496],[-2.76341,51.31512],[-2.76298,51.31507],[-2.76204,51.31513],[-2.76197,51.31525],[-2.76196,51.31537],[-2.76186,51.31545],[-2.76183,51.31552],[-2.76193,51.31563],[-2.76219,51.3157],[-2.76257,51.31592],[-2.76302,51.31595],[-2.76362,51.31587],[-2.76391,51.31647],[-2.76427,51.31694],[-2.76425,51.31707],[-2.76406,51.31713],[-2.76379,51.31712],[-2.76373,51.31714],[-2.76362,51.31726],[-2.76362,51.31769],[-2.76336,51.31828],[-2.76344,51.31779],[-2.76339,51.31767],[-2.7621,51.31711]],[[-2.76227,51.31621],[-2.76208,51.31622],[-2.76202,51.31627],[-2.76227,51.31647],[-2.76238,51.31667],[-2.76259,51.3167],[-2.76265,51.31675],[-2.76275,51.31676],[-2.76283,51.31688],[-2.76292,51.31692],[-2.76312,51.31693],[-2.76324,51.31686],[-2.76318,51.3168],[-2.76318,51.31669],[-2.76315,51.31665],[-2.76304,51.31662],[-2.763,51.31655],[-2.76283,51.31641],[-2.76249,51.31624],[-2.76227,51.31621]],[[-2.76169,51.31618],[-2.76176,51.31609],[-2.76162,51.31591],[-2.76164,51.3158],[-2.76161,51.31572],[-2.76154,51.31569],[-2.7613,51.31572],[-2.76112,51.31582],[-2.7611,51.31592],[-2.76114,51.31603],[-2.76109,51.31625],[-2.76111,51.31633],[-2.7612,51.31637],[-2.76134,51.31636],[-2.76169,51.31618]]]}},{"type":"Feature","properties":{"cat":"Moorland & heath","fill":"#9C4D9C","text":"Manage existing unenclosed upland habitats - including moor, heath and mire -sustainably, so they are in good condition, and supporting a thriving and diverse community of species","url":"Click HERE to view the preferred habitat in our strategy"},"geometry":{"type":"Polygon","coordinates":[[[-2.75479,51.31426],[-2.75464,51.31436],[-2.75464,51.31449],[-2.75471,51.31457],[-2.75498,51.31475],[-2.75498,51.31483],[-2.75487,51.31491],[-2.75484,51.31497],[-2.75487,51.3151],[-2.7551,51.31527],[-2.75516,51.31545],[-2.75512,51.31565],[-2.75525,51.31578],[-2.75534,51.31582],[-2.75538,51.31589],[-2.75539,51.31606],[-2.75535,51.31612],[-2.75538,51.31624],[-2.75527,51.31637],[-2.75528,51.31648],[-2.75543,51.31664],[-2.75558,51.31697],[-2.75568,51.31707],[-2.75611,51.31725],[-2.75615,51.31739],[-2.75614,51.31755],[-2.75609,51.31761],[-2.7561,51.31772],[-2.75621,51.31781],[-2.75639,51.31789],[-2.75642,51.31806],[-2.75658,51.31823],[-2.75661,51.31847],[-2.75686,51.31875],[-2.75685,51.31906],[-2.75673,51.31923],[-2.7563,51.3194],[-2.75618,51.3195],[-2.75595,51.31958],[-2.7558,51.3197],[-2.75543,51.31977],[-2.75536,51.31958],[-2.75521,51.31933],[-2.75526,51.31921],[-2.75529,51.31886],[-2.7545,51.31762],[-2.75437,51.31718],[-2.75423,51.31697],[-2.7541,51.31663],[-2.75409,51.31648],[-2.75398,51.31621],[-2.75385,51.31553],[-2.75408,51.31498],[-2.75405,51.31462],[-2.75407,51.3143],[-2.75417,51.31425],[-2.75486,51.31424],[-2.75479,51.31426]]]}},{"type":"Feature","properties":{"cat":"Moorland & heath","fill":"#9C4D9C","text":"Manage existing unenclosed upland habitats - including moor, heath and mire -sustainably, so they are in good condition, and supporting a thriving and diverse community of species","url":"Click HERE to view the preferred habitat in our strategy"},"geometry":{"type":"Polygon","coordinates":[[[-2.7642,51.3174],[-2.76435,51.31745],[-2.76439,51.3175],[-2.7645,51.31752],[-2.76447,51.31759],[-2.76448,51.31775],[-2.76438,51.31785],[-2.76435,51.31808],[-2.76416,51.31837],[-2.76419,51.31853],[-2.76408,51.31861],[-2.76408,51.3187],[-2.76401,51.31879],[-2.76401,51.31885],[-2.76391,51.31905],[-2.76367,51.31918],[-2.76362,51.31929],[-2.76356,51.31934],[-2.76354,51.31945],[-2.76356,51.31961],[-2.76353,51.31971],[-2.76342,51.31977],[-2.76338,51.31983],[-2.76339,51.31989],[-2.76354,51.32012],[-2.76368,51.32026],[-2.76366,51.32038],[-2.76369,51.32052],[-2.76362,51.32067],[-2.76374,51.32084],[-2.76367,51.32095],[-2.76369,51.32105],[-2.7636,51.32109],[-2.76356,51.32117],[-2.76364,51.32137],[-2.7636,51.32157],[-2.7638,51.32176],[-2.76405,51.32189],[-2.76377,51.32197],[-2.76359,51.32192],[-2.76347,51.3216],[-2.76335,51.32007],[-2.76321,51.31964],[-2.76358,51.31861],[-2.7642,51.3174]]]}},{"type":"Feature","properties":{"cat":"Moorland & heath","fill":"#9C4D9C","text":"Manage existing unenclosed upland habitats - including moor, heath and mire -sustainably, so they are in good condition, and supporting a thriving and diverse community of species","url":"Click HERE to view the preferred habitat in our strategy"},"geometry":{"type":"Polygon","coordinates":[[[-2.7443,51.31847],[-2.74335,51.31834],[-2.74227,51.31814],[-2.74091,51.31755],[-2.73995,51.31706],[-2.73974,51.31699],[-2.7389,51.31679],[-2.73724,51.31652],[-2.73535,51.31599],[-2.73432,51.31602],[-2.73424,51.31595],[-2.73507,51.31589],[-2.73532,51.31592],[-2.73763,51.3165],[-2.73917,51.31679],[-2.7402,51.31704],[-2.74052,51.31714],[-2.74079,51.31735],[-2.74138,51.31765],[-2.74178,51.31779],[-2.74242,51.31793],[-2.74275,51.31813],[-2.7432,51.31823],[-2.7447,51.31843],[-2.74589,51.31835],[-2.74651,51.31837],[-2.74657,51.31839],[-2.74648,51.31847],[-2.74602,51.3184],[-2.74573,51.3184],[-2.74533,51.31847],[-2.74468,51.31852],[-2.7443,51.31847]]]}},{"type":"Feature","properties":{"cat":"Moorland & heath","fill":"#9C4D9C","text":"Manage existing unenclosed upland habitats - including moor, heath and mire -sustainably, so they are in good condition, and supporting a thriving and diverse community of species","url":"Click HERE to view the preferred habitat in our strategy"},"geometry":{"type":"Polygon","coordinates":[[[-2.76163,51.31387],[-2.75987,51.3139],[-2.75955,51.31386],[-2.75797,51.3138],[-2.75703,51.31372],[-2.75731,51.31316],[-2.75882,51.3133],[-2.76108,51.31332],[-2.7631,51.31344],[-2.76198,51.31382],[-2.76163,51.31387]]]}},{"type":"Feature","properties":{"cat":"Moorland & heath","fill":"#9C4D9C","text":"Manage existing unenclosed upland habitats - including moor, heath and mire -sustainably, so they are in good condition, and supporting a thriving and diverse community of species","url":"Click HERE to view the preferred habitat in our strategy"},"geometry":{"type":"Polygon","coordinates":[[[-2.74096,51.31217],[-2.74079,51.31224],[-2.74067,51.31211],[-2.74075,51.31207],[-2.7409,51.31208],[-2.74098,51.31213],[-2.74096,51.31217]]]}},{"type":"Feature","properties":{"cat":"Moorland & heath","fill":"#9C4D9C","text":"Manage existing unenclosed upland habitats - including moor, heath and mire -sustainably, so they are in good condition, and supporting a thriving and diverse community of species","url":"Click HERE to view the preferred habitat in our strategy"},"geometry":{"type":"Polygon","coordinates":[[[-2.75968,51.31463],[-2.75959,51.31462],[-2.75958,51.31459],[-2.75968,51.31463]]]}},{"type":"Feature","properties":{"cat":"Moorland & heath","fill":"#9C4D9C","text":"Manage existing unenclosed upland habitats - including moor, heath and mire -sustainably, so they are in good condition, and supporting a thriving and diverse community of species","url":"Click HERE to view the preferred habitat in our strategy"},"geometry":{"type":"Polygon","coordinates":[[[-2.75673,51.31407],[-2.75681,51.31414],[-2.75705,51.31421],[-2.75666,51.31418],[-2.75673,51.31407]]]}},{"type":"Feature","properties":{"cat":"Moorland & heath","fill":"#9C4D9C","text":"Manage existing unenclosed upland habitats - including moor, heath and mire -sustainably, so they are in good condition, and supporting a thriving and diverse community of species","url":"Click HERE to view the preferred habitat in our strategy"},"geometry":{"type":"Polygon","coordinates":[[[-2.75718,51.31305],[-2.75737,51.31279],[-2.7574,51.31273],[-2.75737,51.31258],[-2.75748,51.31246],[-2.7576,51.31221],[-2.75782,51.31137],[-2.75799,51.31106],[-2.75804,51.3109],[-2.75811,51.31045],[-2.75822,51.31044],[-2.75784,51.31146],[-2.75751,51.31266],[-2.75733,51.31297],[-2.75724,51.31307],[-2.75718,51.31305]]]}},{"type":"Feature","properties":{"cat":"Moorland & heath","fill":"#9C4D9C","text":"Manage existing unenclosed upland habitats - including moor, heath and mire -sustainably, so they are in good condition, and supporting a thriving and diverse community of species","url":"Click HERE to view the preferred habitat in our strategy"},"geometry":{"type":"Polygon","coordinates":[[[-2.74096,51.31212],[-2.74081,51.31196],[-2.74062,51.31127],[-2.74029,51.31027],[-2.74017,51.30966],[-2.74085,51.3098],[-2.74135,51.30995],[-2.74237,51.31014],[-2.74288,51.3102],[-2.74343,51.31035],[-2.74582,51.31079],[-2.74733,51.31102],[-2.74699,51.31114],[-2.74587,51.31143],[-2.74516,51.3117],[-2.74219,51.31199],[-2.74199,51.31198],[-2.74171,51.31204],[-2.74096,51.31212]]]}},{"type":"Feature","properties":{"cat":"Moorland & heath","fill":"#9C4D9C","text":"Manage existing unenclosed upland habitats - including moor, heath and mire -sustainably, so they are in good condition, and supporting a thriving and diverse community of species","url":"Click HERE to view the preferred habitat in our strategy"},"geometry":{"type":"Polygon","coordinates":[[[-2.74264,51.3129],[-2.74191,51.31345],[-2.74178,51.31351],[-2.74062,51.31381],[-2.73949,51.31418],[-2.73967,51.31381],[-2.74011,51.31331],[-2.74011,51.31324],[-2.74026,51.31305],[-2.74061,51.31243],[-2.74079,51.31224],[-2.74089,51.31222],[-2.74096,51.31216],[-2.74122,51.31231],[-2.74237,51.31275],[-2.74264,51.3129]]]}},{"type":"Feature","properties":{"cat":"Moorland & heath","fill":"#9C4D9C","text":"Manage existing unenclosed upland habitats - including moor, heath and mire -sustainably, so they are in good condition, and supporting a thriving and diverse community of species","url":"Click HERE to view the preferred habitat in our strategy"},"geometry":{"type":"Polygon","coordinates":[[[-2.75711,51.31305],[-2.75667,51.31294],[-2.75559,51.31277],[-2.75479,51.31251],[-2.75413,51.31235],[-2.75326,51.31224],[-2.75245,51.31209],[-2.75175,51.31192],[-2.75102,51.31169],[-2.75084,51.31167],[-2.75009,51.31147],[-2.74911,51.31133],[-2.75563,51.31071],[-2.7557,51.31068],[-2.75661,51.31062],[-2.7566,51.31067],[-2.75665,51.31072],[-2.75679,51.31074],[-2.75688,51.31068],[-2.75687,51.31059],[-2.75786,51.3105],[-2.75811,51.31045],[-2.75804,51.3109],[-2.75799,51.31106],[-2.75782,51.31137],[-2.7576,51.31221],[-2.75748,51.31246],[-2.75737,51.31258],[-2.7574,51.31266],[-2.75737,51.31279],[-2.75718,51.31305],[-2.75711,51.31305]],[[-2.75716,51.31059],[-2.75707,51.31061],[-2.75706,51.3107],[-2.75713,51.31074],[-2.75725,51.31073],[-2.75729,51.31069],[-2.75728,51.31063],[-2.75723,51.31059],[-2.75716,51.31059]]]}},{"type":"Feature","properties":{"cat":"Moorland & heath","fill":"#9C4D9C","text":"Manage existing unenclosed upland habitats - including moor, heath and mire -sustainably, so they are in good condition, and supporting a thriving and diverse community of species","url":"Click HERE to view the preferred habitat in our strategy"},"geometry":{"type":"Polygon","coordinates":[[[-2.7311,51.31147],[-2.73157,51.31078],[-2.73158,51.31072],[-2.73208,51.31005],[-2.73263,51.30949],[-2.73321,51.30903],[-2.73404,51.30948],[-2.73438,51.3096],[-2.73496,51.30971],[-2.73565,51.31008],[-2.73639,51.31035],[-2.73785,51.31108],[-2.73879,51.31145],[-2.73844,51.31148],[-2.73822,51.31144],[-2.7374,51.31157],[-2.73632,51.31194],[-2.73515,51.31215],[-2.73405,51.31256],[-2.73365,51.3129],[-2.73329,51.31342],[-2.73273,51.31394],[-2.73272,51.31408],[-2.73282,51.31437],[-2.73282,51.31453],[-2.73275,51.31473],[-2.73263,51.31492],[-2.73239,51.31572],[-2.7323,51.31615],[-2.73191,51.31582],[-2.73171,51.31549],[-2.73161,51.31517],[-2.73137,51.31478],[-2.73119,51.31451],[-2.73072,51.31407],[-2.73057,51.31374],[-2.73054,51.3136],[-2.73057,51.31336],[-2.73088,51.31228],[-2.73097,51.31216],[-2.731,51.31195],[-2.73098,51.3118],[-2.7311,51.31147]]]}},{"type":"Feature","properties":{"cat":"Moorland & heath","fill":"#9C4D9C","text":"Manage existing unenclosed upland habitats - including moor, heath and mire -sustainably, so they are in good condition, and supporting a thriving and diverse community of species","url":"Click HERE to view the preferred habitat in our strategy"},"geometry":{"type":"Polygon","coordinates":[[[-2.76306,51.31507],[-2.76341,51.31512],[-2.76337,51.31541],[-2.76362,51.31587],[-2.76302,51.31595],[-2.76273,51.31595],[-2.76257,51.31592],[-2.76219,51.3157],[-2.76193,51.31563],[-2.76184,51.31555],[-2.76183,51.31549],[-2.76196,51.31537],[-2.76197,51.31525],[-2.76204,51.31513],[-2.76306,51.31507]]]}},{"type":"Feature","properties":{"cat":"Moorland & heath","fill":"#9C4D9C","text":"Manage existing unenclosed upland habitats - including moor, heath and mire -sustainably, so they are in good condition, and supporting a thriving and diverse community of species","url":"Click HERE to view the preferred habitat in our strategy"},"geometry":{"type":"Polygon","coordinates":[[[-2.7478,51.31856],[-2.74756,51.31857],[-2.74661,51.31841],[-2.74651,51.31837],[-2.74615,51.31835],[-2.7453,51.31837],[-2.7447,51.31843],[-2.74367,51.31831],[-2.74305,51.3182],[-2.74265,51.31809],[-2.74242,51.31793],[-2.74178,51.31779],[-2.74138,51.31765],[-2.74079,51.31735],[-2.74052,51.31714],[-2.73992,51.31697],[-2.74055,51.3168],[-2.74078,51.31669],[-2.74088,51.31668],[-2.74099,51.31659],[-2.74167,51.3165],[-2.74257,51.3162],[-2.74306,51.31615],[-2.74398,51.31594],[-2.74462,51.31575],[-2.74615,51.31522],[-2.74657,51.31502],[-2.74686,51.31478],[-2.74726,51.31503],[-2.74734,51.31512],[-2.7475,51.31571],[-2.74775,51.31625],[-2.74778,51.31656],[-2.74784,51.31675],[-2.74798,51.31698],[-2.74806,51.31719],[-2.74821,51.31728],[-2.74837,51.31759],[-2.74834,51.31765],[-2.74833,51.31788],[-2.7484,51.31798],[-2.74841,51.3181],[-2.74838,51.31818],[-2.7484,51.31829],[-2.74838,51.31842],[-2.74833,51.31847],[-2.74835,51.31856],[-2.7478,51.31856]]]}},{"type":"Feature","properties":{"cat":"Moorland & heath","fill":"#9C4D9C","text":"Manage existing unenclosed upland habitats - including moor, heath and mire -sustainably, so they are in good condition, and supporting a thriving and diverse community of species","url":"Click HERE to view the preferred habitat in our strategy"},"geometry":{"type":"Polygon","coordinates":[[[-2.76356,51.31202],[-2.76112,51.3114],[-2.76044,51.31115],[-2.76,51.31108],[-2.76045,51.31091],[-2.76089,51.3108],[-2.76177,51.31064],[-2.76244,51.31058],[-2.76305,51.31114],[-2.76384,51.31158],[-2.76356,51.31202]]]}},{"type":"Feature","properties":{"cat":"Moorland & heath","fill":"#9C4D9C","text":"Manage existing unenclosed upland habitats - including moor, heath and mire -sustainably, so they are in good condition, and supporting a thriving and diverse community of species","url":"Click HERE to view the preferred habitat in our strategy"},"geometry":{"type":"Polygon","coordinates":[[[-2.76155,51.31627],[-2.76127,51.31637],[-2.76111,51.31633],[-2.76109,51.31625],[-2.76114,51.31603],[-2.7611,51.31592],[-2.76112,51.31582],[-2.7613,51.31572],[-2.76154,51.31569],[-2.76161,51.31572],[-2.76164,51.3158],[-2.76162,51.31591],[-2.76176,51.31609],[-2.76165,51.31622],[-2.76155,51.31627]]]}},{"type":"Feature","properties":{"cat":"Moorland & heath","fill":"#9C4D9C","text":"Manage existing unenclosed upland habitats - including moor, heath and mire -sustainably, so they are in good condition, and supporting a thriving and diverse community of species","url":"Click HERE to view the preferred habitat in our strategy"},"geometry":{"type":"Polygon","coordinates":[[[-2.75299,51.3094],[-2.75371,51.30904],[-2.75405,51.30898],[-2.75501,51.30873],[-2.75531,51.30861],[-2.75565,51.30852],[-2.75647,51.30846],[-2.75671,51.3085],[-2.75756,51.30846],[-2.75837,51.30834],[-2.75897,51.30846],[-2.75885,51.30879],[-2.75868,51.30906],[-2.75843,51.30977],[-2.75807,51.31027],[-2.75811,51.31045],[-2.75799,51.31048],[-2.75687,51.31059],[-2.75682,51.31056],[-2.75671,51.31056],[-2.75661,51.31062],[-2.7557,51.31068],[-2.75563,51.31071],[-2.75406,51.31086],[-2.75387,51.31078],[-2.75376,51.31065],[-2.75344,51.31049],[-2.75338,51.31041],[-2.75344,51.31002],[-2.75341,51.30992],[-2.75311,51.30969],[-2.75291,51.30943],[-2.75299,51.3094]],[[-2.75699,51.31022],[-2.75692,51.31026],[-2.75695,51.31033],[-2.75711,51.31032],[-2.75711,51.31024],[-2.75699,51.31022]]]}},{"type":"Feature","properties":{"cat":"Moorland & heath","fill":"#9C4D9C","text":"Manage existing unenclosed upland habitats - including moor, heath and mire -sustainably, so they are in good condition, and supporting a thriving and diverse community of species","url":"Click HERE to view the preferred habitat in our strategy"},"geometry":{"type":"Polygon","coordinates":[[[-2.7362,51.31614],[-2.73564,51.31599],[-2.73507,51.31589],[-2.73379,51.31597],[-2.7334,51.31595],[-2.73251,51.31613],[-2.73278,51.31601],[-2.73358,51.31577],[-2.73532,51.31529],[-2.73691,51.31501],[-2.73753,51.31487],[-2.73778,51.31485],[-2.73819,51.31469],[-2.73853,51.31447],[-2.73881,51.31441],[-2.73898,51.31431],[-2.73927,51.31426],[-2.74062,51.31381],[-2.74178,51.31351],[-2.74191,51.31345],[-2.74265,51.31289],[-2.74281,51.31298],[-2.74299,51.31316],[-2.74306,51.31319],[-2.74421,51.31351],[-2.74462,51.31366],[-2.74582,51.31419],[-2.74624,51.31439],[-2.74686,51.31478],[-2.74657,51.31502],[-2.74615,51.31522],[-2.74462,51.31575],[-2.74398,51.31594],[-2.74306,51.31615],[-2.74257,51.3162],[-2.74167,51.3165],[-2.74099,51.31659],[-2.74088,51.31668],[-2.74078,51.31669],[-2.74055,51.3168],[-2.73992,51.31697],[-2.73917,51.31679],[-2.73763,51.3165],[-2.7362,51.31614]]]}},{"type":"Feature","properties":{"cat":"Moorland & heath","fill":"#9C4D9C","text":"Manage existing unenclosed upland habitats - including moor, heath and mire -sustainably, so they are in good condition, and supporting a thriving and diverse community of species","url":"Click HERE to view the preferred habitat in our strategy"},"geometry":{"type":"Polygon","coordinates":[[[-2.76421,51.31584],[-2.76427,51.31587],[-2.76441,51.31607],[-2.76444,51.31621],[-2.76441,51.31633],[-2.76451,51.31635],[-2.76461,51.31643],[-2.76484,51.31672],[-2.76482,51.31718],[-2.76467,51.31737],[-2.7645,51.31752],[-2.76439,51.3175],[-2.76435,51.31745],[-2.7642,51.3174],[-2.76434,51.31718],[-2.76436,51.31673],[-2.76391,51.31576],[-2.76421,51.31584]]]}},{"type":"Feature","properties":{"cat":"Moorland & heath","fill":"#9C4D9C","text":"Manage existing unenclosed upland habitats - including moor, heath and mire -sustainably, so they are in good condition, and supporting a thriving and diverse community of species","url":"Click HERE to view the preferred habitat in our strategy"},"geometry":{"type":"Polygon","coordinates":[[[-2.76315,51.31684],[-2.76302,51.31672],[-2.76292,51.31657],[-2.76286,51.31656],[-2.76273,51.31643],[-2.76232,51.31631],[-2.76205,51.3163],[-2.76202,51.31625],[-2.76216,51.31621],[-2.76236,51.31621],[-2.76262,51.31629],[-2.76292,51.31648],[-2.76304,51.31662],[-2.76315,51.31665],[-2.76318,51.31669],[-2.76318,51.3168],[-2.76324,51.31685],[-2.7632,51.31688],[-2.76315,51.31684]]]}},{"type":"Feature","properties":{"cat":"Moorland & heath","fill":"#9C4D9C","text":"Manage existing unenclosed upland habitats - including moor, heath and mire -sustainably, so they are in good condition, and supporting a thriving and diverse community of species","url":"Click HERE to view the preferred habitat in our strategy"},"geometry":{"type":"Polygon","coordinates":[[[-2.75413,51.31235],[-2.75479,51.31251],[-2.75559,51.31277],[-2.75718,51.31305],[-2.75657,51.31414],[-2.75655,51.31422],[-2.75616,51.31429],[-2.75584,51.31424],[-2.75529,51.31421],[-2.75468,51.31425],[-2.75431,51.31423],[-2.75417,51.31416],[-2.75409,51.31408],[-2.75404,51.31344],[-2.75408,51.3128],[-2.75404,51.31235],[-2.75413,51.31235]]]}},{"type":"Feature","properties":{"cat":"Moorland & heath","fill":"#9C4D9C","text":"Manage existing unenclosed upland habitats - including moor, heath and mire -sustainably, so they are in good condition, and supporting a thriving and diverse community of species","url":"Click HERE to view the preferred habitat in our strategy"},"geometry":{"type":"Polygon","coordinates":[[[-2.74882,51.31128],[-2.74733,51.31102],[-2.74822,51.31083],[-2.74829,51.31079],[-2.74881,51.31071],[-2.75012,51.31037],[-2.75093,51.31009],[-2.75123,51.31002],[-2.75291,51.30943],[-2.75311,51.30969],[-2.75341,51.30992],[-2.75344,51.31002],[-2.75338,51.31041],[-2.75344,51.31049],[-2.75364,51.31057],[-2.75376,51.31065],[-2.75387,51.31078],[-2.75406,51.31086],[-2.74911,51.31133],[-2.74882,51.31128]]]}},{"type":"Feature","properties":{"cat":"Moorland & heath","fill":"#9C4D9C","text":"Manage existing unenclosed upland habitats - including moor, heath and mire -sustainably, so they are in good condition, and supporting a thriving and diverse community of species","url":"Click HERE to view the preferred habitat in our strategy"},"geometry":{"type":"Polygon","coordinates":[[[-2.73223,51.30493],[-2.7325,51.30487],[-2.73302,51.30573],[-2.73306,51.30585],[-2.73301,51.30605],[-2.73233,51.30768],[-2.73176,51.30801],[-2.73107,51.30878],[-2.72868,51.30859],[-2.72884,51.30716],[-2.72905,51.3059],[-2.73036,51.3058],[-2.73186,51.30538],[-2.7318,51.30501],[-2.73223,51.30493]]]}},{"type":"Feature","properties":{"cat":"Moorland & heath","fill":"#9C4D9C","text":"Manage existing unenclosed upland habitats - including moor, heath and mire -sustainably, so they are in good condition, and supporting a thriving and diverse community of species","url":"Click HERE to view the preferred habitat in our strategy"},"geometry":{"type":"Polygon","coordinates":[[[-2.75723,51.31309],[-2.75737,51.31292],[-2.75751,51.31266],[-2.75784,51.31146],[-2.75811,51.31078],[-2.75832,51.31015],[-2.75837,51.30989],[-2.75868,51.30906],[-2.75885,51.30879],[-2.75892,51.30861],[-2.75897,51.30846],[-2.75897,51.30827],[-2.75902,51.30827],[-2.7591,51.30842],[-2.76036,51.3088],[-2.76133,51.30924],[-2.76161,51.30964],[-2.76219,51.31028],[-2.76246,51.31052],[-2.76426,51.3107],[-2.76428,51.31076],[-2.7626,51.31058],[-2.76301,51.31096],[-2.76332,51.31117],[-2.7639,51.31149],[-2.76384,51.31158],[-2.76305,51.31114],[-2.76244,51.31058],[-2.76177,51.31064],[-2.76089,51.3108],[-2.76045,51.31091],[-2.76,51.31108],[-2.76044,51.31115],[-2.76112,51.3114],[-2.76356,51.31202],[-2.76352,51.31211],[-2.76138,51.31156],[-2.76085,51.31141],[-2.76042,51.31125],[-2.75976,51.31113],[-2.75915,51.31138],[-2.7579,51.31181],[-2.7577,51.31262],[-2.75739,51.31306],[-2.75744,51.31308],[-2.75894,51.31324],[-2.76157,51.31329],[-2.76309,51.31337],[-2.7631,51.3134],[-2.76138,51.3133],[-2.75897,51.31326],[-2.75723,51.31309]],[[-2.75814,51.31094],[-2.75799,51.31132],[-2.75791,51.31174],[-2.75841,51.3116],[-2.75973,51.31111],[-2.7585,51.31085],[-2.75819,51.31081],[-2.75814,51.31094]],[[-2.76169,51.3098],[-2.76149,51.30951],[-2.7613,51.30934],[-2.76104,51.30918],[-2.75923,51.30856],[-2.75919,51.30857],[-2.75907,51.30871],[-2.75883,51.30916],[-2.75877,51.30947],[-2.75851,51.31006],[-2.75851,51.31035],[-2.75831,51.31056],[-2.75819,51.31074],[-2.75934,51.311],[-2.75986,51.31108],[-2.76066,51.3108],[-2.76177,51.31059],[-2.76237,51.31053],[-2.76212,51.31032],[-2.76169,51.3098]]]}},{"type":"Feature","properties":{"cat":"Moorland & heath","fill":"#9C4D9C","text":"Manage existing unenclosed upland habitats - including moor, heath and mire -sustainably, so they are in good condition, and supporting a thriving and diverse community of species","url":"Click HERE to view the preferred habitat in our strategy"},"geometry":{"type":"Polygon","coordinates":[[[-2.75678,51.3106],[-2.75687,51.31059],[-2.75688,51.31062],[-2.75688,51.31068],[-2.75679,51.31074],[-2.75667,51.31073],[-2.7566,51.31067],[-2.75661,51.31062],[-2.75678,51.3106]]]}},{"type":"Feature","properties":{"cat":"Moorland & heath","fill":"#9C4D9C","text":"Manage existing unenclosed upland habitats - including moor, heath and mire -sustainably, so they are in good condition, and supporting a thriving and diverse community of species","url":"Click HERE to view the preferred habitat in our strategy"},"geometry":{"type":"Polygon","coordinates":[[[-2.76417,51.31736],[-2.76375,51.31716],[-2.7642,51.31712],[-2.76428,51.31708],[-2.76432,51.31698],[-2.76389,51.31634],[-2.76371,51.31594],[-2.7634,51.31539],[-2.76349,51.31496],[-2.76347,51.31433],[-2.7634,51.3136],[-2.76341,51.31348],[-2.76344,51.31345],[-2.76359,51.31345],[-2.76395,51.315],[-2.76384,51.31543],[-2.76392,51.3158],[-2.76436,51.31673],[-2.76434,51.31718],[-2.7642,51.3174],[-2.76417,51.31736]]]}},{"type":"Feature","properties":{"cat":"Moorland & heath","fill":"#9C4D9C","text":"Manage existing unenclosed upland habitats - including moor, heath and mire -sustainably, so they are in good condition, and supporting a thriving and diverse community of species","url":"Click HERE to view the preferred habitat in our strategy"},"geometry":{"type":"Polygon","coordinates":[[[-2.75109,51.31172],[-2.75245,51.31209],[-2.75404,51.31235],[-2.75408,51.3128],[-2.75404,51.31344],[-2.75409,51.31408],[-2.75395,51.31389],[-2.75361,51.31364],[-2.75265,51.3127],[-2.7522,51.31249],[-2.75179,51.31245],[-2.75141,51.31219],[-2.75118,51.3121],[-2.75113,51.31204],[-2.75102,51.31169],[-2.75109,51.31172]]]}},{"type":"Feature","properties":{"cat":"Moorland & heath","fill":"#9C4D9C","text":"Manage existing unenclosed upland habitats - including moor, heath and mire -sustainably, so they are in good condition, and supporting a thriving and diverse community of species","url":"Click HERE to view the preferred habitat in our strategy"},"geometry":{"type":"Polygon","coordinates":[[[-2.75404,51.31994],[-2.75451,51.32026],[-2.75447,51.32027],[-2.75419,51.32013],[-2.75401,51.31995],[-2.75401,51.31992],[-2.75404,51.31994]]]}},{"type":"Feature","properties":{"cat":"Moorland & heath","fill":"#9C4D9C","text":"Manage existing unenclosed upland habitats - including moor, heath and mire -sustainably, so they are in good condition, and supporting a thriving and diverse community of species","url":"Click HERE to view the preferred habitat in our strategy"},"geometry":{"type":"Polygon","coordinates":[[[-2.73018,51.31362],[-2.73044,51.31365],[-2.73045,51.31371],[-2.73051,51.31377],[-2.72987,51.31452],[-2.72932,51.31509],[-2.72887,51.31489],[-2.72961,51.31428],[-2.73018,51.31362]]]}},{"type":"Feature","properties":{"cat":"Moorland & heath","fill":"#9C4D9C","text":"Manage existing unenclosed upland habitats - including moor, heath and mire -sustainably, so they are in good condition, and supporting a thriving and diverse community of species","url":"Click HERE to view the preferred habitat in our strategy"},"geometry":{"type":"Polygon","coordinates":[[[-2.72825,51.31456],[-2.72838,51.31449],[-2.72877,51.31405],[-2.72916,51.31379],[-2.72935,51.31372],[-2.72951,51.31355],[-2.73018,51.31362],[-2.72961,51.31428],[-2.72887,51.31489],[-2.7282,51.3146],[-2.72825,51.31456]]]}},{"type":"Feature","properties":{"cat":"Moorland & heath","fill":"#9C4D9C","text":"Manage existing unenclosed upland habitats - including moor, heath and mire -sustainably, so they are in good condition, and supporting a thriving and diverse community of species","url":"Click HERE to view the preferred habitat in our strategy"},"geometry":{"type":"Polygon","coordinates":[[[-2.75701,51.31022],[-2.75711,51.31024],[-2.75711,51.31032],[-2.75695,51.31033],[-2.75692,51.31026],[-2.75701,51.31022]]]}},{"type":"Feature","properties":{"cat":"Moorland & heath","fill":"#9C4D9C","text":"Manage existing unenclosed upland habitats - including moor, heath and mire -sustainably, so they are in good condition, and supporting a thriving and diverse community of species","url":"Click HERE to view the preferred habitat in our strategy"},"geometry":{"type":"Polygon","coordinates":[[[-2.72742,51.31247],[-2.72809,51.31264],[-2.72841,51.31284],[-2.72911,51.31316],[-2.72911,51.31321],[-2.72892,51.31348],[-2.72865,51.31363],[-2.72853,51.31383],[-2.7284,51.31388],[-2.72815,51.3141],[-2.72803,51.31432],[-2.72797,51.31433],[-2.72742,51.3142],[-2.72742,51.31366],[-2.72754,51.31343],[-2.72742,51.31339],[-2.72742,51.31247]]]}},{"type":"Feature","properties":{"cat":"Freshwater","fill":"#1E88A8","text":"Create, restore and manage habitat features to increase biodiversity and connectivity in waterways","url":"Click HERE to view the preferred habitat in our strategy"},"geometry":{"type":"Polygon","coordinates":[[[-2.81636,51.28439],[-2.8164,51.28446],[-2.81636,51.28453],[-2.81633,51.28438],[-2.81636,51.28439]]]}},{"type":"Feature","properties":{"cat":"Freshwater","fill":"#1E88A8","text":"Create, restore and manage habitat features to increase biodiversity and connectivity in waterways","url":"Click HERE to view the preferred habitat in our strategy"},"geometry":{"type":"Polygon","coordinates":[[[-2.81597,51.28437],[-2.81597,51.2844],[-2.81591,51.28438],[-2.81597,51.28437]]]}},{"type":"Feature","properties":{"cat":"Freshwater","fill":"#1E88A8","text":"Create ponds for wildlife","url":"Click HERE to view the preferred habitat in our strategy"},"geometry":{"type":"Polygon","coordinates":[[[-2.78299,51.30006],[-2.78308,51.30006],[-2.78308,51.30009],[-2.783,51.3001],[-2.78299,51.30006]]]}},{"type":"Feature","properties":{"cat":"Freshwater","fill":"#1E88A8","text":"Create, restore and manage habitat features to increase biodiversity and connectivity in waterways","url":"Click HERE to view the preferred habitat in our strategy"},"geometry":{"type":"Polygon","coordinates":[[[-2.77343,51.28],[-2.77334,51.28003],[-2.77334,51.27999],[-2.77344,51.27998],[-2.77343,51.28]]]}},{"type":"Feature","properties":{"cat":"Freshwater","fill":"#1E88A8","text":"Create, restore and manage habitat features to increase biodiversity and connectivity in waterways","url":"Click HERE to view the preferred habitat in our strategy"},"geometry":{"type":"Polygon","coordinates":[[[-2.81585,51.28433],[-2.81589,51.28435],[-2.81581,51.28434],[-2.81585,51.28433]]]}},{"type":"Feature","properties":{"cat":"Freshwater","fill":"#1E88A8","text":"Create ponds for wildlife","url":"Click HERE to view the preferred habitat in our strategy"},"geometry":{"type":"Polygon","coordinates":[[[-2.817,51.28793],[-2.81699,51.28787],[-2.81707,51.28785],[-2.81713,51.28801],[-2.81704,51.28803],[-2.817,51.28793]]]}},{"type":"Feature","properties":{"cat":"Freshwater","fill":"#1E88A8","text":"Create, restore and manage habitat features to increase biodiversity and connectivity in waterways","url":"Click HERE to view the preferred habitat in our strategy"},"geometry":{"type":"Polygon","coordinates":[[[-2.85176,51.28775],[-2.85092,51.28787],[-2.85044,51.28784],[-2.85008,51.28767],[-2.84979,51.28744],[-2.84969,51.28727],[-2.84932,51.28711],[-2.8489,51.28705],[-2.84885,51.28707],[-2.84836,51.28703],[-2.8479,51.2869],[-2.84776,51.28689],[-2.84751,51.28679],[-2.84721,51.28659],[-2.84667,51.28645],[-2.84676,51.28644],[-2.84716,51.28655],[-2.84764,51.28683],[-2.84836,51.28701],[-2.84891,51.28703],[-2.84895,51.28695],[-2.84898,51.28696],[-2.84896,51.28704],[-2.84933,51.28709],[-2.84968,51.28724],[-2.84984,51.28745],[-2.85027,51.28776],[-2.85063,51.28785],[-2.85095,51.28785],[-2.85243,51.28764],[-2.85302,51.28748],[-2.85359,51.28715],[-2.85372,51.28704],[-2.85384,51.28678],[-2.85418,51.28641],[-2.85444,51.28606],[-2.85443,51.28591],[-2.85428,51.28574],[-2.85414,51.28567],[-2.85361,51.28554],[-2.85357,51.2855],[-2.85353,51.28529],[-2.85387,51.28503],[-2.85387,51.28491],[-2.85378,51.28473],[-2.8536,51.28464],[-2.8532,51.28455],[-2.853,51.28447],[-2.85265,51.2842],[-2.85232,51.28418],[-2.85191,51.28409],[-2.8517,51.2842],[-2.85155,51.28443],[-2.85088,51.28504],[-2.85087,51.28507],[-2.851,51.2851],[-2.85098,51.28514],[-2.8508,51.28513],[-2.85074,51.28521],[-2.8507,51.28519],[-2.85077,51.28512],[-2.85066,51.28506],[-2.85082,51.28507],[-2.85153,51.28441],[-2.85168,51.28417],[-2.85182,51.28412],[-2.85189,51.28406],[-2.85193,51.28389],[-2.8521,51.28368],[-2.85217,51.28336],[-2.85227,51.28314],[-2.85224,51.28289],[-2.85246,51.28271],[-2.85251,51.28252],[-2.85279,51.28233],[-2.85281,51.28224],[-2.8527,51.28206],[-2.85277,51.28199],[-2.8532,51.2818],[-2.85286,51.28152],[-2.85198,51.28124],[-2.8511,51.28081],[-2.8508,51.28075],[-2.84964,51.28075],[-2.84965,51.28072],[-2.85049,51.28071],[-2.85106,51.28077],[-2.85201,51.28124],[-2.85288,51.28151],[-2.8533,51.28185],[-2.85344,51.28192],[-2.85416,51.28198],[-2.85482,51.28199],[-2.85467,51.28199],[-2.85465,51.28206],[-2.85458,51.282],[-2.85437,51.282],[-2.85444,51.28213],[-2.85441,51.28214],[-2.85433,51.282],[-2.85349,51.28196],[-2.85334,51.28191],[-2.85322,51.28182],[-2.85307,51.28187],[-2.85298,51.28195],[-2.8528,51.28199],[-2.85272,51.28207],[-2.85284,51.28225],[-2.85282,51.28233],[-2.85253,51.28253],[-2.85249,51.28271],[-2.85227,51.2829],[-2.85231,51.28306],[-2.8523,51.28316],[-2.85219,51.28338],[-2.85213,51.28368],[-2.85195,51.28392],[-2.85194,51.28405],[-2.85234,51.28416],[-2.85245,51.28415],[-2.85273,51.28421],[-2.85305,51.28447],[-2.85367,51.28464],[-2.8538,51.28472],[-2.85389,51.28488],[-2.8539,51.28501],[-2.85384,51.2851],[-2.85358,51.28529],[-2.8536,51.2855],[-2.85418,51.28566],[-2.85442,51.28556],[-2.85422,51.28567],[-2.85443,51.28584],[-2.85448,51.28592],[-2.85448,51.28603],[-2.85425,51.28638],[-2.85397,51.28667],[-2.85375,51.28704],[-2.85366,51.28712],[-2.85303,51.2875],[-2.85266,51.2876],[-2.85266,51.28763],[-2.85258,51.28762],[-2.85212,51.2877],[-2.85217,51.28795],[-2.85214,51.28795],[-2.85212,51.28777],[-2.85208,51.28771],[-2.85176,51.28775]]]}},{"type":"Feature","properties":{"cat":"Freshwater","fill":"#1E88A8","text":"Create, restore and manage habitat features to increase biodiversity and connectivity in waterways","url":"Click HERE to view the preferred habitat in our strategy"},"geometry":{"type":"Polygon","coordinates":[[[-2.81617,51.28444],[-2.81609,51.28443],[-2.8161,51.28441],[-2.81602,51.28437],[-2.81624,51.28443],[-2.81627,51.28448],[-2.81617,51.28444]]]}},{"type":"Feature","properties":{"cat":"Freshwater","fill":"#1E88A8","text":"Create ponds for wildlife","url":"Click HERE to view the preferred habitat in our strategy"},"geometry":{"type":"Polygon","coordinates":[[[-2.76599,51.29991],[-2.76587,51.30003],[-2.76581,51.30002],[-2.76592,51.2999],[-2.76599,51.29991]]]}},{"type":"Feature","properties":{"cat":"Freshwater","fill":"#1E88A8","text":"Create ponds for wildlife","url":"Click HERE to view the preferred habitat in our strategy"},"geometry":{"type":"Polygon","coordinates":[[[-2.81016,51.32494],[-2.81012,51.32495],[-2.8101,51.32489],[-2.81014,51.32488],[-2.81016,51.32494]]]}},{"type":"Feature","properties":{"cat":"Freshwater","fill":"#1E88A8","text":"Create ponds for wildlife","url":"Click HERE to view the preferred habitat in our strategy"},"geometry":{"type":"Polygon","coordinates":[[[-2.77327,51.27969],[-2.77328,51.27976],[-2.77342,51.2799],[-2.7733,51.27993],[-2.77316,51.2797],[-2.77327,51.27969]]]}},{"type":"Feature","properties":{"cat":"Freshwater","fill":"#1E88A8","text":"Create ponds for wildlife","url":"Click HERE to view the preferred habitat in our strategy"},"geometry":{"type":"Polygon","coordinates":[[[-2.83654,51.28863],[-2.83653,51.28863],[-2.83653,51.28864],[-2.83653,51.28864],[-2.83652,51.28865],[-2.83652,51.28865],[-2.83651,51.28865],[-2.83651,51.28865],[-2.8365,51.28865],[-2.8365,51.28865],[-2.83649,51.28865],[-2.83649,51.28865],[-2.83649,51.28864],[-2.83649,51.28864],[-2.8365,51.28863],[-2.83651,51.28863],[-2.83652,51.28863],[-2.83653,51.28863],[-2.83654,51.28863]]]}},{"type":"Feature","properties":{"cat":"Freshwater","fill":"#1E88A8","text":"Create, restore and manage habitat features to increase biodiversity and connectivity in waterways","url":"Click HERE to view the preferred habitat in our strategy"},"geometry":{"type":"Polygon","coordinates":[[[-2.81328,51.28374],[-2.81228,51.28376],[-2.81222,51.28372],[-2.81226,51.28372],[-2.81225,51.28368],[-2.81219,51.28369],[-2.81211,51.28357],[-2.8134,51.28352],[-2.8134,51.28357],[-2.81328,51.28374]]]}},{"type":"Feature","properties":{"cat":"Freshwater","fill":"#1E88A8","text":"Create ponds for wildlife","url":"Click HERE to view the preferred habitat in our strategy"},"geometry":{"type":"Polygon","coordinates":[[[-2.8323,51.29676],[-2.83231,51.29673],[-2.83241,51.29674],[-2.8324,51.29677],[-2.8323,51.29676]]]}},{"type":"Feature","properties":{"cat":"Freshwater","fill":"#1E88A8","text":"Create, restore and manage habitat features to increase biodiversity and connectivity in waterways","url":"Click HERE to view the preferred habitat in our strategy"},"geometry":{"type":"Polygon","coordinates":[[[-2.81602,51.2844],[-2.8161,51.28441],[-2.81609,51.28443],[-2.81602,51.2844]]]}},{"type":"Feature","properties":{"cat":"Freshwater","fill":"#1E88A8","text":"Create, restore and manage habitat features to increase biodiversity and connectivity in waterways","url":"Click HERE to view the preferred habitat in our strategy"},"geometry":{"type":"Polygon","coordinates":[[[-2.76922,51.28189],[-2.76926,51.28191],[-2.76921,51.28194],[-2.76914,51.28197],[-2.76911,51.28195],[-2.76922,51.28189]]]}},{"type":"Feature","properties":{"cat":"Freshwater","fill":"#1E88A8","text":"Create, restore and manage habitat features to increase biodiversity and connectivity in waterways","url":"Click HERE to view the preferred habitat in our strategy"},"geometry":{"type":"Polygon","coordinates":[[[-2.77303,51.27947],[-2.77296,51.27935],[-2.77302,51.27933],[-2.77316,51.27957],[-2.77326,51.27961],[-2.77309,51.27962],[-2.77303,51.27947]]]}},{"type":"Feature","properties":{"cat":"Freshwater","fill":"#1E88A8","text":"Create, restore and manage habitat features to increase biodiversity and connectivity in waterways","url":"Click HERE to view the preferred habitat in our strategy"},"geometry":{"type":"Polygon","coordinates":[[[-2.85021,51.288],[-2.85019,51.2881],[-2.85016,51.2881],[-2.85017,51.28799],[-2.85021,51.288]]]}},{"type":"Feature","properties":{"cat":"Freshwater","fill":"#1E88A8","text":"Create, restore and manage habitat features to increase biodiversity and connectivity in waterways","url":"Click HERE to view the preferred habitat in our strategy"},"geometry":{"type":"Polygon","coordinates":[[[-2.77329,51.27934],[-2.77326,51.27935],[-2.77326,51.27934],[-2.77329,51.27933],[-2.77329,51.27934]]]}},{"type":"Feature","properties":{"cat":"Freshwater","fill":"#1E88A8","text":"Create, restore and manage habitat features to increase biodiversity and connectivity in waterways","url":"Click HERE to view the preferred habitat in our strategy"},"geometry":{"type":"Polygon","coordinates":[[[-2.84332,51.27982],[-2.84375,51.27949],[-2.84438,51.27909],[-2.84484,51.27881],[-2.8449,51.27881],[-2.84377,51.27952],[-2.84338,51.27983],[-2.84332,51.27985],[-2.84332,51.27982]]]}},{"type":"Feature","properties":{"cat":"Freshwater","fill":"#1E88A8","text":"Create, restore and manage habitat features to increase biodiversity and connectivity in waterways","url":"Click HERE to view the preferred habitat in our strategy"},"geometry":{"type":"Polygon","coordinates":[[[-2.77329,51.27934],[-2.77323,51.27917],[-2.77333,51.27916],[-2.77353,51.27926],[-2.77342,51.27936],[-2.77359,51.27943],[-2.77334,51.2795],[-2.77329,51.27934]]]}},{"type":"Feature","properties":{"cat":"Freshwater","fill":"#1E88A8","text":"Create, restore and manage habitat features to increase biodiversity and connectivity in waterways","url":"Click HERE to view the preferred habitat in our strategy"},"geometry":{"type":"Polygon","coordinates":[[[-2.80947,51.28372],[-2.80959,51.28381],[-2.81003,51.28387],[-2.80948,51.28394],[-2.80943,51.28375],[-2.80947,51.28372]]]}},{"type":"Feature","properties":{"cat":"Freshwater","fill":"#1E88A8","text":"Create ponds for wildlife","url":"Click HERE to view the preferred habitat in our strategy"},"geometry":{"type":"Polygon","coordinates":[[[-2.81562,51.29152],[-2.81573,51.29149],[-2.81566,51.29154],[-2.81562,51.29152]]]}},{"type":"Feature","properties":{"cat":"Freshwater","fill":"#1E88A8","text":"Create, restore and manage habitat features to increase biodiversity and connectivity in waterways","url":"Click HERE to view the preferred habitat in our strategy"},"geometry":{"type":"Polygon","coordinates":[[[-2.84598,51.288],[-2.8459,51.28765],[-2.84595,51.28711],[-2.84597,51.28712],[-2.84594,51.28779],[-2.84607,51.28819],[-2.84604,51.28829],[-2.84598,51.288]]]}},{"type":"Feature","properties":{"cat":"Freshwater","fill":"#1E88A8","text":"Create, restore and manage habitat features to increase biodiversity and connectivity in waterways","url":"Click HERE to view the preferred habitat in our strategy"},"geometry":{"type":"Polygon","coordinates":[[[-2.85325,51.2881],[-2.85333,51.28816],[-2.85344,51.28844],[-2.85359,51.28853],[-2.85426,51.28871],[-2.85497,51.28882],[-2.85497,51.28884],[-2.85438,51.28876],[-2.85382,51.28863],[-2.85349,51.2885],[-2.85351,51.28859],[-2.85342,51.28938],[-2.85351,51.28979],[-2.85353,51.29028],[-2.85349,51.29028],[-2.85348,51.29025],[-2.85348,51.28973],[-2.85341,51.2894],[-2.85275,51.28943],[-2.8534,51.28938],[-2.85339,51.28926],[-2.85348,51.28853],[-2.85337,51.28838],[-2.85332,51.28819],[-2.85317,51.28806],[-2.8532,51.28805],[-2.85325,51.2881]]]}},{"type":"Feature","properties":{"cat":"Freshwater","fill":"#1E88A8","text":"Create, restore and manage habitat features to increase biodiversity and connectivity in waterways","url":"Click HERE to view the preferred habitat in our strategy"},"geometry":{"type":"Polygon","coordinates":[[[-2.77318,51.28046],[-2.77276,51.28065],[-2.77262,51.28077],[-2.77218,51.28095],[-2.77216,51.28093],[-2.77246,51.28081],[-2.77202,51.2809],[-2.77199,51.28084],[-2.77254,51.28077],[-2.77265,51.28073],[-2.7727,51.28066],[-2.77295,51.2805],[-2.77313,51.28043],[-2.77318,51.28046]]]}},{"type":"Feature","properties":{"cat":"Freshwater","fill":"#1E88A8","text":"Create, restore and manage habitat features to increase biodiversity and connectivity in waterways","url":"Click HERE to view the preferred habitat in our strategy"},"geometry":{"type":"Polygon","coordinates":[[[-2.77335,51.27972],[-2.77342,51.27971],[-2.77344,51.27974],[-2.77336,51.27979],[-2.7734,51.27987],[-2.77346,51.27989],[-2.77346,51.27994],[-2.77333,51.27978],[-2.77341,51.27973],[-2.77328,51.27976],[-2.77335,51.27972]]]}},{"type":"Feature","properties":{"cat":"Freshwater","fill":"#1E88A8","text":"Create, restore and manage habitat features to increase biodiversity and connectivity in waterways","url":"Click HERE to view the preferred habitat in our strategy"},"geometry":{"type":"Polygon","coordinates":[[[-2.77312,51.27914],[-2.77311,51.27912],[-2.77296,51.27914],[-2.77312,51.27909],[-2.77305,51.27891],[-2.77305,51.27881],[-2.77314,51.27881],[-2.77328,51.27932],[-2.77326,51.27933],[-2.77317,51.27913],[-2.77312,51.27914]]]}},{"type":"Feature","properties":{"cat":"Freshwater","fill":"#1E88A8","text":"Create, restore and manage habitat features to increase biodiversity and connectivity in waterways","url":"Click HERE to view the preferred habitat in our strategy"},"geometry":{"type":"Polygon","coordinates":[[[-2.84177,51.28494],[-2.84291,51.28562],[-2.8443,51.28639],[-2.84518,51.28683],[-2.84552,51.28696],[-2.8455,51.28699],[-2.8453,51.28693],[-2.84409,51.28633],[-2.8421,51.28521],[-2.84166,51.28493],[-2.84172,51.2849],[-2.84177,51.28494]]]}},{"type":"Feature","properties":{"cat":"Freshwater","fill":"#1E88A8","text":"Create, restore and manage habitat features to increase biodiversity and connectivity in waterways","url":"Click HERE to view the preferred habitat in our strategy"},"geometry":{"type":"Polygon","coordinates":[[[-2.85497,51.28106],[-2.85469,51.2809],[-2.85463,51.28083],[-2.85459,51.28069],[-2.85459,51.28049],[-2.85449,51.28026],[-2.85426,51.28005],[-2.85412,51.28008],[-2.85418,51.28],[-2.85391,51.27981],[-2.85403,51.27975],[-2.85441,51.28003],[-2.85473,51.28034],[-2.85477,51.28072],[-2.85482,51.28083],[-2.85497,51.28093],[-2.85497,51.28106]]]}},{"type":"Feature","properties":{"cat":"Freshwater","fill":"#1E88A8","text":"Create, restore and manage habitat features to increase biodiversity and connectivity in waterways","url":"Click HERE to view the preferred habitat in our strategy"},"geometry":{"type":"Polygon","coordinates":[[[-2.85218,51.2882],[-2.85215,51.28828],[-2.85212,51.28827],[-2.8522,51.28806],[-2.85223,51.28806],[-2.85218,51.2882]]]}},{"type":"Feature","properties":{"cat":"Freshwater","fill":"#1E88A8","text":"Create ponds for wildlife","url":"Click HERE to view the preferred habitat in our strategy"},"geometry":{"type":"Polygon","coordinates":[[[-2.79302,51.32211],[-2.79303,51.32215],[-2.79297,51.32216],[-2.79296,51.32212],[-2.79302,51.32211]]]}},{"type":"Feature","properties":{"cat":"Freshwater","fill":"#1E88A8","text":"Create ponds for wildlife","url":"Click HERE to view the preferred habitat in our strategy"},"geometry":{"type":"Polygon","coordinates":[[[-2.76505,51.31069],[-2.76506,51.31071],[-2.76493,51.3107],[-2.76489,51.31066],[-2.76493,51.31059],[-2.76497,51.31059],[-2.76503,51.31061],[-2.76505,51.31069]]]}},{"type":"Feature","properties":{"cat":"Freshwater","fill":"#1E88A8","text":"Create, restore and manage habitat features to increase biodiversity and connectivity in waterways","url":"Click HERE to view the preferred habitat in our strategy"},"geometry":{"type":"Polygon","coordinates":[[[-2.77286,51.27909],[-2.77283,51.27904],[-2.77286,51.27904],[-2.77286,51.27909]]]}},{"type":"Feature","properties":{"cat":"Freshwater","fill":"#1E88A8","text":"Create ponds for wildlife","url":"Click HERE to view the preferred habitat in our strategy"},"geometry":{"type":"Polygon","coordinates":[[[-2.83908,51.28789],[-2.83898,51.28802],[-2.83888,51.28806],[-2.83875,51.28806],[-2.83877,51.28802],[-2.83883,51.28803],[-2.83892,51.28798],[-2.83883,51.28795],[-2.83883,51.28792],[-2.8389,51.28791],[-2.83887,51.28785],[-2.83908,51.28789]]]}},{"type":"Feature","properties":{"cat":"Freshwater","fill":"#1E88A8","text":"Create ponds for wildlife","url":"Click HERE to view the preferred habitat in our strategy"},"geometry":{"type":"Polygon","coordinates":[[[-2.79383,51.30738],[-2.79374,51.30745],[-2.79373,51.30738],[-2.79383,51.30738]]]}},{"type":"Feature","properties":{"cat":"Freshwater","fill":"#1E88A8","text":"Create ponds for wildlife","url":"Click HERE to view the preferred habitat in our strategy"},"geometry":{"type":"Polygon","coordinates":[[[-2.76386,51.32008],[-2.76386,51.32011],[-2.76378,51.32011],[-2.76373,51.32003],[-2.76386,51.32008]]]}},{"type":"Feature","properties":{"cat":"Freshwater","fill":"#1E88A8","text":"Create ponds for wildlife","url":"Click HERE to view the preferred habitat in our strategy"},"geometry":{"type":"Polygon","coordinates":[[[-2.77372,51.31432],[-2.77377,51.31434],[-2.77374,51.31437],[-2.77369,51.31435],[-2.77372,51.31432]]]}},{"type":"Feature","properties":{"cat":"Freshwater","fill":"#1E88A8","text":"Create ponds for wildlife","url":"Click HERE to view the preferred habitat in our strategy"},"geometry":{"type":"Polygon","coordinates":[[[-2.83891,51.27885],[-2.83896,51.27881],[-2.83909,51.27883],[-2.83903,51.27889],[-2.83894,51.27889],[-2.83891,51.27885]]]}},{"type":"Feature","properties":{"cat":"Freshwater","fill":"#1E88A8","text":"Create ponds for wildlife","url":"Click HERE to view the preferred habitat in our strategy"},"geometry":{"type":"Polygon","coordinates":[[[-2.79397,51.28486],[-2.79397,51.2849],[-2.79393,51.2849],[-2.79393,51.28486],[-2.79397,51.28486]]]}},{"type":"Feature","properties":{"cat":"Freshwater","fill":"#1E88A8","text":"Create ponds for wildlife","url":"Click HERE to view the preferred habitat in our strategy"},"geometry":{"type":"Polygon","coordinates":[[[-2.74719,51.29259],[-2.7473,51.29256],[-2.74734,51.29262],[-2.74727,51.29266],[-2.74719,51.29263],[-2.74719,51.29259]]]}},{"type":"Feature","properties":{"cat":"Freshwater","fill":"#1E88A8","text":"Create ponds for wildlife","url":"Click HERE to view the preferred habitat in our strategy"},"geometry":{"type":"Polygon","coordinates":[[[-2.79621,51.30349],[-2.79615,51.30349],[-2.79614,51.30346],[-2.79621,51.30345],[-2.79621,51.30349]]]}},{"type":"Feature","properties":{"cat":"Freshwater","fill":"#1E88A8","text":"Create ponds for wildlife","url":"Click HERE to view the preferred habitat in our strategy"},"geometry":{"type":"Polygon","coordinates":[[[-2.74191,51.31824],[-2.74192,51.31821],[-2.74208,51.31821],[-2.74207,51.31825],[-2.74191,51.31824]]]}},{"type":"Feature","properties":{"cat":"Freshwater","fill":"#1E88A8","text":"Create ponds for wildlife","url":"Click HERE to view the preferred habitat in our strategy"},"geometry":{"type":"Polygon","coordinates":[[[-2.73278,51.28154],[-2.73263,51.28145],[-2.73268,51.28141],[-2.73283,51.2815],[-2.73278,51.28154]]]}},{"type":"Feature","properties":{"cat":"Freshwater","fill":"#1E88A8","text":"Create ponds for wildlife","url":"Click HERE to view the preferred habitat in our strategy"},"geometry":{"type":"Polygon","coordinates":[[[-2.8378,51.28821],[-2.83776,51.28826],[-2.83765,51.28826],[-2.83773,51.28821],[-2.8378,51.28821]]]}},{"type":"Feature","properties":{"cat":"Freshwater","fill":"#1E88A8","text":"Create ponds for wildlife","url":"Click HERE to view the preferred habitat in our strategy"},"geometry":{"type":"Polygon","coordinates":[[[-2.79119,51.29945],[-2.79144,51.29944],[-2.79153,51.29947],[-2.79155,51.29953],[-2.79153,51.29957],[-2.79146,51.29959],[-2.79116,51.29949],[-2.79119,51.29945]]]}},{"type":"Feature","properties":{"cat":"Freshwater","fill":"#1E88A8","text":"Create ponds for wildlife","url":"Click HERE to view the preferred habitat in our strategy"},"geometry":{"type":"Polygon","coordinates":[[[-2.7321,51.30067],[-2.73224,51.30067],[-2.73228,51.30072],[-2.73207,51.30073],[-2.73203,51.30069],[-2.7321,51.30067]]]}},{"type":"Feature","properties":{"cat":"Freshwater","fill":"#1E88A8","text":"Create ponds for wildlife","url":"Click HERE to view the preferred habitat in our strategy"},"geometry":{"type":"Polygon","coordinates":[[[-2.79314,51.30888],[-2.79319,51.30894],[-2.79311,51.30897],[-2.79303,51.30895],[-2.79303,51.30888],[-2.79314,51.30888]]]}},{"type":"Feature","properties":{"cat":"Freshwater","fill":"#1E88A8","text":"Create ponds for wildlife","url":"Click HERE to view the preferred habitat in our strategy"},"geometry":{"type":"Polygon","coordinates":[[[-2.75158,51.30449],[-2.75158,51.3045],[-2.75158,51.3045],[-2.75152,51.3045],[-2.75153,51.30449],[-2.75154,51.30449],[-2.75155,51.30449],[-2.75156,51.30449],[-2.75157,51.30449],[-2.75158,51.30449]]]}},{"type":"Feature","properties":{"cat":"Freshwater","fill":"#1E88A8","text":"Create ponds for wildlife","url":"Click HERE to view the preferred habitat in our strategy"},"geometry":{"type":"Polygon","coordinates":[[[-2.7702,51.2815],[-2.77002,51.28157],[-2.76993,51.28151],[-2.76998,51.28143],[-2.77026,51.28129],[-2.77035,51.28137],[-2.7705,51.2814],[-2.7702,51.2815]]]}},{"type":"Feature","properties":{"cat":"Freshwater","fill":"#1E88A8","text":"Create ponds for wildlife","url":"Click HERE to view the preferred habitat in our strategy"},"geometry":{"type":"Polygon","coordinates":[[[-2.7954,51.30284],[-2.79547,51.30286],[-2.7955,51.30291],[-2.79541,51.30297],[-2.79531,51.30294],[-2.79529,51.30287],[-2.7954,51.30284]]]}},{"type":"Feature","properties":{"cat":"Freshwater","fill":"#1E88A8","text":"Create ponds for wildlife","url":"Click HERE to view the preferred habitat in our strategy"},"geometry":{"type":"Polygon","coordinates":[[[-2.7702,51.2815],[-2.77026,51.28154],[-2.77017,51.28161],[-2.77007,51.28161],[-2.77002,51.28157],[-2.77016,51.28159],[-2.77021,51.28155],[-2.7702,51.2815]]]}},{"type":"Feature","properties":{"cat":"Freshwater","fill":"#1E88A8","text":"Create ponds for wildlife","url":"Click HERE to view the preferred habitat in our strategy"},"geometry":{"type":"Polygon","coordinates":[[[-2.77009,51.28158],[-2.77021,51.28154],[-2.77016,51.28159],[-2.77009,51.28158]]]}},{"type":"Feature","properties":{"cat":"Freshwater","fill":"#1E88A8","text":"Create ponds for wildlife","url":"Click HERE to view the preferred habitat in our strategy"},"geometry":{"type":"Polygon","coordinates":[[[-2.78779,51.30946],[-2.78781,51.3094],[-2.78788,51.30938],[-2.78798,51.30942],[-2.78792,51.30946],[-2.78779,51.30946]]]}},{"type":"Feature","properties":{"cat":"Freshwater","fill":"#1E88A8","text":"Create ponds for wildlife","url":"Click HERE to view the preferred habitat in our strategy"},"geometry":{"type":"Polygon","coordinates":[[[-2.83787,51.28815],[-2.83788,51.2881],[-2.838,51.28807],[-2.83819,51.2881],[-2.83804,51.28823],[-2.83797,51.28817],[-2.83787,51.28815]]]}},{"type":"Feature","properties":{"cat":"Freshwater","fill":"#1E88A8","text":"Create ponds for wildlife","url":"Click HERE to view the preferred habitat in our strategy"},"geometry":{"type":"Polygon","coordinates":[[[-2.77321,51.28046],[-2.77313,51.28043],[-2.77317,51.28005],[-2.77341,51.28002],[-2.77344,51.27998],[-2.77349,51.27998],[-2.77353,51.28006],[-2.77356,51.28033],[-2.77348,51.28054],[-2.77344,51.28057],[-2.77339,51.28052],[-2.77321,51.28046]],[[-2.77333,51.28022],[-2.77333,51.28022],[-2.77333,51.28022],[-2.77332,51.28022],[-2.77331,51.28022],[-2.77331,51.28022],[-2.77331,51.28022],[-2.77331,51.28023],[-2.77331,51.28023],[-2.77331,51.28023],[-2.77331,51.28024],[-2.77331,51.28024],[-2.77332,51.28024],[-2.77332,51.28024],[-2.77333,51.28024],[-2.77333,51.28024],[-2.77333,51.28024],[-2.77334,51.28023],[-2.77334,51.28023],[-2.77334,51.28023],[-2.77334,51.28023],[-2.77334,51.28022],[-2.77334,51.28022],[-2.77334,51.28022],[-2.77333,51.28022],[-2.77333,51.28022]]]}},{"type":"Feature","properties":{"cat":"Freshwater","fill":"#1E88A8","text":"Create ponds for wildlife","url":"Click HERE to view the preferred habitat in our strategy"},"geometry":{"type":"Polygon","coordinates":[[[-2.77799,51.30697],[-2.77803,51.30698],[-2.77798,51.30718],[-2.7777,51.30711],[-2.77765,51.30704],[-2.77769,51.30698],[-2.77799,51.30697]]]}},{"type":"Feature","properties":{"cat":"Freshwater","fill":"#1E88A8","text":"Create ponds for wildlife","url":"Click HERE to view the preferred habitat in our strategy"},"geometry":{"type":"Polygon","coordinates":[[[-2.77094,51.28128],[-2.77102,51.28126],[-2.771,51.28122],[-2.77084,51.28125],[-2.77078,51.28124],[-2.77077,51.2812],[-2.77155,51.28111],[-2.77169,51.28101],[-2.77173,51.28103],[-2.77169,51.28113],[-2.7714,51.28124],[-2.77086,51.28131],[-2.77085,51.28129],[-2.77094,51.28128]],[[-2.77144,51.28115],[-2.77108,51.2812],[-2.77104,51.28125],[-2.77148,51.28119],[-2.77154,51.28116],[-2.77144,51.28115]]]}},{"type":"Feature","properties":{"cat":"Freshwater","fill":"#1E88A8","text":"Create ponds for wildlife","url":"Click HERE to view the preferred habitat in our strategy"},"geometry":{"type":"Polygon","coordinates":[[[-2.78505,51.28129],[-2.78496,51.28134],[-2.78487,51.28131],[-2.78491,51.28124],[-2.78496,51.28124],[-2.78493,51.28128],[-2.78496,51.2813],[-2.78505,51.28129]]]}},{"type":"Feature","properties":{"cat":"Freshwater","fill":"#1E88A8","text":"Create ponds for wildlife","url":"Click HERE to view the preferred habitat in our strategy"},"geometry":{"type":"Polygon","coordinates":[[[-2.7649,51.31049],[-2.76493,51.31042],[-2.7651,51.31046],[-2.76505,51.31051],[-2.76504,51.31058],[-2.76486,51.31057],[-2.76485,51.31054],[-2.7649,51.31049]]]}},{"type":"Feature","properties":{"cat":"Freshwater","fill":"#1E88A8","text":"Create ponds for wildlife","url":"Click HERE to view the preferred habitat in our strategy"},"geometry":{"type":"Polygon","coordinates":[[[-2.80997,51.29867],[-2.80996,51.29873],[-2.80986,51.29878],[-2.80973,51.29876],[-2.80968,51.29871],[-2.80972,51.29862],[-2.80981,51.29859],[-2.80992,51.29861],[-2.80997,51.29867]]]}},{"type":"Feature","properties":{"cat":"Freshwater","fill":"#1E88A8","text":"Create ponds for wildlife","url":"Click HERE to view the preferred habitat in our strategy"},"geometry":{"type":"Polygon","coordinates":[[[-2.72896,51.30067],[-2.72858,51.30068],[-2.72855,51.30062],[-2.72858,51.30059],[-2.72889,51.30058],[-2.72898,51.30062],[-2.729,51.30067],[-2.72896,51.30067]]]}},{"type":"Feature","properties":{"cat":"Freshwater","fill":"#1E88A8","text":"Create ponds for wildlife","url":"Click HERE to view the preferred habitat in our strategy"},"geometry":{"type":"Polygon","coordinates":[[[-2.81297,51.32315],[-2.81299,51.3232],[-2.81296,51.32323],[-2.81282,51.32321],[-2.81282,51.32318],[-2.81297,51.32315]]]}},{"type":"Feature","properties":{"cat":"Freshwater","fill":"#1E88A8","text":"Create ponds for wildlife","url":"Click HERE to view the preferred habitat in our strategy"},"geometry":{"type":"Polygon","coordinates":[[[-2.79472,51.30261],[-2.79477,51.30262],[-2.79484,51.3027],[-2.7948,51.30277],[-2.79471,51.30275],[-2.79466,51.30266],[-2.79467,51.30262],[-2.79472,51.30261]]]}},{"type":"Feature","properties":{"cat":"Freshwater","fill":"#1E88A8","text":"Create ponds for wildlife","url":"Click HERE to view the preferred habitat in our strategy"},"geometry":{"type":"Polygon","coordinates":[[[-2.80023,51.30828],[-2.80019,51.30825],[-2.8002,51.30822],[-2.80028,51.30826],[-2.80023,51.30828]]]}},{"type":"Feature","properties":{"cat":"Freshwater","fill":"#1E88A8","text":"Create ponds for wildlife","url":"Click HERE to view the preferred habitat in our strategy"},"geometry":{"type":"Polygon","coordinates":[[[-2.85192,51.28181],[-2.85174,51.28184],[-2.85176,51.28174],[-2.85168,51.28165],[-2.85178,51.28161],[-2.85203,51.28168],[-2.85205,51.28177],[-2.85192,51.28181]]]}},{"type":"Feature","properties":{"cat":"Freshwater","fill":"#1E88A8","text":"Create ponds for wildlife","url":"Click HERE to view the preferred habitat in our strategy"},"geometry":{"type":"Polygon","coordinates":[[[-2.81236,51.32365],[-2.81229,51.32366],[-2.81227,51.32362],[-2.81234,51.32361],[-2.81236,51.32365]]]}},{"type":"Feature","properties":{"cat":"Freshwater","fill":"#1E88A8","text":"Create ponds for wildlife","url":"Click HERE to view the preferred habitat in our strategy"},"geometry":{"type":"Polygon","coordinates":[[[-2.80757,51.31493],[-2.80769,51.31494],[-2.80772,51.31503],[-2.80764,51.31503],[-2.80757,51.31493]]]}},{"type":"Feature","properties":{"cat":"Freshwater","fill":"#1E88A8","text":"Create ponds for wildlife","url":"Click HERE to view the preferred habitat in our strategy"},"geometry":{"type":"Polygon","coordinates":[[[-2.77068,51.28123],[-2.77047,51.28126],[-2.77033,51.28132],[-2.77031,51.2813],[-2.77049,51.28121],[-2.7707,51.2812],[-2.77068,51.28123]]]}},{"type":"Feature","properties":{"cat":"Freshwater","fill":"#1E88A8","text":"Create ponds for wildlife","url":"Click HERE to view the preferred habitat in our strategy"},"geometry":{"type":"Polygon","coordinates":[[[-2.7992,51.32379],[-2.79912,51.32378],[-2.79917,51.32376],[-2.7992,51.32379]]]}},{"type":"Feature","properties":{"cat":"Freshwater","fill":"#1E88A8","text":"Create ponds for wildlife","url":"Click HERE to view the preferred habitat in our strategy"},"geometry":{"type":"Polygon","coordinates":[[[-2.78882,51.30666],[-2.78882,51.30663],[-2.78891,51.30663],[-2.78882,51.30666]]]}},{"type":"Feature","properties":{"cat":"Freshwater","fill":"#1E88A8","text":"Create ponds for wildlife","url":"Click HERE to view the preferred habitat in our strategy"},"geometry":{"type":"Polygon","coordinates":[[[-2.80187,51.32274],[-2.80193,51.3227],[-2.80202,51.32271],[-2.80187,51.32274]]]}},{"type":"Feature","properties":{"cat":"Freshwater","fill":"#1E88A8","text":"Create ponds for wildlife","url":"Click HERE to view the preferred habitat in our strategy"},"geometry":{"type":"Polygon","coordinates":[[[-2.7933,51.28276],[-2.79313,51.28276],[-2.79315,51.28271],[-2.79277,51.2824],[-2.79283,51.28236],[-2.79303,51.28233],[-2.79345,51.28272],[-2.79336,51.28278],[-2.7933,51.28276]]]}},{"type":"Feature","properties":{"cat":"Freshwater","fill":"#1E88A8","text":"Create ponds for wildlife","url":"Click HERE to view the preferred habitat in our strategy"},"geometry":{"type":"Polygon","coordinates":[[[-2.76736,51.31366],[-2.76731,51.31364],[-2.7674,51.31361],[-2.76741,51.31365],[-2.76736,51.31366]]]}},{"type":"Feature","properties":{"cat":"Freshwater","fill":"#1E88A8","text":"Create ponds for wildlife","url":"Click HERE to view the preferred habitat in our strategy"},"geometry":{"type":"Polygon","coordinates":[[[-2.80057,51.31278],[-2.8004,51.31285],[-2.80035,51.31284],[-2.80038,51.31276],[-2.80045,51.31273],[-2.80053,51.31272],[-2.80057,51.31278]]]}},{"type":"Feature","properties":{"cat":"Freshwater","fill":"#1E88A8","text":"Create ponds for wildlife","url":"Click HERE to view the preferred habitat in our strategy"},"geometry":{"type":"Polygon","coordinates":[[[-2.77839,51.2965],[-2.77842,51.29651],[-2.77841,51.29655],[-2.77832,51.29655],[-2.77832,51.2965],[-2.77839,51.2965]]]}},{"type":"Feature","properties":{"cat":"Freshwater","fill":"#1E88A8","text":"Create ponds for wildlife","url":"Click HERE to view the preferred habitat in our strategy"},"geometry":{"type":"Polygon","coordinates":[[[-2.80506,51.3117],[-2.805,51.31169],[-2.80505,51.31166],[-2.80506,51.3117]]]}},{"type":"Feature","properties":{"cat":"Freshwater","fill":"#1E88A8","text":"Create ponds for wildlife","url":"Click HERE to view the preferred habitat in our strategy"},"geometry":{"type":"Polygon","coordinates":[[[-2.81131,51.29838],[-2.81139,51.29841],[-2.81141,51.29846],[-2.81136,51.2985],[-2.81125,51.2985],[-2.81121,51.29843],[-2.81131,51.29838]]]}},{"type":"Feature","properties":{"cat":"Freshwater","fill":"#1E88A8","text":"Create ponds for wildlife","url":"Click HERE to view the preferred habitat in our strategy"},"geometry":{"type":"Polygon","coordinates":[[[-2.79883,51.32196],[-2.79874,51.32195],[-2.79874,51.32191],[-2.79882,51.32192],[-2.79883,51.32196]]]}},{"type":"Feature","properties":{"cat":"Freshwater","fill":"#1E88A8","text":"Create ponds for wildlife","url":"Click HERE to view the preferred habitat in our strategy"},"geometry":{"type":"Polygon","coordinates":[[[-2.79559,51.2844],[-2.79556,51.28442],[-2.79555,51.28439],[-2.79559,51.2844]]]}},{"type":"Feature","properties":{"cat":"Freshwater","fill":"#1E88A8","text":"Create ponds for wildlife","url":"Click HERE to view the preferred habitat in our strategy"},"geometry":{"type":"Polygon","coordinates":[[[-2.78815,51.3175],[-2.78808,51.31753],[-2.78803,51.3175],[-2.78812,51.31747],[-2.78815,51.3175]]]}},{"type":"Feature","properties":{"cat":"Freshwater","fill":"#1E88A8","text":"Create ponds for wildlife","url":"Click HERE to view the preferred habitat in our strategy"},"geometry":{"type":"Polygon","coordinates":[[[-2.83296,51.29562],[-2.83305,51.29563],[-2.83309,51.29566],[-2.8331,51.29572],[-2.83295,51.29577],[-2.83284,51.29574],[-2.8329,51.29563],[-2.83296,51.29562]]]}},{"type":"Feature","properties":{"cat":"Freshwater","fill":"#1E88A8","text":"Create ponds for wildlife","url":"Click HERE to view the preferred habitat in our strategy"},"geometry":{"type":"Polygon","coordinates":[[[-2.79204,51.28173],[-2.79212,51.28186],[-2.79226,51.28192],[-2.79257,51.28191],[-2.79275,51.28207],[-2.79277,51.28215],[-2.79268,51.28219],[-2.79245,51.28216],[-2.79231,51.28221],[-2.79218,51.28217],[-2.79223,51.28211],[-2.79217,51.28202],[-2.79206,51.28196],[-2.79199,51.28179],[-2.79196,51.28178],[-2.79204,51.28173]]]}},{"type":"Feature","properties":{"cat":"Freshwater","fill":"#1E88A8","text":"Create ponds for wildlife","url":"Click HERE to view the preferred habitat in our strategy"},"geometry":{"type":"Polygon","coordinates":[[[-2.79865,51.3077],[-2.79862,51.30767],[-2.79865,51.30763],[-2.79871,51.30762],[-2.79877,51.30766],[-2.79874,51.30771],[-2.79865,51.3077]],[[-2.79869,51.30769],[-2.79872,51.30767],[-2.79868,51.30767],[-2.79869,51.30769]]]}},{"type":"Feature","properties":{"cat":"Freshwater","fill":"#1E88A8","text":"Create ponds for wildlife","url":"Click HERE to view the preferred habitat in our strategy"},"geometry":{"type":"Polygon","coordinates":[[[-2.81706,51.2878],[-2.81709,51.28785],[-2.81701,51.28786],[-2.81706,51.2878]]]}},{"type":"Feature","properties":{"cat":"Freshwater","fill":"#1E88A8","text":"Create ponds for wildlife","url":"Click HERE to view the preferred habitat in our strategy"},"geometry":{"type":"Polygon","coordinates":[[[-2.79547,51.30324],[-2.79558,51.30332],[-2.79558,51.30337],[-2.79547,51.30339],[-2.79542,51.30335],[-2.7954,51.30329],[-2.79547,51.30324]]]}},{"type":"Feature","properties":{"cat":"Freshwater","fill":"#1E88A8","text":"Create ponds for wildlife","url":"Click HERE to view the preferred habitat in our strategy"},"geometry":{"type":"Polygon","coordinates":[[[-2.79647,51.30429],[-2.79644,51.3043],[-2.79643,51.30425],[-2.79646,51.30425],[-2.79647,51.30429]]]}},{"type":"Feature","properties":{"cat":"Freshwater","fill":"#1E88A8","text":"Create ponds for wildlife","url":"Click HERE to view the preferred habitat in our strategy"},"geometry":{"type":"Polygon","coordinates":[[[-2.79551,51.32221],[-2.79541,51.32225],[-2.79535,51.32218],[-2.79544,51.32215],[-2.79551,51.32221]]]}},{"type":"Feature","properties":{"cat":"Freshwater","fill":"#1E88A8","text":"Create ponds for wildlife","url":"Click HERE to view the preferred habitat in our strategy"},"geometry":{"type":"Polygon","coordinates":[[[-2.78791,51.28348],[-2.78788,51.28346],[-2.78794,51.28346],[-2.78791,51.28348]]]}},{"type":"Feature","properties":{"cat":"Freshwater","fill":"#1E88A8","text":"Create ponds for wildlife","url":"Click HERE to view the preferred habitat in our strategy"},"geometry":{"type":"Polygon","coordinates":[[[-2.83754,51.28829],[-2.83753,51.2883],[-2.83752,51.2883],[-2.83751,51.28831],[-2.8375,51.28832],[-2.83749,51.28832],[-2.83748,51.28832],[-2.83747,51.28832],[-2.83746,51.28832],[-2.83747,51.28831],[-2.8375,51.28829],[-2.83751,51.28828],[-2.83753,51.28828],[-2.83754,51.28828],[-2.83754,51.28829]]]}},{"type":"Feature","properties":{"cat":"Freshwater","fill":"#1E88A8","text":"Create ponds for wildlife","url":"Click HERE to view the preferred habitat in our strategy"},"geometry":{"type":"Polygon","coordinates":[[[-2.81853,51.29895],[-2.81865,51.29899],[-2.81867,51.29902],[-2.81865,51.29908],[-2.81856,51.2991],[-2.81842,51.29906],[-2.81839,51.29899],[-2.81845,51.29895],[-2.81853,51.29895]]]}},{"type":"Feature","properties":{"cat":"Freshwater","fill":"#1E88A8","text":"Create ponds for wildlife","url":"Click HERE to view the preferred habitat in our strategy"},"geometry":{"type":"Polygon","coordinates":[[[-2.78082,51.29097],[-2.78081,51.2909],[-2.78089,51.29089],[-2.7809,51.29096],[-2.78082,51.29097]]]}},{"type":"Feature","properties":{"cat":"Freshwater","fill":"#1E88A8","text":"Create ponds for wildlife","url":"Click HERE to view the preferred habitat in our strategy"},"geometry":{"type":"Polygon","coordinates":[[[-2.83899,51.27953],[-2.83905,51.27943],[-2.8394,51.27932],[-2.83947,51.27935],[-2.83961,51.27954],[-2.83964,51.27963],[-2.83974,51.27967],[-2.83977,51.27973],[-2.8397,51.27978],[-2.8396,51.27977],[-2.83948,51.27971],[-2.83908,51.27962],[-2.83899,51.27953]],[[-2.83935,51.27946],[-2.83929,51.27948],[-2.83926,51.27954],[-2.83936,51.27958],[-2.83943,51.27956],[-2.83943,51.2795],[-2.83935,51.27946]]]}},{"type":"Feature","properties":{"cat":"Freshwater","fill":"#1E88A8","text":"Create ponds for wildlife","url":"Click HERE to view the preferred habitat in our strategy"},"geometry":{"type":"Polygon","coordinates":[[[-2.79663,51.32252],[-2.7967,51.32254],[-2.79672,51.32257],[-2.7967,51.32262],[-2.79662,51.32259],[-2.79663,51.32252]]]}},{"type":"Feature","properties":{"cat":"Freshwater","fill":"#1E88A8","text":"Create ponds for wildlife","url":"Click HERE to view the preferred habitat in our strategy"},"geometry":{"type":"Polygon","coordinates":[[[-2.76892,51.28189],[-2.76902,51.28216],[-2.7682,51.28214],[-2.76752,51.28206],[-2.76733,51.28199],[-2.76734,51.28193],[-2.76739,51.28191],[-2.76882,51.28186],[-2.76892,51.28189]]]}},{"type":"Feature","properties":{"cat":"Freshwater","fill":"#1E88A8","text":"Create, restore and manage habitat features to increase biodiversity and connectivity in waterways","url":"Click HERE to view the preferred habitat in our strategy"},"geometry":{"type":"Polygon","coordinates":[[[-2.7667,51.28177],[-2.76635,51.28176],[-2.76634,51.28179],[-2.76642,51.28184],[-2.76633,51.28182],[-2.76615,51.28169],[-2.76637,51.28165],[-2.76651,51.28166],[-2.76674,51.28171],[-2.76673,51.28183],[-2.76663,51.28184],[-2.76667,51.2818],[-2.76672,51.2818],[-2.7667,51.28177]]]}},{"type":"Feature","properties":{"cat":"Freshwater","fill":"#1E88A8","text":"Create, restore and manage habitat features to increase biodiversity and connectivity in waterways","url":"Click HERE to view the preferred habitat in our strategy"},"geometry":{"type":"Polygon","coordinates":[[[-2.81184,51.28394],[-2.81214,51.28394],[-2.81148,51.28427],[-2.81132,51.28429],[-2.81068,51.28424],[-2.81117,51.28398],[-2.81133,51.28402],[-2.81168,51.28393],[-2.81184,51.28394]]]}},{"type":"Feature","properties":{"cat":"Freshwater","fill":"#1E88A8","text":"Create, restore and manage habitat features to increase biodiversity and connectivity in waterways","url":"Click HERE to view the preferred habitat in our strategy"},"geometry":{"type":"Polygon","coordinates":[[[-2.81245,51.28384],[-2.81333,51.2838],[-2.81364,51.28387],[-2.81373,51.28418],[-2.8133,51.28408],[-2.81303,51.28409],[-2.81232,51.28385],[-2.81245,51.28384]]]}},{"type":"Feature","properties":{"cat":"Freshwater","fill":"#1E88A8","text":"Create, restore and manage habitat features to increase biodiversity and connectivity in waterways","url":"Click HERE to view the preferred habitat in our strategy"},"geometry":{"type":"Polygon","coordinates":[[[-2.81935,51.27996],[-2.82193,51.2801],[-2.82191,51.28012],[-2.81914,51.27998],[-2.81915,51.27995],[-2.81935,51.27996]]]}},{"type":"Feature","properties":{"cat":"Freshwater","fill":"#1E88A8","text":"Create, restore and manage habitat features to increase biodiversity and connectivity in waterways","url":"Click HERE to view the preferred habitat in our strategy"},"geometry":{"type":"Polygon","coordinates":[[[-2.77331,51.2794],[-2.77334,51.2795],[-2.77327,51.27938],[-2.77331,51.2794]]]}},{"type":"Feature","properties":{"cat":"Freshwater","fill":"#1E88A8","text":"Create, restore and manage habitat features to increase biodiversity and connectivity in waterways","url":"Click HERE to view the preferred habitat in our strategy"},"geometry":{"type":"Polygon","coordinates":[[[-2.7733,51.27881],[-2.77318,51.27898],[-2.77314,51.27881],[-2.7733,51.27881]]]}},{"type":"Feature","properties":{"cat":"Freshwater","fill":"#1E88A8","text":"Create, restore and manage habitat features to increase biodiversity and connectivity in waterways","url":"Click HERE to view the preferred habitat in our strategy"},"geometry":{"type":"Polygon","coordinates":[[[-2.77285,51.27911],[-2.77286,51.27911],[-2.77286,51.27911],[-2.77286,51.2791],[-2.77287,51.2791],[-2.77287,51.2791],[-2.77288,51.2791],[-2.77288,51.2791],[-2.77289,51.2791],[-2.7729,51.2791],[-2.7729,51.2791],[-2.7729,51.2791],[-2.77291,51.2791],[-2.77285,51.27911],[-2.77285,51.27911],[-2.77285,51.27911]]]}},{"type":"Feature","properties":{"cat":"Freshwater","fill":"#1E88A8","text":"Create ponds for wildlife","url":"Click HERE to view the preferred habitat in our strategy"},"geometry":{"type":"Polygon","coordinates":[[[-2.79384,51.30748],[-2.79374,51.30748],[-2.79374,51.30745],[-2.79384,51.30748]]]}},{"type":"Feature","properties":{"cat":"Freshwater","fill":"#1E88A8","text":"Create, restore and manage habitat features to increase biodiversity and connectivity in waterways","url":"Click HERE to view the preferred habitat in our strategy"},"geometry":{"type":"Polygon","coordinates":[[[-2.85335,51.27919],[-2.85361,51.27952],[-2.85352,51.27951],[-2.85339,51.27929],[-2.85316,51.27908],[-2.8532,51.27907],[-2.85335,51.27919]]]}},{"type":"Feature","properties":{"cat":"Freshwater","fill":"#1E88A8","text":"Create, restore and manage habitat features to increase biodiversity and connectivity in waterways","url":"Click HERE to view the preferred habitat in our strategy"},"geometry":{"type":"Polygon","coordinates":[[[-2.8121,51.28394],[-2.81168,51.28393],[-2.81133,51.28402],[-2.81121,51.28401],[-2.81165,51.28392],[-2.81219,51.28391],[-2.8121,51.28394]]]}},{"type":"Feature","properties":{"cat":"Freshwater","fill":"#1E88A8","text":"Create, restore and manage habitat features to increase biodiversity and connectivity in waterways","url":"Click HERE to view the preferred habitat in our strategy"},"geometry":{"type":"Polygon","coordinates":[[[-2.83195,51.27881],[-2.83303,51.27952],[-2.83297,51.27956],[-2.83183,51.27881],[-2.83195,51.27881]]]}},{"type":"Feature","properties":{"cat":"Freshwater","fill":"#1E88A8","text":"Create, restore and manage habitat features to increase biodiversity and connectivity in waterways","url":"Click HERE to view the preferred habitat in our strategy"},"geometry":{"type":"Polygon","coordinates":[[[-2.77192,51.28085],[-2.77196,51.2809],[-2.77178,51.28097],[-2.77192,51.28085]]]}},{"type":"Feature","properties":{"cat":"Freshwater","fill":"#1E88A8","text":"Create, restore and manage habitat features to increase biodiversity and connectivity in waterways","url":"Click HERE to view the preferred habitat in our strategy"},"geometry":{"type":"Polygon","coordinates":[[[-2.76615,51.28174],[-2.76607,51.28181],[-2.76608,51.28184],[-2.76593,51.28187],[-2.76606,51.2818],[-2.76611,51.28174],[-2.76608,51.28173],[-2.76608,51.28169],[-2.76615,51.28174]]]}},{"type":"Feature","properties":{"cat":"Freshwater","fill":"#1E88A8","text":"Create, restore and manage habitat features to increase biodiversity and connectivity in waterways","url":"Click HERE to view the preferred habitat in our strategy"},"geometry":{"type":"Polygon","coordinates":[[[-2.81221,51.2842],[-2.81171,51.2842],[-2.81148,51.28427],[-2.81214,51.28394],[-2.81227,51.28392],[-2.81236,51.28419],[-2.81221,51.2842]]]}},{"type":"Feature","properties":{"cat":"Freshwater","fill":"#1E88A8","text":"Create, restore and manage habitat features to increase biodiversity and connectivity in waterways","url":"Click HERE to view the preferred habitat in our strategy"},"geometry":{"type":"Polygon","coordinates":[[[-2.81255,51.28413],[-2.81236,51.28419],[-2.81225,51.28386],[-2.81232,51.28385],[-2.81255,51.28413]]]}},{"type":"Feature","properties":{"cat":"Freshwater","fill":"#1E88A8","text":"Create ponds for wildlife","url":"Click HERE to view the preferred habitat in our strategy"},"geometry":{"type":"Polygon","coordinates":[[[-2.79326,51.30017],[-2.79322,51.30016],[-2.79328,51.30013],[-2.79329,51.30016],[-2.79326,51.30017]]]}},{"type":"Feature","properties":{"cat":"Freshwater","fill":"#1E88A8","text":"Create ponds for wildlife","url":"Click HERE to view the preferred habitat in our strategy"},"geometry":{"type":"Polygon","coordinates":[[[-2.79894,51.30682],[-2.79891,51.30685],[-2.79882,51.30682],[-2.79885,51.30679],[-2.79894,51.30682]]]}},{"type":"Feature","properties":{"cat":"Freshwater","fill":"#1E88A8","text":"Create ponds for wildlife","url":"Click HERE to view the preferred habitat in our strategy"},"geometry":{"type":"Polygon","coordinates":[[[-2.79702,51.3057],[-2.79698,51.30571],[-2.79695,51.30565],[-2.79699,51.30564],[-2.79702,51.3057]]]}},{"type":"Feature","properties":{"cat":"Freshwater","fill":"#1E88A8","text":"Create ponds for wildlife","url":"Click HERE to view the preferred habitat in our strategy"},"geometry":{"type":"Polygon","coordinates":[[[-2.79564,51.30347],[-2.79571,51.30358],[-2.79558,51.30357],[-2.79557,51.30348],[-2.79564,51.30347]]]}},{"type":"Feature","properties":{"cat":"Freshwater","fill":"#1E88A8","text":"Create ponds for wildlife","url":"Click HERE to view the preferred habitat in our strategy"},"geometry":{"type":"Polygon","coordinates":[[[-2.783,51.3001],[-2.78293,51.3001],[-2.78292,51.30007],[-2.78299,51.30006],[-2.783,51.3001]]]}},{"type":"Feature","properties":{"cat":"Freshwater","fill":"#1E88A8","text":"Create, restore and manage habitat features to increase biodiversity and connectivity in waterways","url":"Click HERE to view the preferred habitat in our strategy"},"geometry":{"type":"Polygon","coordinates":[[[-2.81386,51.28386],[-2.81351,51.28376],[-2.81425,51.28391],[-2.81386,51.28386]]]}},{"type":"Feature","properties":{"cat":"Freshwater","fill":"#1E88A8","text":"Create, restore and manage habitat features to increase biodiversity and connectivity in waterways","url":"Click HERE to view the preferred habitat in our strategy"},"geometry":{"type":"Polygon","coordinates":[[[-2.85195,51.27919],[-2.85199,51.27908],[-2.85202,51.27908],[-2.85197,51.27923],[-2.85195,51.27919]]]}},{"type":"Feature","properties":{"cat":"Freshwater","fill":"#1E88A8","text":"Create, restore and manage habitat features to increase biodiversity and connectivity in waterways","url":"Click HERE to view the preferred habitat in our strategy"},"geometry":{"type":"Polygon","coordinates":[[[-2.77346,51.27995],[-2.77348,51.27995],[-2.77348,51.27998],[-2.77347,51.27998],[-2.77346,51.27995]]]}},{"type":"Feature","properties":{"cat":"Freshwater","fill":"#1E88A8","text":"Create ponds for wildlife","url":"Click HERE to view the preferred habitat in our strategy"},"geometry":{"type":"Polygon","coordinates":[[[-2.77407,51.3141],[-2.774,51.3141],[-2.77399,51.31406],[-2.77406,51.31405],[-2.77407,51.3141]]]}},{"type":"Feature","properties":{"cat":"Freshwater","fill":"#1E88A8","text":"Create, restore and manage habitat features to increase biodiversity and connectivity in waterways","url":"Click HERE to view the preferred habitat in our strategy"},"geometry":{"type":"Polygon","coordinates":[[[-2.81547,51.28427],[-2.81519,51.28418],[-2.81496,51.28415],[-2.81499,51.28412],[-2.81523,51.28416],[-2.81578,51.28433],[-2.81577,51.28435],[-2.81554,51.28431],[-2.81547,51.28427]]]}},{"type":"Feature","properties":{"cat":"Freshwater","fill":"#1E88A8","text":"Create, restore and manage habitat features to increase biodiversity and connectivity in waterways","url":"Click HERE to view the preferred habitat in our strategy"},"geometry":{"type":"Polygon","coordinates":[[[-2.7729,51.27923],[-2.77284,51.27912],[-2.77291,51.2791],[-2.77296,51.27914],[-2.77295,51.27918],[-2.77302,51.27933],[-2.77296,51.27935],[-2.7729,51.27923]]]}},{"type":"Feature","properties":{"cat":"Freshwater","fill":"#1E88A8","text":"Create, restore and manage habitat features to increase biodiversity and connectivity in waterways","url":"Click HERE to view the preferred habitat in our strategy"},"geometry":{"type":"Polygon","coordinates":[[[-2.77285,51.28064],[-2.77277,51.28068],[-2.77272,51.28075],[-2.77218,51.28097],[-2.77266,51.28075],[-2.77276,51.28065],[-2.77283,51.28062],[-2.77285,51.28064]]]}},{"type":"Feature","properties":{"cat":"Freshwater","fill":"#1E88A8","text":"Create, restore and manage habitat features to increase biodiversity and connectivity in waterways","url":"Click HERE to view the preferred habitat in our strategy"},"geometry":{"type":"Polygon","coordinates":[[[-2.76672,51.28183],[-2.76674,51.28177],[-2.76681,51.28181],[-2.76695,51.28182],[-2.7669,51.28185],[-2.76663,51.28186],[-2.76672,51.28183]]]}},{"type":"Feature","properties":{"cat":"Freshwater","fill":"#1E88A8","text":"Create, restore and manage habitat features to increase biodiversity and connectivity in waterways","url":"Click HERE to view the preferred habitat in our strategy"},"geometry":{"type":"Polygon","coordinates":[[[-2.76631,51.28184],[-2.76641,51.28187],[-2.76632,51.28187],[-2.76627,51.28183],[-2.76631,51.28184]]]}},{"type":"Feature","properties":{"cat":"Freshwater","fill":"#1E88A8","text":"Create, restore and manage habitat features to increase biodiversity and connectivity in waterways","url":"Click HERE to view the preferred habitat in our strategy"},"geometry":{"type":"Polygon","coordinates":[[[-2.8122,51.2839],[-2.8122,51.28384],[-2.81226,51.28383],[-2.81227,51.28392],[-2.81214,51.28394],[-2.8122,51.2839]]]}},{"type":"Feature","properties":{"cat":"Freshwater","fill":"#1E88A8","text":"Create, restore and manage habitat features to increase biodiversity and connectivity in waterways","url":"Click HERE to view the preferred habitat in our strategy"},"geometry":{"type":"Polygon","coordinates":[[[-2.85384,51.27962],[-2.85399,51.27972],[-2.85387,51.27978],[-2.85372,51.27968],[-2.85352,51.2796],[-2.85258,51.27947],[-2.85228,51.27937],[-2.85245,51.27931],[-2.85258,51.27938],[-2.85361,51.27952],[-2.85384,51.27962]]]}},{"type":"Feature","properties":{"cat":"Freshwater","fill":"#1E88A8","text":"Create, restore and manage habitat features to increase biodiversity and connectivity in waterways","url":"Click HERE to view the preferred habitat in our strategy"},"geometry":{"type":"Polygon","coordinates":[[[-2.85143,51.28806],[-2.85021,51.288],[-2.84937,51.28788],[-2.84928,51.28789],[-2.84884,51.28777],[-2.84725,51.28744],[-2.8456,51.28701],[-2.84562,51.28698],[-2.84742,51.28744],[-2.84932,51.28783],[-2.8499,51.28792],[-2.85165,51.288],[-2.85497,51.28794],[-2.85497,51.288],[-2.85477,51.28801],[-2.85317,51.28806],[-2.85143,51.28806]]]}},{"type":"Feature","properties":{"cat":"Freshwater","fill":"#1E88A8","text":"Create ponds for wildlife","url":"Click HERE to view the preferred habitat in our strategy"},"geometry":{"type":"Polygon","coordinates":[[[-2.7702,51.28154],[-2.77009,51.28158],[-2.77003,51.28156],[-2.7702,51.2815],[-2.7702,51.28154]]]}},{"type":"Feature","properties":{"cat":"Freshwater","fill":"#1E88A8","text":"Create, restore and manage habitat features to increase biodiversity and connectivity in waterways","url":"Click HERE to view the preferred habitat in our strategy"},"geometry":{"type":"Polygon","coordinates":[[[-2.77302,51.27933],[-2.77295,51.27917],[-2.77311,51.27912],[-2.77317,51.27913],[-2.77326,51.27933],[-2.77325,51.27939],[-2.77327,51.27938],[-2.77332,51.2795],[-2.77327,51.27951],[-2.7733,51.27961],[-2.77318,51.27959],[-2.77302,51.27933]]]}},{"type":"Feature","properties":{"cat":"Freshwater","fill":"#1E88A8","text":"Create ponds for wildlife","url":"Click HERE to view the preferred habitat in our strategy"},"geometry":{"type":"Polygon","coordinates":[[[-2.7909,51.28272],[-2.79087,51.28273],[-2.79083,51.28267],[-2.79086,51.28266],[-2.7909,51.28272]]]}},{"type":"Feature","properties":{"cat":"Freshwater","fill":"#1E88A8","text":"Create ponds for wildlife","url":"Click HERE to view the preferred habitat in our strategy"},"geometry":{"type":"Polygon","coordinates":[[[-2.75264,51.27905],[-2.75263,51.27908],[-2.75257,51.27907],[-2.7526,51.27903],[-2.75264,51.27905]]]}},{"type":"Feature","properties":{"cat":"Freshwater","fill":"#1E88A8","text":"Create ponds for wildlife","url":"Click HERE to view the preferred habitat in our strategy"},"geometry":{"type":"Polygon","coordinates":[[[-2.76626,51.29048],[-2.76619,51.29047],[-2.76621,51.29043],[-2.76627,51.29044],[-2.76626,51.29048]]]}},{"type":"Feature","properties":{"cat":"Freshwater","fill":"#1E88A8","text":"Create ponds for wildlife","url":"Click HERE to view the preferred habitat in our strategy"},"geometry":{"type":"Polygon","coordinates":[[[-2.78018,51.29222],[-2.78024,51.29222],[-2.78025,51.29232],[-2.78019,51.29232],[-2.78018,51.29222]]]}},{"type":"Feature","properties":{"cat":"Freshwater","fill":"#1E88A8","text":"Create, restore and manage habitat features to increase biodiversity and connectivity in waterways","url":"Click HERE to view the preferred habitat in our strategy"},"geometry":{"type":"Polygon","coordinates":[[[-2.77329,51.27899],[-2.7733,51.27901],[-2.7732,51.27902],[-2.77318,51.27899],[-2.77327,51.27898],[-2.77364,51.27905],[-2.77329,51.27899]]]}},{"type":"Feature","properties":{"cat":"Freshwater","fill":"#1E88A8","text":"Create, restore and manage habitat features to increase biodiversity and connectivity in waterways","url":"Click HERE to view the preferred habitat in our strategy"},"geometry":{"type":"Polygon","coordinates":[[[-2.76909,51.28197],[-2.76912,51.28198],[-2.76905,51.28203],[-2.76896,51.28202],[-2.76909,51.28197]]]}},{"type":"Feature","properties":{"cat":"Freshwater","fill":"#1E88A8","text":"Create, restore and manage habitat features to increase biodiversity and connectivity in waterways","url":"Click HERE to view the preferred habitat in our strategy"},"geometry":{"type":"Polygon","coordinates":[[[-2.84711,51.28034],[-2.84716,51.28012],[-2.8471,51.2798],[-2.84711,51.27969],[-2.84723,51.27931],[-2.84727,51.27932],[-2.84714,51.27969],[-2.84713,51.27979],[-2.8472,51.28017],[-2.8471,51.28051],[-2.84845,51.28095],[-2.84844,51.28097],[-2.84745,51.28065],[-2.84727,51.2809],[-2.84728,51.28094],[-2.848,51.28116],[-2.84796,51.28118],[-2.84741,51.28101],[-2.84723,51.28095],[-2.84723,51.28091],[-2.84742,51.28065],[-2.8471,51.28054],[-2.84705,51.28066],[-2.84685,51.28087],[-2.84622,51.28113],[-2.84579,51.28124],[-2.84569,51.28137],[-2.84576,51.28173],[-2.84565,51.28144],[-2.84565,51.28139],[-2.84574,51.28125],[-2.84624,51.2811],[-2.8468,51.28086],[-2.847,51.28067],[-2.84711,51.28034]]]}},{"type":"Feature","properties":{"cat":"Freshwater","fill":"#1E88A8","text":"Create, restore and manage habitat features to increase biodiversity and connectivity in waterways","url":"Click HERE to view the preferred habitat in our strategy"},"geometry":{"type":"Polygon","coordinates":[[[-2.76907,51.28203],[-2.76903,51.28205],[-2.76901,51.28212],[-2.76897,51.28204],[-2.76909,51.282],[-2.76907,51.28203]]]}},{"type":"Feature","properties":{"cat":"Freshwater","fill":"#1E88A8","text":"Create, restore and manage habitat features to increase biodiversity and connectivity in waterways","url":"Click HERE to view the preferred habitat in our strategy"},"geometry":{"type":"Polygon","coordinates":[[[-2.81588,51.28438],[-2.8158,51.28436],[-2.81589,51.28435],[-2.81588,51.28438]]]}},{"type":"Feature","properties":{"cat":"Freshwater","fill":"#1E88A8","text":"Create, restore and manage habitat features to increase biodiversity and connectivity in waterways","url":"Click HERE to view the preferred habitat in our strategy"},"geometry":{"type":"Polygon","coordinates":[[[-2.80144,51.28573],[-2.80141,51.28552],[-2.80144,51.28558],[-2.80144,51.28573]]]}},{"type":"Feature","properties":{"cat":"Freshwater","fill":"#1E88A8","text":"Create, restore and manage habitat features to increase biodiversity and connectivity in waterways","url":"Click HERE to view the preferred habitat in our strategy"},"geometry":{"type":"Polygon","coordinates":[[[-2.76621,51.28179],[-2.76608,51.28169],[-2.76612,51.28167],[-2.76633,51.28182],[-2.76642,51.28184],[-2.76641,51.28187],[-2.76621,51.28179]]]}},{"type":"Feature","properties":{"cat":"Freshwater","fill":"#1E88A8","text":"Create, restore and manage habitat features to increase biodiversity and connectivity in waterways","url":"Click HERE to view the preferred habitat in our strategy"},"geometry":{"type":"Polygon","coordinates":[[[-2.80993,51.28397],[-2.80991,51.28393],[-2.80976,51.28396],[-2.80975,51.28393],[-2.80968,51.28395],[-2.80969,51.28398],[-2.80961,51.28397],[-2.80962,51.284],[-2.80956,51.28398],[-2.80954,51.28401],[-2.80948,51.28399],[-2.80948,51.28394],[-2.81039,51.28383],[-2.81035,51.28406],[-2.81028,51.28407],[-2.81022,51.28392],[-2.80993,51.28397]]]}},{"type":"Feature","properties":{"cat":"Freshwater","fill":"#1E88A8","text":"Create, restore and manage habitat features to increase biodiversity and connectivity in waterways","url":"Click HERE to view the preferred habitat in our strategy"},"geometry":{"type":"Polygon","coordinates":[[[-2.81924,51.28269],[-2.81828,51.28363],[-2.81788,51.28395],[-2.81774,51.28404],[-2.81771,51.28403],[-2.81824,51.28363],[-2.81921,51.28267],[-2.81924,51.28269]]]}},{"type":"Feature","properties":{"cat":"Freshwater","fill":"#1E88A8","text":"Create, restore and manage habitat features to increase biodiversity and connectivity in waterways","url":"Click HERE to view the preferred habitat in our strategy"},"geometry":{"type":"Polygon","coordinates":[[[-2.82327,51.27881],[-2.82293,51.27934],[-2.82273,51.27956],[-2.82181,51.28028],[-2.82092,51.28105],[-2.81982,51.28209],[-2.81927,51.28266],[-2.81924,51.28264],[-2.81977,51.28208],[-2.82082,51.2811],[-2.82157,51.28043],[-2.8227,51.27954],[-2.8229,51.27932],[-2.82322,51.27881],[-2.82327,51.27881]]]}},{"type":"Feature","properties":{"cat":"Freshwater","fill":"#1E88A8","text":"Create, restore and manage habitat features to increase biodiversity and connectivity in waterways","url":"Click HERE to view the preferred habitat in our strategy"},"geometry":{"type":"Polygon","coordinates":[[[-2.82392,51.27881],[-2.82401,51.27893],[-2.82403,51.27904],[-2.82322,51.28023],[-2.82285,51.28088],[-2.8227,51.28108],[-2.82267,51.28106],[-2.82304,51.28045],[-2.82396,51.27907],[-2.82396,51.27893],[-2.82387,51.27881],[-2.82392,51.27881]]]}},{"type":"Feature","properties":{"cat":"Freshwater","fill":"#1E88A8","text":"Create, restore and manage habitat features to increase biodiversity and connectivity in waterways","url":"Click HERE to view the preferred habitat in our strategy"},"geometry":{"type":"Polygon","coordinates":[[[-2.84676,51.27881],[-2.84762,51.27933],[-2.84864,51.27955],[-2.84947,51.27963],[-2.84991,51.27962],[-2.84989,51.27952],[-2.84997,51.27952],[-2.85004,51.27958],[-2.85065,51.27942],[-2.85197,51.27923],[-2.85206,51.27919],[-2.85222,51.27921],[-2.85226,51.27925],[-2.85207,51.27931],[-2.85067,51.2795],[-2.84988,51.27971],[-2.84951,51.27972],[-2.84898,51.27968],[-2.8478,51.27947],[-2.84748,51.27938],[-2.84654,51.27881],[-2.84676,51.27881]]]}},{"type":"Feature","properties":{"cat":"Freshwater","fill":"#1E88A8","text":"Create, restore and manage habitat features to increase biodiversity and connectivity in waterways","url":"Click HERE to view the preferred habitat in our strategy"},"geometry":{"type":"Polygon","coordinates":[[[-2.81552,51.28442],[-2.81552,51.28459],[-2.81509,51.28444],[-2.81459,51.2844],[-2.81373,51.28418],[-2.81364,51.28387],[-2.81469,51.28413],[-2.81471,51.28414],[-2.81468,51.28422],[-2.81486,51.28425],[-2.81487,51.2843],[-2.81492,51.28431],[-2.81495,51.28427],[-2.8151,51.28429],[-2.81515,51.28418],[-2.81539,51.28423],[-2.81554,51.28431],[-2.81552,51.28442]]]}},{"type":"Feature","properties":{"cat":"Freshwater","fill":"#1E88A8","text":"Create, restore and manage habitat features to increase biodiversity and connectivity in waterways","url":"Click HERE to view the preferred habitat in our strategy"},"geometry":{"type":"Polygon","coordinates":[[[-2.81473,51.28414],[-2.81333,51.2838],[-2.81233,51.28383],[-2.81339,51.28379],[-2.81473,51.28411],[-2.81489,51.28411],[-2.81491,51.28414],[-2.81473,51.28414]]]}},{"type":"Feature","properties":{"cat":"Freshwater","fill":"#1E88A8","text":"Create, restore and manage habitat features to increase biodiversity and connectivity in waterways","url":"Click HERE to view the preferred habitat in our strategy"},"geometry":{"type":"Polygon","coordinates":[[[-2.81492,51.28413],[-2.81473,51.28411],[-2.81411,51.28394],[-2.8145,51.28401],[-2.81473,51.28409],[-2.81533,51.28416],[-2.81568,51.28425],[-2.81579,51.28432],[-2.81523,51.28416],[-2.81492,51.28413]]]}},{"type":"Feature","properties":{"cat":"Freshwater","fill":"#1E88A8","text":"Create, restore and manage habitat features to increase biodiversity and connectivity in waterways","url":"Click HERE to view the preferred habitat in our strategy"},"geometry":{"type":"Polygon","coordinates":[[[-2.77346,51.27995],[-2.77347,51.27998],[-2.77332,51.27999],[-2.7733,51.27993],[-2.77342,51.2799],[-2.77328,51.27976],[-2.7734,51.27972],[-2.7734,51.27975],[-2.77333,51.27978],[-2.77346,51.27994],[-2.77346,51.27989],[-2.7734,51.27987],[-2.77336,51.27979],[-2.77344,51.27974],[-2.77342,51.27971],[-2.77328,51.27974],[-2.77327,51.27969],[-2.77344,51.27969],[-2.77346,51.27976],[-2.7734,51.27978],[-2.77343,51.27986],[-2.7735,51.27986],[-2.77352,51.27994],[-2.7735,51.28],[-2.77346,51.27995]]]}},{"type":"Feature","properties":{"cat":"Freshwater","fill":"#1E88A8","text":"Create, restore and manage habitat features to increase biodiversity and connectivity in waterways","url":"Click HERE to view the preferred habitat in our strategy"},"geometry":{"type":"Polygon","coordinates":[[[-2.81042,51.28381],[-2.81084,51.28397],[-2.81117,51.28398],[-2.81083,51.28399],[-2.81046,51.28386],[-2.81041,51.28383],[-2.81042,51.28381]]]}},{"type":"Feature","properties":{"cat":"Freshwater","fill":"#1E88A8","text":"Create, restore and manage habitat features to increase biodiversity and connectivity in waterways","url":"Click HERE to view the preferred habitat in our strategy"},"geometry":{"type":"Polygon","coordinates":[[[-2.81619,51.28447],[-2.81612,51.28444],[-2.81613,51.28442],[-2.81627,51.28448],[-2.81627,51.28452],[-2.81619,51.28447]]]}},{"type":"Feature","properties":{"cat":"Freshwater","fill":"#1E88A8","text":"Create, restore and manage habitat features to increase biodiversity and connectivity in waterways","url":"Click HERE to view the preferred habitat in our strategy"},"geometry":{"type":"Polygon","coordinates":[[[-2.81595,51.28435],[-2.81597,51.28437],[-2.81593,51.28436],[-2.81595,51.28435]]]}},{"type":"Feature","properties":{"cat":"Freshwater","fill":"#1E88A8","text":"Create, restore and manage habitat features to increase biodiversity and connectivity in waterways","url":"Click HERE to view the preferred habitat in our strategy"},"geometry":{"type":"Polygon","coordinates":[[[-2.81404,51.28394],[-2.81327,51.28378],[-2.81233,51.28381],[-2.8133,51.28377],[-2.81404,51.28394]]]}},{"type":"Feature","properties":{"cat":"Freshwater","fill":"#1E88A8","text":"Create, restore and manage habitat features to increase biodiversity and connectivity in waterways","url":"Click HERE to view the preferred habitat in our strategy"},"geometry":{"type":"Polygon","coordinates":[[[-2.81449,51.28378],[-2.81455,51.28378],[-2.81453,51.28397],[-2.81537,51.28411],[-2.81624,51.28437],[-2.81616,51.28437],[-2.8154,51.28415],[-2.81448,51.28399],[-2.81445,51.28396],[-2.81449,51.28378]]]}},{"type":"Feature","properties":{"cat":"Freshwater","fill":"#1E88A8","text":"Create, restore and manage habitat features to increase biodiversity and connectivity in waterways","url":"Click HERE to view the preferred habitat in our strategy"},"geometry":{"type":"Polygon","coordinates":[[[-2.80946,51.2837],[-2.80933,51.28369],[-2.80944,51.28372],[-2.80945,51.2838],[-2.80931,51.28376],[-2.80932,51.2837],[-2.80928,51.28369],[-2.8094,51.28356],[-2.80946,51.2837]]]}},{"type":"Feature","properties":{"cat":"Freshwater","fill":"#1E88A8","text":"Create, restore and manage habitat features to increase biodiversity and connectivity in waterways","url":"Click HERE to view the preferred habitat in our strategy"},"geometry":{"type":"Polygon","coordinates":[[[-2.83307,51.27955],[-2.83496,51.2808],[-2.83757,51.28209],[-2.8382,51.28245],[-2.8392,51.28312],[-2.83962,51.28344],[-2.83956,51.28347],[-2.83851,51.28272],[-2.83779,51.28228],[-2.83656,51.28163],[-2.83581,51.2813],[-2.83485,51.28081],[-2.83301,51.27958],[-2.83307,51.27955]]]}},{"type":"Feature","properties":{"cat":"Freshwater","fill":"#1E88A8","text":"Create, restore and manage habitat features to increase biodiversity and connectivity in waterways","url":"Click HERE to view the preferred habitat in our strategy"},"geometry":{"type":"Polygon","coordinates":[[[-2.81258,51.28411],[-2.81255,51.28413],[-2.81232,51.28385],[-2.81303,51.28409],[-2.81258,51.28411]]]}},{"type":"Feature","properties":{"cat":"Freshwater","fill":"#1E88A8","text":"Create, restore and manage habitat features to increase biodiversity and connectivity in waterways","url":"Click HERE to view the preferred habitat in our strategy"},"geometry":{"type":"Polygon","coordinates":[[[-2.81046,51.28386],[-2.81083,51.28399],[-2.81116,51.284],[-2.81067,51.28424],[-2.81049,51.28418],[-2.81051,51.28394],[-2.81037,51.28393],[-2.81038,51.28384],[-2.81046,51.28386]]]}},{"type":"Feature","properties":{"cat":"Freshwater","fill":"#1E88A8","text":"Create, restore and manage habitat features to increase biodiversity and connectivity in waterways","url":"Click HERE to view the preferred habitat in our strategy"},"geometry":{"type":"Polygon","coordinates":[[[-2.81027,51.28381],[-2.80972,51.28376],[-2.80933,51.28369],[-2.80988,51.28374],[-2.81039,51.28381],[-2.81027,51.28381]]]}},{"type":"Feature","properties":{"cat":"Freshwater","fill":"#1E88A8","text":"Create, restore and manage habitat features to increase biodiversity and connectivity in waterways","url":"Click HERE to view the preferred habitat in our strategy"},"geometry":{"type":"Polygon","coordinates":[[[-2.84146,51.28481],[-2.8414,51.28481],[-2.84139,51.28476],[-2.84018,51.28396],[-2.83961,51.28351],[-2.83967,51.28348],[-2.84048,51.28411],[-2.84158,51.28482],[-2.84153,51.28485],[-2.84146,51.28481]]]}},{"type":"Feature","properties":{"cat":"Freshwater","fill":"#1E88A8","text":"Create, restore and manage habitat features to increase biodiversity and connectivity in waterways","url":"Click HERE to view the preferred habitat in our strategy"},"geometry":{"type":"Polygon","coordinates":[[[-2.83642,51.28867],[-2.83634,51.28867],[-2.8364,51.28865],[-2.83642,51.28867]]]}},{"type":"Feature","properties":{"cat":"Freshwater","fill":"#1E88A8","text":"Create, restore and manage habitat features to increase biodiversity and connectivity in waterways","url":"Click HERE to view the preferred habitat in our strategy"},"geometry":{"type":"Polygon","coordinates":[[[-2.81708,51.28463],[-2.81636,51.28453],[-2.81637,51.28451],[-2.81709,51.2846],[-2.81755,51.28415],[-2.81769,51.28404],[-2.81774,51.28404],[-2.81713,51.28462],[-2.81708,51.28463]]]}},{"type":"Feature","properties":{"cat":"Freshwater","fill":"#1E88A8","text":"Create, restore and manage habitat features to increase biodiversity and connectivity in waterways","url":"Click HERE to view the preferred habitat in our strategy"},"geometry":{"type":"Polygon","coordinates":[[[-2.81745,51.28437],[-2.81758,51.2844],[-2.81756,51.28442],[-2.81746,51.2844],[-2.81726,51.28462],[-2.81732,51.28472],[-2.8173,51.28473],[-2.81739,51.28483],[-2.81736,51.28485],[-2.81723,51.28465],[-2.81725,51.28459],[-2.81745,51.28437]]]}},{"type":"Feature","properties":{"cat":"Freshwater","fill":"#1E88A8","text":"Create, restore and manage habitat features to increase biodiversity and connectivity in waterways","url":"Click HERE to view the preferred habitat in our strategy"},"geometry":{"type":"Polygon","coordinates":[[[-2.80146,51.28538],[-2.80145,51.2855],[-2.8014,51.28549],[-2.80144,51.28532],[-2.80147,51.28531],[-2.80146,51.28538]]]}}]}