{"type":"FeatureCollection","features":[{"type":"Feature","properties":{"natural":"wood"},"geometry":{"type":"Polygon","coordinates":[[[-2.83662,51.31641],[-2.83588,51.31646],[-2.83574,51.31637],[-2.83574,51.31632],[-2.83574,51.31619],[-2.83571,51.31607],[-2.83573,51.31602],[-2.83577,51.31599],[-2.83572,51.3159],[-2.83563,51.3157],[-2.83557,51.31564],[-2.83552,51.31551],[-2.83547,51.3151],[-2.83531,51.31487],[-2.83523,51.31473],[-2.83524,51.31461],[-2.83512,51.31437],[-2.83506,51.31431],[-2.83493,51.31439],[-2.83496,51.31451],[-2.83489,51.31458],[-2.83481,51.31471],[-2.83485,51.31482],[-2.83496,51.3151],[-2.83508,51.31513],[-2.83524,51.3151],[-2.83525,51.31522],[-2.83534,51.3156],[-2.83551,51.3162],[-2.83558,51.31647],[-2.83578,51.31725],[-2.83649,51.32001],[-2.83663,51.3201],[-2.83673,51.3201],[-2.83672,51.31997],[-2.83659,51.3195],[-2.83649,51.31901],[-2.83638,51.31849],[-2.8363,51.3181],[-2.83604,51.31685],[-2.83736,51.31697],[-2.83827,51.31702],[-2.83835,51.31702],[-2.83932,51.31721],[-2.84017,51.31715],[-2.84041,51.31693],[-2.84069,51.31664],[-2.84102,51.31607],[-2.84011,51.31618],[-2.8395,51.31641],[-2.83864,51.31651],[-2.83764,51.31637],[-2.83682,51.31633],[-2.83662,51.31641]]]}},{"type":"Feature","properties":{"natural":"wood"},"geometry":{"type":"Polygon","coordinates":[[[-2.8517,51.31654],[-2.85084,51.31674],[-2.8505,51.31661],[-2.84914,51.31645],[-2.84879,51.31653],[-2.8488,51.31621],[-2.8484,51.31601],[-2.8481,51.31577],[-2.84815,51.3157],[-2.84844,51.31535],[-2.84863,51.31501],[-2.84876,51.31479],[-2.84922,51.31466],[-2.84953,51.31461],[-2.84978,51.31468],[-2.85025,51.31465],[-2.85047,51.31494],[-2.85029,51.31515],[-2.85034,51.31541],[-2.85069,51.3157],[-2.85077,51.31584],[-2.85108,51.31609],[-2.8513,51.31629],[-2.8517,51.31654]]]}},{"type":"Feature","properties":{"natural":"wood"},"geometry":{"type":"Polygon","coordinates":[[[-2.82914,51.32647],[-2.82832,51.32647],[-2.82764,51.32639],[-2.82694,51.32653],[-2.82624,51.32657],[-2.82603,51.32668],[-2.82597,51.32677],[-2.82434,51.32659],[-2.82337,51.32654],[-2.82085,51.3266],[-2.8209,51.32713],[-2.82093,51.32745],[-2.81895,51.32756],[-2.81858,51.32631],[-2.81927,51.32644],[-2.81951,51.32642],[-2.81971,51.32616],[-2.81973,51.32598],[-2.81997,51.32584],[-2.82105,51.32575],[-2.82271,51.32604],[-2.82271,51.32611],[-2.8251,51.32597],[-2.825,51.32476],[-2.8227,51.32468],[-2.82277,51.32444],[-2.82522,51.32428],[-2.82612,51.32422],[-2.82624,51.32422],[-2.82688,51.32422],[-2.82877,51.32471],[-2.83076,51.32551],[-2.83103,51.32562],[-2.83429,51.32746],[-2.83003,51.32676],[-2.82914,51.32647]]]}},{"type":"Feature","properties":{"natural":"wood"},"geometry":{"type":"Polygon","coordinates":[[[-2.82966,51.33027],[-2.82865,51.33032],[-2.82799,51.33041],[-2.82785,51.33043],[-2.827,51.33035],[-2.82662,51.33017],[-2.82628,51.3302],[-2.82608,51.33021],[-2.82575,51.33019],[-2.82512,51.33016],[-2.8251,51.33016],[-2.82464,51.33021],[-2.82438,51.33024],[-2.82375,51.3303],[-2.82312,51.33037],[-2.82255,51.33048],[-2.82155,51.3306],[-2.8213,51.33063],[-2.82083,51.33068],[-2.82073,51.33069],[-2.81998,51.33057],[-2.81863,51.33057],[-2.81824,51.33025],[-2.81671,51.33033],[-2.81609,51.33036],[-2.81576,51.33038],[-2.81519,51.33046],[-2.81476,51.33053],[-2.81473,51.33053],[-2.81412,51.33056],[-2.81356,51.33025],[-2.8126,51.32975],[-2.81202,51.32917],[-2.81086,51.32874],[-2.81013,51.32874],[-2.80923,51.32895],[-2.80797,51.32881],[-2.80724,51.32825],[-2.80729,51.32796],[-2.80842,51.32817],[-2.80869,51.32812],[-2.80891,51.32797],[-2.80911,51.32796],[-2.8093,51.32804],[-2.80961,51.32799],[-2.80973,51.32787],[-2.81012,51.32801],[-2.81049,51.32807],[-2.81124,51.32797],[-2.81154,51.32803],[-2.81156,51.32791],[-2.81153,51.32778],[-2.81156,51.32758],[-2.8117,51.32747],[-2.8121,51.3275],[-2.81234,51.32755],[-2.81309,51.32783],[-2.81501,51.32846],[-2.81573,51.3287],[-2.81661,51.32858],[-2.81709,51.32861],[-2.81912,51.32849],[-2.81897,51.32777],[-2.82029,51.32765],[-2.82109,51.32761],[-2.82245,51.32752],[-2.82252,51.32739],[-2.82093,51.32745],[-2.8209,51.32713],[-2.82237,51.32703],[-2.82328,51.32699],[-2.82421,51.32706],[-2.82521,51.32712],[-2.82555,51.32751],[-2.82577,51.32836],[-2.82672,51.32876],[-2.82953,51.32885],[-2.83099,51.3286],[-2.83227,51.32855],[-2.83372,51.32793],[-2.83356,51.32906],[-2.8333,51.32951],[-2.83283,51.32975],[-2.832,51.32992],[-2.83178,51.32987],[-2.83167,51.32964],[-2.83094,51.32948],[-2.83096,51.32999],[-2.8305,51.32999],[-2.82983,51.33],[-2.82966,51.33027]]]}},{"type":"Feature","properties":{"natural":"wood"},"geometry":{"type":"Polygon","coordinates":[[[-2.80807,51.3304],[-2.8079,51.33045],[-2.80704,51.33069],[-2.80658,51.33082],[-2.80599,51.3309],[-2.80595,51.33091],[-2.80566,51.33089],[-2.80487,51.33084],[-2.80454,51.3304],[-2.80446,51.3303],[-2.80383,51.33007],[-2.80319,51.32977],[-2.8029,51.32971],[-2.80292,51.32968],[-2.80336,51.32904],[-2.80459,51.32914],[-2.80554,51.32909],[-2.80545,51.32866],[-2.80524,51.32823],[-2.80661,51.32809],[-2.80661,51.32855],[-2.80738,51.32892],[-2.8076,51.32909],[-2.80803,51.32922],[-2.80821,51.32935],[-2.80854,51.3296],[-2.8082,51.33037],[-2.80807,51.3304]]]}},{"type":"Feature","properties":{"natural":"wood"},"geometry":{"type":"Polygon","coordinates":[[[-2.81491,51.31711],[-2.81459,51.31691],[-2.81469,51.31677],[-2.81489,51.31673],[-2.81534,51.31677],[-2.81542,51.31658],[-2.81412,51.31627],[-2.81253,51.31602],[-2.81251,51.31626],[-2.8124,51.31624],[-2.81213,51.31598],[-2.81177,51.31595],[-2.81166,51.31602],[-2.8115,51.316],[-2.8115,51.31596],[-2.81147,51.31583],[-2.81145,51.3157],[-2.81143,51.31559],[-2.81217,51.31559],[-2.81327,51.3157],[-2.81443,51.31583],[-2.8153,51.31604],[-2.81657,51.31628],[-2.8162,51.31667],[-2.81587,51.31694],[-2.81523,51.31729],[-2.81491,51.31711]]]}},{"type":"Feature","properties":{"natural":"wood"},"geometry":{"type":"Polygon","coordinates":[[[-2.81262,51.3139],[-2.8122,51.31394],[-2.81142,51.31399],[-2.81101,51.31391],[-2.80982,51.31394],[-2.80968,51.3138],[-2.80909,51.31379],[-2.80903,51.31379],[-2.80874,51.3135],[-2.80988,51.31346],[-2.81112,51.3135],[-2.81122,51.31351],[-2.81215,51.31356],[-2.81275,51.3136],[-2.81283,51.31363],[-2.81293,51.31374],[-2.81262,51.3139]]]}},{"type":"Feature","properties":{"natural":"wood"},"geometry":{"type":"Polygon","coordinates":[[[-2.80541,51.31211],[-2.80499,51.31211],[-2.80391,51.31211],[-2.80349,51.31208],[-2.80306,51.31201],[-2.80274,51.31192],[-2.80254,51.31186],[-2.80227,51.31178],[-2.80211,51.31156],[-2.80173,51.31154],[-2.80151,51.31127],[-2.80168,51.31107],[-2.80144,51.31071],[-2.80126,51.31044],[-2.80086,51.30983],[-2.8007,51.30959],[-2.80154,51.30975],[-2.80248,51.30992],[-2.80251,51.30996],[-2.80304,51.31074],[-2.80314,51.31087],[-2.80365,51.31128],[-2.80472,51.31146],[-2.8055,51.31163],[-2.80547,51.31179],[-2.80541,51.31211]]]}},{"type":"Feature","properties":{"natural":"wood"},"geometry":{"type":"Polygon","coordinates":[[[-2.80418,51.31996],[-2.80391,51.31986],[-2.80379,51.31965],[-2.80333,51.31952],[-2.80294,51.31928],[-2.80236,51.31916],[-2.80183,51.31881],[-2.8018,51.31879],[-2.80172,51.31906],[-2.80145,51.31903],[-2.80103,51.31894],[-2.80152,51.31893],[-2.80153,51.31876],[-2.80137,51.31854],[-2.80014,51.31794],[-2.79984,51.31794],[-2.79983,51.31779],[-2.79906,51.31742],[-2.79844,51.31694],[-2.79823,51.31683],[-2.79607,51.31642],[-2.79573,51.31663],[-2.79523,51.31648],[-2.79398,51.31627],[-2.79391,51.31605],[-2.79421,51.31605],[-2.79475,51.3159],[-2.79603,51.31594],[-2.79662,51.31618],[-2.79818,51.31662],[-2.79863,51.31672],[-2.79914,51.31694],[-2.79928,51.31701],[-2.7994,51.31697],[-2.79984,51.31714],[-2.79988,51.31722],[-2.80069,51.31762],[-2.80108,51.31774],[-2.80171,51.31804],[-2.80273,51.3186],[-2.80352,51.31884],[-2.80367,51.31871],[-2.80412,51.31892],[-2.80396,51.31905],[-2.80404,51.31918],[-2.8046,51.31943],[-2.80502,51.31989],[-2.80486,51.32],[-2.80478,51.32005],[-2.80418,51.31996]]]}},{"type":"Feature","properties":{"natural":"wood"},"geometry":{"type":"Polygon","coordinates":[[[-2.7858,51.32407],[-2.78593,51.3237],[-2.78606,51.32284],[-2.78601,51.32219],[-2.78614,51.32179],[-2.78576,51.32102],[-2.78576,51.32077],[-2.78558,51.3202],[-2.78613,51.32079],[-2.78622,51.32089],[-2.78629,51.32098],[-2.78622,51.32128],[-2.78642,51.32167],[-2.78664,51.32163],[-2.78717,51.32214],[-2.78678,51.32227],[-2.78683,51.32278],[-2.78679,51.32311],[-2.78685,51.32326],[-2.787,51.32356],[-2.78705,51.32401],[-2.7858,51.32407]]]}},{"type":"Feature","properties":{"natural":"wood"},"geometry":{"type":"Polygon","coordinates":[[[-2.77065,51.30688],[-2.76872,51.30701],[-2.76777,51.30723],[-2.76704,51.3072],[-2.76759,51.30645],[-2.76775,51.30639],[-2.76782,51.3064],[-2.76843,51.30645],[-2.76853,51.30645],[-2.76901,51.30644],[-2.76922,51.30614],[-2.76968,51.30624],[-2.77031,51.30666],[-2.77082,51.30677],[-2.77095,51.30688],[-2.77065,51.30688]]]}},{"type":"Feature","properties":{"name":"Long Wood","natural":"wood"},"geometry":{"type":"Polygon","coordinates":[[[-2.74709,51.29875],[-2.74677,51.29876],[-2.74647,51.29864],[-2.74573,51.29855],[-2.74573,51.29862],[-2.74585,51.29868],[-2.74593,51.29874],[-2.74635,51.29874],[-2.74663,51.2988],[-2.74693,51.29887],[-2.74721,51.29896],[-2.74742,51.29902],[-2.7475,51.29912],[-2.74773,51.29915],[-2.74814,51.29927],[-2.74846,51.29938],[-2.74877,51.29944],[-2.74903,51.29955],[-2.74892,51.2996],[-2.74869,51.29957],[-2.74816,51.29949],[-2.74801,51.29945],[-2.74784,51.29949],[-2.74768,51.29939],[-2.74743,51.2994],[-2.74725,51.29934],[-2.74712,51.29931],[-2.747,51.29926],[-2.74676,51.29926],[-2.74662,51.29922],[-2.7461,51.29908],[-2.74596,51.2991],[-2.74584,51.29908],[-2.74569,51.29903],[-2.74537,51.29894],[-2.74499,51.29888],[-2.74442,51.29872],[-2.74353,51.29843],[-2.74278,51.29832],[-2.74134,51.29786],[-2.74105,51.29806],[-2.74087,51.29813],[-2.74057,51.2984],[-2.74032,51.29854],[-2.74005,51.29866],[-2.7398,51.29886],[-2.7396,51.29884],[-2.73954,51.29898],[-2.73973,51.29904],[-2.73993,51.29921],[-2.74007,51.29943],[-2.74011,51.29956],[-2.74016,51.29972],[-2.73999,51.29978],[-2.73982,51.29986],[-2.73953,51.2999],[-2.73936,51.29998],[-2.73928,51.30022],[-2.739,51.30052],[-2.73929,51.30053],[-2.7394,51.3007],[-2.73975,51.30079],[-2.74009,51.30091],[-2.74048,51.30087],[-2.74107,51.30092],[-2.74166,51.30085],[-2.74168,51.30097],[-2.74113,51.30109],[-2.74059,51.30134],[-2.7402,51.30155],[-2.74012,51.30158],[-2.73998,51.30152],[-2.74009,51.3014],[-2.7396,51.30131],[-2.73917,51.30117],[-2.7385,51.30101],[-2.73833,51.30095],[-2.73639,51.30135],[-2.73603,51.30051],[-2.736,51.30043],[-2.73684,51.30023],[-2.73699,51.29992],[-2.73736,51.29956],[-2.73741,51.29923],[-2.73727,51.29897],[-2.73672,51.29878],[-2.73681,51.29857],[-2.73758,51.29799],[-2.73791,51.29751],[-2.73818,51.2972],[-2.73774,51.29692],[-2.73724,51.29651],[-2.73601,51.2955],[-2.73559,51.29493],[-2.73522,51.29442],[-2.73493,51.29392],[-2.7349,51.2933],[-2.73464,51.29268],[-2.73495,51.29259],[-2.73522,51.29248],[-2.73525,51.29233],[-2.73505,51.29224],[-2.73526,51.29207],[-2.73527,51.29192],[-2.73529,51.29185],[-2.73521,51.29175],[-2.73524,51.29164],[-2.73523,51.29156],[-2.7351,51.29151],[-2.73513,51.29133],[-2.73515,51.29124],[-2.73498,51.29126],[-2.73495,51.29113],[-2.73488,51.29101],[-2.73499,51.29094],[-2.73512,51.29096],[-2.73518,51.29092],[-2.73523,51.2909],[-2.73545,51.29074],[-2.73564,51.29088],[-2.73571,51.29102],[-2.73582,51.29099],[-2.73593,51.29107],[-2.73602,51.29116],[-2.73609,51.29137],[-2.73614,51.29154],[-2.73621,51.29168],[-2.73632,51.29184],[-2.73637,51.29204],[-2.73646,51.29222],[-2.7367,51.29239],[-2.73713,51.2927],[-2.73724,51.29278],[-2.73784,51.29291],[-2.7379,51.29297],[-2.738,51.29293],[-2.73793,51.29275],[-2.73787,51.29271],[-2.73782,51.29261],[-2.73758,51.29243],[-2.73743,51.29232],[-2.73732,51.2922],[-2.73713,51.29211],[-2.73705,51.29203],[-2.73671,51.29193],[-2.73655,51.2918],[-2.7364,51.29165],[-2.73631,51.29149],[-2.73637,51.2914],[-2.73624,51.29136],[-2.73623,51.29124],[-2.73618,51.29114],[-2.7363,51.29106],[-2.73644,51.29095],[-2.73666,51.29092],[-2.73682,51.29089],[-2.73691,51.2909],[-2.73692,51.29095],[-2.73677,51.29108],[-2.73669,51.29119],[-2.73652,51.2913],[-2.73664,51.29133],[-2.73684,51.29124],[-2.73685,51.29135],[-2.7369,51.29138],[-2.73678,51.29146],[-2.73681,51.29149],[-2.73701,51.29146],[-2.73712,51.29156],[-2.73709,51.29166],[-2.73725,51.29177],[-2.73733,51.29177],[-2.73735,51.29173],[-2.73742,51.29159],[-2.73772,51.29168],[-2.73769,51.29179],[-2.73748,51.2919],[-2.73777,51.2919],[-2.73776,51.29197],[-2.73787,51.29202],[-2.73785,51.29213],[-2.73778,51.29222],[-2.73785,51.29231],[-2.73795,51.29231],[-2.73799,51.29235],[-2.738,51.29245],[-2.73817,51.29254],[-2.73846,51.29272],[-2.73834,51.29283],[-2.7386,51.2932],[-2.73856,51.2934],[-2.73835,51.29342],[-2.73846,51.29353],[-2.73871,51.2935],[-2.73893,51.29395],[-2.73878,51.29406],[-2.73896,51.29422],[-2.73904,51.29437],[-2.73919,51.29462],[-2.73936,51.29502],[-2.73951,51.29529],[-2.74016,51.29573],[-2.74008,51.2958],[-2.74006,51.29592],[-2.74052,51.29618],[-2.74074,51.29635],[-2.74103,51.29655],[-2.74156,51.29675],[-2.74209,51.29683],[-2.74222,51.29691],[-2.74244,51.29695],[-2.7427,51.29717],[-2.74335,51.29734],[-2.74376,51.29755],[-2.7442,51.2976],[-2.7445,51.29787],[-2.74491,51.29795],[-2.7457,51.2982],[-2.74628,51.29825],[-2.74656,51.29838],[-2.74693,51.29843],[-2.74769,51.29865],[-2.74768,51.29878],[-2.74744,51.29881],[-2.74709,51.29875]]]}},{"type":"Feature","properties":{"name":"Mendip Lodge Wood","natural":"wood"},"geometry":{"type":"Polygon","coordinates":[[[-2.77078,51.32899],[-2.7698,51.32883],[-2.76877,51.3288],[-2.76761,51.32912],[-2.76658,51.32966],[-2.76602,51.32976],[-2.76362,51.32971],[-2.76177,51.3296],[-2.76141,51.32961],[-2.75894,51.32957],[-2.75761,51.32945],[-2.75673,51.32817],[-2.7562,51.32797],[-2.75575,51.32767],[-2.75558,51.32767],[-2.75533,51.32795],[-2.75529,51.32764],[-2.75493,51.32765],[-2.75469,51.32758],[-2.75461,51.32756],[-2.75417,51.32748],[-2.75287,51.32762],[-2.75316,51.32705],[-2.75321,51.32607],[-2.75323,51.32566],[-2.75359,51.32543],[-2.75358,51.32521],[-2.75336,51.32511],[-2.75346,51.32481],[-2.75342,51.32464],[-2.7533,51.32444],[-2.75298,51.32412],[-2.75271,51.32387],[-2.75265,51.32369],[-2.75266,51.32347],[-2.75273,51.32271],[-2.75272,51.32227],[-2.75264,51.32189],[-2.75248,51.32165],[-2.7521,51.32147],[-2.75082,51.32127],[-2.74791,51.32048],[-2.74599,51.32016],[-2.74566,51.32016],[-2.74519,51.3203],[-2.74462,51.32024],[-2.74409,51.32045],[-2.74386,51.32046],[-2.74375,51.32056],[-2.74365,51.32072],[-2.74377,51.32083],[-2.74385,51.32095],[-2.74396,51.32101],[-2.74425,51.321],[-2.74446,51.32096],[-2.74471,51.3209],[-2.74512,51.32094],[-2.7454,51.32094],[-2.7454,51.32098],[-2.74529,51.32099],[-2.74503,51.32101],[-2.74469,51.32101],[-2.74443,51.32105],[-2.74407,51.3211],[-2.74382,51.32113],[-2.74319,51.32117],[-2.74307,51.32121],[-2.74294,51.32136],[-2.74285,51.3214],[-2.74278,51.32137],[-2.74269,51.32126],[-2.74238,51.32124],[-2.74235,51.32116],[-2.74239,51.32103],[-2.74256,51.32099],[-2.74254,51.32094],[-2.74248,51.3209],[-2.74239,51.32091],[-2.74198,51.32096],[-2.74187,51.321],[-2.7418,51.3211],[-2.74181,51.3212],[-2.74186,51.32125],[-2.74207,51.32134],[-2.74214,51.32137],[-2.74215,51.32144],[-2.74211,51.32149],[-2.74193,51.32151],[-2.74164,51.32151],[-2.74152,51.32148],[-2.74148,51.3213],[-2.7413,51.32125],[-2.74124,51.32113],[-2.7413,51.32105],[-2.74141,51.32088],[-2.74139,51.32079],[-2.74127,51.32076],[-2.74094,51.32076],[-2.74047,51.32071],[-2.7398,51.32068],[-2.73976,51.32076],[-2.73984,51.32081],[-2.73982,51.32085],[-2.73974,51.32087],[-2.7396,51.32088],[-2.7395,51.32084],[-2.73937,51.32078],[-2.73932,51.3207],[-2.73909,51.32065],[-2.73897,51.32078],[-2.73919,51.32106],[-2.73935,51.32114],[-2.73945,51.32119],[-2.73947,51.32124],[-2.73939,51.32126],[-2.73921,51.32124],[-2.7389,51.32122],[-2.73831,51.32117],[-2.73805,51.32108],[-2.73764,51.32103],[-2.73748,51.32104],[-2.73737,51.32098],[-2.73736,51.32093],[-2.73716,51.32095],[-2.73705,51.32102],[-2.73687,51.32104],[-2.73672,51.3209],[-2.73663,51.32086],[-2.73629,51.32089],[-2.7362,51.32095],[-2.73609,51.32093],[-2.73601,51.32081],[-2.73565,51.32058],[-2.73541,51.32052],[-2.73522,51.32026],[-2.73515,51.32029],[-2.7351,51.32033],[-2.73492,51.32042],[-2.73472,51.32052],[-2.73462,51.32057],[-2.73464,51.32062],[-2.7346,51.32066],[-2.73452,51.32066],[-2.7344,51.32066],[-2.73433,51.3207],[-2.73433,51.32077],[-2.73439,51.32086],[-2.73433,51.32092],[-2.73419,51.321],[-2.73381,51.32117],[-2.73347,51.32093],[-2.73339,51.32075],[-2.7333,51.32035],[-2.73314,51.31998],[-2.73303,51.31965],[-2.73293,51.31933],[-2.73285,51.31895],[-2.73318,51.31903],[-2.7333,51.31907],[-2.73357,51.31926],[-2.73379,51.31944],[-2.73385,51.31959],[-2.7341,51.31978],[-2.73394,51.31988],[-2.73403,51.31998],[-2.7343,51.32003],[-2.73466,51.31996],[-2.73473,51.31996],[-2.73497,51.31993],[-2.73528,51.31992],[-2.73562,51.31995],[-2.73609,51.31998],[-2.73609,51.31984],[-2.73608,51.31962],[-2.73944,51.31967],[-2.74114,51.3197],[-2.74142,51.31959],[-2.74143,51.31935],[-2.74151,51.31916],[-2.74172,51.31905],[-2.74177,51.31892],[-2.74184,51.31892],[-2.74195,51.31893],[-2.74202,51.31921],[-2.74192,51.31957],[-2.7422,51.31959],[-2.74258,51.31935],[-2.74404,51.31926],[-2.74555,51.31925],[-2.74585,51.31936],[-2.74615,51.3196],[-2.7471,51.31962],[-2.74642,51.31851],[-2.74558,51.31851],[-2.74557,51.31843],[-2.74585,51.31827],[-2.74614,51.31817],[-2.74645,51.31813],[-2.74679,51.31815],[-2.74716,51.31841],[-2.74761,51.3185],[-2.74816,51.31846],[-2.74822,51.3183],[-2.74856,51.31777],[-2.74883,51.31766],[-2.74892,51.31753],[-2.74886,51.3172],[-2.74855,51.31684],[-2.74829,51.31658],[-2.74831,51.31642],[-2.74836,51.31627],[-2.74855,51.31616],[-2.74849,51.31588],[-2.74826,51.31566],[-2.7482,51.31544],[-2.74825,51.31532],[-2.74813,51.31508],[-2.7481,51.31478],[-2.74825,51.31477],[-2.74835,51.31505],[-2.74846,51.31528],[-2.74855,51.31544],[-2.74858,51.31563],[-2.74872,51.31575],[-2.74874,51.316],[-2.74881,51.31615],[-2.74899,51.31633],[-2.7491,51.31663],[-2.74909,51.31703],[-2.74911,51.31731],[-2.74907,51.31758],[-2.74903,51.31776],[-2.74885,51.31802],[-2.74889,51.31816],[-2.7487,51.31843],[-2.74915,51.31923],[-2.74899,51.31957],[-2.7492,51.31981],[-2.74974,51.31986],[-2.7501,51.32],[-2.75038,51.32018],[-2.75069,51.32037],[-2.75118,51.3205],[-2.75149,51.32047],[-2.7517,51.32041],[-2.75204,51.32024],[-2.75196,51.32014],[-2.75202,51.3199],[-2.75215,51.31986],[-2.75244,51.31982],[-2.75261,51.31991],[-2.7528,51.31999],[-2.7531,51.31993],[-2.75346,51.31981],[-2.75344,51.31956],[-2.75347,51.31924],[-2.7536,51.31893],[-2.75351,51.31882],[-2.75317,51.31879],[-2.75315,51.31873],[-2.75329,51.31865],[-2.75347,51.31855],[-2.75363,51.31843],[-2.75379,51.3183],[-2.7536,51.31817],[-2.75341,51.31782],[-2.75328,51.31765],[-2.75326,51.31757],[-2.75355,51.3175],[-2.75375,51.31755],[-2.75402,51.31783],[-2.754,51.31813],[-2.75402,51.3184],[-2.75398,51.31865],[-2.75394,51.31894],[-2.75398,51.31918],[-2.75392,51.31951],[-2.75384,51.31983],[-2.75418,51.32055],[-2.75469,51.32073],[-2.75497,51.32086],[-2.75507,51.32113],[-2.75504,51.32144],[-2.75498,51.32177],[-2.75472,51.32247],[-2.75449,51.32261],[-2.75415,51.32273],[-2.75407,51.323],[-2.75442,51.32329],[-2.75462,51.32338],[-2.75485,51.32363],[-2.75522,51.32368],[-2.7554,51.32339],[-2.75572,51.32313],[-2.75564,51.32294],[-2.75563,51.32282],[-2.75565,51.32273],[-2.75587,51.32271],[-2.75622,51.32276],[-2.75671,51.32288],[-2.75715,51.32281],[-2.75746,51.32254],[-2.7581,51.32248],[-2.75849,51.32232],[-2.75865,51.32245],[-2.75865,51.32264],[-2.75883,51.32266],[-2.75923,51.32244],[-2.75939,51.32228],[-2.75963,51.32198],[-2.7598,51.32198],[-2.76038,51.32196],[-2.7606,51.32178],[-2.76079,51.32169],[-2.76078,51.32159],[-2.7609,51.32157],[-2.76103,51.32167],[-2.76113,51.32184],[-2.76186,51.32187],[-2.76317,51.3223],[-2.76317,51.3224],[-2.76315,51.32248],[-2.76164,51.32221],[-2.76022,51.3227],[-2.75992,51.32302],[-2.76029,51.32351],[-2.76091,51.32357],[-2.76079,51.32403],[-2.75983,51.32412],[-2.75935,51.32415],[-2.75852,51.32433],[-2.75887,51.32503],[-2.75958,51.32537],[-2.75979,51.32424],[-2.7598,51.32418],[-2.76199,51.32441],[-2.76198,51.32539],[-2.76303,51.32544],[-2.76355,51.32545],[-2.76358,51.32546],[-2.76478,51.32535],[-2.76818,51.32504],[-2.76881,51.32499],[-2.76919,51.32563],[-2.76922,51.32612],[-2.76898,51.32695],[-2.76964,51.32762],[-2.76995,51.32793],[-2.77038,51.32846],[-2.77078,51.32899]]]}},{"type":"Feature","properties":{"natural":"wood"},"geometry":{"type":"Polygon","coordinates":[[[-2.74554,51.32919],[-2.74436,51.32888],[-2.74443,51.32858],[-2.74533,51.32825],[-2.74539,51.32853],[-2.74554,51.32919]]]}},{"type":"Feature","properties":{"name":"Ridgeon Wood","natural":"wood"},"geometry":{"type":"Polygon","coordinates":[[[-2.73623,51.32933],[-2.73613,51.32929],[-2.73585,51.3296],[-2.73601,51.32968],[-2.73594,51.32976],[-2.7358,51.32973],[-2.73437,51.32919],[-2.73381,51.32874],[-2.7328,51.32827],[-2.73202,51.32787],[-2.73168,51.32786],[-2.73049,51.32819],[-2.73052,51.32832],[-2.73062,51.32888],[-2.73044,51.32987],[-2.73024,51.33028],[-2.73109,51.33061],[-2.73093,51.33073],[-2.73008,51.33051],[-2.72955,51.33087],[-2.72876,51.33077],[-2.72825,51.33092],[-2.72753,51.33076],[-2.72705,51.33046],[-2.72675,51.33],[-2.72662,51.3295],[-2.72682,51.32914],[-2.72614,51.32898],[-2.72597,51.32896],[-2.72574,51.32903],[-2.72551,51.32912],[-2.72475,51.32952],[-2.72446,51.32961],[-2.72447,51.32967],[-2.72464,51.33053],[-2.72449,51.33093],[-2.7247,51.33141],[-2.72482,51.33196],[-2.7256,51.33184],[-2.72595,51.33173],[-2.72519,51.3316],[-2.72605,51.33065],[-2.72667,51.33094],[-2.72741,51.33142],[-2.72822,51.33148],[-2.72911,51.3315],[-2.72996,51.33135],[-2.73035,51.3312],[-2.7307,51.331],[-2.73104,51.33086],[-2.73152,51.33072],[-2.73223,51.33074],[-2.73391,51.33053],[-2.73603,51.33101],[-2.73676,51.33145],[-2.73657,51.3318],[-2.73667,51.3322],[-2.73702,51.33222],[-2.7369,51.33207],[-2.73684,51.33186],[-2.73745,51.33166],[-2.73738,51.33156],[-2.73761,51.33071],[-2.73743,51.33047],[-2.73731,51.33037],[-2.73718,51.33035],[-2.73704,51.33023],[-2.7366,51.32994],[-2.73643,51.32979],[-2.73628,51.32963],[-2.73623,51.32957],[-2.73622,51.32957],[-2.73621,51.32958],[-2.73613,51.32963],[-2.73612,51.32964],[-2.7361,51.32964],[-2.73607,51.32964],[-2.73591,51.32958],[-2.73591,51.32957],[-2.73591,51.32957],[-2.73592,51.32957],[-2.73597,51.32957],[-2.73604,51.3296],[-2.73605,51.3296],[-2.73605,51.3296],[-2.73607,51.32959],[-2.73607,51.32959],[-2.73606,51.32953],[-2.73607,51.32951],[-2.73623,51.32933]]]}},{"type":"Feature","properties":{"natural":"wood"},"geometry":{"type":"Polygon","coordinates":[[[-2.72987,51.32712],[-2.72916,51.32834],[-2.72881,51.32892],[-2.72872,51.32906],[-2.72824,51.32917],[-2.72805,51.32884],[-2.72774,51.32832],[-2.72733,51.32794],[-2.727,51.32756],[-2.72612,51.32736],[-2.72521,51.32756],[-2.7248,51.3278],[-2.72394,51.32851],[-2.72337,51.32904],[-2.72271,51.33007],[-2.72135,51.33048],[-2.72149,51.33017],[-2.72203,51.32894],[-2.722,51.32883],[-2.72194,51.32865],[-2.72224,51.32842],[-2.72285,51.32858],[-2.72294,51.32847],[-2.72324,51.32812],[-2.72324,51.32766],[-2.72318,51.32739],[-2.72308,51.32698],[-2.72327,51.32689],[-2.72345,51.32681],[-2.72406,51.32705],[-2.72468,51.32669],[-2.72497,51.32641],[-2.72629,51.32611],[-2.72668,51.326],[-2.727,51.32514],[-2.72722,51.32448],[-2.72732,51.3235],[-2.7277,51.32327],[-2.72832,51.32311],[-2.72868,51.3229],[-2.72904,51.323],[-2.72914,51.32303],[-2.72936,51.32338],[-2.72933,51.32344],[-2.72929,51.32351],[-2.72921,51.32366],[-2.72945,51.32389],[-2.7297,51.32405],[-2.73001,51.32422],[-2.73072,51.32426],[-2.73092,51.32406],[-2.73142,51.32418],[-2.73147,51.32443],[-2.73217,51.32456],[-2.73222,51.32484],[-2.7327,51.32485],[-2.7328,51.32497],[-2.73297,51.32518],[-2.73251,51.32525],[-2.73245,51.32548],[-2.73308,51.32577],[-2.73343,51.32546],[-2.73371,51.32522],[-2.734,51.3252],[-2.73421,51.325],[-2.734,51.32466],[-2.73494,51.32464],[-2.73635,51.32437],[-2.73652,51.32393],[-2.73702,51.32454],[-2.73673,51.32479],[-2.73717,51.32569],[-2.73697,51.32576],[-2.73674,51.32529],[-2.73611,51.32525],[-2.73483,51.32519],[-2.73419,51.32539],[-2.73385,51.32606],[-2.73382,51.32621],[-2.73375,51.32663],[-2.73393,51.32684],[-2.73429,51.32702],[-2.73467,51.32705],[-2.73511,51.32725],[-2.73491,51.32738],[-2.73555,51.32778],[-2.73605,51.32797],[-2.7368,51.32824],[-2.73586,51.32902],[-2.73463,51.32844],[-2.73352,51.32754],[-2.73272,51.32714],[-2.73215,51.32694],[-2.73147,51.32689],[-2.7303,51.32699],[-2.72987,51.32712]]]}},{"type":"Feature","properties":{"name":"Cheddar Wood","natural":"wood"},"geometry":{"type":"Polygon","coordinates":[[[-2.80562,51.29047],[-2.80561,51.29058],[-2.80425,51.29105],[-2.80482,51.29134],[-2.80463,51.2915],[-2.80429,51.29179],[-2.80469,51.29196],[-2.8052,51.29239],[-2.8055,51.29266],[-2.80579,51.29293],[-2.80695,51.29316],[-2.80686,51.29392],[-2.80689,51.29448],[-2.8069,51.2951],[-2.80683,51.29583],[-2.80688,51.29644],[-2.80675,51.29646],[-2.80641,51.29644],[-2.80646,51.29687],[-2.80615,51.29691],[-2.80583,51.29692],[-2.80554,51.2963],[-2.80464,51.29613],[-2.80328,51.29568],[-2.79891,51.29567],[-2.79872,51.29619],[-2.79862,51.29646],[-2.79716,51.29668],[-2.79548,51.29644],[-2.79455,51.2968],[-2.79404,51.29716],[-2.79387,51.29718],[-2.7937,51.29716],[-2.79359,51.29719],[-2.79353,51.29724],[-2.79354,51.29733],[-2.79368,51.29742],[-2.79384,51.29746],[-2.79393,51.29752],[-2.79434,51.29754],[-2.79432,51.29778],[-2.79414,51.29796],[-2.79389,51.29794],[-2.79372,51.29804],[-2.79356,51.29807],[-2.79347,51.29806],[-2.79334,51.29801],[-2.79314,51.29791],[-2.79336,51.29786],[-2.79344,51.29775],[-2.79334,51.29769],[-2.79315,51.29783],[-2.79305,51.29784],[-2.79296,51.29783],[-2.79289,51.29774],[-2.79268,51.29777],[-2.79238,51.29768],[-2.79262,51.29795],[-2.79313,51.29807],[-2.79418,51.29813],[-2.79494,51.29816],[-2.79494,51.29831],[-2.7942,51.29826],[-2.79399,51.29826],[-2.79399,51.29832],[-2.79417,51.29837],[-2.79417,51.29842],[-2.79411,51.29844],[-2.79402,51.29844],[-2.7938,51.2984],[-2.79351,51.29837],[-2.79301,51.29835],[-2.79279,51.29845],[-2.79222,51.29856],[-2.79212,51.29853],[-2.79205,51.2986],[-2.79191,51.29888],[-2.79186,51.29909],[-2.7919,51.29935],[-2.79196,51.29961],[-2.79246,51.29981],[-2.7928,51.29997],[-2.79329,51.29998],[-2.79377,51.30006],[-2.79414,51.30015],[-2.79408,51.30025],[-2.79336,51.3001],[-2.79316,51.30013],[-2.79293,51.30028],[-2.79212,51.29996],[-2.79145,51.29972],[-2.79128,51.2998],[-2.79078,51.29973],[-2.79052,51.29963],[-2.79033,51.29943],[-2.79042,51.2992],[-2.79038,51.29914],[-2.79034,51.29907],[-2.79029,51.29883],[-2.79015,51.29836],[-2.79,51.29796],[-2.78978,51.29736],[-2.78965,51.29707],[-2.78937,51.29644],[-2.78903,51.29584],[-2.78889,51.2956],[-2.78878,51.2955],[-2.78869,51.29541],[-2.78862,51.29544],[-2.78769,51.29576],[-2.78658,51.29415],[-2.78705,51.29352],[-2.78748,51.29307],[-2.78804,51.29282],[-2.78854,51.29289],[-2.78864,51.2929],[-2.78862,51.29302],[-2.78855,51.29339],[-2.78962,51.29323],[-2.78987,51.29289],[-2.79065,51.2918],[-2.79131,51.29144],[-2.791,51.2919],[-2.79093,51.29204],[-2.79087,51.29215],[-2.79071,51.29246],[-2.79155,51.29266],[-2.79127,51.29312],[-2.79114,51.29357],[-2.79164,51.29388],[-2.79179,51.29397],[-2.79261,51.29372],[-2.7927,51.29355],[-2.79315,51.2933],[-2.79428,51.29282],[-2.79481,51.29215],[-2.79517,51.29184],[-2.79549,51.29168],[-2.79615,51.29181],[-2.79675,51.29145],[-2.79678,51.29143],[-2.79716,51.2911],[-2.79729,51.29094],[-2.79737,51.29085],[-2.79739,51.29078],[-2.79731,51.29073],[-2.79694,51.29066],[-2.79707,51.2904],[-2.79701,51.28991],[-2.79703,51.28987],[-2.79734,51.28927],[-2.79801,51.28935],[-2.79797,51.28822],[-2.79797,51.28817],[-2.7983,51.28831],[-2.79872,51.28848],[-2.79948,51.28854],[-2.80061,51.28832],[-2.80133,51.2883],[-2.80186,51.28911],[-2.80152,51.28955],[-2.80131,51.28996],[-2.8016,51.29046],[-2.80218,51.29124],[-2.8019,51.29183],[-2.80194,51.29207],[-2.80286,51.29183],[-2.80329,51.29145],[-2.80248,51.29066],[-2.80411,51.29015],[-2.80523,51.28987],[-2.80524,51.2903],[-2.80528,51.29045],[-2.80562,51.29047]]]}},{"type":"Feature","properties":{"name":"Rose Wood","natural":"wood"},"geometry":{"type":"Polygon","coordinates":[[[-2.82739,51.29959],[-2.82709,51.29929],[-2.82657,51.29865],[-2.8258,51.29865],[-2.82469,51.29851],[-2.82421,51.2987],[-2.824,51.29865],[-2.824,51.29851],[-2.82328,51.29823],[-2.82278,51.2982],[-2.82348,51.29757],[-2.82391,51.29698],[-2.82442,51.29596],[-2.82462,51.29554],[-2.82489,51.29521],[-2.8256,51.29471],[-2.82606,51.294],[-2.82701,51.29368],[-2.82684,51.29329],[-2.82612,51.29307],[-2.8267,51.29271],[-2.82678,51.29189],[-2.82713,51.29148],[-2.82682,51.29092],[-2.82718,51.29066],[-2.8274,51.29054],[-2.82774,51.29089],[-2.82804,51.29095],[-2.82847,51.29105],[-2.82871,51.2914],[-2.82898,51.29191],[-2.82918,51.29234],[-2.82949,51.29228],[-2.82998,51.29299],[-2.83019,51.29317],[-2.83026,51.29342],[-2.8297,51.29353],[-2.82979,51.29398],[-2.82969,51.29488],[-2.83012,51.29491],[-2.82962,51.29551],[-2.82919,51.29604],[-2.829,51.29599],[-2.82887,51.29596],[-2.82858,51.2965],[-2.82845,51.29714],[-2.82846,51.29732],[-2.82869,51.29711],[-2.82918,51.29629],[-2.82956,51.29639],[-2.82968,51.2965],[-2.82967,51.29694],[-2.82943,51.29737],[-2.82927,51.29778],[-2.82925,51.29815],[-2.82949,51.29873],[-2.82961,51.2996],[-2.82982,51.30005],[-2.82995,51.30014],[-2.83032,51.30017],[-2.83052,51.3001],[-2.83063,51.30036],[-2.83065,51.30085],[-2.82986,51.30083],[-2.82933,51.30132],[-2.82929,51.30131],[-2.82863,51.30111],[-2.82668,51.30116],[-2.82645,51.30113],[-2.82621,51.30097],[-2.82512,51.30096],[-2.82448,51.30088],[-2.82219,51.30097],[-2.82244,51.3009],[-2.82259,51.30086],[-2.82331,51.30066],[-2.82438,51.30058],[-2.82564,51.30066],[-2.82715,51.30029],[-2.82739,51.29959]]]}},{"type":"Feature","properties":{"natural":"wood"},"geometry":{"type":"Polygon","coordinates":[[[-2.8273,51.30259],[-2.82722,51.30238],[-2.82701,51.30232],[-2.82692,51.3023],[-2.82627,51.30246],[-2.82529,51.30267],[-2.82512,51.30275],[-2.82498,51.30283],[-2.82434,51.30309],[-2.82378,51.30335],[-2.82274,51.30384],[-2.82236,51.30355],[-2.82268,51.30359],[-2.82278,51.30351],[-2.82343,51.30326],[-2.82343,51.30319],[-2.82428,51.30265],[-2.82476,51.30252],[-2.82511,51.30203],[-2.82533,51.30209],[-2.82597,51.30162],[-2.82631,51.30123],[-2.82645,51.30113],[-2.82668,51.30116],[-2.82863,51.30111],[-2.82833,51.30171],[-2.8279,51.30208],[-2.82778,51.30224],[-2.8276,51.30235],[-2.8273,51.30259]]]}},{"type":"Feature","properties":{"natural":"wood"},"geometry":{"type":"Polygon","coordinates":[[[-2.85233,51.3067],[-2.85083,51.30642],[-2.8499,51.30628],[-2.84977,51.30626],[-2.84839,51.30597],[-2.84873,51.30582],[-2.8482,51.30563],[-2.84714,51.30572],[-2.84547,51.30521],[-2.84435,51.30546],[-2.84435,51.30544],[-2.84422,51.30485],[-2.84433,51.30446],[-2.84413,51.30437],[-2.8445,51.30346],[-2.84534,51.30337],[-2.84554,51.30309],[-2.84611,51.30302],[-2.84558,51.30375],[-2.84566,51.30422],[-2.84642,51.30436],[-2.84666,51.30441],[-2.84846,51.30428],[-2.84967,51.30439],[-2.84984,51.30443],[-2.8501,51.3045],[-2.85048,51.30482],[-2.85074,51.30509],[-2.85147,51.30514],[-2.85282,51.30546],[-2.85368,51.30498],[-2.85424,51.30523],[-2.85546,51.30529],[-2.85559,51.30492],[-2.85569,51.30484],[-2.85594,51.3048],[-2.85623,51.30486],[-2.8564,51.30494],[-2.85659,51.30511],[-2.85677,51.30546],[-2.85681,51.30554],[-2.85687,51.30567],[-2.8576,51.30568],[-2.85831,51.30554],[-2.85835,51.30569],[-2.85755,51.30603],[-2.85776,51.30665],[-2.85784,51.30688],[-2.8568,51.30703],[-2.85587,51.30676],[-2.85445,51.30659],[-2.85428,51.30678],[-2.85412,51.30675],[-2.85361,51.30667],[-2.8534,51.30646],[-2.85292,51.30662],[-2.85274,51.30665],[-2.85233,51.3067]]]}},{"type":"Feature","properties":{"natural":"wood"},"geometry":{"type":"Polygon","coordinates":[[[-2.85587,51.28941],[-2.85467,51.28952],[-2.8536,51.2896],[-2.85347,51.28944],[-2.8548,51.28936],[-2.8557,51.28917],[-2.85587,51.28941]]]}},{"type":"Feature","properties":{"natural":"wood"},"geometry":{"type":"Polygon","coordinates":[[[-2.78809,51.29259],[-2.78753,51.29134],[-2.78753,51.29043],[-2.78748,51.29003],[-2.78642,51.28927],[-2.78675,51.28859],[-2.78689,51.28882],[-2.78731,51.28957],[-2.78787,51.28952],[-2.78826,51.28965],[-2.78851,51.28995],[-2.78851,51.29016],[-2.78869,51.29083],[-2.78864,51.29158],[-2.78858,51.29173],[-2.78839,51.29218],[-2.78809,51.29259]]]}},{"type":"Feature","properties":{"natural":"wood"},"geometry":{"type":"Polygon","coordinates":[[[-2.75439,51.28571],[-2.75421,51.2858],[-2.75397,51.2857],[-2.75322,51.2856],[-2.75295,51.28561],[-2.75273,51.2856],[-2.75252,51.28562],[-2.75237,51.28571],[-2.75184,51.286],[-2.75121,51.28616],[-2.75104,51.28605],[-2.7509,51.28617],[-2.75078,51.28609],[-2.75058,51.28601],[-2.75041,51.28597],[-2.75025,51.28602],[-2.75014,51.28594],[-2.74979,51.28596],[-2.74939,51.28594],[-2.74885,51.28593],[-2.74793,51.28613],[-2.74717,51.28599],[-2.74741,51.28573],[-2.7477,51.28557],[-2.74781,51.28562],[-2.74784,51.28571],[-2.74796,51.28575],[-2.74805,51.28573],[-2.74815,51.28575],[-2.74828,51.28574],[-2.74839,51.28573],[-2.74847,51.2857],[-2.74858,51.28563],[-2.74873,51.28556],[-2.7487,51.28537],[-2.74825,51.28526],[-2.7488,51.28505],[-2.74885,51.28499],[-2.74877,51.28487],[-2.74869,51.28477],[-2.7487,51.28468],[-2.74871,51.2846],[-2.74863,51.28458],[-2.74856,51.28456],[-2.74867,51.28427],[-2.7486,51.28412],[-2.74827,51.2834],[-2.74794,51.28244],[-2.74733,51.2819],[-2.74616,51.28162],[-2.74564,51.28244],[-2.74552,51.28265],[-2.7456,51.28277],[-2.74557,51.28296],[-2.7451,51.28291],[-2.74425,51.28284],[-2.74375,51.28265],[-2.74331,51.28233],[-2.74294,51.28168],[-2.74246,51.28122],[-2.74243,51.28119],[-2.7411,51.28075],[-2.73909,51.27987],[-2.73906,51.27986],[-2.73893,51.27996],[-2.7382,51.28049],[-2.73827,51.2808],[-2.74058,51.282],[-2.74083,51.28188],[-2.74257,51.28308],[-2.7418,51.28451],[-2.74188,51.28493],[-2.74197,51.28514],[-2.74137,51.28595],[-2.74133,51.28596],[-2.7409,51.28599],[-2.74096,51.2867],[-2.74069,51.28673],[-2.74076,51.28693],[-2.74073,51.28693],[-2.74002,51.28702],[-2.7395,51.28673],[-2.73933,51.28678],[-2.73907,51.28702],[-2.73769,51.28756],[-2.73798,51.28803],[-2.73806,51.28816],[-2.73804,51.28826],[-2.73777,51.28834],[-2.73731,51.28827],[-2.73705,51.28832],[-2.73681,51.28856],[-2.73685,51.28867],[-2.73746,51.28863],[-2.73805,51.28846],[-2.73833,51.28837],[-2.73863,51.28837],[-2.73884,51.28832],[-2.73888,51.28831],[-2.73899,51.28826],[-2.73906,51.28823],[-2.73931,51.28839],[-2.74001,51.28825],[-2.741,51.28789],[-2.74198,51.28772],[-2.74233,51.28791],[-2.74307,51.28784],[-2.74338,51.2878],[-2.7434,51.28779],[-2.74369,51.28797],[-2.74363,51.28822],[-2.74397,51.28867],[-2.74398,51.28869],[-2.74517,51.2897],[-2.74587,51.28969],[-2.74583,51.2896],[-2.74558,51.28899],[-2.74555,51.2889],[-2.74549,51.28869],[-2.74608,51.28863],[-2.74626,51.28861],[-2.74637,51.28859],[-2.74646,51.28855],[-2.74655,51.2885],[-2.74664,51.28844],[-2.74674,51.28834],[-2.74679,51.28827],[-2.74684,51.28817],[-2.74686,51.28811],[-2.74686,51.28804],[-2.74685,51.28793],[-2.74686,51.28787],[-2.74692,51.28776],[-2.74701,51.28766],[-2.74713,51.28757],[-2.74719,51.28753],[-2.74726,51.28748],[-2.74733,51.28745],[-2.74744,51.28741],[-2.74755,51.28738],[-2.74765,51.28738],[-2.74773,51.28739],[-2.7478,51.28741],[-2.74793,51.28745],[-2.74806,51.2875],[-2.7482,51.28756],[-2.7484,51.28768],[-2.74883,51.28788],[-2.74948,51.28782],[-2.75043,51.28789],[-2.75153,51.28782],[-2.75234,51.28767],[-2.75274,51.28746],[-2.75334,51.28727],[-2.75394,51.28726],[-2.75437,51.28728],[-2.75545,51.28684],[-2.75582,51.28659],[-2.75584,51.28645],[-2.75613,51.28637],[-2.75706,51.28596],[-2.75708,51.28564],[-2.75738,51.28536],[-2.75775,51.28531],[-2.75807,51.28544],[-2.75835,51.2858],[-2.75853,51.28586],[-2.75867,51.28576],[-2.75885,51.28525],[-2.75888,51.28516],[-2.75935,51.28504],[-2.75955,51.28487],[-2.75974,51.28483],[-2.75984,51.28488],[-2.76003,51.28491],[-2.76018,51.28494],[-2.76042,51.28497],[-2.76092,51.28473],[-2.7615,51.28448],[-2.76224,51.28436],[-2.76249,51.28411],[-2.7626,51.28395],[-2.76232,51.28383],[-2.76233,51.28351],[-2.7625,51.28331],[-2.76288,51.28341],[-2.7629,51.28335],[-2.76296,51.2833],[-2.76314,51.28316],[-2.76323,51.2831],[-2.7635,51.283],[-2.76354,51.28293],[-2.7636,51.28286],[-2.76368,51.28283],[-2.76374,51.28283],[-2.7638,51.28284],[-2.76395,51.28279],[-2.76406,51.28276],[-2.76408,51.2827],[-2.76415,51.28265],[-2.76424,51.28263],[-2.76441,51.2826],[-2.76456,51.28257],[-2.76472,51.28256],[-2.76483,51.28253],[-2.76491,51.2826],[-2.76497,51.28265],[-2.76506,51.2827],[-2.76527,51.28269],[-2.76529,51.28263],[-2.76521,51.28259],[-2.76523,51.28244],[-2.76535,51.28245],[-2.76535,51.28218],[-2.76527,51.28211],[-2.76524,51.28198],[-2.76549,51.28183],[-2.7657,51.28168],[-2.76623,51.28164],[-2.76681,51.28162],[-2.76709,51.28169],[-2.7679,51.28172],[-2.76876,51.28179],[-2.76923,51.28163],[-2.76935,51.2815],[-2.76959,51.28138],[-2.77018,51.28113],[-2.77047,51.28106],[-2.77136,51.28101],[-2.77167,51.28078],[-2.77156,51.28072],[-2.77191,51.28035],[-2.77193,51.28025],[-2.77214,51.28009],[-2.77231,51.27999],[-2.77231,51.27987],[-2.77188,51.2798],[-2.77149,51.27984],[-2.77121,51.27972],[-2.77075,51.27943],[-2.7707,51.27962],[-2.77047,51.27977],[-2.77023,51.27996],[-2.76999,51.27982],[-2.76962,51.28012],[-2.76914,51.28007],[-2.76846,51.28009],[-2.76685,51.27992],[-2.76692,51.2803],[-2.76803,51.28084],[-2.76699,51.28102],[-2.76664,51.28104],[-2.76623,51.28097],[-2.76602,51.281],[-2.76587,51.28108],[-2.7656,51.28108],[-2.76533,51.28109],[-2.76511,51.28115],[-2.7646,51.28127],[-2.7644,51.2813],[-2.76415,51.28138],[-2.76396,51.28145],[-2.76381,51.28152],[-2.76367,51.28155],[-2.76342,51.28174],[-2.76315,51.28174],[-2.76293,51.28183],[-2.76275,51.28191],[-2.76255,51.28201],[-2.76232,51.28211],[-2.76216,51.28214],[-2.76197,51.28221],[-2.76178,51.28225],[-2.76176,51.28235],[-2.76163,51.28244],[-2.76147,51.2824],[-2.76138,51.28245],[-2.76141,51.28256],[-2.76129,51.28258],[-2.76117,51.28257],[-2.76104,51.28264],[-2.76107,51.28272],[-2.7612,51.28283],[-2.76124,51.28287],[-2.76084,51.28298],[-2.76061,51.28327],[-2.76075,51.28384],[-2.76031,51.28394],[-2.75991,51.28413],[-2.75942,51.28418],[-2.7588,51.28419],[-2.75869,51.2843],[-2.75845,51.28449],[-2.75815,51.28448],[-2.75751,51.28456],[-2.75712,51.28469],[-2.75703,51.2849],[-2.75716,51.28506],[-2.75711,51.28512],[-2.75708,51.2851],[-2.757,51.28505],[-2.75672,51.2849],[-2.75672,51.28496],[-2.75699,51.28517],[-2.75672,51.28527],[-2.75663,51.28534],[-2.75663,51.28541],[-2.75671,51.2856],[-2.7565,51.2856],[-2.7563,51.28552],[-2.75609,51.28537],[-2.75609,51.28559],[-2.75601,51.28554],[-2.75579,51.28562],[-2.75567,51.28558],[-2.75558,51.28559],[-2.7555,51.28565],[-2.75538,51.2856],[-2.75527,51.28556],[-2.75514,51.2855],[-2.75493,51.28546],[-2.75469,51.2856],[-2.75458,51.28573],[-2.75439,51.28571]]]}},{"type":"Feature","properties":{"natural":"wood"},"geometry":{"type":"Polygon","coordinates":[[[-2.85236,51.28172],[-2.85249,51.28206],[-2.85263,51.28203],[-2.85287,51.28183],[-2.85308,51.28176],[-2.85282,51.28153],[-2.85231,51.28141],[-2.85177,51.2812],[-2.85151,51.28108],[-2.85133,51.28132],[-2.85236,51.28172]]]}},{"type":"Feature","properties":{"natural":"wood"},"geometry":{"type":"Polygon","coordinates":[[[-2.7276,51.32137],[-2.7275,51.32172],[-2.72686,51.32182],[-2.72615,51.32173],[-2.72489,51.3215],[-2.72494,51.32142],[-2.725,51.32131],[-2.72506,51.32119],[-2.72666,51.32145],[-2.72688,51.32147],[-2.72702,51.32145],[-2.7276,51.32137]]]}},{"type":"Feature","properties":{"natural":"wood"},"geometry":{"type":"Polygon","coordinates":[[[-2.73097,51.32117],[-2.73074,51.32111],[-2.73039,51.32104],[-2.73034,51.3212],[-2.73033,51.32133],[-2.73029,51.32144],[-2.73024,51.32162],[-2.7302,51.3218],[-2.73016,51.32211],[-2.73033,51.3221],[-2.73058,51.32212],[-2.73078,51.32214],[-2.73092,51.32168],[-2.73089,51.32163],[-2.73097,51.32117]]]}},{"type":"Feature","properties":{"natural":"wood"},"geometry":{"type":"Polygon","coordinates":[[[-2.73489,51.32231],[-2.73439,51.32253],[-2.73475,51.32292],[-2.73526,51.32338],[-2.73549,51.32367],[-2.73563,51.32385],[-2.73592,51.32379],[-2.73634,51.3238],[-2.73599,51.32343],[-2.7355,51.32292],[-2.73505,51.32246],[-2.73489,51.32231]]]}},{"type":"Feature","properties":{"natural":"wood"},"geometry":{"type":"Polygon","coordinates":[[[-2.78532,51.332],[-2.78374,51.33161],[-2.78211,51.331],[-2.78009,51.33035],[-2.77881,51.33033],[-2.77877,51.33003],[-2.77701,51.33003],[-2.77662,51.33022],[-2.77589,51.33022],[-2.77264,51.33029],[-2.7726,51.33026],[-2.77235,51.33008],[-2.77089,51.32897],[-2.77007,51.32794],[-2.76903,51.32694],[-2.76922,51.32612],[-2.76987,51.32642],[-2.77055,51.32638],[-2.7717,51.32648],[-2.7725,51.32631],[-2.77305,51.32619],[-2.77324,51.32645],[-2.77351,51.32682],[-2.77424,51.32735],[-2.77407,51.32741],[-2.77266,51.32791],[-2.77405,51.32839],[-2.7767,51.32865],[-2.77721,51.32848],[-2.77737,51.32843],[-2.779,51.3284],[-2.7809,51.32837],[-2.78173,51.32713],[-2.78195,51.32684],[-2.78292,51.32694],[-2.78595,51.3276],[-2.78692,51.32824],[-2.78731,51.32794],[-2.78871,51.32832],[-2.79023,51.3282],[-2.79228,51.32822],[-2.79359,51.32803],[-2.79456,51.32712],[-2.79407,51.32618],[-2.79539,51.32628],[-2.79584,51.32629],[-2.79635,51.3264],[-2.79639,51.32661],[-2.7963,51.32725],[-2.79596,51.32768],[-2.79559,51.3279],[-2.79525,51.32825],[-2.79519,51.32839],[-2.79528,51.32855],[-2.79509,51.32866],[-2.79442,51.32882],[-2.79369,51.32949],[-2.7934,51.32975],[-2.79326,51.32997],[-2.79293,51.33051],[-2.79249,51.33044],[-2.79238,51.33042],[-2.79114,51.33028],[-2.79022,51.33081],[-2.78961,51.3309],[-2.78969,51.3313],[-2.7897,51.33133],[-2.78949,51.33136],[-2.7892,51.33139],[-2.78762,51.33155],[-2.78741,51.33144],[-2.78707,51.33136],[-2.78681,51.33128],[-2.78672,51.33118],[-2.78558,51.33119],[-2.78576,51.33134],[-2.78578,51.3315],[-2.78522,51.3317],[-2.78517,51.33172],[-2.78532,51.33185],[-2.78585,51.33194],[-2.78532,51.332]]]}},{"type":"Feature","properties":{"natural":"wood"},"geometry":{"type":"Polygon","coordinates":[[[-2.76392,51.27984],[-2.76301,51.28025],[-2.76314,51.2806],[-2.76111,51.2809],[-2.76039,51.28066],[-2.75943,51.28053],[-2.75879,51.28008],[-2.75806,51.28016],[-2.75829,51.27985],[-2.75868,51.27931],[-2.75747,51.27899],[-2.75687,51.27874],[-2.7567,51.27834],[-2.7566,51.27831],[-2.75639,51.27839],[-2.75596,51.27849],[-2.75567,51.27849],[-2.75556,51.2784],[-2.75544,51.27823],[-2.75551,51.27813],[-2.75581,51.2779],[-2.75644,51.27787],[-2.75619,51.27759],[-2.75638,51.27747],[-2.75714,51.27787],[-2.75867,51.27772],[-2.75948,51.27721],[-2.75971,51.27682],[-2.7603,51.27694],[-2.75981,51.27731],[-2.75949,51.27766],[-2.75925,51.27789],[-2.75916,51.27798],[-2.75959,51.27829],[-2.7598,51.27798],[-2.7602,51.27794],[-2.76071,51.27802],[-2.76097,51.27813],[-2.76088,51.27849],[-2.76294,51.27911],[-2.76328,51.27933],[-2.76387,51.27929],[-2.76439,51.27917],[-2.76471,51.279],[-2.76504,51.27861],[-2.76516,51.2787],[-2.765,51.27912],[-2.76471,51.27953],[-2.76426,51.27979],[-2.7644,51.27988],[-2.76435,51.27992],[-2.76425,51.27995],[-2.76419,51.27989],[-2.76409,51.27983],[-2.76392,51.27984]]]}},{"type":"Feature","properties":{"natural":"wood"},"geometry":{"type":"Polygon","coordinates":[[[-2.72779,51.31727],[-2.72657,51.31783],[-2.7262,51.31668],[-2.72779,51.31727]]]}},{"type":"Feature","properties":{"natural":"wood"},"geometry":{"type":"Polygon","coordinates":[[[-2.72975,51.31799],[-2.72867,51.31744],[-2.72845,51.31699],[-2.72832,51.31683],[-2.72829,51.31679],[-2.72768,51.31632],[-2.72744,51.31602],[-2.72693,51.31584],[-2.72693,51.31568],[-2.72693,51.31559],[-2.72648,51.31546],[-2.72632,51.31541],[-2.72556,51.3153],[-2.72557,51.31515],[-2.72646,51.31526],[-2.72659,51.31511],[-2.72734,51.31534],[-2.72779,51.31551],[-2.72765,51.31574],[-2.72812,51.3161],[-2.72806,51.31592],[-2.72845,51.31605],[-2.72904,51.31681],[-2.72893,51.31692],[-2.7295,51.31733],[-2.72977,51.3179],[-2.72976,51.31794],[-2.72975,51.31799]]]}},{"type":"Feature","properties":{"natural":"wood"},"geometry":{"type":"Polygon","coordinates":[[[-2.73019,51.312],[-2.73032,51.31265],[-2.73023,51.31302],[-2.73002,51.31361],[-2.72957,51.3136],[-2.7288,51.31405],[-2.72859,51.31379],[-2.72906,51.3134],[-2.72919,51.31315],[-2.72866,51.31296],[-2.72944,51.31223],[-2.73019,51.312]]]}},{"type":"Feature","properties":{"natural":"wood"},"geometry":{"type":"Polygon","coordinates":[[[-2.72812,51.30107],[-2.72827,51.30099],[-2.72833,51.30097],[-2.72833,51.30081],[-2.72939,51.30066],[-2.73062,51.3006],[-2.73198,51.30077],[-2.73221,51.3008],[-2.73306,51.30101],[-2.73399,51.30068],[-2.73375,51.30032],[-2.73374,51.30017],[-2.73371,51.29986],[-2.73354,51.29967],[-2.73327,51.30025],[-2.73238,51.30047],[-2.73127,51.30049],[-2.73031,51.30047],[-2.72924,51.3005],[-2.7283,51.30072],[-2.72755,51.30053],[-2.72685,51.30034],[-2.72665,51.30047],[-2.72743,51.30082],[-2.72812,51.30107]]]}},{"type":"Feature","properties":{"natural":"wood"},"geometry":{"type":"Polygon","coordinates":[[[-2.79651,51.32525],[-2.79568,51.32495],[-2.79492,51.32469],[-2.79567,51.32565],[-2.79586,51.3259],[-2.79621,51.32582],[-2.7967,51.32572],[-2.79754,51.32658],[-2.79755,51.32683],[-2.79757,51.328],[-2.79778,51.32804],[-2.79752,51.32832],[-2.79782,51.32841],[-2.79793,51.32859],[-2.79777,51.32884],[-2.79712,51.3288],[-2.79656,51.32952],[-2.79715,51.33003],[-2.79731,51.33017],[-2.79732,51.33077],[-2.79739,51.33118],[-2.79739,51.33126],[-2.79747,51.33128],[-2.79754,51.33125],[-2.79774,51.33086],[-2.798,51.33046],[-2.79872,51.3302],[-2.79894,51.33008],[-2.79921,51.32994],[-2.79928,51.32988],[-2.79953,51.32966],[-2.79938,51.32946],[-2.7993,51.32936],[-2.79938,51.32911],[-2.79929,51.32884],[-2.79878,51.32785],[-2.79869,51.3275],[-2.79856,51.32733],[-2.79849,51.32699],[-2.79834,51.32621],[-2.79766,51.3257],[-2.79687,51.32539],[-2.79651,51.32525]]]}},{"type":"Feature","properties":{"natural":"wood"},"geometry":{"type":"Polygon","coordinates":[[[-2.76286,51.35091],[-2.76248,51.35111],[-2.76269,51.35027],[-2.76236,51.349],[-2.76261,51.34842],[-2.76249,51.34782],[-2.76208,51.34704],[-2.76215,51.34703],[-2.76229,51.34702],[-2.76276,51.34797],[-2.76288,51.34905],[-2.7629,51.35021],[-2.76286,51.35091]]]}},{"type":"Feature","properties":{"natural":"wood"},"geometry":{"type":"Polygon","coordinates":[[[-2.76202,51.34684],[-2.76074,51.34644],[-2.76063,51.34654],[-2.76046,51.34643],[-2.76072,51.34616],[-2.7608,51.3459],[-2.76077,51.34551],[-2.76066,51.34516],[-2.76014,51.34455],[-2.75956,51.34409],[-2.7597,51.34392],[-2.75846,51.34273],[-2.75875,51.3427],[-2.75901,51.34261],[-2.75929,51.34293],[-2.75997,51.34371],[-2.75992,51.34372],[-2.75976,51.34376],[-2.75985,51.3439],[-2.76009,51.34392],[-2.76015,51.34394],[-2.76062,51.34446],[-2.7608,51.34447],[-2.76082,51.34451],[-2.76099,51.34497],[-2.76141,51.34553],[-2.76183,51.3459],[-2.76184,51.34593],[-2.76218,51.3466],[-2.76196,51.34667],[-2.76202,51.34684]]]}},{"type":"Feature","properties":{"natural":"wood"},"geometry":{"type":"Polygon","coordinates":[[[-2.72759,51.28823],[-2.72775,51.28816],[-2.72768,51.28812],[-2.72749,51.28809],[-2.72748,51.28822],[-2.72759,51.28823]]]}},{"type":"Feature","properties":{"natural":"wood"},"geometry":{"type":"Polygon","coordinates":[[[-2.72822,51.28694],[-2.72758,51.28692],[-2.72753,51.28635],[-2.72747,51.28607],[-2.72731,51.28587],[-2.7276,51.28579],[-2.72773,51.28602],[-2.7277,51.28636],[-2.72814,51.28638],[-2.72822,51.28694]]]}},{"type":"Feature","properties":{"name":"Black Down","natural":"heath"},"geometry":{"type":"Polygon","coordinates":[[[-2.76465,51.32234],[-2.76339,51.32265],[-2.76317,51.3223],[-2.76186,51.32187],[-2.76113,51.32184],[-2.76103,51.32167],[-2.7609,51.32157],[-2.76078,51.32159],[-2.76079,51.32169],[-2.7606,51.32178],[-2.76038,51.32196],[-2.7598,51.32198],[-2.75963,51.32198],[-2.75939,51.32228],[-2.75923,51.32244],[-2.75883,51.32266],[-2.75865,51.32264],[-2.75865,51.32245],[-2.75849,51.32232],[-2.7581,51.32248],[-2.75746,51.32254],[-2.75715,51.32281],[-2.75671,51.32288],[-2.75622,51.32276],[-2.75587,51.32271],[-2.75565,51.32273],[-2.75563,51.32282],[-2.75564,51.32294],[-2.75572,51.32313],[-2.7554,51.32339],[-2.75522,51.32368],[-2.75485,51.32363],[-2.75462,51.32338],[-2.75442,51.32329],[-2.75407,51.323],[-2.75415,51.32273],[-2.75449,51.32261],[-2.75472,51.32247],[-2.75498,51.32177],[-2.75504,51.32144],[-2.75507,51.32113],[-2.75497,51.32086],[-2.75469,51.32073],[-2.75418,51.32055],[-2.75384,51.31983],[-2.75392,51.31951],[-2.75398,51.31918],[-2.75394,51.31894],[-2.75398,51.31865],[-2.75402,51.3184],[-2.754,51.31813],[-2.75402,51.31783],[-2.75375,51.31755],[-2.75355,51.3175],[-2.75326,51.31757],[-2.75328,51.31765],[-2.75341,51.31782],[-2.7536,51.31817],[-2.75379,51.3183],[-2.75363,51.31843],[-2.75347,51.31855],[-2.75329,51.31865],[-2.75315,51.31873],[-2.75317,51.31879],[-2.75351,51.31882],[-2.7536,51.31893],[-2.75347,51.31924],[-2.75344,51.31956],[-2.75346,51.31981],[-2.7531,51.31993],[-2.7528,51.31999],[-2.75261,51.31991],[-2.75244,51.31982],[-2.75215,51.31986],[-2.75202,51.3199],[-2.75196,51.32014],[-2.75204,51.32024],[-2.7517,51.32041],[-2.75149,51.32047],[-2.75118,51.3205],[-2.75069,51.32037],[-2.75038,51.32018],[-2.7501,51.32],[-2.74974,51.31986],[-2.7492,51.31981],[-2.74899,51.31957],[-2.74915,51.31923],[-2.7487,51.31843],[-2.74889,51.31816],[-2.74885,51.31802],[-2.74903,51.31776],[-2.74907,51.31758],[-2.74911,51.31731],[-2.74909,51.31703],[-2.7491,51.31663],[-2.74899,51.31633],[-2.74881,51.31615],[-2.74874,51.316],[-2.74872,51.31575],[-2.74858,51.31563],[-2.74855,51.31544],[-2.74846,51.31528],[-2.74835,51.31505],[-2.74825,51.31477],[-2.7481,51.31478],[-2.74813,51.31508],[-2.74825,51.31532],[-2.7482,51.31544],[-2.74826,51.31566],[-2.74849,51.31588],[-2.74855,51.31616],[-2.74836,51.31627],[-2.74831,51.31642],[-2.74829,51.31658],[-2.74855,51.31684],[-2.74886,51.3172],[-2.74892,51.31753],[-2.74883,51.31766],[-2.74856,51.31777],[-2.74822,51.3183],[-2.74816,51.31846],[-2.74761,51.3185],[-2.74716,51.31841],[-2.74679,51.31815],[-2.74645,51.31813],[-2.74614,51.31817],[-2.74585,51.31827],[-2.74557,51.31843],[-2.74558,51.31851],[-2.74464,51.31851],[-2.74406,51.31842],[-2.74249,51.31818],[-2.742,51.31794],[-2.74079,51.31752],[-2.74068,51.31744],[-2.74032,51.31717],[-2.7395,51.31691],[-2.73771,51.31662],[-2.73707,51.31652],[-2.7364,51.31631],[-2.73562,51.31606],[-2.73501,51.31598],[-2.73346,51.31608],[-2.73243,51.31624],[-2.73239,51.31625],[-2.732,51.31608],[-2.73124,51.31469],[-2.73076,51.31408],[-2.73054,51.3138],[-2.73053,51.31347],[-2.73107,51.31142],[-2.73183,51.31035],[-2.7321,51.30997],[-2.73304,51.30907],[-2.73323,51.30889],[-2.7344,51.30773],[-2.73574,51.30643],[-2.736,51.30624],[-2.73625,51.30648],[-2.73756,51.30657],[-2.74099,51.30679],[-2.74523,51.30707],[-2.74975,51.30737],[-2.75273,51.30761],[-2.75647,51.30798],[-2.75907,51.30829],[-2.75988,51.30838],[-2.76283,51.30872],[-2.76428,51.30888],[-2.76436,51.30889],[-2.76573,51.30904],[-2.76602,51.30908],[-2.766,51.30914],[-2.76568,51.31007],[-2.76535,51.31041],[-2.76524,51.31053],[-2.76519,51.31058],[-2.76439,51.31192],[-2.76429,51.3121],[-2.76369,51.31312],[-2.76379,51.31334],[-2.76385,51.31349],[-2.76413,51.31449],[-2.76459,51.31538],[-2.76511,51.31683],[-2.76456,51.31831],[-2.76403,51.31918],[-2.76375,51.31941],[-2.76371,51.31966],[-2.76369,51.31998],[-2.76374,51.32019],[-2.76388,51.32034],[-2.76393,51.32092],[-2.76388,51.32156],[-2.76441,51.32187],[-2.76453,51.32209],[-2.76465,51.32234]]]}},{"type":"Feature","properties":{"name":"Burrington Ham","natural":"heath"},"geometry":{"type":"Polygon","coordinates":[[[-2.73492,51.32042],[-2.73472,51.32052],[-2.73462,51.32057],[-2.73464,51.32062],[-2.7346,51.32066],[-2.73452,51.32066],[-2.7344,51.32066],[-2.73433,51.3207],[-2.73433,51.32077],[-2.73439,51.32086],[-2.73433,51.32092],[-2.73419,51.321],[-2.73381,51.32117],[-2.73388,51.32121],[-2.73392,51.32125],[-2.7349,51.3223],[-2.73638,51.32377],[-2.73703,51.32455],[-2.73674,51.32479],[-2.73718,51.32569],[-2.73697,51.32577],[-2.73705,51.32611],[-2.73734,51.32721],[-2.73805,51.32723],[-2.73831,51.32717],[-2.73908,51.32688],[-2.73942,51.32656],[-2.73953,51.32619],[-2.73914,51.32586],[-2.7385,51.32563],[-2.73776,51.32565],[-2.73757,51.32528],[-2.73712,51.32477],[-2.73726,51.32459],[-2.73706,51.32417],[-2.73704,51.32392],[-2.73703,51.3237],[-2.73742,51.32359],[-2.73795,51.3234],[-2.73832,51.32349],[-2.73883,51.32372],[-2.73899,51.32371],[-2.73898,51.32354],[-2.73857,51.32338],[-2.73856,51.32326],[-2.73872,51.32317],[-2.73909,51.32313],[-2.73985,51.32294],[-2.74121,51.32265],[-2.74162,51.32261],[-2.7419,51.32263],[-2.74227,51.32283],[-2.74211,51.32295],[-2.74168,51.32306],[-2.74173,51.32325],[-2.7423,51.32348],[-2.7431,51.32357],[-2.74427,51.32334],[-2.74498,51.32348],[-2.74583,51.3235],[-2.74622,51.32358],[-2.74644,51.32384],[-2.74702,51.324],[-2.74748,51.32406],[-2.74742,51.32425],[-2.74764,51.32432],[-2.7486,51.32451],[-2.7489,51.32425],[-2.7489,51.32391],[-2.7493,51.32382],[-2.74967,51.32382],[-2.74992,51.32374],[-2.74994,51.32361],[-2.74921,51.32338],[-2.74884,51.32305],[-2.74868,51.32231],[-2.74784,51.32247],[-2.74722,51.32285],[-2.74605,51.32314],[-2.74522,51.32321],[-2.74488,51.32267],[-2.74486,51.32249],[-2.74519,51.32231],[-2.74628,51.3219],[-2.7472,51.32196],[-2.74837,51.322],[-2.74889,51.32208],[-2.7492,51.32195],[-2.75132,51.32205],[-2.75236,51.32189],[-2.7523,51.32178],[-2.75219,51.3217],[-2.75193,51.32161],[-2.75037,51.32138],[-2.7476,51.32059],[-2.74617,51.32035],[-2.74572,51.32031],[-2.74522,51.32043],[-2.74467,51.32036],[-2.74403,51.32056],[-2.74375,51.32056],[-2.74365,51.32072],[-2.74377,51.32083],[-2.74385,51.32095],[-2.74396,51.32101],[-2.74425,51.321],[-2.74446,51.32096],[-2.74471,51.3209],[-2.74512,51.32094],[-2.7454,51.32094],[-2.7454,51.32098],[-2.74529,51.32099],[-2.74503,51.32101],[-2.74469,51.32101],[-2.74443,51.32105],[-2.74407,51.3211],[-2.74382,51.32113],[-2.74319,51.32117],[-2.74307,51.32121],[-2.74294,51.32136],[-2.74285,51.3214],[-2.74278,51.32137],[-2.74269,51.32126],[-2.74238,51.32124],[-2.74235,51.32116],[-2.74239,51.32103],[-2.74256,51.32099],[-2.74254,51.32094],[-2.74248,51.3209],[-2.74239,51.32091],[-2.74198,51.32096],[-2.74187,51.321],[-2.7418,51.3211],[-2.74181,51.3212],[-2.74186,51.32125],[-2.74207,51.32134],[-2.74214,51.32137],[-2.74215,51.32144],[-2.74211,51.32149],[-2.74193,51.32151],[-2.74164,51.32151],[-2.74152,51.32148],[-2.74148,51.3213],[-2.7413,51.32125],[-2.74124,51.32113],[-2.7413,51.32105],[-2.74141,51.32088],[-2.74139,51.32079],[-2.74127,51.32076],[-2.74094,51.32076],[-2.74047,51.32071],[-2.7398,51.32068],[-2.73976,51.32076],[-2.73984,51.32081],[-2.73982,51.32085],[-2.73974,51.32087],[-2.7396,51.32088],[-2.7395,51.32084],[-2.73937,51.32078],[-2.73932,51.3207],[-2.73909,51.32065],[-2.73897,51.32078],[-2.73919,51.32106],[-2.73935,51.32114],[-2.73945,51.32119],[-2.73947,51.32124],[-2.73939,51.32126],[-2.73921,51.32124],[-2.7389,51.32122],[-2.73831,51.32117],[-2.73805,51.32108],[-2.73764,51.32103],[-2.73748,51.32104],[-2.73737,51.32098],[-2.73736,51.32093],[-2.73716,51.32095],[-2.73705,51.32102],[-2.73687,51.32104],[-2.73672,51.3209],[-2.73663,51.32086],[-2.73629,51.32089],[-2.7362,51.32095],[-2.73609,51.32093],[-2.73601,51.32081],[-2.73565,51.32058],[-2.73541,51.32052],[-2.73522,51.32026],[-2.73515,51.32029],[-2.7351,51.32033],[-2.73492,51.32042]]]}},{"type":"Feature","properties":{"natural":"heath"},"geometry":{"type":"Polygon","coordinates":[[[-2.87355,51.30373],[-2.87473,51.3038],[-2.87519,51.30377],[-2.8765,51.30367],[-2.87701,51.3037],[-2.87818,51.30336],[-2.87899,51.30313],[-2.87933,51.30273],[-2.88024,51.30256],[-2.88109,51.30241],[-2.88081,51.30212],[-2.88124,51.30175],[-2.88169,51.30164],[-2.88206,51.30199],[-2.88338,51.30152],[-2.88347,51.30091],[-2.88437,51.30019],[-2.88494,51.29942],[-2.88528,51.29881],[-2.88508,51.29805],[-2.88541,51.29755],[-2.88569,51.29674],[-2.88562,51.29602],[-2.88497,51.29541],[-2.88402,51.29522],[-2.88151,51.29437],[-2.88058,51.29384],[-2.8804,51.29379],[-2.87767,51.29362],[-2.8762,51.29295],[-2.87612,51.29263],[-2.8749,51.29267],[-2.87471,51.29243],[-2.87517,51.29226],[-2.87453,51.29187],[-2.87091,51.29105],[-2.86828,51.29105],[-2.86731,51.2911],[-2.86739,51.29125],[-2.86815,51.29159],[-2.8691,51.29233],[-2.86977,51.2931],[-2.87117,51.29389],[-2.87256,51.29405],[-2.8742,51.29457],[-2.8739,51.29585],[-2.87449,51.29703],[-2.875,51.29791],[-2.87577,51.29864],[-2.87555,51.29868],[-2.87486,51.29848],[-2.87496,51.29828],[-2.87459,51.29788],[-2.87252,51.29768],[-2.87242,51.29741],[-2.87188,51.29731],[-2.8713,51.29727],[-2.87108,51.29737],[-2.87132,51.29791],[-2.87105,51.29808],[-2.87041,51.29813],[-2.87028,51.2984],[-2.87011,51.29856],[-2.87021,51.29872],[-2.86989,51.29887],[-2.86975,51.29896],[-2.86964,51.29898],[-2.86963,51.29923],[-2.86919,51.29935],[-2.86923,51.29948],[-2.8692,51.29957],[-2.86859,51.29946],[-2.8687,51.29932],[-2.86887,51.2991],[-2.86829,51.29784],[-2.86817,51.29789],[-2.86795,51.298],[-2.86757,51.29788],[-2.86735,51.29766],[-2.86659,51.29689],[-2.86515,51.29664],[-2.86515,51.29681],[-2.86503,51.29696],[-2.86369,51.29654],[-2.86346,51.29613],[-2.86338,51.29601],[-2.86307,51.29594],[-2.86217,51.29583],[-2.86184,51.29579],[-2.86169,51.29577],[-2.86143,51.29574],[-2.86073,51.29568],[-2.86003,51.29567],[-2.85994,51.29573],[-2.85955,51.29566],[-2.85918,51.29564],[-2.85912,51.29564],[-2.85921,51.29539],[-2.85918,51.29539],[-2.85859,51.29542],[-2.85798,51.2953],[-2.85733,51.29517],[-2.85668,51.29509],[-2.85657,51.29532],[-2.8559,51.29529],[-2.85566,51.29528],[-2.85519,51.29502],[-2.85349,51.29422],[-2.85329,51.29413],[-2.85258,51.29361],[-2.85208,51.29313],[-2.85208,51.29312],[-2.85209,51.29308],[-2.85213,51.29293],[-2.85215,51.29288],[-2.85147,51.29284],[-2.85087,51.29289],[-2.85052,51.2928],[-2.84973,51.29271],[-2.84904,51.29284],[-2.84815,51.29313],[-2.8476,51.29324],[-2.84736,51.2932],[-2.84691,51.29312],[-2.84646,51.29304],[-2.84635,51.29294],[-2.84634,51.29275],[-2.84632,51.29277],[-2.84629,51.29284],[-2.84622,51.29308],[-2.84628,51.29314],[-2.84646,51.29316],[-2.84686,51.29319],[-2.84733,51.29326],[-2.84704,51.29379],[-2.84694,51.29393],[-2.8469,51.29406],[-2.84686,51.29416],[-2.84679,51.29418],[-2.84667,51.2952],[-2.84653,51.29579],[-2.84601,51.29572],[-2.84576,51.29586],[-2.84523,51.29578],[-2.84467,51.29557],[-2.84468,51.29517],[-2.84476,51.2948],[-2.84492,51.29446],[-2.84399,51.29424],[-2.84384,51.29439],[-2.84375,51.29435],[-2.84345,51.29441],[-2.84275,51.29398],[-2.84214,51.29381],[-2.84151,51.29348],[-2.84121,51.29279],[-2.84151,51.29265],[-2.84155,51.29238],[-2.84142,51.29142],[-2.84197,51.29109],[-2.84253,51.29084],[-2.84236,51.29085],[-2.84193,51.29104],[-2.84134,51.29104],[-2.84093,51.29102],[-2.84105,51.29058],[-2.84118,51.29045],[-2.8411,51.29033],[-2.84079,51.29045],[-2.84044,51.29042],[-2.83953,51.29009],[-2.83828,51.29036],[-2.83794,51.2901],[-2.83667,51.29008],[-2.8365,51.28991],[-2.83647,51.28992],[-2.83644,51.28994],[-2.83638,51.29032],[-2.83617,51.29164],[-2.83579,51.29225],[-2.83704,51.2925],[-2.83734,51.29256],[-2.83747,51.2929],[-2.83819,51.29428],[-2.8397,51.29518],[-2.83832,51.29556],[-2.8387,51.2972],[-2.83808,51.29824],[-2.83736,51.29908],[-2.83788,51.29952],[-2.83762,51.29968],[-2.83923,51.30033],[-2.84632,51.2999],[-2.84679,51.29987],[-2.84718,51.29985],[-2.84809,51.29979],[-2.85122,51.29959],[-2.85316,51.29946],[-2.8566,51.30012],[-2.86054,51.30013],[-2.86334,51.30014],[-2.86434,51.30017],[-2.86433,51.30255],[-2.86453,51.30252],[-2.86487,51.30249],[-2.865,51.30275],[-2.86572,51.30276],[-2.86591,51.30336],[-2.86596,51.30352],[-2.86641,51.30353],[-2.86676,51.3038],[-2.86829,51.30413],[-2.86847,51.30416],[-2.86964,51.30388],[-2.87004,51.30381],[-2.87086,51.30367],[-2.87143,51.30357],[-2.87203,51.30376],[-2.87355,51.30373]]]}},{"type":"Feature","properties":{"natural":"wood"},"geometry":{"type":"Polygon","coordinates":[[[-2.84254,51.29084],[-2.84197,51.29109],[-2.84142,51.29142],[-2.84155,51.29238],[-2.84151,51.29265],[-2.84121,51.29279],[-2.84151,51.29348],[-2.84215,51.29381],[-2.84275,51.29399],[-2.84345,51.29441],[-2.84375,51.29435],[-2.84284,51.29378],[-2.84254,51.29364],[-2.84206,51.29329],[-2.84207,51.2925],[-2.84238,51.29241],[-2.84188,51.29198],[-2.84254,51.29084]]]}},{"type":"Feature","properties":{"natural":"wood"},"geometry":{"type":"Polygon","coordinates":[[[-2.79426,51.30667],[-2.79427,51.30661],[-2.7943,51.30652],[-2.79371,51.30663],[-2.79328,51.30667],[-2.79316,51.30663],[-2.79274,51.30616],[-2.79229,51.30554],[-2.79239,51.30546],[-2.79328,51.30554],[-2.79379,51.30532],[-2.79425,51.30578],[-2.79523,51.30547],[-2.79551,51.30538],[-2.79552,51.30526],[-2.79554,51.30509],[-2.79555,51.30497],[-2.79521,51.30442],[-2.79516,51.30442],[-2.79495,51.30442],[-2.7945,51.30441],[-2.79425,51.30423],[-2.79404,51.30362],[-2.79386,51.3033],[-2.79382,51.30323],[-2.79364,51.30248],[-2.79415,51.30238],[-2.7945,51.30209],[-2.79471,51.30209],[-2.79518,51.30208],[-2.79443,51.30115],[-2.79384,51.30074],[-2.7923,51.30021],[-2.79149,51.30035],[-2.79117,51.30091],[-2.79176,51.30101],[-2.79229,51.30105],[-2.79236,51.30141],[-2.79183,51.30152],[-2.79137,51.30148],[-2.79115,51.30125],[-2.7908,51.30119],[-2.79013,51.30093],[-2.78989,51.3003],[-2.78936,51.30054],[-2.78932,51.30075],[-2.78952,51.30092],[-2.78933,51.30125],[-2.78918,51.30182],[-2.78882,51.3021],[-2.78915,51.30232],[-2.78923,51.30239],[-2.79219,51.30224],[-2.79271,51.30224],[-2.79277,51.30339],[-2.79278,51.30346],[-2.79298,51.30451],[-2.79289,51.30497],[-2.79278,51.30503],[-2.79267,51.30508],[-2.79172,51.30494],[-2.79064,51.30485],[-2.79034,51.30484],[-2.78894,51.30478],[-2.78645,51.3049],[-2.78609,51.30512],[-2.78475,51.30541],[-2.78322,51.30564],[-2.78144,51.30572],[-2.78207,51.30592],[-2.7824,51.30611],[-2.78447,51.30575],[-2.78557,51.30561],[-2.78679,51.30535],[-2.78891,51.30536],[-2.78914,51.30536],[-2.79213,51.30545],[-2.7922,51.30587],[-2.79244,51.30625],[-2.79156,51.30633],[-2.78912,51.30629],[-2.78922,51.30664],[-2.78996,51.30657],[-2.79117,51.30667],[-2.79205,51.30682],[-2.79345,51.30678],[-2.79426,51.30667]]]}},{"type":"Feature","properties":{"natural":"wood"},"geometry":{"type":"Polygon","coordinates":[[[-2.78809,51.29259],[-2.78804,51.29282],[-2.78748,51.29307],[-2.78705,51.29352],[-2.78658,51.29415],[-2.78769,51.29576],[-2.78748,51.2958],[-2.78728,51.29584],[-2.78707,51.29553],[-2.7867,51.29537],[-2.78631,51.29531],[-2.78616,51.29535],[-2.78578,51.29508],[-2.78574,51.29404],[-2.78531,51.29406],[-2.78498,51.29427],[-2.78502,51.29497],[-2.78486,51.29514],[-2.78528,51.29551],[-2.78464,51.29581],[-2.78434,51.29524],[-2.78401,51.2949],[-2.78376,51.29465],[-2.78369,51.29401],[-2.78392,51.29373],[-2.78477,51.29366],[-2.7852,51.29349],[-2.78554,51.29281],[-2.78551,51.29259],[-2.78587,51.29201],[-2.78496,51.29131],[-2.78409,51.29128],[-2.7837,51.29059],[-2.78397,51.2898],[-2.7847,51.28921],[-2.78502,51.28859],[-2.78554,51.28824],[-2.78571,51.28786],[-2.78535,51.28761],[-2.78525,51.28693],[-2.78536,51.28644],[-2.78562,51.28627],[-2.7869,51.28683],[-2.78843,51.28708],[-2.78857,51.2871],[-2.78849,51.28746],[-2.78802,51.28764],[-2.78776,51.28765],[-2.7876,51.28794],[-2.78742,51.28811],[-2.78688,51.28806],[-2.78675,51.28859],[-2.78642,51.28927],[-2.78748,51.29003],[-2.78753,51.29043],[-2.78753,51.29134],[-2.78809,51.29259]]]}},{"type":"Feature","properties":{"natural":"wood"},"geometry":{"type":"Polygon","coordinates":[[[-2.85051,51.34469],[-2.84976,51.34375],[-2.84925,51.34326],[-2.84961,51.34304],[-2.84977,51.34317],[-2.84999,51.34344],[-2.85083,51.34425],[-2.85051,51.34469]]]}},{"type":"Feature","properties":{"natural":"wood"},"geometry":{"type":"Polygon","coordinates":[[[-2.85309,51.34893],[-2.85295,51.3488],[-2.85277,51.34871],[-2.85263,51.34864],[-2.85242,51.34862],[-2.85231,51.3488],[-2.85222,51.3489],[-2.85205,51.34895],[-2.85197,51.34898],[-2.85178,51.34906],[-2.85157,51.34916],[-2.8513,51.34931],[-2.85107,51.34948],[-2.85105,51.34957],[-2.8514,51.3498],[-2.85159,51.34994],[-2.8517,51.34999],[-2.85186,51.35],[-2.85199,51.34998],[-2.85209,51.34994],[-2.85219,51.34982],[-2.85234,51.34951],[-2.85255,51.34906],[-2.85293,51.34897],[-2.85309,51.34893]]]}},{"type":"Feature","properties":{"natural":"scrub"},"geometry":{"type":"Polygon","coordinates":[[[-2.7314,51.27766],[-2.72957,51.27943],[-2.72938,51.27952],[-2.72925,51.27959],[-2.72908,51.27973],[-2.72901,51.27981],[-2.72834,51.28041],[-2.72827,51.28048],[-2.72474,51.28046],[-2.72374,51.28015],[-2.72339,51.2801],[-2.72316,51.28006],[-2.72356,51.28002],[-2.72407,51.27997],[-2.72431,51.27994],[-2.72446,51.27991],[-2.72512,51.27998],[-2.72582,51.27997],[-2.72603,51.27996],[-2.7268,51.27981],[-2.7269,51.27992],[-2.72777,51.27969],[-2.72768,51.27935],[-2.72855,51.27884],[-2.72957,51.27758],[-2.72905,51.27735],[-2.72895,51.27712],[-2.7302,51.27717],[-2.73084,51.27726],[-2.7312,51.27744],[-2.7314,51.27766]]]}},{"type":"Feature","properties":{"natural":"heath"},"geometry":{"type":"Polygon","coordinates":[[[-2.77248,51.28478],[-2.7725,51.28477],[-2.77255,51.28475],[-2.77251,51.28386],[-2.77048,51.28331],[-2.77038,51.28324],[-2.77001,51.28281],[-2.76942,51.28247],[-2.76896,51.28247],[-2.76852,51.28245],[-2.76833,51.28246],[-2.76804,51.28242],[-2.76735,51.28218],[-2.76651,51.28214],[-2.76648,51.28224],[-2.76593,51.28221],[-2.76592,51.28216],[-2.76575,51.28219],[-2.76535,51.28218],[-2.76536,51.28245],[-2.76523,51.28244],[-2.76521,51.28259],[-2.76529,51.28263],[-2.76527,51.28269],[-2.76487,51.28282],[-2.76497,51.28305],[-2.76496,51.28317],[-2.76503,51.28324],[-2.76522,51.28327],[-2.76568,51.2831],[-2.76603,51.28273],[-2.76627,51.28259],[-2.76643,51.28258],[-2.76595,51.28308],[-2.76547,51.2833],[-2.76534,51.28344],[-2.76515,51.28351],[-2.7647,51.28351],[-2.76429,51.28351],[-2.76405,51.28342],[-2.76404,51.28349],[-2.76425,51.28371],[-2.76424,51.2839],[-2.76387,51.28389],[-2.76349,51.2836],[-2.76325,51.28356],[-2.76302,51.28364],[-2.76298,51.28378],[-2.76307,51.28395],[-2.76338,51.28417],[-2.7637,51.28433],[-2.7642,51.28441],[-2.76426,51.28455],[-2.76428,51.28478],[-2.76421,51.28493],[-2.76402,51.28479],[-2.76383,51.28461],[-2.76355,51.28453],[-2.76332,51.28464],[-2.76326,51.28476],[-2.76359,51.28508],[-2.76361,51.28531],[-2.76336,51.28545],[-2.76319,51.28551],[-2.76304,51.28569],[-2.7629,51.2859],[-2.76249,51.28617],[-2.76179,51.28633],[-2.7606,51.28633],[-2.76006,51.28647],[-2.75954,51.28663],[-2.75888,51.28668],[-2.75848,51.28664],[-2.75819,51.2865],[-2.75799,51.28635],[-2.75783,51.28602],[-2.75783,51.28581],[-2.75774,51.28566],[-2.75757,51.28569],[-2.75755,51.28605],[-2.75747,51.2862],[-2.75732,51.28655],[-2.75681,51.28668],[-2.75641,51.28677],[-2.75625,51.28701],[-2.75609,51.28726],[-2.75569,51.28743],[-2.75522,51.28766],[-2.75492,51.28786],[-2.75438,51.2881],[-2.75375,51.28828],[-2.75312,51.2884],[-2.75241,51.28848],[-2.75182,51.28842],[-2.75117,51.28857],[-2.75088,51.28854],[-2.75046,51.28854],[-2.75005,51.28864],[-2.74923,51.28869],[-2.74844,51.28847],[-2.74818,51.28831],[-2.74807,51.28805],[-2.74776,51.28775],[-2.74753,51.28765],[-2.74724,51.28787],[-2.74722,51.28829],[-2.74729,51.28854],[-2.74702,51.28876],[-2.74666,51.28887],[-2.74555,51.2889],[-2.74558,51.28899],[-2.74583,51.2896],[-2.74587,51.28969],[-2.74517,51.2897],[-2.74397,51.28867],[-2.74363,51.28822],[-2.74369,51.28797],[-2.74338,51.2878],[-2.74233,51.28791],[-2.74201,51.28771],[-2.74097,51.28789],[-2.74004,51.28823],[-2.73936,51.28839],[-2.73899,51.28826],[-2.73884,51.28832],[-2.73863,51.28837],[-2.73832,51.28837],[-2.73805,51.28846],[-2.73746,51.28863],[-2.73685,51.28867],[-2.73681,51.28856],[-2.73705,51.28832],[-2.73731,51.28827],[-2.73777,51.28834],[-2.73804,51.28826],[-2.73806,51.28816],[-2.73798,51.28803],[-2.73769,51.28756],[-2.73907,51.28702],[-2.73933,51.28678],[-2.7395,51.28673],[-2.74002,51.28702],[-2.74073,51.28693],[-2.74069,51.28673],[-2.74096,51.28672],[-2.7409,51.28599],[-2.74133,51.28596],[-2.74128,51.28591],[-2.73884,51.28571],[-2.73865,51.2858],[-2.73805,51.2861],[-2.73755,51.28671],[-2.7367,51.28731],[-2.73608,51.28768],[-2.73531,51.28804],[-2.73434,51.28841],[-2.73428,51.28823],[-2.73375,51.28821],[-2.73401,51.2891],[-2.73384,51.28918],[-2.72972,51.28978],[-2.72951,51.28981],[-2.72613,51.29031],[-2.72555,51.2902],[-2.7252,51.2902],[-2.72517,51.29016],[-2.72502,51.28986],[-2.72491,51.28964],[-2.72415,51.2897],[-2.72435,51.29036],[-2.72348,51.29059],[-2.72338,51.2907],[-2.72312,51.29076],[-2.72287,51.29082],[-2.72187,51.29211],[-2.72266,51.29276],[-2.72132,51.29339],[-2.72067,51.29361],[-2.72044,51.29344],[-2.72025,51.29342],[-2.71997,51.29353],[-2.71975,51.29382],[-2.71933,51.29372],[-2.71948,51.2944],[-2.71871,51.29425],[-2.71837,51.29426],[-2.71813,51.29427],[-2.71764,51.29441],[-2.71738,51.29454],[-2.71621,51.29423],[-2.71571,51.29408],[-2.71515,51.29416],[-2.71419,51.2944],[-2.71402,51.29444],[-2.71315,51.29398],[-2.71282,51.29375],[-2.71265,51.29352],[-2.71213,51.2925],[-2.71172,51.29107],[-2.70224,51.29111],[-2.70292,51.29173],[-2.70416,51.29286],[-2.7043,51.29298],[-2.70542,51.294],[-2.70449,51.29409],[-2.70362,51.29426],[-2.70318,51.29439],[-2.70373,51.29512],[-2.70409,51.29528],[-2.70401,51.29566],[-2.70395,51.29592],[-2.7039,51.29618],[-2.70447,51.296],[-2.70484,51.29601],[-2.70507,51.29614],[-2.70543,51.29629],[-2.70642,51.29645],[-2.70705,51.29614],[-2.70744,51.29663],[-2.70811,51.29654],[-2.70835,51.29687],[-2.70823,51.29828],[-2.70813,51.29901],[-2.70812,51.29905],[-2.70811,51.29923],[-2.70896,51.29916],[-2.70966,51.29909],[-2.70985,51.29928],[-2.70983,51.29942],[-2.70967,51.29956],[-2.70931,51.29963],[-2.70929,51.29987],[-2.70929,51.30013],[-2.70973,51.30026],[-2.70993,51.30044],[-2.70991,51.30057],[-2.70976,51.30066],[-2.70957,51.30081],[-2.71026,51.30076],[-2.70993,51.30091],[-2.70921,51.30088],[-2.70816,51.30061],[-2.70797,51.3008],[-2.70882,51.30106],[-2.70833,51.30107],[-2.70798,51.30116],[-2.70861,51.30136],[-2.70755,51.30178],[-2.70814,51.30217],[-2.70682,51.30309],[-2.70699,51.30308],[-2.70784,51.30255],[-2.70805,51.30262],[-2.70845,51.3029],[-2.70908,51.30263],[-2.71008,51.30253],[-2.71022,51.30252],[-2.71104,51.30229],[-2.71236,51.30154],[-2.71297,51.30086],[-2.71266,51.30078],[-2.71292,51.30028],[-2.71236,51.3001],[-2.71215,51.29983],[-2.71164,51.29932],[-2.71166,51.29881],[-2.71207,51.29819],[-2.71212,51.29814],[-2.71259,51.29818],[-2.71307,51.29834],[-2.71336,51.29843],[-2.71382,51.2985],[-2.71404,51.29854],[-2.7142,51.29856],[-2.71428,51.29854],[-2.71439,51.29855],[-2.71443,51.29834],[-2.71446,51.29831],[-2.71439,51.29831],[-2.71424,51.2982],[-2.7142,51.29815],[-2.71419,51.2981],[-2.7141,51.29806],[-2.714,51.29801],[-2.71389,51.29791],[-2.71385,51.29791],[-2.71375,51.29784],[-2.71365,51.29778],[-2.71366,51.29772],[-2.7133,51.29758],[-2.71359,51.29739],[-2.71418,51.29715],[-2.71445,51.29704],[-2.71462,51.29683],[-2.71498,51.29661],[-2.71512,51.29658],[-2.71542,51.29651],[-2.71581,51.29658],[-2.71601,51.29671],[-2.71618,51.2969],[-2.71596,51.2962],[-2.71763,51.2958],[-2.71877,51.29549],[-2.71902,51.29542],[-2.72059,51.29512],[-2.72073,51.2952],[-2.72143,51.29508],[-2.72241,51.29491],[-2.72328,51.29473],[-2.7241,51.29452],[-2.72452,51.29441],[-2.72473,51.29421],[-2.72537,51.2937],[-2.72554,51.2936],[-2.72563,51.29343],[-2.72597,51.29309],[-2.72629,51.29237],[-2.72648,51.29218],[-2.7269,51.29212],[-2.72747,51.29228],[-2.72809,51.29269],[-2.72903,51.29277],[-2.72971,51.29284],[-2.73103,51.29238],[-2.73252,51.29155],[-2.73294,51.29098],[-2.73326,51.29076],[-2.73453,51.29067],[-2.73518,51.29092],[-2.73545,51.29074],[-2.73564,51.29088],[-2.73561,51.291],[-2.73582,51.29099],[-2.73602,51.29116],[-2.73609,51.29137],[-2.73621,51.29168],[-2.73632,51.29184],[-2.73637,51.29204],[-2.73646,51.29222],[-2.7367,51.29239],[-2.73713,51.2927],[-2.73724,51.29278],[-2.73784,51.29291],[-2.7379,51.29297],[-2.738,51.29293],[-2.73793,51.29275],[-2.73787,51.29271],[-2.73782,51.29261],[-2.73758,51.29243],[-2.73743,51.29232],[-2.73732,51.2922],[-2.73713,51.29211],[-2.73705,51.29203],[-2.73671,51.29193],[-2.73655,51.2918],[-2.7364,51.29165],[-2.73631,51.29149],[-2.73637,51.2914],[-2.73624,51.29136],[-2.73623,51.29124],[-2.73618,51.29114],[-2.7363,51.29106],[-2.73644,51.29095],[-2.73666,51.29092],[-2.73682,51.29089],[-2.73692,51.29095],[-2.73677,51.29108],[-2.73669,51.29119],[-2.73652,51.2913],[-2.73664,51.29133],[-2.73684,51.29124],[-2.73685,51.29135],[-2.73681,51.29149],[-2.73701,51.29146],[-2.73712,51.29156],[-2.73709,51.29166],[-2.73725,51.29177],[-2.73735,51.29173],[-2.73742,51.29159],[-2.73772,51.29168],[-2.73885,51.29111],[-2.73925,51.29073],[-2.73952,51.29008],[-2.74232,51.29023],[-2.74252,51.29099],[-2.74454,51.29127],[-2.74434,51.29163],[-2.7469,51.29174],[-2.7472,51.29238],[-2.75011,51.29282],[-2.75112,51.29288],[-2.75363,51.29041],[-2.75709,51.29107],[-2.75852,51.28972],[-2.75879,51.28983],[-2.76177,51.2911],[-2.76205,51.29051],[-2.76275,51.29021],[-2.76302,51.29016],[-2.7636,51.28977],[-2.76516,51.28996],[-2.76547,51.28954],[-2.76615,51.2892],[-2.76638,51.28908],[-2.76664,51.28893],[-2.76726,51.28879],[-2.7683,51.28874],[-2.7685,51.28858],[-2.76831,51.28848],[-2.76826,51.28832],[-2.76873,51.28744],[-2.76976,51.28611],[-2.76964,51.28605],[-2.76903,51.28577],[-2.76857,51.28587],[-2.76784,51.28588],[-2.7678,51.28617],[-2.76808,51.28648],[-2.76803,51.28649],[-2.76778,51.28624],[-2.7673,51.28611],[-2.76705,51.28607],[-2.76699,51.28618],[-2.76683,51.28615],[-2.76671,51.28622],[-2.76671,51.28631],[-2.76608,51.28654],[-2.76643,51.28703],[-2.76618,51.28698],[-2.76594,51.2869],[-2.76571,51.28681],[-2.76545,51.28671],[-2.76575,51.28667],[-2.76578,51.28653],[-2.7656,51.28652],[-2.76544,51.28643],[-2.76533,51.28618],[-2.76499,51.2858],[-2.76465,51.28579],[-2.76506,51.28429],[-2.767,51.28249],[-2.76758,51.28277],[-2.76729,51.28331],[-2.7681,51.2836],[-2.76972,51.28327],[-2.77008,51.28352],[-2.77115,51.28359],[-2.77215,51.2842],[-2.77246,51.28479],[-2.77248,51.28478]]]}},{"type":"Feature","properties":{"natural":"scrub"},"geometry":{"type":"Polygon","coordinates":[[[-2.76057,51.28594],[-2.76081,51.28589],[-2.76099,51.28588],[-2.7611,51.28591],[-2.76127,51.28597],[-2.76145,51.28592],[-2.76159,51.28578],[-2.76178,51.28566],[-2.76212,51.28554],[-2.76224,51.28559],[-2.76196,51.28573],[-2.76177,51.28582],[-2.76157,51.28597],[-2.7613,51.28607],[-2.76096,51.286],[-2.76077,51.28596],[-2.76057,51.28594]]]}},{"type":"Feature","properties":{"natural":"wood"},"geometry":{"type":"Polygon","coordinates":[[[-2.75296,51.28807],[-2.75357,51.28791],[-2.75408,51.2878],[-2.7532,51.28775],[-2.75302,51.28779],[-2.75263,51.28804],[-2.75231,51.28818],[-2.75219,51.28833],[-2.75221,51.2884],[-2.75251,51.2884],[-2.75269,51.28826],[-2.75317,51.28814],[-2.75274,51.28818],[-2.75267,51.28816],[-2.75296,51.28807]]]}},{"type":"Feature","properties":{"natural":"scrub"},"geometry":{"type":"Polygon","coordinates":[[[-2.7507,51.28802],[-2.75012,51.28802],[-2.74952,51.28799],[-2.74897,51.28808],[-2.74863,51.28804],[-2.74845,51.28788],[-2.74822,51.28775],[-2.74797,51.28767],[-2.74846,51.28796],[-2.74866,51.28813],[-2.74857,51.28818],[-2.74814,51.2879],[-2.74823,51.28809],[-2.74832,51.28828],[-2.74884,51.2884],[-2.74934,51.28853],[-2.75008,51.28848],[-2.74989,51.28842],[-2.74979,51.28835],[-2.74999,51.28813],[-2.75053,51.28819],[-2.75076,51.28831],[-2.75089,51.28826],[-2.7509,51.28811],[-2.75101,51.28818],[-2.75109,51.2882],[-2.75127,51.2882],[-2.75153,51.288],[-2.75145,51.28796],[-2.75118,51.28793],[-2.75092,51.28796],[-2.7507,51.28802]]]}},{"type":"Feature","properties":{"natural":"wood"},"geometry":{"type":"Polygon","coordinates":[[[-2.75066,51.2885],[-2.75068,51.28842],[-2.75065,51.28829],[-2.75033,51.28818],[-2.75016,51.28822],[-2.75012,51.28829],[-2.74999,51.2883],[-2.74989,51.28841],[-2.75018,51.28841],[-2.75024,51.28846],[-2.7504,51.28851],[-2.75066,51.2885]]]}},{"type":"Feature","properties":{"natural":"wood"},"geometry":{"type":"Polygon","coordinates":[[[-2.74912,51.28932],[-2.74925,51.28908],[-2.74991,51.28906],[-2.75015,51.28959],[-2.75041,51.28967],[-2.75114,51.28967],[-2.75263,51.28926],[-2.75217,51.28899],[-2.75238,51.28893],[-2.75273,51.28913],[-2.7538,51.28908],[-2.75448,51.28887],[-2.7548,51.28865],[-2.75516,51.28857],[-2.75535,51.28841],[-2.75495,51.28822],[-2.75446,51.28822],[-2.75406,51.28842],[-2.75357,51.2884],[-2.75319,51.28854],[-2.75282,51.28849],[-2.75261,51.28856],[-2.75227,51.28873],[-2.75225,51.28855],[-2.75199,51.28861],[-2.75163,51.28897],[-2.75149,51.28883],[-2.75118,51.28865],[-2.75054,51.28861],[-2.75018,51.28872],[-2.74959,51.28872],[-2.74862,51.28863],[-2.74794,51.28834],[-2.7478,51.28798],[-2.74733,51.28797],[-2.74737,51.28825],[-2.74732,51.28867],[-2.74702,51.28893],[-2.74611,51.28912],[-2.74558,51.28899],[-2.74583,51.2896],[-2.74642,51.28938],[-2.74743,51.28912],[-2.74784,51.28908],[-2.74821,51.28958],[-2.74755,51.28982],[-2.74612,51.2898],[-2.74603,51.28991],[-2.7463,51.29064],[-2.74596,51.29067],[-2.74564,51.29026],[-2.74531,51.29046],[-2.74556,51.29093],[-2.74597,51.2911],[-2.74597,51.29131],[-2.74595,51.29156],[-2.7461,51.29167],[-2.74654,51.29146],[-2.74689,51.29125],[-2.74708,51.29143],[-2.74821,51.29022],[-2.74878,51.28983],[-2.74912,51.28932]]]}},{"type":"Feature","properties":{"natural":"wood"},"geometry":{"type":"Polygon","coordinates":[[[-2.73831,51.28934],[-2.73887,51.28964],[-2.73913,51.28942],[-2.73952,51.28942],[-2.73944,51.28977],[-2.73929,51.29002],[-2.73883,51.29058],[-2.73843,51.29112],[-2.73754,51.29135],[-2.7379,51.29091],[-2.73794,51.29065],[-2.73839,51.29049],[-2.73856,51.29037],[-2.7382,51.29017],[-2.7382,51.28999],[-2.73811,51.28977],[-2.73802,51.28963],[-2.73785,51.28936],[-2.73796,51.28919],[-2.73825,51.28928],[-2.73831,51.28934]]]}},{"type":"Feature","properties":{"natural":"wood"},"geometry":{"type":"Polygon","coordinates":[[[-2.761,51.29008],[-2.76081,51.28962],[-2.76109,51.2895],[-2.76173,51.28977],[-2.76167,51.28994],[-2.76154,51.29003],[-2.76121,51.2901],[-2.761,51.29008]]]}},{"type":"Feature","properties":{"natural":"wood"},"geometry":{"type":"Polygon","coordinates":[[[-2.76583,51.28806],[-2.76597,51.28796],[-2.76626,51.28804],[-2.76644,51.28803],[-2.76678,51.28798],[-2.76686,51.28788],[-2.76711,51.288],[-2.76725,51.28842],[-2.76685,51.28845],[-2.76553,51.28851],[-2.76513,51.28871],[-2.7647,51.28873],[-2.76399,51.28913],[-2.76432,51.28872],[-2.76385,51.28869],[-2.7636,51.28863],[-2.76389,51.28845],[-2.76446,51.28834],[-2.76476,51.28856],[-2.76525,51.28834],[-2.76542,51.28811],[-2.76554,51.288],[-2.76583,51.28806]]]}},{"type":"Feature","properties":{"natural":"wood"},"geometry":{"type":"Polygon","coordinates":[[[-2.76376,51.28969],[-2.76268,51.288],[-2.76217,51.28804],[-2.76184,51.28826],[-2.76257,51.2893],[-2.76227,51.28953],[-2.76228,51.28975],[-2.7623,51.28989],[-2.76238,51.29011],[-2.76172,51.29034],[-2.76204,51.2901],[-2.76195,51.28982],[-2.76178,51.28944],[-2.76152,51.28925],[-2.76108,51.28926],[-2.76077,51.28916],[-2.76086,51.28904],[-2.76114,51.28893],[-2.76064,51.28873],[-2.76042,51.28887],[-2.76029,51.28876],[-2.76035,51.28856],[-2.76077,51.28825],[-2.76108,51.28832],[-2.7611,51.2881],[-2.76136,51.28816],[-2.76091,51.28795],[-2.76036,51.28789],[-2.7597,51.2881],[-2.76003,51.28761],[-2.76047,51.28757],[-2.76064,51.28754],[-2.76071,51.2872],[-2.76096,51.28718],[-2.76109,51.28731],[-2.76126,51.28745],[-2.76167,51.28774],[-2.76231,51.28779],[-2.76285,51.28762],[-2.76311,51.28731],[-2.76316,51.28706],[-2.76338,51.28698],[-2.76366,51.28708],[-2.76368,51.28718],[-2.76369,51.28725],[-2.76372,51.2874],[-2.76402,51.28752],[-2.76387,51.28776],[-2.76351,51.28835],[-2.76326,51.28827],[-2.76311,51.28791],[-2.76312,51.28776],[-2.76293,51.28781],[-2.76283,51.288],[-2.76385,51.28955],[-2.76376,51.28969]]]}},{"type":"Feature","properties":{"natural":"wood"},"geometry":{"type":"Polygon","coordinates":[[[-2.75806,51.28669],[-2.75734,51.28671],[-2.75663,51.28702],[-2.75665,51.28743],[-2.7564,51.28766],[-2.75625,51.2876],[-2.75604,51.28796],[-2.75567,51.2883],[-2.75585,51.28847],[-2.75654,51.28831],[-2.75658,51.28797],[-2.75671,51.28781],[-2.75684,51.28806],[-2.75689,51.28832],[-2.75705,51.28835],[-2.75681,51.28867],[-2.75683,51.28882],[-2.75738,51.28869],[-2.75758,51.28864],[-2.75796,51.28867],[-2.75812,51.28861],[-2.75799,51.28842],[-2.75757,51.28851],[-2.75716,51.28855],[-2.75739,51.28826],[-2.75813,51.28811],[-2.75854,51.2882],[-2.75905,51.28798],[-2.75987,51.28749],[-2.76013,51.28718],[-2.76017,51.28706],[-2.76027,51.28672],[-2.76037,51.28647],[-2.75967,51.28673],[-2.75899,51.28703],[-2.75874,51.28689],[-2.75848,51.28694],[-2.75858,51.28676],[-2.75806,51.28669]]]}},{"type":"Feature","properties":{"natural":"wood"},"geometry":{"type":"Polygon","coordinates":[[[-2.75626,51.28883],[-2.75458,51.28912],[-2.75327,51.28935],[-2.75301,51.28938],[-2.75214,51.28965],[-2.75256,51.28967],[-2.75321,51.28949],[-2.75362,51.28954],[-2.75406,51.28956],[-2.75461,51.28951],[-2.75512,51.28929],[-2.7558,51.28909],[-2.75626,51.28883]]]}},{"type":"Feature","properties":{"natural":"scrub"},"geometry":{"type":"Polygon","coordinates":[[[-2.76424,51.2833],[-2.76409,51.28327],[-2.76393,51.28341],[-2.76396,51.28355],[-2.76405,51.28367],[-2.76405,51.28372],[-2.76388,51.28369],[-2.76382,51.28378],[-2.76378,51.2837],[-2.76377,51.28365],[-2.76377,51.2836],[-2.76377,51.2835],[-2.76369,51.28341],[-2.76376,51.28334],[-2.76387,51.28325],[-2.76402,51.2832],[-2.76413,51.28323],[-2.76421,51.28326],[-2.76424,51.2833]]]}},{"type":"Feature","properties":{"natural":"scrub"},"geometry":{"type":"Polygon","coordinates":[[[-2.76266,51.28523],[-2.7627,51.28508],[-2.76283,51.2848],[-2.76284,51.28458],[-2.76287,51.2844],[-2.76306,51.28427],[-2.76331,51.28428],[-2.76324,51.28437],[-2.76301,51.28456],[-2.76299,51.28477],[-2.7632,51.28494],[-2.76331,51.28505],[-2.76331,51.28514],[-2.76299,51.2851],[-2.76275,51.28523],[-2.76275,51.28532],[-2.76266,51.28523]]]}},{"type":"Feature","properties":{"natural":"wood"},"geometry":{"type":"Polygon","coordinates":[[[-2.81508,51.32693],[-2.81475,51.32703],[-2.81402,51.32704],[-2.81319,51.327],[-2.81269,51.32708],[-2.81217,51.32711],[-2.81192,51.32696],[-2.81165,51.32682],[-2.81092,51.32663],[-2.8109,51.3263],[-2.81115,51.32627],[-2.81222,51.32613],[-2.8136,51.32596],[-2.81384,51.32584],[-2.81429,51.3256],[-2.8148,51.32597],[-2.8151,51.32634],[-2.81518,51.32661],[-2.81508,51.32693]]]}},{"type":"Feature","properties":{"natural":"wood"},"geometry":{"type":"Polygon","coordinates":[[[-2.85951,51.30114],[-2.85895,51.30159],[-2.85809,51.3018],[-2.85641,51.3018],[-2.85591,51.30193],[-2.85325,51.30169],[-2.85041,51.30114],[-2.84984,51.29979],[-2.85112,51.29976],[-2.85138,51.3001],[-2.85219,51.30025],[-2.85256,51.30093],[-2.85331,51.30107],[-2.85344,51.3011],[-2.85452,51.30131],[-2.85652,51.30136],[-2.85841,51.30112],[-2.85867,51.30109],[-2.85951,51.30114]]]}},{"type":"Feature","properties":{"natural":"wood"},"geometry":{"type":"Polygon","coordinates":[[[-2.79583,51.28324],[-2.79469,51.28339],[-2.7941,51.28283],[-2.79409,51.28217],[-2.79381,51.28211],[-2.79368,51.28152],[-2.7943,51.28157],[-2.79467,51.28162],[-2.79498,51.28211],[-2.7953,51.2827],[-2.79583,51.28324]]]}},{"type":"Feature","properties":{"natural":"wood"},"geometry":{"type":"Polygon","coordinates":[[[-2.85077,51.31269],[-2.84928,51.31272],[-2.8486,51.31264],[-2.84724,51.31227],[-2.84789,51.3124],[-2.84847,51.31233],[-2.8487,51.31212],[-2.84886,51.31181],[-2.84891,51.31166],[-2.84982,51.31148],[-2.85004,51.31187],[-2.85043,51.31194],[-2.85111,51.31184],[-2.85261,51.31131],[-2.85288,51.31179],[-2.85229,51.31198],[-2.8521,51.31201],[-2.85165,51.3121],[-2.85102,51.31221],[-2.85096,51.31246],[-2.85077,51.31269]]]}},{"type":"Feature","properties":{"natural":"wood"},"geometry":{"type":"Polygon","coordinates":[[[-2.78028,51.32575],[-2.78012,51.32581],[-2.77923,51.32623],[-2.77931,51.32641],[-2.77879,51.32645],[-2.77854,51.32643],[-2.7784,51.32648],[-2.7775,51.32663],[-2.77708,51.32645],[-2.77747,51.32626],[-2.77747,51.32599],[-2.7775,51.32576],[-2.7779,51.32553],[-2.77873,51.32564],[-2.77938,51.32564],[-2.77982,51.32568],[-2.78028,51.32575]]]}},{"type":"Feature","properties":{"natural":"scrub"},"geometry":{"type":"Polygon","coordinates":[[[-2.75296,51.30441],[-2.75208,51.30436],[-2.75098,51.30429],[-2.74983,51.30424],[-2.75015,51.30308],[-2.75034,51.30299],[-2.75064,51.30231],[-2.75102,51.30195],[-2.75127,51.3012],[-2.75192,51.3013],[-2.75442,51.3017],[-2.75436,51.30209],[-2.75421,51.30227],[-2.75401,51.30237],[-2.75355,51.30232],[-2.75342,51.30265],[-2.75296,51.30441]]]}},{"type":"Feature","properties":{"natural":"tree_row"},"geometry":{"type":"LineString","coordinates":[[-2.73439,51.32253],[-2.73284,51.32248],[-2.73279,51.32248],[-2.7326,51.32326],[-2.73245,51.32379],[-2.73245,51.3238],[-2.7337,51.32377],[-2.73549,51.32367]]}},{"type":"Feature","properties":{"natural":"wood"},"geometry":{"type":"Polygon","coordinates":[[[-2.78617,51.31981],[-2.78568,51.32007],[-2.78411,51.31949],[-2.78332,51.31915],[-2.78278,51.31834],[-2.78221,51.31827],[-2.78191,51.31823],[-2.78168,51.31787],[-2.78199,51.31744],[-2.78181,51.317],[-2.78175,51.31685],[-2.78112,51.3167],[-2.78113,51.31618],[-2.78043,51.31552],[-2.78025,51.31501],[-2.78085,51.31438],[-2.78105,51.31335],[-2.78024,51.31243],[-2.77943,51.31181],[-2.77883,51.31123],[-2.77852,51.31092],[-2.77757,51.30974],[-2.77696,51.30905],[-2.77579,51.30856],[-2.77543,51.30841],[-2.77337,51.30756],[-2.77118,51.30698],[-2.77274,51.30685],[-2.77466,51.30684],[-2.77524,51.30683],[-2.7762,51.30689],[-2.77685,51.30821],[-2.77689,51.30829],[-2.7782,51.3089],[-2.77937,51.31016],[-2.78039,51.31098],[-2.78094,51.31161],[-2.78218,51.31302],[-2.78189,51.31318],[-2.78168,51.31371],[-2.78154,51.31458],[-2.78183,51.31509],[-2.78291,51.31595],[-2.78341,51.31689],[-2.78336,51.31811],[-2.78434,51.31856],[-2.78617,51.31981]]]}},{"type":"Feature","properties":{"natural":"wood"},"geometry":{"type":"Polygon","coordinates":[[[-2.83557,51.317],[-2.83559,51.31708],[-2.83552,51.31712],[-2.8354,51.31716],[-2.83527,51.31716],[-2.83519,51.31708],[-2.83507,51.31688],[-2.83487,51.31624],[-2.83483,51.31603],[-2.83476,51.31585],[-2.83471,51.31584],[-2.83456,51.31588],[-2.83433,51.31587],[-2.83439,51.31576],[-2.83432,51.31572],[-2.83434,51.31569],[-2.83456,51.31573],[-2.83465,51.31574],[-2.8348,51.31568],[-2.83476,51.31555],[-2.83468,51.31532],[-2.83468,51.31519],[-2.83476,51.31509],[-2.83477,51.31498],[-2.83485,51.31499],[-2.83493,51.31522],[-2.8351,51.3156],[-2.83523,51.3159],[-2.83524,51.31602],[-2.83534,51.31618],[-2.83543,51.3164],[-2.83547,51.3166],[-2.83551,51.31688],[-2.83557,51.317]]]}},{"type":"Feature","properties":{"natural":"wood"},"geometry":{"type":"Polygon","coordinates":[[[-2.7654,51.28689],[-2.76532,51.2868],[-2.76524,51.28673],[-2.76525,51.28668],[-2.76504,51.28663],[-2.76492,51.28668],[-2.76492,51.28674],[-2.76501,51.2868],[-2.76515,51.28686],[-2.7652,51.28691],[-2.7653,51.28695],[-2.76535,51.28694],[-2.7654,51.28689]]]}},{"type":"Feature","properties":{"natural":"wood"},"geometry":{"type":"Polygon","coordinates":[[[-2.76369,51.28725],[-2.76382,51.28722],[-2.76396,51.28716],[-2.76409,51.28706],[-2.76412,51.28701],[-2.76393,51.28704],[-2.76368,51.28718],[-2.76369,51.28725]]]}},{"type":"Feature","properties":{"natural":"wood"},"geometry":{"type":"Polygon","coordinates":[[[-2.7645,51.28681],[-2.76442,51.28677],[-2.76436,51.28682],[-2.76421,51.28689],[-2.76413,51.28697],[-2.76419,51.287],[-2.76423,51.28699],[-2.7645,51.28681]]]}},{"type":"Feature","properties":{"natural":"scrub"},"geometry":{"type":"Polygon","coordinates":[[[-2.7666,51.28774],[-2.76645,51.28766],[-2.76629,51.28759],[-2.76626,51.28744],[-2.76614,51.28737],[-2.76599,51.28728],[-2.76593,51.28719],[-2.76583,51.28722],[-2.7659,51.28736],[-2.76594,51.2876],[-2.76604,51.28775],[-2.76614,51.28787],[-2.7666,51.28774]]]}},{"type":"Feature","properties":{"natural":"scrub"},"geometry":{"type":"Polygon","coordinates":[[[-2.76547,51.28749],[-2.76564,51.28752],[-2.76577,51.28746],[-2.7657,51.28736],[-2.76555,51.28733],[-2.76543,51.28738],[-2.76547,51.28749]]]}},{"type":"Feature","properties":{"natural":"scrub"},"geometry":{"type":"Polygon","coordinates":[[[-2.76563,51.28773],[-2.76553,51.28766],[-2.76555,51.2876],[-2.76525,51.28762],[-2.76513,51.2877],[-2.76535,51.28778],[-2.76563,51.28773]]]}},{"type":"Feature","properties":{"natural":"scrub"},"geometry":{"type":"Polygon","coordinates":[[[-2.76497,51.28807],[-2.76476,51.28816],[-2.76471,51.28805],[-2.76479,51.28792],[-2.76503,51.28789],[-2.76515,51.28799],[-2.76513,51.28804],[-2.76497,51.28807]]]}},{"type":"Feature","properties":{"natural":"scrub"},"geometry":{"type":"Polygon","coordinates":[[[-2.76686,51.2876],[-2.76665,51.28765],[-2.76645,51.28758],[-2.76641,51.28741],[-2.76634,51.28731],[-2.76617,51.28727],[-2.766,51.28717],[-2.76584,51.28712],[-2.76576,51.28713],[-2.76567,51.28719],[-2.76555,51.28714],[-2.76538,51.28708],[-2.76544,51.28697],[-2.76556,51.28692],[-2.7657,51.28697],[-2.76585,51.28696],[-2.76628,51.28709],[-2.76656,51.28726],[-2.76686,51.2876]]]}},{"type":"Feature","properties":{"natural":"wood"},"geometry":{"type":"Polygon","coordinates":[[[-2.78682,51.32677],[-2.7867,51.32661],[-2.78646,51.32628],[-2.78615,51.32628],[-2.78619,51.32604],[-2.78728,51.32586],[-2.78682,51.32677]]]}},{"type":"Feature","properties":{"natural":"wood"},"geometry":{"type":"Polygon","coordinates":[[[-2.78173,51.32713],[-2.78195,51.32684],[-2.781,51.32669],[-2.77954,51.32663],[-2.77776,51.32704],[-2.77735,51.327],[-2.7775,51.32663],[-2.77708,51.32645],[-2.77561,51.32656],[-2.77438,51.32632],[-2.77355,51.32636],[-2.77371,51.32667],[-2.77382,51.32688],[-2.7744,51.32732],[-2.77407,51.32741],[-2.77473,51.32776],[-2.77525,51.32746],[-2.77731,51.32738],[-2.77739,51.32738],[-2.77952,51.32739],[-2.78121,51.32721],[-2.78173,51.32713]]]}},{"type":"Feature","properties":{"natural":"scrub"},"geometry":{"type":"Polygon","coordinates":[[[-2.75559,51.27983],[-2.75627,51.27986],[-2.75692,51.27965],[-2.75704,51.27992],[-2.75806,51.28016],[-2.75868,51.28031],[-2.75898,51.28099],[-2.7584,51.28117],[-2.75825,51.28087],[-2.75782,51.28054],[-2.75677,51.28054],[-2.7562,51.28025],[-2.75574,51.28],[-2.75428,51.27966],[-2.75331,51.27988],[-2.75268,51.28033],[-2.75362,51.27959],[-2.75397,51.27936],[-2.75428,51.27915],[-2.75508,51.27879],[-2.75451,51.2792],[-2.75423,51.27947],[-2.75503,51.27969],[-2.75559,51.27983]]]}},{"type":"Feature","properties":{"natural":"scrub"},"geometry":{"type":"Polygon","coordinates":[[[-2.76006,51.28088],[-2.7596,51.2811],[-2.75938,51.28147],[-2.75938,51.28178],[-2.75964,51.28193],[-2.76036,51.28194],[-2.76032,51.28161],[-2.7605,51.28129],[-2.76093,51.28109],[-2.76006,51.28088]]]}},{"type":"Feature","properties":{"natural":"scrub"},"geometry":{"type":"Polygon","coordinates":[[[-2.74234,51.27994],[-2.74342,51.28036],[-2.74406,51.28093],[-2.74472,51.2812],[-2.74583,51.28141],[-2.74616,51.28162],[-2.74564,51.28244],[-2.74552,51.28265],[-2.74477,51.28245],[-2.74414,51.28209],[-2.74477,51.28216],[-2.74515,51.28216],[-2.74522,51.28189],[-2.74448,51.28152],[-2.74334,51.28122],[-2.74271,51.28085],[-2.74214,51.28056],[-2.74116,51.28028],[-2.73993,51.27981],[-2.74185,51.28033],[-2.74236,51.28047],[-2.74159,51.28013],[-2.74142,51.27996],[-2.74208,51.2801],[-2.74234,51.27994]]]}},{"type":"Feature","properties":{"natural":"scrub"},"geometry":{"type":"Polygon","coordinates":[[[-2.76692,51.2803],[-2.76697,51.2806],[-2.76696,51.28085],[-2.76653,51.28065],[-2.76596,51.28064],[-2.76594,51.28031],[-2.76551,51.28076],[-2.76565,51.28092],[-2.76623,51.28097],[-2.76602,51.281],[-2.76587,51.28108],[-2.7656,51.28108],[-2.76533,51.28109],[-2.76511,51.28115],[-2.7646,51.28127],[-2.7644,51.2813],[-2.76415,51.28138],[-2.76396,51.28145],[-2.76381,51.28152],[-2.76367,51.28155],[-2.76342,51.28174],[-2.76315,51.28174],[-2.76283,51.28177],[-2.76245,51.28174],[-2.76296,51.28138],[-2.76333,51.28124],[-2.7629,51.28101],[-2.76304,51.28083],[-2.76314,51.2806],[-2.76301,51.28025],[-2.76346,51.28038],[-2.76465,51.28026],[-2.76485,51.28016],[-2.76536,51.28004],[-2.76606,51.27976],[-2.76683,51.27959],[-2.76707,51.2794],[-2.76736,51.27942],[-2.76779,51.27955],[-2.76839,51.27953],[-2.76849,51.27962],[-2.76848,51.27969],[-2.76801,51.27967],[-2.76801,51.27975],[-2.76737,51.27969],[-2.76697,51.27965],[-2.76691,51.27968],[-2.76691,51.27981],[-2.76685,51.27992],[-2.76692,51.2803]]]}},{"type":"Feature","properties":{"name":"Aldwick Wood","natural":"wood"},"geometry":{"type":"Polygon","coordinates":[[[-2.73069,51.3494],[-2.73073,51.34909],[-2.73056,51.34877],[-2.73042,51.34854],[-2.73052,51.3483],[-2.73027,51.34811],[-2.73039,51.34807],[-2.73033,51.34797],[-2.72992,51.34783],[-2.72963,51.34769],[-2.72908,51.34773],[-2.72844,51.34802],[-2.72836,51.34797],[-2.72837,51.34784],[-2.72855,51.34772],[-2.72852,51.34762],[-2.72828,51.34758],[-2.728,51.34754],[-2.72766,51.34769],[-2.72756,51.34754],[-2.72736,51.34751],[-2.7271,51.34764],[-2.72677,51.3476],[-2.72664,51.34749],[-2.72649,51.34749],[-2.7256,51.3475],[-2.72365,51.34753],[-2.72351,51.34751],[-2.72334,51.34748],[-2.72327,51.34727],[-2.72321,51.34714],[-2.72277,51.34715],[-2.72275,51.34725],[-2.72278,51.34762],[-2.72279,51.34771],[-2.72354,51.34798],[-2.72385,51.34805],[-2.72422,51.34806],[-2.72454,51.34811],[-2.72687,51.34839],[-2.72747,51.34855],[-2.72773,51.34854],[-2.72791,51.34849],[-2.72798,51.3485],[-2.7285,51.34858],[-2.72897,51.34858],[-2.72916,51.34855],[-2.7293,51.34858],[-2.72925,51.34869],[-2.72903,51.34886],[-2.72924,51.34893],[-2.72933,51.34912],[-2.73004,51.34927],[-2.73016,51.34943],[-2.73035,51.34949],[-2.73042,51.34948],[-2.73053,51.34947],[-2.73069,51.3494]]]}},{"type":"Feature","properties":{"natural":"wood"},"geometry":{"type":"Polygon","coordinates":[[[-2.72829,51.346],[-2.72831,51.34588],[-2.72822,51.34585],[-2.72766,51.34593],[-2.72681,51.34597],[-2.72663,51.34596],[-2.72655,51.34611],[-2.72667,51.34617],[-2.72767,51.3461],[-2.72818,51.34604],[-2.72829,51.346]]]}},{"type":"Feature","properties":{"natural":"wood"},"geometry":{"type":"Polygon","coordinates":[[[-2.74734,51.35128],[-2.74771,51.35076],[-2.74752,51.35069],[-2.74678,51.35077],[-2.74611,51.35061],[-2.74565,51.35023],[-2.74593,51.34975],[-2.74588,51.34973],[-2.74579,51.34968],[-2.74549,51.34976],[-2.74538,51.34973],[-2.74499,51.35009],[-2.74511,51.3506],[-2.74511,51.3508],[-2.74526,51.35091],[-2.74545,51.35095],[-2.74571,51.35085],[-2.74615,51.35094],[-2.74622,51.35103],[-2.74663,51.3511],[-2.74686,51.35104],[-2.7471,51.35112],[-2.74719,51.35124],[-2.74706,51.35153],[-2.74714,51.3516],[-2.74734,51.35128]]]}},{"type":"Feature","properties":{"natural":"scrub"},"geometry":{"type":"Polygon","coordinates":[[[-2.79278,51.30503],[-2.79252,51.30465],[-2.7923,51.3045],[-2.78923,51.30239],[-2.79219,51.30224],[-2.79271,51.30224],[-2.79278,51.30346],[-2.79298,51.30451],[-2.79289,51.30497],[-2.79278,51.30503]]]}},{"type":"Feature","properties":{"natural":"scrub"},"geometry":{"type":"Polygon","coordinates":[[[-2.78616,51.29535],[-2.78578,51.29508],[-2.78574,51.29571],[-2.78552,51.29593],[-2.78507,51.29592],[-2.785,51.29606],[-2.78507,51.29617],[-2.78569,51.2962],[-2.7856,51.2964],[-2.78506,51.29651],[-2.78486,51.29674],[-2.78465,51.29706],[-2.78473,51.29712],[-2.78524,51.29727],[-2.78528,51.29748],[-2.7846,51.29781],[-2.7859,51.29975],[-2.78548,51.3002],[-2.78418,51.30048],[-2.78414,51.30237],[-2.78414,51.30271],[-2.78692,51.30253],[-2.78632,51.30115],[-2.78675,51.29998],[-2.78844,51.2993],[-2.79004,51.29972],[-2.79146,51.30041],[-2.79149,51.30035],[-2.7923,51.30021],[-2.79212,51.29996],[-2.79145,51.29972],[-2.79128,51.2998],[-2.79078,51.29973],[-2.79052,51.29963],[-2.79033,51.29943],[-2.79042,51.2992],[-2.79038,51.29914],[-2.79,51.29796],[-2.78965,51.29707],[-2.78903,51.29584],[-2.78878,51.2955],[-2.78862,51.29544],[-2.78769,51.29576],[-2.78748,51.2958],[-2.7876,51.29585],[-2.78755,51.29593],[-2.78719,51.29594],[-2.78713,51.29604],[-2.78719,51.29623],[-2.78738,51.2964],[-2.78751,51.29648],[-2.78783,51.2965],[-2.78815,51.29657],[-2.78845,51.29652],[-2.78865,51.29642],[-2.78887,51.29628],[-2.78898,51.29629],[-2.789,51.29646],[-2.78902,51.29653],[-2.78909,51.29664],[-2.78896,51.29668],[-2.78884,51.29665],[-2.78845,51.29667],[-2.7883,51.29679],[-2.78843,51.29699],[-2.78842,51.29701],[-2.78816,51.29689],[-2.78796,51.29698],[-2.78778,51.29696],[-2.78756,51.29688],[-2.78742,51.29677],[-2.78714,51.29675],[-2.78693,51.29675],[-2.78681,51.29671],[-2.78659,51.29643],[-2.78643,51.2962],[-2.7863,51.29597],[-2.78637,51.29587],[-2.78619,51.29558],[-2.78617,51.2954],[-2.78616,51.29535]]]}},{"type":"Feature","properties":{"natural":"wood"},"geometry":{"type":"Polygon","coordinates":[[[-2.81945,51.30338],[-2.81803,51.30376],[-2.81732,51.30401],[-2.81733,51.30423],[-2.8185,51.30416],[-2.82236,51.30355],[-2.82274,51.30384],[-2.82242,51.30397],[-2.82208,51.30384],[-2.82187,51.30387],[-2.82016,51.30415],[-2.81788,51.30438],[-2.81623,51.3047],[-2.81597,51.30475],[-2.81594,51.30459],[-2.81704,51.3043],[-2.81699,51.30398],[-2.81638,51.30407],[-2.81407,51.30402],[-2.81215,51.30426],[-2.81065,51.30445],[-2.81,51.30447],[-2.80991,51.30447],[-2.80942,51.30449],[-2.80761,51.3049],[-2.80734,51.30474],[-2.80458,51.30496],[-2.80378,51.30484],[-2.80372,51.30446],[-2.80369,51.30425],[-2.80367,51.30413],[-2.80366,51.30411],[-2.80413,51.3041],[-2.80472,51.30415],[-2.8052,51.30424],[-2.80729,51.30409],[-2.80763,51.30403],[-2.80911,51.30342],[-2.80913,51.30305],[-2.80954,51.30269],[-2.80997,51.30193],[-2.81013,51.30188],[-2.81024,51.30185],[-2.81037,51.30182],[-2.81049,51.30203],[-2.81086,51.30303],[-2.81088,51.3035],[-2.81084,51.30382],[-2.81148,51.30353],[-2.81227,51.30335],[-2.81303,51.3034],[-2.81372,51.30354],[-2.8142,51.30346],[-2.81441,51.30322],[-2.8147,51.30317],[-2.81481,51.30327],[-2.81497,51.30338],[-2.81583,51.30337],[-2.81616,51.30309],[-2.81623,51.30263],[-2.81625,51.30212],[-2.81672,51.30283],[-2.81669,51.30238],[-2.8165,51.30205],[-2.81685,51.30224],[-2.81691,51.30266],[-2.81698,51.30298],[-2.81711,51.30306],[-2.81744,51.30309],[-2.81761,51.30314],[-2.81761,51.30329],[-2.81777,51.30339],[-2.8182,51.30333],[-2.81878,51.30327],[-2.81945,51.30338]]]}},{"type":"Feature","properties":{"natural":"wood"},"geometry":{"type":"Polygon","coordinates":[[[-2.81814,51.29165],[-2.81978,51.29146],[-2.82122,51.29156],[-2.82188,51.2916],[-2.82202,51.29161],[-2.82267,51.29087],[-2.82369,51.29079],[-2.82394,51.29022],[-2.82394,51.28973],[-2.82351,51.28951],[-2.82328,51.28972],[-2.82272,51.28977],[-2.82223,51.28998],[-2.8217,51.28975],[-2.82119,51.28956],[-2.82037,51.28932],[-2.81969,51.28921],[-2.81762,51.28949],[-2.81621,51.28972],[-2.8161,51.28986],[-2.81608,51.2901],[-2.81605,51.2905],[-2.81675,51.29055],[-2.81675,51.29079],[-2.81631,51.29142],[-2.81527,51.29171],[-2.81443,51.29166],[-2.81417,51.29114],[-2.81378,51.2907],[-2.81322,51.29044],[-2.81275,51.29012],[-2.81265,51.28986],[-2.81217,51.28983],[-2.8101,51.28976],[-2.8084,51.28983],[-2.80761,51.29049],[-2.8075,51.29057],[-2.80701,51.29143],[-2.80619,51.29214],[-2.80618,51.29217],[-2.80609,51.29244],[-2.80603,51.29263],[-2.80579,51.29293],[-2.80695,51.29316],[-2.80716,51.29299],[-2.80739,51.29282],[-2.80849,51.29278],[-2.8083,51.29305],[-2.80928,51.29282],[-2.8096,51.29227],[-2.80884,51.29193],[-2.80876,51.29144],[-2.80882,51.29104],[-2.80941,51.29081],[-2.81021,51.29081],[-2.81124,51.29094],[-2.8117,51.29136],[-2.81183,51.29158],[-2.81199,51.29185],[-2.81206,51.29197],[-2.81244,51.29229],[-2.8128,51.29245],[-2.81336,51.29247],[-2.81395,51.29234],[-2.81446,51.2928],[-2.81429,51.29404],[-2.81532,51.29474],[-2.81528,51.29496],[-2.81555,51.29504],[-2.81605,51.29519],[-2.81679,51.29421],[-2.81744,51.29294],[-2.81738,51.2922],[-2.81725,51.29136],[-2.81732,51.29057],[-2.81849,51.29044],[-2.8202,51.29049],[-2.82043,51.29084],[-2.81927,51.29103],[-2.81826,51.29124],[-2.81814,51.29165]]]}},{"type":"Feature","properties":{"natural":"wood"},"geometry":{"type":"Polygon","coordinates":[[[-2.73228,51.27959],[-2.73214,51.27982],[-2.73242,51.28005],[-2.73212,51.28039],[-2.73216,51.28058],[-2.73254,51.28035],[-2.73292,51.28017],[-2.7331,51.28011],[-2.73347,51.27999],[-2.73383,51.27978],[-2.73405,51.27959],[-2.73421,51.2794],[-2.73426,51.27916],[-2.73394,51.27937],[-2.73364,51.27956],[-2.73323,51.27969],[-2.73319,51.27961],[-2.73271,51.27965],[-2.73228,51.27959]]]}},{"type":"Feature","properties":{"natural":"scrub"},"geometry":{"type":"Polygon","coordinates":[[[-2.73716,51.27902],[-2.7373,51.27873],[-2.73768,51.27809],[-2.73781,51.27797],[-2.73792,51.27788],[-2.73823,51.27794],[-2.7389,51.27813],[-2.73907,51.27849],[-2.73915,51.27871],[-2.73936,51.27928],[-2.73966,51.27977],[-2.74006,51.28006],[-2.7409,51.28034],[-2.74246,51.28089],[-2.74246,51.28122],[-2.7411,51.28075],[-2.73909,51.27987],[-2.73893,51.27996],[-2.73871,51.27963],[-2.73871,51.27927],[-2.73862,51.27899],[-2.73832,51.27875],[-2.7381,51.27859],[-2.73767,51.27875],[-2.73754,51.27892],[-2.73744,51.27908],[-2.73716,51.27902]]]}},{"type":"Feature","properties":{"natural":"wood"},"geometry":{"type":"Polygon","coordinates":[[[-2.80575,51.28526],[-2.80638,51.2851],[-2.80708,51.28498],[-2.80736,51.28492],[-2.80783,51.28481],[-2.80824,51.28465],[-2.80843,51.28456],[-2.80856,51.2845],[-2.80925,51.28448],[-2.80956,51.28442],[-2.81031,51.28422],[-2.81031,51.28393],[-2.81031,51.28391],[-2.81057,51.28396],[-2.81057,51.2842],[-2.81045,51.28433],[-2.80979,51.28454],[-2.8091,51.28474],[-2.8082,51.28498],[-2.80827,51.28523],[-2.80767,51.28535],[-2.80749,51.28519],[-2.80679,51.28537],[-2.80593,51.28554],[-2.80575,51.28526]]]}},{"type":"Feature","properties":{"natural":"wood"},"geometry":{"type":"Polygon","coordinates":[[[-2.7679,51.33153],[-2.76791,51.33147],[-2.76795,51.33087],[-2.76794,51.33047],[-2.76793,51.33038],[-2.76803,51.32983],[-2.7688,51.32976],[-2.76898,51.32975],[-2.76907,51.32973],[-2.76913,51.32968],[-2.76901,51.32931],[-2.76895,51.32917],[-2.769,51.32906],[-2.76934,51.32896],[-2.76984,51.3291],[-2.7708,51.32946],[-2.77206,51.3302],[-2.772,51.33042],[-2.77209,51.33059],[-2.77195,51.33068],[-2.77193,51.33089],[-2.7721,51.33098],[-2.77206,51.33114],[-2.77218,51.33125],[-2.77221,51.33166],[-2.77223,51.33176],[-2.77217,51.33183],[-2.77202,51.33185],[-2.77187,51.33175],[-2.77173,51.33179],[-2.77159,51.33177],[-2.77108,51.33163],[-2.77102,51.33186],[-2.77235,51.33198],[-2.77252,51.33195],[-2.77245,51.33113],[-2.77235,51.33008],[-2.77089,51.32897],[-2.77078,51.32899],[-2.7698,51.32883],[-2.76877,51.3288],[-2.76761,51.32912],[-2.76729,51.32931],[-2.76731,51.32964],[-2.76757,51.32978],[-2.76728,51.33042],[-2.76696,51.33116],[-2.76696,51.33138],[-2.76696,51.33152],[-2.76712,51.3316],[-2.76738,51.3316],[-2.76777,51.33162],[-2.76789,51.33164],[-2.7679,51.33153]]]}},{"type":"Feature","properties":{"natural":"wood"},"geometry":{"type":"Polygon","coordinates":[[[-2.74238,51.32688],[-2.74104,51.32762],[-2.74088,51.32814],[-2.74055,51.3289],[-2.73972,51.32967],[-2.73996,51.32978],[-2.74125,51.32857],[-2.74093,51.32921],[-2.74065,51.32982],[-2.74064,51.33005],[-2.74098,51.3299],[-2.74111,51.32968],[-2.74131,51.32933],[-2.7417,51.32852],[-2.74243,51.32847],[-2.74293,51.32845],[-2.74282,51.32837],[-2.74232,51.32796],[-2.74238,51.32688]]]}},{"type":"Feature","properties":{"natural":"wood"},"geometry":{"type":"Polygon","coordinates":[[[-2.79703,51.28987],[-2.79641,51.28985],[-2.79513,51.28999],[-2.79501,51.29015],[-2.79471,51.28996],[-2.79423,51.28963],[-2.7942,51.28923],[-2.79393,51.2884],[-2.79408,51.28838],[-2.7944,51.28835],[-2.79523,51.28828],[-2.7954,51.28827],[-2.79536,51.28834],[-2.79409,51.28843],[-2.79425,51.28924],[-2.79645,51.28921],[-2.79651,51.28921],[-2.79651,51.28907],[-2.79703,51.28908],[-2.79728,51.28894],[-2.79729,51.2888],[-2.79729,51.28874],[-2.7978,51.28882],[-2.79797,51.28822],[-2.79801,51.28935],[-2.79734,51.28927],[-2.79703,51.28987]]]}},{"type":"Feature","properties":{"natural":"wood"},"geometry":{"type":"Polygon","coordinates":[[[-2.79731,51.29073],[-2.79739,51.29078],[-2.79737,51.29085],[-2.79729,51.29094],[-2.79702,51.2908],[-2.7964,51.2905],[-2.79689,51.28996],[-2.79703,51.28987],[-2.79707,51.2904],[-2.79694,51.29066],[-2.79731,51.29073]]]}},{"type":"Feature","properties":{"natural":"wood"},"geometry":{"type":"Polygon","coordinates":[[[-2.7983,51.28831],[-2.79865,51.28815],[-2.79963,51.28822],[-2.80066,51.28817],[-2.80088,51.28815],[-2.80064,51.28789],[-2.80049,51.28788],[-2.79917,51.28776],[-2.79821,51.28768],[-2.79795,51.28766],[-2.79804,51.2879],[-2.79797,51.28817],[-2.7983,51.28831]]]}},{"type":"Feature","properties":{"natural":"scrub"},"geometry":{"type":"Polygon","coordinates":[[[-2.83854,51.33854],[-2.8378,51.33955],[-2.8377,51.33961],[-2.83763,51.33966],[-2.83757,51.33977],[-2.83743,51.33991],[-2.83708,51.33958],[-2.83725,51.33951],[-2.83738,51.33966],[-2.83762,51.33946],[-2.8375,51.33917],[-2.83787,51.33899],[-2.83765,51.33867],[-2.83791,51.33892],[-2.83832,51.33849],[-2.83846,51.33819],[-2.83858,51.33818],[-2.83863,51.33818],[-2.8387,51.33823],[-2.83854,51.33854]]]}},{"type":"Feature","properties":{"natural":"wood"},"geometry":{"type":"Polygon","coordinates":[[[-2.85346,51.31271],[-2.85255,51.3127],[-2.8527,51.3132],[-2.85245,51.31344],[-2.85285,51.31348],[-2.85327,51.314],[-2.85373,51.31392],[-2.8535,51.31334],[-2.85371,51.31287],[-2.85346,51.31271]]]}},{"type":"Feature","properties":{"natural":"grassland"},"geometry":{"type":"Polygon","coordinates":[[[-2.7966,51.28816],[-2.79661,51.28802],[-2.7966,51.28795],[-2.79659,51.28789],[-2.79658,51.28784],[-2.79646,51.28781],[-2.79619,51.28782],[-2.79607,51.28797],[-2.79597,51.28797],[-2.79596,51.28815],[-2.7966,51.28816]]]}},{"type":"Feature","properties":{"natural":"grassland"},"geometry":{"type":"Polygon","coordinates":[[[-2.79581,51.28811],[-2.79584,51.28795],[-2.7957,51.28785],[-2.79552,51.28785],[-2.79554,51.288],[-2.79559,51.28802],[-2.7956,51.28805],[-2.7957,51.28805],[-2.79571,51.28808],[-2.79575,51.28809],[-2.79576,51.28811],[-2.79581,51.28811]]]}},{"type":"Feature","properties":{"natural":"wood"},"geometry":{"type":"Polygon","coordinates":[[[-2.79619,51.28782],[-2.79572,51.28782],[-2.7957,51.28785],[-2.79584,51.28795],[-2.79581,51.28811],[-2.79585,51.28811],[-2.79585,51.28815],[-2.79596,51.28815],[-2.79597,51.28797],[-2.79607,51.28797],[-2.79619,51.28782]]]}},{"type":"Feature","properties":{"natural":"wood"},"geometry":{"type":"Polygon","coordinates":[[[-2.79739,51.29972],[-2.79735,51.29939],[-2.79686,51.29909],[-2.79674,51.29906],[-2.79664,51.29912],[-2.79667,51.29921],[-2.79697,51.29938],[-2.79713,51.29953],[-2.79721,51.29964],[-2.79739,51.29972]]]}},{"type":"Feature","properties":{"natural":"wood"},"geometry":{"type":"Polygon","coordinates":[[[-2.81113,51.35003],[-2.81107,51.34999],[-2.81099,51.34996],[-2.81092,51.34994],[-2.81081,51.34988],[-2.81069,51.34975],[-2.81065,51.34969],[-2.81062,51.34959],[-2.81059,51.34952],[-2.81053,51.34947],[-2.81047,51.34946],[-2.81037,51.34942],[-2.81035,51.3494],[-2.81035,51.34935],[-2.81037,51.34928],[-2.81037,51.34923],[-2.8103,51.34918],[-2.81026,51.34913],[-2.81025,51.3491],[-2.81023,51.34906],[-2.8102,51.349],[-2.81012,51.34893],[-2.81008,51.34886],[-2.81003,51.34877],[-2.81001,51.34871],[-2.80997,51.34864],[-2.80993,51.34855],[-2.80991,51.34848],[-2.80991,51.34844],[-2.80995,51.34843],[-2.80998,51.34843],[-2.81003,51.34848],[-2.8101,51.34858],[-2.81018,51.34866],[-2.81023,51.34874],[-2.81032,51.34884],[-2.81039,51.34892],[-2.81045,51.349],[-2.81054,51.34906],[-2.81062,51.34912],[-2.81074,51.34927],[-2.81083,51.34939],[-2.81089,51.34948],[-2.81094,51.34953],[-2.81098,51.34958],[-2.81104,51.3496],[-2.81108,51.34965],[-2.81113,51.34974],[-2.81117,51.34981],[-2.81119,51.34992],[-2.81121,51.34997],[-2.8112,51.35001],[-2.81118,51.35003],[-2.81113,51.35003]]]}},{"type":"Feature","properties":{"natural":"wood"},"geometry":{"type":"Polygon","coordinates":[[[-2.74511,51.3508],[-2.74495,51.35094],[-2.74477,51.35123],[-2.74463,51.35157],[-2.74451,51.35214],[-2.74453,51.35235],[-2.74424,51.35276],[-2.74417,51.35293],[-2.74413,51.35311],[-2.74393,51.35305],[-2.74394,51.35293],[-2.74401,51.35276],[-2.7441,51.35249],[-2.74428,51.35237],[-2.74421,51.35216],[-2.74435,51.35195],[-2.74433,51.35181],[-2.74438,51.35146],[-2.74454,51.3512],[-2.74449,51.35115],[-2.74469,51.35089],[-2.74468,51.35078],[-2.7442,51.35061],[-2.74385,51.35054],[-2.74284,51.35033],[-2.74256,51.35052],[-2.74171,51.35127],[-2.74166,51.3513],[-2.74154,51.35116],[-2.74208,51.3506],[-2.74253,51.35029],[-2.74254,51.35016],[-2.74248,51.35002],[-2.74265,51.34958],[-2.74257,51.34946],[-2.74244,51.3494],[-2.74235,51.3492],[-2.7421,51.34913],[-2.74185,51.34923],[-2.74181,51.34937],[-2.74156,51.34948],[-2.74076,51.34965],[-2.74062,51.34986],[-2.74034,51.35006],[-2.74024,51.35021],[-2.74006,51.35012],[-2.74027,51.34982],[-2.74032,51.3496],[-2.74053,51.34945],[-2.74065,51.34942],[-2.74118,51.34933],[-2.7413,51.34922],[-2.74121,51.34912],[-2.7412,51.349],[-2.74114,51.34894],[-2.74096,51.34877],[-2.74067,51.34864],[-2.74056,51.34855],[-2.74054,51.3485],[-2.74045,51.3483],[-2.74051,51.34822],[-2.74083,51.34814],[-2.74083,51.34804],[-2.74068,51.34785],[-2.74057,51.34782],[-2.74019,51.34783],[-2.74001,51.34769],[-2.73977,51.34752],[-2.73968,51.34737],[-2.73968,51.3473],[-2.73979,51.34724],[-2.73993,51.34716],[-2.74004,51.34724],[-2.74008,51.34738],[-2.74019,51.34736],[-2.74048,51.34728],[-2.74057,51.34732],[-2.74065,51.34754],[-2.74044,51.34763],[-2.74046,51.34766],[-2.7408,51.34772],[-2.74097,51.3478],[-2.74112,51.34808],[-2.74124,51.34824],[-2.74121,51.34835],[-2.74117,51.3484],[-2.74106,51.34843],[-2.74088,51.34842],[-2.7409,51.34852],[-2.74104,51.34859],[-2.74121,51.34869],[-2.74135,51.34885],[-2.74145,51.3489],[-2.74159,51.34893],[-2.74191,51.34896],[-2.74204,51.34895],[-2.74218,51.34895],[-2.74242,51.34898],[-2.74258,51.349],[-2.74271,51.34905],[-2.74276,51.34911],[-2.74282,51.34926],[-2.74282,51.34929],[-2.74297,51.34934],[-2.74302,51.34945],[-2.74301,51.34955],[-2.74292,51.34974],[-2.74299,51.3499],[-2.74302,51.34994],[-2.74296,51.35007],[-2.74291,51.35012],[-2.7435,51.35024],[-2.74365,51.35031],[-2.74393,51.35039],[-2.74432,51.35044],[-2.74476,51.3506],[-2.74498,51.35063],[-2.74511,51.3506],[-2.74511,51.3508]]]}},{"type":"Feature","properties":{"natural":"scrub"},"geometry":{"type":"Polygon","coordinates":[[[-2.73495,51.34965],[-2.73479,51.3496],[-2.73451,51.34961],[-2.73462,51.3495],[-2.73471,51.34934],[-2.73487,51.34938],[-2.73498,51.3496],[-2.73495,51.34965]]]}},{"type":"Feature","properties":{"natural":"wood"},"geometry":{"type":"Polygon","coordinates":[[[-2.73979,51.34724],[-2.73979,51.34713],[-2.73974,51.34709],[-2.73972,51.34704],[-2.73964,51.34681],[-2.73974,51.3467],[-2.73986,51.3466],[-2.73989,51.34645],[-2.73976,51.34634],[-2.73972,51.34609],[-2.73983,51.34595],[-2.74007,51.34575],[-2.73995,51.34563],[-2.73994,51.34546],[-2.73975,51.34532],[-2.73945,51.34518],[-2.73947,51.34505],[-2.73944,51.34489],[-2.73928,51.34456],[-2.7391,51.34453],[-2.73895,51.34453],[-2.73878,51.34443],[-2.73873,51.34431],[-2.7386,51.34428],[-2.73845,51.34414],[-2.73823,51.34409],[-2.73807,51.34399],[-2.73804,51.34388],[-2.73817,51.34376],[-2.73825,51.34382],[-2.73827,51.3439],[-2.73837,51.34391],[-2.73841,51.34396],[-2.73862,51.34402],[-2.73873,51.34413],[-2.73893,51.34419],[-2.73898,51.34427],[-2.73899,51.34433],[-2.73925,51.3444],[-2.73944,51.34439],[-2.7395,51.34442],[-2.73953,51.34463],[-2.73958,51.34474],[-2.73965,51.34487],[-2.73969,51.34498],[-2.73968,51.34505],[-2.73983,51.34512],[-2.73995,51.34527],[-2.74009,51.34537],[-2.74011,51.34546],[-2.74007,51.34555],[-2.74011,51.34565],[-2.74027,51.34575],[-2.7402,51.34594],[-2.74,51.34605],[-2.73996,51.34626],[-2.74008,51.34637],[-2.74013,51.34645],[-2.74011,51.34664],[-2.73999,51.34677],[-2.73985,51.34683],[-2.73988,51.34687],[-2.74006,51.34697],[-2.74014,51.34702],[-2.74016,51.34709],[-2.73997,51.34715],[-2.73993,51.34716],[-2.73979,51.34724]]]}},{"type":"Feature","properties":{"natural":"scrub"},"geometry":{"type":"Polygon","coordinates":[[[-2.72548,51.34265],[-2.72588,51.34272],[-2.72617,51.3427],[-2.72671,51.34259],[-2.72708,51.34262],[-2.72751,51.3428],[-2.72762,51.34288],[-2.72759,51.34299],[-2.72749,51.34301],[-2.72742,51.34289],[-2.72702,51.34279],[-2.7267,51.34278],[-2.72664,51.34278],[-2.72596,51.34282],[-2.72541,51.34276],[-2.72548,51.34265]]]}},{"type":"Feature","properties":{"natural":"wood"},"geometry":{"type":"Polygon","coordinates":[[[-2.7278,51.34281],[-2.7279,51.34294],[-2.72807,51.34297],[-2.72819,51.34302],[-2.72876,51.34303],[-2.72898,51.34298],[-2.72946,51.34297],[-2.72969,51.34303],[-2.7302,51.34304],[-2.73033,51.34309],[-2.73067,51.34309],[-2.73095,51.34299],[-2.73124,51.343],[-2.73142,51.343],[-2.73155,51.34315],[-2.7314,51.34316],[-2.73075,51.34318],[-2.73037,51.34326],[-2.73011,51.34331],[-2.72977,51.34323],[-2.7295,51.34318],[-2.72926,51.34317],[-2.72893,51.34316],[-2.7287,51.34324],[-2.72822,51.34323],[-2.72797,51.34315],[-2.72766,51.34305],[-2.72776,51.34287],[-2.7278,51.34281]]]}},{"type":"Feature","properties":{"natural":"scrub"},"geometry":{"type":"Polygon","coordinates":[[[-2.73142,51.343],[-2.73184,51.3429],[-2.73205,51.34277],[-2.73243,51.34273],[-2.73259,51.34272],[-2.7325,51.34274],[-2.73237,51.34277],[-2.73233,51.34278],[-2.73219,51.3428],[-2.73215,51.34281],[-2.73213,51.34283],[-2.73209,51.34287],[-2.73207,51.34288],[-2.73204,51.34289],[-2.73193,51.34292],[-2.73185,51.34294],[-2.73179,51.34297],[-2.73177,51.34298],[-2.73173,51.343],[-2.73172,51.34301],[-2.73163,51.34301],[-2.73161,51.34301],[-2.73159,51.34302],[-2.73157,51.34303],[-2.73155,51.34304],[-2.73153,51.34304],[-2.73152,51.34305],[-2.73152,51.34307],[-2.73153,51.3431],[-2.73156,51.34313],[-2.73158,51.34313],[-2.7316,51.34313],[-2.73161,51.34313],[-2.73163,51.34311],[-2.73165,51.34309],[-2.73171,51.34307],[-2.73181,51.34303],[-2.73185,51.34302],[-2.73186,51.34302],[-2.7319,51.34302],[-2.73193,51.34302],[-2.73202,51.34307],[-2.7321,51.34312],[-2.73218,51.34316],[-2.7321,51.34317],[-2.73202,51.34317],[-2.73189,51.34315],[-2.73175,51.34314],[-2.73155,51.34315],[-2.73142,51.343]]]}},{"type":"Feature","properties":{"natural":"scrub"},"geometry":{"type":"Polygon","coordinates":[[[-2.73401,51.34289],[-2.73394,51.34297],[-2.73364,51.34304],[-2.73355,51.34312],[-2.73348,51.34312],[-2.73341,51.34298],[-2.73339,51.34295],[-2.73334,51.34291],[-2.73327,51.34286],[-2.73309,51.34275],[-2.7331,51.34274],[-2.73374,51.34286],[-2.73382,51.34284],[-2.73393,51.34281],[-2.73397,51.34278],[-2.73401,51.34289]]]}},{"type":"Feature","properties":{"natural":"wood"},"geometry":{"type":"Polygon","coordinates":[[[-2.73808,51.34368],[-2.73798,51.34381],[-2.73788,51.34386],[-2.73776,51.34388],[-2.73748,51.34375],[-2.73733,51.34356],[-2.73698,51.34358],[-2.73683,51.34348],[-2.73684,51.34304],[-2.73633,51.34296],[-2.73621,51.34293],[-2.73624,51.34284],[-2.7359,51.34276],[-2.73578,51.34268],[-2.73583,51.34239],[-2.73572,51.34235],[-2.73561,51.34235],[-2.73523,51.34247],[-2.73511,51.34244],[-2.73484,51.34239],[-2.73464,51.34242],[-2.73418,51.34272],[-2.73417,51.34282],[-2.73401,51.34289],[-2.73397,51.34278],[-2.73396,51.34267],[-2.7342,51.34249],[-2.73435,51.34234],[-2.73441,51.34227],[-2.73486,51.34216],[-2.73504,51.34222],[-2.73524,51.34219],[-2.73549,51.3422],[-2.73575,51.34217],[-2.73588,51.34219],[-2.73597,51.3422],[-2.73613,51.34235],[-2.73621,51.34247],[-2.73654,51.34249],[-2.73664,51.34261],[-2.73665,51.34264],[-2.73665,51.34272],[-2.73679,51.34285],[-2.73715,51.34295],[-2.73717,51.34306],[-2.73713,51.34314],[-2.73734,51.34331],[-2.73788,51.34359],[-2.73801,51.34362],[-2.73808,51.34368]]]}},{"type":"Feature","properties":{"natural":"wood"},"geometry":{"type":"Polygon","coordinates":[[[-2.72696,51.3465],[-2.72727,51.3465],[-2.72781,51.34655],[-2.72813,51.34662],[-2.72784,51.34663],[-2.72757,51.34674],[-2.72742,51.34686],[-2.72694,51.34689],[-2.72677,51.34705],[-2.72669,51.34726],[-2.72651,51.34738],[-2.72653,51.34665],[-2.72669,51.34679],[-2.72684,51.34665],[-2.72696,51.3465]]]}},{"type":"Feature","properties":{"natural":"wood"},"geometry":{"type":"Polygon","coordinates":[[[-2.73155,51.34889],[-2.73171,51.34908],[-2.73215,51.34909],[-2.73201,51.34875],[-2.73161,51.3488],[-2.73147,51.3486],[-2.7312,51.34852],[-2.73107,51.34864],[-2.73113,51.3487],[-2.73144,51.3487],[-2.73145,51.34889],[-2.73155,51.34889]]]}},{"type":"Feature","properties":{"natural":"scrub"},"geometry":{"type":"Polygon","coordinates":[[[-2.73153,51.3153],[-2.73157,51.31529],[-2.7317,51.31526],[-2.73204,51.31591],[-2.73234,51.31608],[-2.73216,51.3164],[-2.73237,51.31639],[-2.73239,51.31625],[-2.73243,51.31624],[-2.73254,51.31674],[-2.73297,51.31798],[-2.73319,51.31837],[-2.73312,51.31838],[-2.73298,51.3184],[-2.73287,51.31824],[-2.73273,51.31809],[-2.73267,51.31804],[-2.7324,51.31776],[-2.73214,51.31746],[-2.7323,51.31725],[-2.73234,51.31711],[-2.73207,51.31647],[-2.73191,51.31622],[-2.73153,51.3153]]]}},{"type":"Feature","properties":{"natural":"scrub"},"geometry":{"type":"Polygon","coordinates":[[[-2.75209,51.3058],[-2.75255,51.30581],[-2.7526,51.30554],[-2.7529,51.30521],[-2.75286,51.30649],[-2.75208,51.30645],[-2.75209,51.3058]]]}},{"type":"Feature","properties":{"natural":"wood"},"geometry":{"type":"Polygon","coordinates":[[[-2.75296,51.30441],[-2.7523,51.30446],[-2.75027,51.30446],[-2.74928,51.30446],[-2.74841,51.30437],[-2.74823,51.30435],[-2.7462,51.30421],[-2.74572,51.3041],[-2.7455,51.30403],[-2.74561,51.30396],[-2.74591,51.30404],[-2.74809,51.30415],[-2.74832,51.30417],[-2.74983,51.30424],[-2.75098,51.30429],[-2.75208,51.30436],[-2.75296,51.30441]]]}},{"type":"Feature","properties":{"natural":"heath"},"geometry":{"type":"Polygon","coordinates":[[[-2.74681,51.3044],[-2.74811,51.30447],[-2.74863,51.30456],[-2.74945,51.30462],[-2.75211,51.30463],[-2.75209,51.3058],[-2.75208,51.30645],[-2.75201,51.30747],[-2.74636,51.30708],[-2.74667,51.30514],[-2.74681,51.3044]]]}},{"type":"Feature","properties":{"natural":"wood"},"geometry":{"type":"Polygon","coordinates":[[[-2.7406,51.30179],[-2.74093,51.30185],[-2.74099,51.30193],[-2.74217,51.30229],[-2.74258,51.30266],[-2.74285,51.30271],[-2.74375,51.30318],[-2.7456,51.30346],[-2.74553,51.30364],[-2.74567,51.30378],[-2.74561,51.30396],[-2.7455,51.30403],[-2.74527,51.304],[-2.74468,51.30373],[-2.74261,51.3033],[-2.7412,51.30295],[-2.74115,51.30288],[-2.7411,51.30282],[-2.74218,51.30295],[-2.74216,51.30283],[-2.74085,51.30216],[-2.7406,51.30179]]]}},{"type":"Feature","properties":{"natural":"grassland"},"geometry":{"type":"Polygon","coordinates":[[[-2.74113,51.30109],[-2.74276,51.30196],[-2.74313,51.30234],[-2.74378,51.30263],[-2.74438,51.30251],[-2.74494,51.3025],[-2.74531,51.30261],[-2.74587,51.30271],[-2.7456,51.30346],[-2.74375,51.30318],[-2.74285,51.30271],[-2.74258,51.30266],[-2.74217,51.30229],[-2.74099,51.30193],[-2.74093,51.30185],[-2.7406,51.30179],[-2.7402,51.30155],[-2.74059,51.30134],[-2.74113,51.30109]]]}},{"type":"Feature","properties":{"natural":"heath"},"geometry":{"type":"Polygon","coordinates":[[[-2.73194,51.30377],[-2.73219,51.3041],[-2.73237,51.30445],[-2.73263,51.30442],[-2.73276,51.30483],[-2.73191,51.30492],[-2.73194,51.30377]]]}},{"type":"Feature","properties":{"natural":"wood"},"geometry":{"type":"Polygon","coordinates":[[[-2.73348,51.30137],[-2.73402,51.30139],[-2.73384,51.30182],[-2.73381,51.302],[-2.73292,51.30291],[-2.73258,51.30312],[-2.73248,51.30325],[-2.73248,51.3034],[-2.73263,51.30355],[-2.73257,51.3038],[-2.73256,51.30385],[-2.73256,51.3039],[-2.73254,51.30416],[-2.73263,51.30442],[-2.73237,51.30445],[-2.73219,51.3041],[-2.73194,51.30377],[-2.73192,51.30337],[-2.73195,51.30323],[-2.7322,51.30287],[-2.73288,51.30223],[-2.73318,51.30202],[-2.73337,51.30169],[-2.73345,51.30145],[-2.73348,51.30137]]]}},{"type":"Feature","properties":{"natural":"scrub"},"geometry":{"type":"Polygon","coordinates":[[[-2.73125,51.31022],[-2.73183,51.31035],[-2.73107,51.31142],[-2.73053,51.31347],[-2.73054,51.3138],[-2.73034,51.31365],[-2.73002,51.31361],[-2.73023,51.31302],[-2.73032,51.31265],[-2.73019,51.312],[-2.73102,51.31061],[-2.73125,51.31022]]]}},{"type":"Feature","properties":{"natural":"heath"},"geometry":{"type":"Polygon","coordinates":[[[-2.72944,51.31223],[-2.72949,51.31206],[-2.72919,51.31179],[-2.73071,51.31063],[-2.73102,51.31061],[-2.73019,51.312],[-2.72944,51.31223]]]}},{"type":"Feature","properties":{"natural":"wood"},"geometry":{"type":"Polygon","coordinates":[[[-2.84895,51.32698],[-2.849,51.32698],[-2.84905,51.32697],[-2.84912,51.32694],[-2.84916,51.32688],[-2.84918,51.32683],[-2.84912,51.32678],[-2.84901,51.32672],[-2.84886,51.32671],[-2.84874,51.32673],[-2.84868,51.32677],[-2.84872,51.32684],[-2.84881,51.32693],[-2.84887,51.32697],[-2.84895,51.32698]]]}},{"type":"Feature","properties":{"natural":"scrub"},"geometry":{"type":"Polygon","coordinates":[[[-2.73603,51.30051],[-2.73474,51.30052],[-2.73399,51.30068],[-2.73375,51.30032],[-2.73374,51.30017],[-2.73394,51.30028],[-2.73415,51.30026],[-2.73432,51.30029],[-2.73518,51.30025],[-2.736,51.30043],[-2.73603,51.30051]]]}},{"type":"Feature","properties":{"natural":"wood"},"geometry":{"type":"Polygon","coordinates":[[[-2.76371,51.31966],[-2.76597,51.32045],[-2.76629,51.32103],[-2.76644,51.32138],[-2.76749,51.32243],[-2.76772,51.32304],[-2.76647,51.32257],[-2.76563,51.32235],[-2.76505,51.32215],[-2.76478,51.32199],[-2.76441,51.32187],[-2.76388,51.32156],[-2.76393,51.32092],[-2.76388,51.32034],[-2.76374,51.32019],[-2.76369,51.31998],[-2.76371,51.31966]]]}},{"type":"Feature","properties":{"natural":"wood"},"geometry":{"type":"Polygon","coordinates":[[[-2.76773,51.32246],[-2.76832,51.32297],[-2.76857,51.32333],[-2.76933,51.32352],[-2.77041,51.32358],[-2.77105,51.32354],[-2.77177,51.32337],[-2.77232,51.32309],[-2.77278,51.32282],[-2.77085,51.32188],[-2.76931,51.32297],[-2.76773,51.32246]]]}},{"type":"Feature","properties":{"natural":"scrub"},"geometry":{"type":"Polygon","coordinates":[[[-2.78207,51.30592],[-2.7815,51.30626],[-2.78112,51.30635],[-2.78113,51.30643],[-2.78038,51.30652],[-2.78052,51.30572],[-2.78144,51.30572],[-2.78207,51.30592]]]}},{"type":"Feature","properties":{"natural":"wood"},"geometry":{"type":"Polygon","coordinates":[[[-2.77968,51.28478],[-2.78002,51.28473],[-2.77995,51.28511],[-2.78019,51.28516],[-2.78058,51.28563],[-2.78212,51.2854],[-2.78249,51.285],[-2.78271,51.28472],[-2.78273,51.28469],[-2.7829,51.28488],[-2.78288,51.28498],[-2.78212,51.28671],[-2.78171,51.28679],[-2.78192,51.28705],[-2.78202,51.28709],[-2.78204,51.28716],[-2.78195,51.2872],[-2.782,51.28743],[-2.78219,51.28796],[-2.78238,51.28845],[-2.78261,51.2888],[-2.78243,51.28894],[-2.78285,51.28919],[-2.78272,51.2894],[-2.78273,51.2899],[-2.78256,51.29037],[-2.78287,51.29063],[-2.78287,51.29116],[-2.78271,51.29125],[-2.78303,51.29184],[-2.78256,51.292],[-2.78252,51.29211],[-2.7827,51.29225],[-2.78256,51.2924],[-2.78233,51.2925],[-2.78203,51.29312],[-2.78248,51.29332],[-2.78215,51.29353],[-2.78141,51.29397],[-2.7805,51.29491],[-2.7805,51.29511],[-2.7823,51.29599],[-2.78226,51.29625],[-2.78161,51.29607],[-2.78136,51.29601],[-2.78131,51.29645],[-2.78179,51.29632],[-2.78168,51.29653],[-2.78085,51.29668],[-2.77943,51.29583],[-2.77929,51.29608],[-2.77888,51.29616],[-2.77975,51.29689],[-2.77905,51.29687],[-2.77823,51.29666],[-2.77669,51.29713],[-2.77505,51.29765],[-2.7743,51.29777],[-2.77445,51.29763],[-2.77479,51.29746],[-2.77564,51.2973],[-2.77612,51.29716],[-2.77701,51.29684],[-2.77775,51.2965],[-2.77817,51.29627],[-2.77898,51.29577],[-2.77941,51.29556],[-2.77978,51.2952],[-2.77988,51.29461],[-2.78007,51.29432],[-2.78033,51.29412],[-2.78037,51.29378],[-2.77991,51.29371],[-2.77984,51.29351],[-2.7796,51.29344],[-2.77955,51.29304],[-2.77998,51.29304],[-2.77998,51.29288],[-2.77944,51.29284],[-2.77908,51.29265],[-2.77828,51.28985],[-2.77726,51.28924],[-2.77725,51.28906],[-2.77859,51.28941],[-2.77907,51.29016],[-2.77938,51.29061],[-2.77933,51.2907],[-2.77956,51.29102],[-2.77952,51.29116],[-2.77977,51.2915],[-2.78052,51.29155],[-2.78027,51.29098],[-2.77986,51.29052],[-2.77998,51.29034],[-2.77959,51.29007],[-2.77873,51.28942],[-2.77792,51.28913],[-2.77729,51.28893],[-2.77709,51.28905],[-2.7769,51.28904],[-2.77607,51.28857],[-2.7767,51.28812],[-2.77768,51.28817],[-2.77758,51.28858],[-2.77868,51.28863],[-2.77874,51.28848],[-2.77907,51.28854],[-2.77924,51.28864],[-2.77955,51.28879],[-2.7807,51.29003],[-2.78088,51.29011],[-2.7805,51.28914],[-2.78046,51.28848],[-2.78098,51.28796],[-2.7811,51.28771],[-2.78115,51.28744],[-2.78099,51.28691],[-2.78073,51.2863],[-2.78041,51.28618],[-2.7801,51.28621],[-2.78,51.28581],[-2.77983,51.28582],[-2.77962,51.28546],[-2.77983,51.28542],[-2.77968,51.28478]]]}},{"type":"Feature","properties":{"natural":"wood"},"geometry":{"type":"Polygon","coordinates":[[[-2.77543,51.30841],[-2.77539,51.30848],[-2.77529,51.30853],[-2.77287,51.30792],[-2.77227,51.30776],[-2.77138,51.3076],[-2.77058,51.30758],[-2.77008,51.30742],[-2.76849,51.30735],[-2.76808,51.30743],[-2.76801,51.3076],[-2.76816,51.30777],[-2.76846,51.30801],[-2.76749,51.30813],[-2.76727,51.30833],[-2.76763,51.30852],[-2.76761,51.30929],[-2.766,51.30914],[-2.76602,51.30908],[-2.76573,51.30904],[-2.76676,51.30789],[-2.76598,51.30753],[-2.76648,51.30737],[-2.76653,51.30736],[-2.76704,51.3072],[-2.76777,51.30723],[-2.76872,51.30701],[-2.77065,51.30688],[-2.77095,51.30688],[-2.77118,51.30698],[-2.77337,51.30756],[-2.77543,51.30841]]]}},{"type":"Feature","properties":{"natural":"wood"},"geometry":{"type":"Polygon","coordinates":[[[-2.77696,51.30905],[-2.77757,51.30974],[-2.77852,51.31092],[-2.77883,51.31123],[-2.77872,51.31136],[-2.77809,51.31091],[-2.77778,51.31078],[-2.77653,51.31099],[-2.77465,51.30948],[-2.7729,51.30878],[-2.77037,51.30836],[-2.77058,51.3079],[-2.77001,51.30774],[-2.76942,51.3078],[-2.76925,51.30817],[-2.76956,51.30835],[-2.76932,51.30835],[-2.76893,51.30816],[-2.76847,51.30781],[-2.76823,51.30764],[-2.76828,51.30751],[-2.76845,51.30743],[-2.77004,51.30752],[-2.77058,51.30768],[-2.77135,51.30771],[-2.77233,51.30788],[-2.77337,51.30818],[-2.77545,51.30869],[-2.77558,51.30863],[-2.77579,51.30856],[-2.77696,51.30905]]]}},{"type":"Feature","properties":{"natural":"wood"},"geometry":{"type":"Polygon","coordinates":[[[-2.77874,51.31751],[-2.78063,51.3192],[-2.78097,51.3195],[-2.78111,51.31967],[-2.78109,51.31978],[-2.78093,51.31989],[-2.78055,51.32004],[-2.7802,51.32011],[-2.7799,51.32008],[-2.77923,51.31988],[-2.77865,51.31975],[-2.7783,51.31961],[-2.77789,51.31933],[-2.77761,51.3191],[-2.77737,51.31904],[-2.77715,51.319],[-2.77698,51.31904],[-2.77687,51.31915],[-2.77626,51.3184],[-2.7774,51.31779],[-2.77874,51.31751]]]}},{"type":"Feature","properties":{"natural":"wood"},"geometry":{"type":"Polygon","coordinates":[[[-2.78023,51.32028],[-2.78053,51.32114],[-2.78056,51.32178],[-2.77954,51.32234],[-2.77924,51.32089],[-2.77843,51.32022],[-2.77784,51.31976],[-2.77747,51.31949],[-2.77741,51.3193],[-2.77748,51.31921],[-2.77766,51.31937],[-2.77781,51.31946],[-2.77806,51.31965],[-2.77833,51.31978],[-2.77857,51.31986],[-2.77903,51.31994],[-2.77986,51.3202],[-2.77993,51.32029],[-2.78023,51.32028]]]}},{"type":"Feature","properties":{"natural":"wood"},"geometry":{"type":"Polygon","coordinates":[[[-2.78005,51.31655],[-2.78081,51.31734],[-2.78113,51.3194],[-2.77833,51.31696],[-2.78005,51.31655]]]}},{"type":"Feature","properties":{"natural":"wood"},"geometry":{"type":"Polygon","coordinates":[[[-2.7807,51.31622],[-2.78113,51.31618],[-2.78112,51.3167],[-2.78175,51.31685],[-2.78181,51.317],[-2.78067,51.31689],[-2.78021,51.31651],[-2.7807,51.31622]]]}},{"type":"Feature","properties":{"natural":"scrub"},"geometry":{"type":"Polygon","coordinates":[[[-2.78067,51.31689],[-2.78181,51.317],[-2.78199,51.31744],[-2.78168,51.31787],[-2.78191,51.31823],[-2.78221,51.31827],[-2.78225,51.31875],[-2.78267,51.31884],[-2.78287,51.31916],[-2.78303,51.3193],[-2.78298,51.31943],[-2.78323,51.31956],[-2.7833,51.31948],[-2.78341,51.31951],[-2.78347,51.31965],[-2.78376,51.31971],[-2.78386,51.31966],[-2.78426,51.31966],[-2.78446,51.31976],[-2.78435,51.31977],[-2.78382,51.32024],[-2.78353,51.32028],[-2.78325,51.32026],[-2.78201,51.31972],[-2.78148,51.32008],[-2.78132,51.31977],[-2.78123,51.31882],[-2.78104,51.31732],[-2.78067,51.31689]]]}},{"type":"Feature","properties":{"natural":"scrub"},"geometry":{"type":"Polygon","coordinates":[[[-2.77872,51.31136],[-2.77883,51.31123],[-2.77943,51.31181],[-2.78024,51.31243],[-2.78105,51.31335],[-2.78085,51.31438],[-2.78025,51.31501],[-2.78043,51.31552],[-2.78113,51.31618],[-2.7807,51.31622],[-2.78014,51.31551],[-2.77965,51.31454],[-2.7796,51.31337],[-2.78005,51.313],[-2.77971,51.31266],[-2.77912,51.31187],[-2.77872,51.31136]]]}},{"type":"Feature","properties":{"natural":"scrub"},"geometry":{"type":"Polygon","coordinates":[[[-2.76846,51.30801],[-2.76896,51.30836],[-2.76763,51.30839],[-2.76763,51.30852],[-2.76727,51.30833],[-2.76749,51.30813],[-2.76846,51.30801]]]}},{"type":"Feature","properties":{"natural":"scrub"},"geometry":{"type":"Polygon","coordinates":[[[-2.78055,51.3248],[-2.78031,51.32492],[-2.78037,51.32557],[-2.78088,51.32566],[-2.781,51.3258],[-2.7809,51.32599],[-2.78012,51.32581],[-2.78028,51.32575],[-2.77982,51.32568],[-2.77938,51.32564],[-2.77873,51.32564],[-2.7779,51.32553],[-2.77754,51.32544],[-2.77728,51.3252],[-2.77663,51.32508],[-2.77668,51.32501],[-2.77745,51.32503],[-2.7779,51.32493],[-2.77826,51.32511],[-2.77857,51.32519],[-2.77895,51.32509],[-2.77911,51.32493],[-2.77879,51.32481],[-2.77846,51.32473],[-2.77811,51.32451],[-2.77845,51.32443],[-2.78003,51.32474],[-2.78055,51.3248]]]}},{"type":"Feature","properties":{"natural":"scrub"},"geometry":{"type":"Polygon","coordinates":[[[-2.77351,51.32487],[-2.7747,51.32502],[-2.77538,51.3251],[-2.77573,51.32562],[-2.77626,51.32564],[-2.7767,51.326],[-2.77674,51.32607],[-2.77541,51.32589],[-2.77507,51.326],[-2.77444,51.32611],[-2.77401,51.32615],[-2.77353,51.32617],[-2.77324,51.3261],[-2.77308,51.3261],[-2.77305,51.32619],[-2.7725,51.32631],[-2.77247,51.32606],[-2.77256,51.32587],[-2.77295,51.32554],[-2.77336,51.32549],[-2.77347,51.32527],[-2.77352,51.32509],[-2.77351,51.32487]]]}},{"type":"Feature","properties":{"natural":"scrub"},"geometry":{"type":"Polygon","coordinates":[[[-2.76851,51.32429],[-2.76823,51.32433],[-2.76818,51.32504],[-2.76881,51.32499],[-2.7689,51.32439],[-2.76893,51.3243],[-2.76851,51.32429]]]}},{"type":"Feature","properties":{"natural":"scrub"},"geometry":{"type":"Polygon","coordinates":[[[-2.76094,51.3338],[-2.76116,51.33335],[-2.76234,51.33327],[-2.76237,51.33341],[-2.76241,51.33389],[-2.76228,51.33411],[-2.76209,51.33417],[-2.76094,51.3338]]]}},{"type":"Feature","properties":{"natural":"scrub"},"geometry":{"type":"Polygon","coordinates":[[[-2.76262,51.33281],[-2.76329,51.33275],[-2.76322,51.33302],[-2.76228,51.33293],[-2.76227,51.33284],[-2.76262,51.33281]]]}},{"type":"Feature","properties":{"natural":"wood"},"geometry":{"type":"Polygon","coordinates":[[[-2.76901,51.3306],[-2.7692,51.33084],[-2.76925,51.33138],[-2.76943,51.33154],[-2.77022,51.33175],[-2.76947,51.33177],[-2.76932,51.33169],[-2.76919,51.33165],[-2.7691,51.33164],[-2.76901,51.3306]]]}},{"type":"Feature","properties":{"natural":"scrub"},"geometry":{"type":"Polygon","coordinates":[[[-2.76886,51.33354],[-2.76883,51.33338],[-2.76964,51.3335],[-2.77012,51.33352],[-2.77041,51.33363],[-2.77058,51.33369],[-2.77104,51.33382],[-2.77117,51.33407],[-2.77193,51.33458],[-2.77202,51.33475],[-2.77212,51.3347],[-2.77224,51.3341],[-2.7725,51.33413],[-2.77249,51.33462],[-2.77318,51.33469],[-2.77349,51.33444],[-2.77371,51.33443],[-2.77384,51.33407],[-2.77416,51.33408],[-2.77417,51.33418],[-2.77422,51.33449],[-2.7743,51.33467],[-2.77389,51.33499],[-2.77355,51.33504],[-2.77324,51.33499],[-2.77245,51.33486],[-2.77218,51.33494],[-2.7719,51.33489],[-2.77169,51.33493],[-2.77153,51.33495],[-2.77149,51.3346],[-2.77109,51.33416],[-2.76886,51.33354]]]}},{"type":"Feature","properties":{"natural":"wood"},"geometry":{"type":"Polygon","coordinates":[[[-2.77408,51.3336],[-2.77416,51.33408],[-2.77384,51.33407],[-2.77235,51.33387],[-2.77227,51.33382],[-2.77209,51.33371],[-2.77204,51.33327],[-2.77164,51.33314],[-2.77157,51.33306],[-2.7716,51.33279],[-2.77176,51.33271],[-2.77174,51.33305],[-2.77177,51.33311],[-2.77233,51.33316],[-2.77229,51.33364],[-2.77408,51.3336]]]}},{"type":"Feature","properties":{"natural":"wood"},"geometry":{"type":"Polygon","coordinates":[[[-2.76527,51.33548],[-2.76539,51.33547],[-2.76566,51.33545],[-2.76619,51.33637],[-2.76598,51.33705],[-2.76554,51.33704],[-2.76513,51.33681],[-2.76527,51.33548]]]}},{"type":"Feature","properties":{"natural":"wood"},"geometry":{"type":"Polygon","coordinates":[[[-2.73412,51.3268],[-2.73435,51.32651],[-2.7356,51.32695],[-2.73549,51.3271],[-2.73511,51.32725],[-2.73467,51.32705],[-2.73412,51.3268]]]}},{"type":"Feature","properties":{"natural":"wood"},"geometry":{"type":"Polygon","coordinates":[[[-2.79249,51.33044],[-2.79244,51.33049],[-2.79211,51.33083],[-2.79136,51.33158],[-2.79112,51.33159],[-2.7911,51.33174],[-2.79095,51.33179],[-2.79064,51.33133],[-2.7906,51.33126],[-2.79043,51.33128],[-2.79028,51.33142],[-2.78952,51.33146],[-2.78949,51.33136],[-2.7897,51.33133],[-2.78969,51.3313],[-2.79095,51.33117],[-2.79238,51.33042],[-2.79249,51.33044]]]}},{"type":"Feature","properties":{"natural":"wood"},"geometry":{"type":"Polygon","coordinates":[[[-2.79369,51.32949],[-2.79379,51.32955],[-2.79466,51.32924],[-2.79555,51.33027],[-2.79541,51.33055],[-2.79493,51.33039],[-2.79434,51.33016],[-2.79418,51.32997],[-2.79326,51.32997],[-2.7934,51.32975],[-2.79369,51.32949]]]}},{"type":"Feature","properties":{"natural":"scrub"},"geometry":{"type":"Polygon","coordinates":[[[-2.77376,51.30518],[-2.77444,51.30524],[-2.77537,51.30542],[-2.77572,51.3055],[-2.77562,51.30586],[-2.77562,51.30592],[-2.77563,51.30617],[-2.77557,51.30616],[-2.77532,51.30614],[-2.775,51.30596],[-2.77486,51.30593],[-2.77411,51.30555],[-2.77362,51.30524],[-2.77332,51.30529],[-2.77296,51.30514],[-2.77298,51.30486],[-2.77327,51.30476],[-2.77376,51.30518]]]}},{"type":"Feature","properties":{"natural":"scrub"},"geometry":{"type":"Polygon","coordinates":[[[-2.78052,51.30572],[-2.78038,51.30652],[-2.77868,51.30641],[-2.77823,51.30637],[-2.77827,51.30605],[-2.7783,51.30584],[-2.78052,51.30572]]]}},{"type":"Feature","properties":{"natural":"heath"},"geometry":{"type":"Polygon","coordinates":[[[-2.77827,51.30605],[-2.77823,51.30637],[-2.77563,51.30617],[-2.77562,51.30592],[-2.77827,51.30605]]]}},{"type":"Feature","properties":{"natural":"heath"},"geometry":{"type":"Polygon","coordinates":[[[-2.7382,51.28049],[-2.73827,51.2808],[-2.74058,51.282],[-2.74083,51.28188],[-2.74257,51.28308],[-2.7418,51.28451],[-2.74188,51.28493],[-2.74165,51.28498],[-2.74107,51.28437],[-2.74008,51.28382],[-2.73756,51.28243],[-2.73709,51.28217],[-2.73613,51.28176],[-2.735,51.28146],[-2.73497,51.28145],[-2.73439,51.28131],[-2.7342,51.28133],[-2.73381,51.28148],[-2.73369,51.28147],[-2.73351,51.28129],[-2.7334,51.28124],[-2.7331,51.28011],[-2.73347,51.27999],[-2.73383,51.27978],[-2.73405,51.27959],[-2.73421,51.2794],[-2.73426,51.27916],[-2.73394,51.27937],[-2.73364,51.27956],[-2.73323,51.27969],[-2.73319,51.27961],[-2.73348,51.27947],[-2.73447,51.27873],[-2.73501,51.27839],[-2.73539,51.27819],[-2.73567,51.27808],[-2.73615,51.27796],[-2.73654,51.2779],[-2.73696,51.27788],[-2.73728,51.2779],[-2.73767,51.27795],[-2.73781,51.27797],[-2.73768,51.27809],[-2.7373,51.27873],[-2.73716,51.27902],[-2.73744,51.27908],[-2.73754,51.27892],[-2.73767,51.27875],[-2.7381,51.27859],[-2.73832,51.27875],[-2.73862,51.27899],[-2.73871,51.27927],[-2.73871,51.27963],[-2.73893,51.27996],[-2.7382,51.28049]]]}},{"type":"Feature","properties":{"natural":"wood"},"geometry":{"type":"Polygon","coordinates":[[[-2.72225,51.33841],[-2.72209,51.33848],[-2.72209,51.33835],[-2.72237,51.33802],[-2.72266,51.33808],[-2.72279,51.33834],[-2.72341,51.33842],[-2.72361,51.3383],[-2.72427,51.3383],[-2.72447,51.33832],[-2.72459,51.33847],[-2.72507,51.33848],[-2.72513,51.3387],[-2.72612,51.33877],[-2.7261,51.33886],[-2.72626,51.33894],[-2.72657,51.339],[-2.72681,51.33868],[-2.727,51.3386],[-2.72718,51.33863],[-2.7273,51.33871],[-2.72734,51.33878],[-2.72738,51.33879],[-2.72763,51.33862],[-2.72799,51.3386],[-2.72855,51.33864],[-2.72886,51.33863],[-2.72909,51.33879],[-2.72919,51.33877],[-2.72951,51.33865],[-2.72968,51.33864],[-2.72988,51.33854],[-2.73008,51.3386],[-2.73013,51.33905],[-2.73056,51.33918],[-2.73059,51.33925],[-2.73084,51.33936],[-2.73106,51.33936],[-2.73131,51.33946],[-2.73129,51.33951],[-2.73141,51.33969],[-2.73164,51.33977],[-2.73166,51.33978],[-2.7318,51.33997],[-2.7317,51.34007],[-2.73199,51.34016],[-2.73206,51.34026],[-2.73199,51.34033],[-2.7324,51.34059],[-2.73242,51.34064],[-2.73286,51.34088],[-2.73287,51.34089],[-2.73285,51.34102],[-2.7334,51.34159],[-2.73355,51.34163],[-2.73379,51.3419],[-2.73387,51.34192],[-2.73413,51.34189],[-2.73422,51.34197],[-2.73425,51.34216],[-2.73435,51.34234],[-2.7342,51.34249],[-2.73397,51.34233],[-2.73394,51.34218],[-2.73347,51.34201],[-2.73343,51.34181],[-2.73311,51.34168],[-2.73301,51.34162],[-2.73293,51.34137],[-2.73274,51.34122],[-2.73267,51.34107],[-2.7323,51.34082],[-2.73217,51.34066],[-2.73176,51.3405],[-2.73169,51.34044],[-2.73173,51.3403],[-2.73136,51.34004],[-2.73137,51.33993],[-2.73131,51.33982],[-2.73114,51.33976],[-2.73097,51.33959],[-2.73078,51.3395],[-2.73051,51.33942],[-2.7304,51.33934],[-2.72995,51.33923],[-2.72991,51.33919],[-2.72986,51.33905],[-2.72961,51.33886],[-2.72947,51.33886],[-2.72933,51.33899],[-2.7291,51.33901],[-2.72822,51.33881],[-2.72797,51.3388],[-2.72771,51.33888],[-2.72756,51.33896],[-2.72737,51.33903],[-2.72726,51.33901],[-2.72703,51.33897],[-2.72692,51.33904],[-2.72689,51.33919],[-2.7268,51.33925],[-2.7265,51.33926],[-2.72615,51.33914],[-2.72605,51.33914],[-2.72593,51.33925],[-2.72563,51.33923],[-2.72555,51.33926],[-2.72545,51.33929],[-2.72524,51.33924],[-2.72512,51.33907],[-2.7251,51.3389],[-2.72492,51.33889],[-2.72471,51.33867],[-2.72466,51.33866],[-2.72455,51.33881],[-2.72434,51.33883],[-2.7241,51.33864],[-2.72389,51.33869],[-2.72365,51.33863],[-2.72309,51.33863],[-2.72285,51.33855],[-2.72263,51.33859],[-2.72248,51.33857],[-2.7224,51.33845],[-2.72225,51.33841]]]}},{"type":"Feature","properties":{"natural":"scrub"},"geometry":{"type":"Polygon","coordinates":[[[-2.73386,51.33418],[-2.73399,51.33433],[-2.73402,51.3345],[-2.73434,51.33465],[-2.73436,51.3347],[-2.73429,51.33475],[-2.7339,51.33476],[-2.73364,51.33459],[-2.73365,51.33431],[-2.73386,51.33418]]]}},{"type":"Feature","properties":{"natural":"wood"},"geometry":{"type":"Polygon","coordinates":[[[-2.73627,51.33477],[-2.73685,51.3344],[-2.73719,51.33425],[-2.73733,51.33436],[-2.73736,51.33446],[-2.73655,51.33491],[-2.73583,51.33526],[-2.73569,51.33526],[-2.73555,51.33526],[-2.73627,51.33477]]]}},{"type":"Feature","properties":{"natural":"wood"},"geometry":{"type":"Polygon","coordinates":[[[-2.788,51.32775],[-2.78835,51.32765],[-2.7899,51.32738],[-2.79006,51.32751],[-2.79012,51.32773],[-2.78935,51.32808],[-2.78878,51.32811],[-2.78846,51.32808],[-2.78826,51.32803],[-2.788,51.32775]]]}},{"type":"Feature","properties":{"natural":"scrub"},"geometry":{"type":"Polygon","coordinates":[[[-2.78478,51.32537],[-2.78496,51.32532],[-2.78527,51.32538],[-2.78527,51.32544],[-2.78496,51.32543],[-2.78536,51.32568],[-2.7853,51.32573],[-2.78551,51.32581],[-2.78538,51.32587],[-2.78521,51.32583],[-2.78479,51.32581],[-2.78478,51.32537]]]}},{"type":"Feature","properties":{"natural":"scrub"},"geometry":{"type":"Polygon","coordinates":[[[-2.79039,51.32738],[-2.7907,51.3273],[-2.79108,51.32739],[-2.7913,51.32732],[-2.79171,51.32724],[-2.79188,51.32712],[-2.79226,51.32724],[-2.79238,51.32732],[-2.79269,51.32724],[-2.79297,51.32734],[-2.79334,51.32738],[-2.79356,51.3274],[-2.79326,51.32767],[-2.79277,51.32776],[-2.79229,51.3277],[-2.79163,51.32776],[-2.79119,51.32775],[-2.79068,51.32769],[-2.79039,51.32738]]]}},{"type":"Feature","properties":{"natural":"scrub"},"geometry":{"type":"Polygon","coordinates":[[[-2.79033,51.32624],[-2.79007,51.3268],[-2.78919,51.32692],[-2.78908,51.32658],[-2.78852,51.32647],[-2.78825,51.32663],[-2.7879,51.32664],[-2.78763,51.32653],[-2.78785,51.32636],[-2.78826,51.32615],[-2.78832,51.32603],[-2.78859,51.32597],[-2.78888,51.32597],[-2.78965,51.32601],[-2.79026,51.3261],[-2.79033,51.32624]]]}},{"type":"Feature","properties":{"natural":"scrub"},"geometry":{"type":"Polygon","coordinates":[[[-2.7775,51.30694],[-2.77804,51.30697],[-2.77799,51.30724],[-2.77779,51.30721],[-2.77759,51.30714],[-2.7775,51.30694]]]}},{"type":"Feature","properties":{"natural":"scrub"},"geometry":{"type":"Polygon","coordinates":[[[-2.7826,51.28751],[-2.78308,51.28743],[-2.78356,51.28739],[-2.78388,51.2873],[-2.78417,51.28755],[-2.78445,51.28747],[-2.78461,51.28756],[-2.78476,51.28789],[-2.78485,51.28809],[-2.78455,51.28822],[-2.78437,51.28807],[-2.78407,51.28811],[-2.78399,51.28832],[-2.78375,51.28832],[-2.78362,51.28815],[-2.78345,51.28822],[-2.78333,51.28814],[-2.78314,51.2882],[-2.7829,51.28786],[-2.78272,51.28786],[-2.7826,51.28751]]]}},{"type":"Feature","properties":{"natural":"scrub"},"geometry":{"type":"Polygon","coordinates":[[[-2.77361,51.2965],[-2.77638,51.29648],[-2.77674,51.29683],[-2.7764,51.29695],[-2.776,51.29667],[-2.77521,51.29662],[-2.77453,51.29669],[-2.77392,51.29669],[-2.77361,51.2965]]]}},{"type":"Feature","properties":{"natural":"wood"},"geometry":{"type":"Polygon","coordinates":[[[-2.73947,51.33267],[-2.73942,51.33261],[-2.73958,51.33254],[-2.73968,51.33254],[-2.73975,51.33255],[-2.73985,51.3327],[-2.74006,51.33274],[-2.74007,51.33284],[-2.74057,51.33311],[-2.74077,51.33292],[-2.74046,51.33271],[-2.7406,51.33262],[-2.74102,51.33276],[-2.74108,51.33296],[-2.74058,51.33339],[-2.74065,51.33354],[-2.74115,51.33354],[-2.74119,51.33367],[-2.74209,51.3338],[-2.74204,51.3339],[-2.74169,51.33383],[-2.74152,51.33385],[-2.74135,51.33399],[-2.74147,51.33426],[-2.7414,51.33432],[-2.74146,51.33447],[-2.74127,51.33454],[-2.741,51.33441],[-2.74103,51.33421],[-2.74092,51.33417],[-2.74076,51.33409],[-2.74069,51.3339],[-2.74057,51.33381],[-2.7406,51.33366],[-2.74054,51.33363],[-2.74048,51.33367],[-2.74028,51.33357],[-2.74011,51.33332],[-2.74011,51.33321],[-2.73955,51.3328],[-2.73947,51.33267]]]}},{"type":"Feature","properties":{"natural":"wood"},"geometry":{"type":"Polygon","coordinates":[[[-2.7431,51.33472],[-2.74365,51.33481],[-2.74369,51.33485],[-2.74373,51.33491],[-2.74387,51.33495],[-2.74392,51.3351],[-2.74369,51.33558],[-2.74356,51.33572],[-2.7433,51.33599],[-2.74318,51.336],[-2.74285,51.3363],[-2.74273,51.33626],[-2.74268,51.33624],[-2.74285,51.33602],[-2.74294,51.33578],[-2.74314,51.33539],[-2.74335,51.33517],[-2.7434,51.33502],[-2.74334,51.33493],[-2.7433,51.33492],[-2.74316,51.33489],[-2.7431,51.33472]]]}},{"type":"Feature","properties":{"natural":"wood"},"geometry":{"type":"Polygon","coordinates":[[[-2.7354,51.33532],[-2.73551,51.33534],[-2.73538,51.33542],[-2.73549,51.33548],[-2.73501,51.33574],[-2.73461,51.33595],[-2.73448,51.33584],[-2.73484,51.33567],[-2.7354,51.33532]]]}},{"type":"Feature","properties":{"natural":"wood"},"geometry":{"type":"Polygon","coordinates":[[[-2.72861,51.33562],[-2.72878,51.33561],[-2.72885,51.3356],[-2.72921,51.33567],[-2.72947,51.33578],[-2.72954,51.33584],[-2.72963,51.33592],[-2.72894,51.33601],[-2.72837,51.33571],[-2.72861,51.33562]]]}},{"type":"Feature","properties":{"natural":"scrub"},"geometry":{"type":"Polygon","coordinates":[[[-2.8127,51.29514],[-2.81382,51.29478],[-2.81394,51.29495],[-2.81386,51.29581],[-2.8136,51.29586],[-2.81346,51.2961],[-2.81281,51.29578],[-2.81286,51.29555],[-2.81267,51.29549],[-2.8127,51.29514]]]}},{"type":"Feature","properties":{"natural":"wood"},"geometry":{"type":"Polygon","coordinates":[[[-2.80828,51.30009],[-2.80871,51.30008],[-2.80876,51.30158],[-2.80835,51.30167],[-2.80828,51.30009]]]}},{"type":"Feature","properties":{"natural":"heath"},"geometry":{"type":"Polygon","coordinates":[[[-2.82409,51.28945],[-2.8242,51.28942],[-2.82492,51.28919],[-2.82539,51.28916],[-2.82583,51.2893],[-2.82649,51.28959],[-2.82667,51.28956],[-2.82733,51.28996],[-2.82791,51.29046],[-2.82804,51.29095],[-2.82774,51.29089],[-2.8274,51.29054],[-2.82718,51.29066],[-2.82682,51.29092],[-2.82713,51.29148],[-2.82678,51.29189],[-2.8267,51.29271],[-2.82612,51.29307],[-2.82684,51.29329],[-2.82701,51.29368],[-2.82606,51.294],[-2.8256,51.29471],[-2.82489,51.29521],[-2.82462,51.29554],[-2.82442,51.29596],[-2.82391,51.29698],[-2.82348,51.29757],[-2.82278,51.2982],[-2.82228,51.29862],[-2.82167,51.29933],[-2.82145,51.30016],[-2.82145,51.3005],[-2.82196,51.30077],[-2.82207,51.30082],[-2.82259,51.30086],[-2.82244,51.3009],[-2.82219,51.30097],[-2.82184,51.30105],[-2.82166,51.30105],[-2.82131,51.30097],[-2.82088,51.30084],[-2.8206,51.30081],[-2.81996,51.30097],[-2.81975,51.30098],[-2.81959,51.30094],[-2.81933,51.3009],[-2.81913,51.30089],[-2.81906,51.29932],[-2.81927,51.29924],[-2.8201,51.29701],[-2.81977,51.29701],[-2.82008,51.29642],[-2.82046,51.29556],[-2.82052,51.29528],[-2.82079,51.29441],[-2.8209,51.29277],[-2.8212,51.2922],[-2.82152,51.2921],[-2.82159,51.29196],[-2.82212,51.29195],[-2.82221,51.29183],[-2.82183,51.29173],[-2.82188,51.2916],[-2.82202,51.29161],[-2.82267,51.29087],[-2.82369,51.29079],[-2.82394,51.29022],[-2.82394,51.28973],[-2.82351,51.28951],[-2.82409,51.28945]]]}},{"type":"Feature","properties":{"natural":"scrub"},"geometry":{"type":"Polygon","coordinates":[[[-2.81977,51.29701],[-2.8201,51.29701],[-2.81927,51.29924],[-2.81906,51.29932],[-2.81913,51.30089],[-2.81821,51.30092],[-2.81893,51.29934],[-2.81977,51.29701]]]}},{"type":"Feature","properties":{"natural":"wood"},"geometry":{"type":"Polygon","coordinates":[[[-2.82649,51.28979],[-2.82745,51.29031],[-2.82707,51.29053],[-2.8269,51.29036],[-2.82671,51.29038],[-2.82649,51.2904],[-2.82627,51.29027],[-2.82635,51.29012],[-2.82625,51.29001],[-2.82649,51.28979]]]}},{"type":"Feature","properties":{"natural":"scrub"},"geometry":{"type":"Polygon","coordinates":[[[-2.82635,51.29012],[-2.82583,51.29011],[-2.82552,51.28971],[-2.82566,51.28955],[-2.82624,51.28964],[-2.82649,51.28979],[-2.82625,51.29001],[-2.82635,51.29012]]]}},{"type":"Feature","properties":{"natural":"scrub"},"geometry":{"type":"Polygon","coordinates":[[[-2.82707,51.29053],[-2.82666,51.29067],[-2.82643,51.29065],[-2.82671,51.29038],[-2.8269,51.29036],[-2.82707,51.29053]]]}},{"type":"Feature","properties":{"natural":"scrub"},"geometry":{"type":"Polygon","coordinates":[[[-2.82122,51.29156],[-2.82188,51.2916],[-2.82183,51.29173],[-2.82221,51.29183],[-2.82212,51.29195],[-2.82159,51.29196],[-2.82152,51.2921],[-2.8212,51.2922],[-2.8209,51.29277],[-2.82104,51.29216],[-2.8212,51.29194],[-2.82116,51.29168],[-2.82122,51.29156]]]}},{"type":"Feature","properties":{"natural":"scrub"},"geometry":{"type":"Polygon","coordinates":[[[-2.8197,51.29481],[-2.82006,51.29475],[-2.82034,51.29475],[-2.82027,51.29523],[-2.81994,51.29517],[-2.81968,51.29518],[-2.8197,51.29481]]]}},{"type":"Feature","properties":{"natural":"scrub"},"geometry":{"type":"Polygon","coordinates":[[[-2.82214,51.30049],[-2.82258,51.30047],[-2.82259,51.30086],[-2.82207,51.30082],[-2.82196,51.30077],[-2.82214,51.30049]]]}},{"type":"Feature","properties":{"natural":"scrub"},"geometry":{"type":"Polygon","coordinates":[[[-2.82117,51.29579],[-2.82221,51.29569],[-2.82233,51.29584],[-2.82289,51.29563],[-2.82316,51.29544],[-2.82361,51.29524],[-2.82335,51.29565],[-2.82358,51.29577],[-2.82382,51.29613],[-2.82349,51.29653],[-2.82337,51.2966],[-2.82324,51.29647],[-2.82334,51.29608],[-2.8231,51.29582],[-2.82293,51.29592],[-2.82314,51.29635],[-2.82299,51.29637],[-2.82254,51.29602],[-2.82235,51.29617],[-2.8232,51.2967],[-2.82295,51.29685],[-2.82266,51.29671],[-2.82225,51.29639],[-2.82197,51.29636],[-2.8217,51.29636],[-2.82165,51.29626],[-2.8218,51.29604],[-2.82143,51.29613],[-2.82118,51.296],[-2.82117,51.29579]]]}},{"type":"Feature","properties":{"natural":"scrub"},"geometry":{"type":"Polygon","coordinates":[[[-2.82429,51.29277],[-2.8247,51.29275],[-2.82499,51.29318],[-2.82429,51.29321],[-2.82412,51.29303],[-2.82429,51.29277]]]}},{"type":"Feature","properties":{"natural":"scrub"},"geometry":{"type":"Polygon","coordinates":[[[-2.81199,51.29185],[-2.80989,51.29224],[-2.80982,51.29192],[-2.81007,51.29186],[-2.81064,51.29193],[-2.81086,51.29176],[-2.81124,51.29173],[-2.81155,51.29173],[-2.81183,51.29158],[-2.81199,51.29185]]]}},{"type":"Feature","properties":{"natural":"scrub"},"geometry":{"type":"Polygon","coordinates":[[[-2.80716,51.29299],[-2.80781,51.2931],[-2.80734,51.29328],[-2.80781,51.29377],[-2.80791,51.29338],[-2.80842,51.29353],[-2.80806,51.29427],[-2.80767,51.29453],[-2.80738,51.29457],[-2.80738,51.29465],[-2.80804,51.29529],[-2.80789,51.29547],[-2.80854,51.2961],[-2.80824,51.29636],[-2.80793,51.29655],[-2.80738,51.29667],[-2.80723,51.29667],[-2.80722,51.29647],[-2.80688,51.29644],[-2.80683,51.29583],[-2.8069,51.2951],[-2.80689,51.29448],[-2.80686,51.29392],[-2.80695,51.29316],[-2.80716,51.29299]]]}},{"type":"Feature","properties":{"natural":"scrub"},"geometry":{"type":"Polygon","coordinates":[[[-2.80724,51.29672],[-2.80767,51.29669],[-2.80845,51.29675],[-2.80915,51.29681],[-2.80934,51.29698],[-2.80912,51.29735],[-2.80881,51.29752],[-2.80845,51.29768],[-2.8073,51.29774],[-2.80724,51.29672]]]}},{"type":"Feature","properties":{"natural":"scrub"},"geometry":{"type":"Polygon","coordinates":[[[-2.8083,51.29305],[-2.80928,51.29282],[-2.80899,51.29315],[-2.80876,51.2931],[-2.80852,51.29338],[-2.80835,51.29335],[-2.8083,51.29305]]]}},{"type":"Feature","properties":{"natural":"scrub"},"geometry":{"type":"Polygon","coordinates":[[[-2.81517,51.29657],[-2.81516,51.29663],[-2.81492,51.29731],[-2.81443,51.29734],[-2.81436,51.29718],[-2.81517,51.29657]]]}},{"type":"Feature","properties":{"natural":"scrub"},"geometry":{"type":"Polygon","coordinates":[[[-2.81055,51.29713],[-2.81083,51.29722],[-2.81087,51.29763],[-2.81024,51.29766],[-2.81018,51.29746],[-2.81055,51.29713]]]}},{"type":"Feature","properties":{"natural":"scrub"},"geometry":{"type":"Polygon","coordinates":[[[-2.84984,51.29979],[-2.84981,51.29968],[-2.8498,51.29965],[-2.85122,51.29959],[-2.85168,51.29989],[-2.85186,51.29979],[-2.85277,51.29996],[-2.85296,51.3],[-2.85316,51.30012],[-2.85351,51.30012],[-2.85363,51.30028],[-2.85344,51.30041],[-2.85373,51.30048],[-2.85373,51.30091],[-2.85362,51.30092],[-2.8531,51.30076],[-2.85299,51.30083],[-2.85317,51.30088],[-2.85331,51.30107],[-2.85256,51.30093],[-2.85219,51.30025],[-2.85138,51.3001],[-2.85112,51.29976],[-2.84984,51.29979]]]}},{"type":"Feature","properties":{"natural":"heath"},"geometry":{"type":"Polygon","coordinates":[[[-2.85122,51.29959],[-2.85294,51.29947],[-2.85288,51.29998],[-2.85186,51.29979],[-2.85168,51.29989],[-2.85122,51.29959]]]}},{"type":"Feature","properties":{"natural":"scrub"},"geometry":{"type":"Polygon","coordinates":[[[-2.85344,51.3011],[-2.85388,51.30093],[-2.85385,51.30118],[-2.85344,51.3011]]]}},{"type":"Feature","properties":{"natural":"wood"},"geometry":{"type":"Polygon","coordinates":[[[-2.83107,51.29375],[-2.83128,51.29418],[-2.83109,51.2943],[-2.83112,51.2945],[-2.8312,51.29458],[-2.8311,51.29486],[-2.83128,51.29491],[-2.83126,51.29541],[-2.831,51.29536],[-2.83108,51.2964],[-2.83089,51.29651],[-2.8309,51.29549],[-2.83077,51.29549],[-2.83072,51.29549],[-2.83073,51.29526],[-2.83061,51.29526],[-2.8303,51.29546],[-2.83014,51.29577],[-2.82986,51.296],[-2.82971,51.29635],[-2.82956,51.29639],[-2.82918,51.29629],[-2.82992,51.29546],[-2.83048,51.29481],[-2.83084,51.2942],[-2.83107,51.29375]]]}},{"type":"Feature","properties":{"natural":"wood"},"geometry":{"type":"Polygon","coordinates":[[[-2.83089,51.29658],[-2.83127,51.29663],[-2.83118,51.2982],[-2.83114,51.29866],[-2.83083,51.29871],[-2.83086,51.29703],[-2.83089,51.29658]]]}},{"type":"Feature","properties":{"natural":"scrub"},"geometry":{"type":"Polygon","coordinates":[[[-2.83072,51.29659],[-2.83074,51.29869],[-2.83066,51.2986],[-2.83063,51.29658],[-2.83072,51.29659]]]}},{"type":"Feature","properties":{"natural":"wood"},"geometry":{"type":"Polygon","coordinates":[[[-2.83072,51.29901],[-2.83075,51.30081],[-2.83065,51.30085],[-2.83063,51.30036],[-2.83052,51.3001],[-2.83061,51.29997],[-2.83059,51.29983],[-2.83067,51.29917],[-2.83072,51.29901]]]}},{"type":"Feature","properties":{"natural":"scrub"},"geometry":{"type":"Polygon","coordinates":[[[-2.83077,51.29549],[-2.83074,51.29647],[-2.83068,51.29644],[-2.83072,51.29549],[-2.83077,51.29549]]]}},{"type":"Feature","properties":{"natural":"wood"},"geometry":{"type":"Polygon","coordinates":[[[-2.83088,51.29263],[-2.83098,51.2928],[-2.83122,51.29302],[-2.83063,51.2941],[-2.83062,51.29404],[-2.83054,51.29373],[-2.83048,51.29344],[-2.8305,51.29323],[-2.83042,51.29308],[-2.83039,51.29288],[-2.83004,51.29222],[-2.83015,51.29202],[-2.83071,51.29273],[-2.83083,51.29265],[-2.83088,51.29263]]]}},{"type":"Feature","properties":{"natural":"scrub"},"geometry":{"type":"Polygon","coordinates":[[[-2.83101,51.29145],[-2.83156,51.29137],[-2.83212,51.29134],[-2.8322,51.29135],[-2.83219,51.29143],[-2.83216,51.29155],[-2.83191,51.29183],[-2.83157,51.29234],[-2.83137,51.29262],[-2.83115,51.29267],[-2.83108,51.29262],[-2.83107,51.29253],[-2.83129,51.29213],[-2.83132,51.29203],[-2.83131,51.29197],[-2.83125,51.2919],[-2.83132,51.29179],[-2.83139,51.29172],[-2.83101,51.29145]]]}},{"type":"Feature","properties":{"natural":"wood"},"geometry":{"type":"Polygon","coordinates":[[[-2.82596,51.28852],[-2.82624,51.28869],[-2.82658,51.28893],[-2.82677,51.28907],[-2.82719,51.28931],[-2.82769,51.28971],[-2.82781,51.28986],[-2.82788,51.29013],[-2.82763,51.28998],[-2.82763,51.28989],[-2.82765,51.28981],[-2.82758,51.28974],[-2.8271,51.28942],[-2.82698,51.28945],[-2.82688,51.28949],[-2.8262,51.28915],[-2.8255,51.28887],[-2.82483,51.28865],[-2.82414,51.28845],[-2.82447,51.28835],[-2.82477,51.28848],[-2.82505,51.2886],[-2.82539,51.28868],[-2.82596,51.28852]]]}},{"type":"Feature","properties":{"natural":"wood"},"geometry":{"type":"Polygon","coordinates":[[[-2.80482,51.29134],[-2.80524,51.2915],[-2.80539,51.29175],[-2.80551,51.29182],[-2.8056,51.29198],[-2.80598,51.29218],[-2.80618,51.29217],[-2.80609,51.29244],[-2.80564,51.29227],[-2.80536,51.292],[-2.80489,51.29156],[-2.80463,51.2915],[-2.80482,51.29134]]]}},{"type":"Feature","properties":{"natural":"wood"},"geometry":{"type":"Polygon","coordinates":[[[-2.8242,51.28942],[-2.82434,51.28923],[-2.82491,51.28898],[-2.82425,51.28876],[-2.82432,51.28863],[-2.82461,51.2887],[-2.82492,51.2888],[-2.8258,51.28912],[-2.82667,51.28956],[-2.82649,51.28959],[-2.82583,51.2893],[-2.82539,51.28916],[-2.82492,51.28919],[-2.8242,51.28942]]]}},{"type":"Feature","properties":{"natural":"wood"},"geometry":{"type":"Polygon","coordinates":[[[-2.82397,51.28842],[-2.82302,51.28827],[-2.82212,51.28822],[-2.82178,51.2882],[-2.82285,51.28813],[-2.82346,51.2881],[-2.824,51.2881],[-2.82417,51.28814],[-2.8242,51.28826],[-2.82412,51.28833],[-2.82397,51.28842]]]}},{"type":"Feature","properties":{"natural":"wood"},"geometry":{"type":"Polygon","coordinates":[[[-2.79712,51.29884],[-2.79716,51.29875],[-2.79695,51.29866],[-2.79718,51.29854],[-2.79769,51.29858],[-2.7983,51.29886],[-2.79843,51.29955],[-2.79886,51.29967],[-2.79892,51.30004],[-2.79878,51.30017],[-2.79913,51.30045],[-2.79934,51.3009],[-2.79936,51.30114],[-2.79957,51.30138],[-2.79983,51.30135],[-2.80005,51.30153],[-2.80014,51.30217],[-2.80035,51.30425],[-2.80234,51.30431],[-2.80266,51.30428],[-2.80267,51.30434],[-2.8027,51.30454],[-2.80372,51.30446],[-2.80378,51.30484],[-2.80283,51.30491],[-2.8028,51.30507],[-2.80275,51.30528],[-2.80243,51.30536],[-2.80224,51.30537],[-2.80202,51.30526],[-2.80128,51.30521],[-2.80111,51.30509],[-2.80088,51.30471],[-2.80043,51.30486],[-2.80052,51.30513],[-2.80033,51.30523],[-2.80041,51.30564],[-2.80011,51.30569],[-2.79987,51.30566],[-2.7996,51.30545],[-2.79916,51.30527],[-2.7992,51.30488],[-2.79935,51.30469],[-2.79966,51.30479],[-2.79975,51.30469],[-2.79933,51.30441],[-2.79907,51.30471],[-2.79855,51.30443],[-2.79862,51.30412],[-2.79742,51.30416],[-2.79728,51.30339],[-2.79714,51.30252],[-2.79601,51.30275],[-2.79572,51.30239],[-2.7964,51.3022],[-2.7969,51.3024],[-2.79741,51.30205],[-2.79725,51.30191],[-2.79776,51.30119],[-2.7976,51.29925],[-2.79712,51.29884]]]}},{"type":"Feature","properties":{"natural":"scrub"},"geometry":{"type":"Polygon","coordinates":[[[-2.80128,51.30521],[-2.80106,51.30541],[-2.80078,51.30561],[-2.80041,51.30564],[-2.80033,51.30523],[-2.80052,51.30513],[-2.80043,51.30486],[-2.80088,51.30471],[-2.80111,51.30509],[-2.80128,51.30521]]]}},{"type":"Feature","properties":{"natural":"scrub"},"geometry":{"type":"Polygon","coordinates":[[[-2.80267,51.30434],[-2.80266,51.30428],[-2.8035,51.30415],[-2.80367,51.30413],[-2.80369,51.30425],[-2.80267,51.30434]]]}},{"type":"Feature","properties":{"natural":"wood"},"geometry":{"type":"Polygon","coordinates":[[[-2.80137,51.29579],[-2.80207,51.29573],[-2.80262,51.29577],[-2.80275,51.29598],[-2.80236,51.29607],[-2.80213,51.29607],[-2.80201,51.29601],[-2.80192,51.29603],[-2.80163,51.29637],[-2.80127,51.2964],[-2.80137,51.29579]]]}},{"type":"Feature","properties":{"natural":"wood"},"geometry":{"type":"Polygon","coordinates":[[[-2.80107,51.29599],[-2.80074,51.29657],[-2.80064,51.29654],[-2.80059,51.29642],[-2.80037,51.29638],[-2.80038,51.29632],[-2.80052,51.29618],[-2.80055,51.29604],[-2.80107,51.29599]]]}},{"type":"Feature","properties":{"natural":"wood"},"geometry":{"type":"Polygon","coordinates":[[[-2.80252,51.2966],[-2.80258,51.29698],[-2.80047,51.2969],[-2.80048,51.29678],[-2.80133,51.29665],[-2.80252,51.2966]]]}},{"type":"Feature","properties":{"natural":"wood"},"geometry":{"type":"Polygon","coordinates":[[[-2.80465,51.29656],[-2.80476,51.29681],[-2.80469,51.29699],[-2.80384,51.297],[-2.80386,51.29685],[-2.80465,51.29656]]]}},{"type":"Feature","properties":{"natural":"scrub"},"geometry":{"type":"Polygon","coordinates":[[[-2.79466,51.29683],[-2.79497,51.29677],[-2.79558,51.29681],[-2.79576,51.29676],[-2.79642,51.29688],[-2.79655,51.29687],[-2.79676,51.29681],[-2.79758,51.29676],[-2.79753,51.29684],[-2.79737,51.29687],[-2.7961,51.29696],[-2.7959,51.29693],[-2.79534,51.29702],[-2.79497,51.29688],[-2.79476,51.29691],[-2.79466,51.29683]]]}},{"type":"Feature","properties":{"natural":"wood"},"geometry":{"type":"Polygon","coordinates":[[[-2.79971,51.30623],[-2.80151,51.30647],[-2.80243,51.30652],[-2.80215,51.30673],[-2.80153,51.30696],[-2.80195,51.30791],[-2.8022,51.30806],[-2.80172,51.30814],[-2.80062,51.30834],[-2.80023,51.30847],[-2.79969,51.30864],[-2.80007,51.30907],[-2.79978,51.30949],[-2.79931,51.30889],[-2.79914,51.30891],[-2.79893,51.30862],[-2.79914,51.30852],[-2.79886,51.30816],[-2.79888,51.30815],[-2.79912,51.30807],[-2.79953,51.30833],[-2.79978,51.30834],[-2.79994,51.30824],[-2.80008,51.30807],[-2.79995,51.30751],[-2.8001,51.30745],[-2.79987,51.307],[-2.79994,51.30694],[-2.80005,51.30685],[-2.79999,51.30654],[-2.79971,51.30623]]]}},{"type":"Feature","properties":{"natural":"wood"},"geometry":{"type":"Polygon","coordinates":[[[-2.78611,51.31061],[-2.78622,51.31014],[-2.78625,51.31002],[-2.78745,51.31],[-2.78753,51.31044],[-2.78748,51.31077],[-2.78818,51.31074],[-2.78822,51.31105],[-2.78779,51.31105],[-2.78772,51.31093],[-2.78718,51.31097],[-2.78722,51.31122],[-2.78766,51.31121],[-2.78769,51.31115],[-2.78823,51.31112],[-2.78825,51.31127],[-2.78712,51.3113],[-2.78688,51.31094],[-2.78689,51.3107],[-2.78642,51.31065],[-2.78611,51.31061]]]}},{"type":"Feature","properties":{"natural":"scrub"},"geometry":{"type":"Polygon","coordinates":[[[-2.828,51.28992],[-2.82822,51.29002],[-2.8282,51.2901],[-2.82833,51.29012],[-2.82866,51.29037],[-2.82869,51.29049],[-2.82846,51.29043],[-2.82805,51.29005],[-2.828,51.28992]]]}},{"type":"Feature","properties":{"natural":"wood"},"geometry":{"type":"Polygon","coordinates":[[[-2.82877,51.29082],[-2.82853,51.29061],[-2.82841,51.29056],[-2.82804,51.29024],[-2.82802,51.29032],[-2.82855,51.29087],[-2.82877,51.29082]]]}},{"type":"Feature","properties":{"natural":"scrub"},"geometry":{"type":"Polygon","coordinates":[[[-2.8476,51.29324],[-2.84813,51.29313],[-2.84815,51.29313],[-2.84904,51.29284],[-2.84973,51.29271],[-2.85052,51.2928],[-2.85087,51.29289],[-2.85147,51.29284],[-2.85215,51.29288],[-2.85302,51.29372],[-2.85365,51.29392],[-2.85344,51.29451],[-2.85385,51.29496],[-2.85418,51.29487],[-2.85416,51.29434],[-2.85499,51.29465],[-2.85509,51.29481],[-2.85546,51.29505],[-2.85598,51.29494],[-2.85592,51.2952],[-2.8559,51.29529],[-2.85657,51.29532],[-2.85668,51.29509],[-2.85733,51.29517],[-2.85798,51.2953],[-2.85859,51.29542],[-2.85918,51.29539],[-2.85921,51.29539],[-2.85912,51.29564],[-2.85955,51.29566],[-2.85994,51.29573],[-2.86009,51.29589],[-2.86054,51.29597],[-2.86071,51.29594],[-2.86091,51.29595],[-2.86128,51.29596],[-2.86147,51.29584],[-2.86175,51.29586],[-2.86201,51.29592],[-2.86222,51.29603],[-2.86307,51.29612],[-2.86307,51.29594],[-2.86338,51.29601],[-2.86346,51.29613],[-2.86369,51.29654],[-2.86409,51.29661],[-2.86515,51.29681],[-2.86515,51.29664],[-2.86659,51.29689],[-2.86735,51.29766],[-2.86757,51.29788],[-2.86795,51.298],[-2.86817,51.29789],[-2.86829,51.29784],[-2.86887,51.2991],[-2.8687,51.29932],[-2.86859,51.29946],[-2.8692,51.29957],[-2.86802,51.29997],[-2.86778,51.3],[-2.86791,51.29958],[-2.86767,51.29942],[-2.86781,51.29906],[-2.86796,51.29886],[-2.86776,51.29845],[-2.86704,51.29834],[-2.86607,51.2982],[-2.86567,51.2983],[-2.86499,51.29832],[-2.86431,51.29821],[-2.86383,51.29827],[-2.86329,51.29776],[-2.8633,51.29739],[-2.86301,51.297],[-2.86254,51.29701],[-2.86205,51.29692],[-2.86165,51.29707],[-2.86153,51.29736],[-2.86124,51.29755],[-2.86106,51.29746],[-2.86085,51.29702],[-2.86036,51.29657],[-2.86033,51.29637],[-2.85967,51.29615],[-2.8592,51.29716],[-2.85986,51.29741],[-2.85962,51.29761],[-2.85914,51.29742],[-2.85923,51.29767],[-2.8596,51.29777],[-2.86011,51.29789],[-2.8602,51.29812],[-2.85925,51.29805],[-2.85886,51.29816],[-2.85831,51.29815],[-2.85844,51.29783],[-2.85826,51.29776],[-2.85838,51.29746],[-2.85864,51.29745],[-2.85913,51.29629],[-2.85818,51.29619],[-2.85805,51.29604],[-2.85737,51.29598],[-2.85692,51.29611],[-2.85612,51.29609],[-2.85584,51.29638],[-2.85508,51.29638],[-2.85475,51.29624],[-2.85359,51.29619],[-2.85365,51.29587],[-2.8533,51.29574],[-2.85261,51.29598],[-2.85205,51.29598],[-2.85202,51.2959],[-2.85285,51.2956],[-2.85308,51.29549],[-2.85318,51.29513],[-2.85313,51.29481],[-2.85291,51.29467],[-2.85228,51.2948],[-2.85209,51.29472],[-2.85253,51.29446],[-2.85217,51.29439],[-2.85208,51.29421],[-2.85169,51.29411],[-2.85125,51.29398],[-2.85151,51.29388],[-2.85188,51.29393],[-2.8514,51.29342],[-2.85085,51.29378],[-2.85046,51.29377],[-2.85038,51.2938],[-2.85046,51.29403],[-2.85006,51.29397],[-2.85009,51.2937],[-2.84931,51.29328],[-2.84893,51.29335],[-2.8485,51.294],[-2.84882,51.29415],[-2.84882,51.29438],[-2.84899,51.29454],[-2.84932,51.29447],[-2.84924,51.29523],[-2.84895,51.29539],[-2.84894,51.29551],[-2.84924,51.29579],[-2.84933,51.29606],[-2.84953,51.29626],[-2.84927,51.29646],[-2.84908,51.29642],[-2.84771,51.29697],[-2.84704,51.29734],[-2.84628,51.29742],[-2.84647,51.29769],[-2.84683,51.29779],[-2.84669,51.29817],[-2.84666,51.29851],[-2.84638,51.29847],[-2.84607,51.29818],[-2.846,51.29784],[-2.8453,51.29677],[-2.84485,51.29676],[-2.8435,51.29606],[-2.84316,51.29642],[-2.84286,51.29619],[-2.84271,51.2956],[-2.84274,51.29527],[-2.84213,51.29513],[-2.84145,51.29558],[-2.8411,51.29505],[-2.84205,51.29467],[-2.84191,51.29449],[-2.84153,51.29458],[-2.84124,51.29407],[-2.84151,51.29348],[-2.84215,51.29381],[-2.84275,51.29399],[-2.84345,51.29441],[-2.84375,51.29435],[-2.84384,51.29439],[-2.84399,51.29424],[-2.8442,51.29517],[-2.84442,51.29545],[-2.84467,51.29557],[-2.84523,51.29578],[-2.84576,51.29586],[-2.84601,51.29572],[-2.84653,51.29579],[-2.84667,51.2952],[-2.84679,51.29418],[-2.84678,51.29415],[-2.84686,51.29416],[-2.8469,51.29406],[-2.84694,51.29393],[-2.84704,51.29379],[-2.84724,51.2938],[-2.84754,51.29377],[-2.84786,51.29365],[-2.84809,51.29344],[-2.84808,51.29325],[-2.84772,51.29329],[-2.8476,51.29324]]]}},{"type":"Feature","properties":{"natural":"scrub"},"geometry":{"type":"Polygon","coordinates":[[[-2.85085,51.29548],[-2.85146,51.29544],[-2.85173,51.29532],[-2.85214,51.29532],[-2.85236,51.29532],[-2.85274,51.29523],[-2.85283,51.29533],[-2.85252,51.29545],[-2.85204,51.29556],[-2.85222,51.29576],[-2.85182,51.29573],[-2.85139,51.29574],[-2.8511,51.29574],[-2.85092,51.29569],[-2.85085,51.29548]]]}},{"type":"Feature","properties":{"natural":"scrub"},"geometry":{"type":"Polygon","coordinates":[[[-2.85157,51.29461],[-2.85167,51.29465],[-2.85165,51.29475],[-2.85181,51.29485],[-2.85144,51.29501],[-2.85127,51.29491],[-2.85157,51.29461]]]}},{"type":"Feature","properties":{"natural":"scrub"},"geometry":{"type":"Polygon","coordinates":[[[-2.85254,51.29653],[-2.8528,51.29638],[-2.85313,51.29649],[-2.85341,51.29635],[-2.85374,51.29632],[-2.85428,51.29641],[-2.85452,51.29628],[-2.85465,51.29631],[-2.85478,51.29643],[-2.85496,51.29642],[-2.85531,51.29651],[-2.8551,51.29684],[-2.85545,51.29683],[-2.85581,51.29677],[-2.8558,51.29663],[-2.85613,51.2966],[-2.85617,51.29682],[-2.85631,51.297],[-2.85597,51.29713],[-2.85596,51.29727],[-2.85626,51.29744],[-2.85606,51.29751],[-2.85564,51.29757],[-2.8554,51.29749],[-2.85531,51.29732],[-2.85485,51.29729],[-2.85485,51.29718],[-2.85473,51.29721],[-2.85425,51.29706],[-2.8541,51.29719],[-2.85392,51.29703],[-2.85423,51.29685],[-2.85415,51.29675],[-2.85335,51.29682],[-2.85315,51.29707],[-2.85275,51.29692],[-2.8528,51.2967],[-2.85254,51.29653]]]}},{"type":"Feature","properties":{"natural":"wood"},"geometry":{"type":"Polygon","coordinates":[[[-2.85397,51.2935],[-2.85411,51.29361],[-2.85407,51.2939],[-2.85391,51.29415],[-2.85416,51.29434],[-2.85418,51.29487],[-2.85385,51.29496],[-2.85344,51.29451],[-2.85365,51.29392],[-2.85397,51.2935]]]}},{"type":"Feature","properties":{"natural":"scrub"},"geometry":{"type":"Polygon","coordinates":[[[-2.84254,51.29084],[-2.84269,51.29131],[-2.84316,51.29155],[-2.84251,51.29246],[-2.84238,51.29241],[-2.84188,51.29198],[-2.84254,51.29084]]]}},{"type":"Feature","properties":{"natural":"wood"},"geometry":{"type":"Polygon","coordinates":[[[-2.83966,51.28994],[-2.8401,51.29019],[-2.84018,51.29019],[-2.84027,51.29027],[-2.84075,51.29038],[-2.83935,51.29023],[-2.83901,51.29035],[-2.83852,51.29043],[-2.83794,51.29036],[-2.83757,51.29021],[-2.83688,51.29015],[-2.83671,51.29005],[-2.8379,51.28995],[-2.83809,51.28998],[-2.83832,51.29],[-2.83856,51.29013],[-2.83906,51.28998],[-2.83947,51.28993],[-2.83966,51.28994]]]}},{"type":"Feature","properties":{"natural":"scrub"},"geometry":{"type":"Polygon","coordinates":[[[-2.83803,51.29041],[-2.83844,51.29045],[-2.83843,51.29067],[-2.83824,51.29098],[-2.83819,51.2913],[-2.83804,51.29131],[-2.83781,51.29116],[-2.83789,51.29076],[-2.83803,51.29041]]]}},{"type":"Feature","properties":{"natural":"scrub"},"geometry":{"type":"Polygon","coordinates":[[[-2.83598,51.2882],[-2.83688,51.28756],[-2.83784,51.28703],[-2.8382,51.28732],[-2.83877,51.28739],[-2.8389,51.28745],[-2.83919,51.28771],[-2.83913,51.28785],[-2.83887,51.28803],[-2.83843,51.28802],[-2.83792,51.28784],[-2.83598,51.2882]]]}},{"type":"Feature","properties":{"natural":"wood"},"geometry":{"type":"Polygon","coordinates":[[[-2.80015,51.3462],[-2.79974,51.34542],[-2.8004,51.34521],[-2.80042,51.34524],[-2.80089,51.34588],[-2.80098,51.34601],[-2.80041,51.34614],[-2.80015,51.3462]]]}},{"type":"Feature","properties":{"natural":"wood"},"geometry":{"type":"Polygon","coordinates":[[[-2.79947,51.34468],[-2.79927,51.34429],[-2.79923,51.34471],[-2.79858,51.34481],[-2.7986,51.34484],[-2.79887,51.34525],[-2.79891,51.34532],[-2.79918,51.34529],[-2.79923,51.34537],[-2.79924,51.3455],[-2.79942,51.34559],[-2.79955,51.34559],[-2.79966,51.34551],[-2.79968,51.34543],[-2.79968,51.34532],[-2.79973,51.34531],[-2.79947,51.34468]]]}},{"type":"Feature","properties":{"natural":"wood"},"geometry":{"type":"Polygon","coordinates":[[[-2.80545,51.33967],[-2.8046,51.33976],[-2.80457,51.33995],[-2.80439,51.34025],[-2.80439,51.34029],[-2.80442,51.34054],[-2.80543,51.34059],[-2.80543,51.3404],[-2.80544,51.33981],[-2.80545,51.33967]]]}},{"type":"Feature","properties":{"natural":"wood"},"geometry":{"type":"Polygon","coordinates":[[[-2.80609,51.33876],[-2.80636,51.33826],[-2.80587,51.33815],[-2.8059,51.33801],[-2.80591,51.33795],[-2.80533,51.33791],[-2.80511,51.33803],[-2.80545,51.33825],[-2.80564,51.33861],[-2.80596,51.33878],[-2.80609,51.33876]]]}},{"type":"Feature","properties":{"natural":"wood"},"geometry":{"type":"Polygon","coordinates":[[[-2.82625,51.33974],[-2.82601,51.33984],[-2.8251,51.34014],[-2.82498,51.34016],[-2.82488,51.3401],[-2.82467,51.33996],[-2.82453,51.33984],[-2.82468,51.33975],[-2.82494,51.33963],[-2.82524,51.33952],[-2.82552,51.33942],[-2.82584,51.33933],[-2.82599,51.33931],[-2.82625,51.33974]]]}},{"type":"Feature","properties":{"natural":"wood"},"geometry":{"type":"Polygon","coordinates":[[[-2.78395,51.34526],[-2.78609,51.34463],[-2.78653,51.34461],[-2.78688,51.34453],[-2.78717,51.34446],[-2.78695,51.34372],[-2.78602,51.34377],[-2.78484,51.3442],[-2.78457,51.34421],[-2.78436,51.34403],[-2.78283,51.3441],[-2.7829,51.34422],[-2.78385,51.34428],[-2.78396,51.3447],[-2.78399,51.34497],[-2.7838,51.34502],[-2.78395,51.34526]]]}},{"type":"Feature","properties":{"natural":"wood"},"geometry":{"type":"Polygon","coordinates":[[[-2.79365,51.30685],[-2.79399,51.30681],[-2.79389,51.30745],[-2.79354,51.30747],[-2.79317,51.30745],[-2.79189,51.3073],[-2.79238,51.30712],[-2.7935,51.30722],[-2.79361,51.30708],[-2.79365,51.30685]]]}},{"type":"Feature","properties":{"natural":"wood"},"geometry":{"type":"Polygon","coordinates":[[[-2.79331,51.31115],[-2.79362,51.31088],[-2.79383,51.31079],[-2.79411,51.31073],[-2.79468,51.31076],[-2.79521,51.31092],[-2.79548,51.3107],[-2.79554,51.31107],[-2.79578,51.31105],[-2.79585,51.31121],[-2.79649,51.31107],[-2.79707,51.31106],[-2.79711,51.31113],[-2.79788,51.31112],[-2.79795,51.31114],[-2.79715,51.31124],[-2.79717,51.31128],[-2.797,51.31136],[-2.79682,51.31135],[-2.7968,51.31148],[-2.79702,51.31157],[-2.79738,51.31157],[-2.7976,51.31163],[-2.79788,51.31155],[-2.79798,51.3114],[-2.79798,51.31118],[-2.79811,51.31118],[-2.79821,51.3115],[-2.798,51.31167],[-2.79774,51.31176],[-2.79776,51.31196],[-2.7978,51.31217],[-2.79767,51.31232],[-2.79756,51.31211],[-2.79757,51.31198],[-2.79746,51.31179],[-2.7972,51.31171],[-2.79709,51.31184],[-2.79694,51.31171],[-2.79679,51.31181],[-2.79715,51.31203],[-2.79675,51.31224],[-2.79664,51.31233],[-2.79649,51.31217],[-2.79638,51.31195],[-2.79621,51.31188],[-2.79551,51.31188],[-2.79551,51.31176],[-2.79552,51.31154],[-2.79333,51.31141],[-2.79347,51.3112],[-2.79331,51.31115]]]}},{"type":"Feature","properties":{"natural":"wood"},"geometry":{"type":"Polygon","coordinates":[[[-2.78862,51.29302],[-2.78877,51.29301],[-2.78937,51.29235],[-2.79006,51.29189],[-2.79039,51.29178],[-2.79065,51.2918],[-2.78987,51.29289],[-2.78962,51.29323],[-2.78855,51.29339],[-2.78862,51.29302]]]}},{"type":"Feature","properties":{"natural":"wood"},"geometry":{"type":"Polygon","coordinates":[[[-2.78854,51.29289],[-2.78858,51.29173],[-2.78839,51.29218],[-2.78809,51.29259],[-2.78804,51.29282],[-2.78854,51.29289]]]}},{"type":"Feature","properties":{"natural":"scrub"},"geometry":{"type":"Polygon","coordinates":[[[-2.79087,51.29215],[-2.79166,51.29232],[-2.79225,51.29237],[-2.7926,51.29236],[-2.79411,51.2923],[-2.79441,51.29207],[-2.79399,51.29272],[-2.79326,51.2931],[-2.79256,51.29353],[-2.79151,51.29348],[-2.79155,51.29266],[-2.79071,51.29246],[-2.79087,51.29215]]]}},{"type":"Feature","properties":{"natural":"wood"},"geometry":{"type":"Polygon","coordinates":[[[-2.79155,51.29266],[-2.79151,51.29348],[-2.79179,51.29397],[-2.79164,51.29388],[-2.79114,51.29357],[-2.79127,51.29312],[-2.79155,51.29266]]]}},{"type":"Feature","properties":{"natural":"wood"},"geometry":{"type":"Polygon","coordinates":[[[-2.7927,51.29355],[-2.79256,51.29353],[-2.79326,51.2931],[-2.79399,51.29272],[-2.79441,51.29207],[-2.79455,51.29197],[-2.79508,51.29157],[-2.79539,51.29159],[-2.7958,51.29121],[-2.79549,51.29168],[-2.79517,51.29184],[-2.79481,51.29215],[-2.79428,51.29282],[-2.79315,51.2933],[-2.7927,51.29355]]]}},{"type":"Feature","properties":{"natural":"wood"},"geometry":{"type":"Polygon","coordinates":[[[-2.78536,51.28644],[-2.78488,51.28637],[-2.78419,51.28649],[-2.78418,51.28643],[-2.7841,51.28598],[-2.78372,51.28599],[-2.78365,51.28599],[-2.78375,51.28585],[-2.78465,51.28587],[-2.78462,51.28593],[-2.78699,51.28656],[-2.78715,51.28678],[-2.78841,51.287],[-2.78843,51.28708],[-2.7869,51.28683],[-2.78562,51.28627],[-2.78536,51.28644]]]}},{"type":"Feature","properties":{"natural":"wood"},"geometry":{"type":"Polygon","coordinates":[[[-2.78307,51.28662],[-2.78318,51.28652],[-2.78386,51.28646],[-2.78418,51.28643],[-2.78419,51.28649],[-2.78354,51.28662],[-2.78342,51.28681],[-2.78325,51.28696],[-2.78316,51.28701],[-2.78295,51.28708],[-2.783,51.28682],[-2.78289,51.28672],[-2.78307,51.28662]]]}},{"type":"Feature","properties":{"natural":"scrub"},"geometry":{"type":"Polygon","coordinates":[[[-2.78084,51.28401],[-2.78185,51.28421],[-2.78208,51.28424],[-2.78215,51.28421],[-2.78221,51.28423],[-2.78217,51.28438],[-2.78215,51.28442],[-2.782,51.28455],[-2.7821,51.28473],[-2.78193,51.28477],[-2.78162,51.28468],[-2.78118,51.28458],[-2.78084,51.28439],[-2.78074,51.28433],[-2.78084,51.28401]]]}},{"type":"Feature","properties":{"natural":"wood"},"geometry":{"type":"Polygon","coordinates":[[[-2.85375,51.30239],[-2.85392,51.30239],[-2.85461,51.30238],[-2.85452,51.30288],[-2.85474,51.30291],[-2.85485,51.30238],[-2.85514,51.30238],[-2.85536,51.30236],[-2.85532,51.30267],[-2.85504,51.30276],[-2.85505,51.30322],[-2.85545,51.30317],[-2.85568,51.30335],[-2.85559,51.30336],[-2.85463,51.3035],[-2.8545,51.30353],[-2.85435,51.30356],[-2.8543,51.30356],[-2.8541,51.30355],[-2.85377,51.30353],[-2.8537,51.30354],[-2.8537,51.30346],[-2.85372,51.30307],[-2.85393,51.3031],[-2.85391,51.3034],[-2.85433,51.30341],[-2.85437,51.30302],[-2.85388,51.30295],[-2.85373,51.30289],[-2.85375,51.30239]]]}},{"type":"Feature","properties":{"natural":"wood"},"geometry":{"type":"Polygon","coordinates":[[[-2.77891,51.30752],[-2.77862,51.30753],[-2.77858,51.30739],[-2.77834,51.30728],[-2.77837,51.30709],[-2.77818,51.30707],[-2.77819,51.30696],[-2.77967,51.30709],[-2.77903,51.30716],[-2.77894,51.30723],[-2.77892,51.30744],[-2.77891,51.30752]]]}},{"type":"Feature","properties":{"natural":"wood"},"geometry":{"type":"Polygon","coordinates":[[[-2.80688,51.30613],[-2.80817,51.30593],[-2.80831,51.30651],[-2.80826,51.30716],[-2.80826,51.30759],[-2.80806,51.30769],[-2.80797,51.3074],[-2.80791,51.30654],[-2.80796,51.3063],[-2.80776,51.3062],[-2.80738,51.3062],[-2.80707,51.30623],[-2.80688,51.30613]]]}},{"type":"Feature","properties":{"natural":"wood"},"geometry":{"type":"Polygon","coordinates":[[[-2.80782,51.30772],[-2.80741,51.30788],[-2.80649,51.30796],[-2.8063,51.30793],[-2.80557,51.30807],[-2.80495,51.30804],[-2.80472,51.308],[-2.80448,51.30804],[-2.80413,51.30777],[-2.80415,51.30766],[-2.80421,51.30762],[-2.80458,51.30766],[-2.80498,51.30761],[-2.80527,51.30748],[-2.80545,51.30751],[-2.80561,51.30783],[-2.80626,51.30779],[-2.80717,51.30761],[-2.80773,51.30759],[-2.80782,51.30772]]]}},{"type":"Feature","properties":{"natural":"wood"},"geometry":{"type":"Polygon","coordinates":[[[-2.79129,51.32067],[-2.79248,51.32069],[-2.79262,51.3208],[-2.79327,51.32085],[-2.79338,51.32093],[-2.79419,51.321],[-2.79418,51.32112],[-2.79418,51.32115],[-2.79418,51.32118],[-2.79304,51.32105],[-2.79247,51.32103],[-2.79242,51.32093],[-2.7913,51.32075],[-2.7913,51.32073],[-2.79129,51.32067]]]}},{"type":"Feature","properties":{"natural":"wood"},"geometry":{"type":"Polygon","coordinates":[[[-2.78994,51.32419],[-2.79053,51.3239],[-2.79068,51.32372],[-2.79079,51.32373],[-2.7911,51.32393],[-2.79118,51.32447],[-2.78994,51.32419]]]}},{"type":"Feature","properties":{"natural":"wood"},"geometry":{"type":"Polygon","coordinates":[[[-2.79195,51.32451],[-2.79207,51.32424],[-2.79233,51.3242],[-2.79275,51.32431],[-2.79296,51.32427],[-2.7934,51.32439],[-2.79438,51.32449],[-2.7948,51.32465],[-2.79195,51.32451]]]}},{"type":"Feature","properties":{"natural":"scrub"},"geometry":{"type":"Polygon","coordinates":[[[-2.78302,51.3101],[-2.78376,51.31034],[-2.78375,51.31051],[-2.78316,51.31043],[-2.78302,51.3101]]]}},{"type":"Feature","properties":{"natural":"wood"},"geometry":{"type":"Polygon","coordinates":[[[-2.79745,51.30937],[-2.79767,51.3094],[-2.79766,51.30981],[-2.79764,51.31038],[-2.79827,51.31027],[-2.79867,51.31085],[-2.79847,51.31082],[-2.79822,51.3105],[-2.79804,51.31049],[-2.79779,51.31052],[-2.79736,51.31055],[-2.7971,51.31057],[-2.79724,51.31019],[-2.79717,51.3099],[-2.79727,51.30957],[-2.79745,51.30937]]]}},{"type":"Feature","properties":{"natural":"scrub"},"geometry":{"type":"Polygon","coordinates":[[[-2.7946,51.31189],[-2.79441,51.31219],[-2.79324,51.31198],[-2.79331,51.31177],[-2.79322,51.31165],[-2.7946,51.31189]]]}},{"type":"Feature","properties":{"natural":"wood"},"geometry":{"type":"Polygon","coordinates":[[[-2.78866,51.31284],[-2.78857,51.31287],[-2.78848,51.3129],[-2.78844,51.31307],[-2.78857,51.3131],[-2.7886,51.31329],[-2.78849,51.31333],[-2.78829,51.31313],[-2.7883,51.31296],[-2.78821,51.31286],[-2.78696,51.3127],[-2.78692,51.31278],[-2.78671,51.31282],[-2.78662,51.31276],[-2.78635,51.31287],[-2.78622,51.3129],[-2.78628,51.31271],[-2.78622,51.31266],[-2.78562,51.3126],[-2.78542,51.31267],[-2.7853,51.3126],[-2.78587,51.31252],[-2.78699,51.31261],[-2.78726,51.31265],[-2.78856,51.3128],[-2.78866,51.31284]]]}},{"type":"Feature","properties":{"natural":"wood"},"geometry":{"type":"Polygon","coordinates":[[[-2.78847,51.31339],[-2.78879,51.31342],[-2.78887,51.3137],[-2.78908,51.31369],[-2.78964,51.31368],[-2.78964,51.31378],[-2.78909,51.31377],[-2.78909,51.31395],[-2.78839,51.31385],[-2.78841,51.31377],[-2.78867,51.31371],[-2.78847,51.31339]]]}},{"type":"Feature","properties":{"natural":"wood"},"geometry":{"type":"Polygon","coordinates":[[[-2.78866,51.31284],[-2.78906,51.31295],[-2.78976,51.31309],[-2.78975,51.31294],[-2.78994,51.31281],[-2.78967,51.31282],[-2.78968,51.31268],[-2.78997,51.31274],[-2.79007,51.31263],[-2.79006,51.31256],[-2.78957,51.31258],[-2.78931,51.31267],[-2.78868,51.31262],[-2.78867,51.31276],[-2.78856,51.3128],[-2.78866,51.31284]]]}},{"type":"Feature","properties":{"natural":"scrub"},"geometry":{"type":"Polygon","coordinates":[[[-2.7526,51.34187],[-2.75295,51.3419],[-2.75296,51.34222],[-2.75287,51.34246],[-2.75275,51.34253],[-2.75247,51.34231],[-2.75252,51.34215],[-2.7524,51.34206],[-2.75231,51.34211],[-2.7526,51.34187]]]}},{"type":"Feature","properties":{"natural":"scrub"},"geometry":{"type":"Polygon","coordinates":[[[-2.75121,51.34173],[-2.75134,51.34175],[-2.75161,51.34178],[-2.75218,51.34208],[-2.75215,51.34215],[-2.75213,51.34218],[-2.75204,51.34211],[-2.75153,51.34199],[-2.75132,51.3423],[-2.75135,51.3424],[-2.75146,51.34253],[-2.75153,51.34257],[-2.75176,51.34261],[-2.7517,51.34275],[-2.75154,51.3427],[-2.75142,51.34264],[-2.75144,51.34262],[-2.75144,51.3426],[-2.75144,51.34258],[-2.75126,51.34243],[-2.75115,51.34226],[-2.75112,51.34209],[-2.75121,51.34173]]]}},{"type":"Feature","properties":{"natural":"wood"},"geometry":{"type":"Polygon","coordinates":[[[-2.75298,51.3418],[-2.75319,51.3417],[-2.75347,51.34165],[-2.75358,51.34167],[-2.75374,51.34166],[-2.75387,51.34176],[-2.75395,51.34195],[-2.75449,51.34211],[-2.75484,51.34224],[-2.75497,51.34218],[-2.75514,51.34221],[-2.75515,51.34232],[-2.75512,51.34234],[-2.75502,51.34241],[-2.7546,51.34224],[-2.75444,51.34227],[-2.75413,51.34211],[-2.7539,51.34213],[-2.75367,51.34204],[-2.75353,51.34207],[-2.75319,51.34187],[-2.75306,51.34189],[-2.75303,51.34186],[-2.75298,51.3418]]]}},{"type":"Feature","properties":{"natural":"wood"},"geometry":{"type":"Polygon","coordinates":[[[-2.74741,51.34759],[-2.74732,51.34768],[-2.7473,51.3477],[-2.74698,51.34774],[-2.74685,51.34772],[-2.74672,51.34761],[-2.74678,51.34729],[-2.74667,51.34704],[-2.74678,51.34662],[-2.74698,51.34653],[-2.7471,51.34643],[-2.74706,51.34629],[-2.74715,51.34614],[-2.74707,51.34598],[-2.74684,51.3459],[-2.74684,51.34581],[-2.747,51.34549],[-2.74687,51.34536],[-2.74651,51.34539],[-2.74619,51.3453],[-2.74597,51.34516],[-2.74545,51.34458],[-2.74525,51.34434],[-2.74501,51.34384],[-2.74492,51.34358],[-2.74486,51.34342],[-2.74475,51.3433],[-2.74465,51.34306],[-2.74455,51.34294],[-2.74424,51.34278],[-2.74406,51.34284],[-2.74375,51.34265],[-2.74347,51.34259],[-2.74321,51.34217],[-2.74338,51.34203],[-2.74325,51.34179],[-2.74329,51.34132],[-2.74312,51.34081],[-2.74292,51.34059],[-2.74277,51.34055],[-2.74247,51.34063],[-2.74238,51.34052],[-2.74255,51.34038],[-2.74243,51.34021],[-2.74225,51.34004],[-2.74227,51.33986],[-2.74191,51.33962],[-2.74162,51.33948],[-2.74127,51.33946],[-2.74112,51.3393],[-2.74087,51.33916],[-2.74046,51.33915],[-2.74046,51.33905],[-2.74053,51.33893],[-2.74119,51.33898],[-2.74153,51.33907],[-2.74173,51.33922],[-2.74203,51.33927],[-2.74218,51.33931],[-2.74245,51.3395],[-2.74294,51.34016],[-2.74317,51.3403],[-2.74326,51.34051],[-2.74338,51.34059],[-2.7436,51.34092],[-2.74373,51.34127],[-2.74393,51.34155],[-2.74399,51.34187],[-2.74409,51.34198],[-2.74414,51.34212],[-2.7441,51.34229],[-2.74429,51.34251],[-2.74457,51.34265],[-2.7449,51.34284],[-2.74503,51.34305],[-2.74506,51.3432],[-2.74526,51.34333],[-2.74544,51.34361],[-2.74572,51.34382],[-2.74586,51.34397],[-2.74591,51.34416],[-2.74582,51.34436],[-2.74657,51.34505],[-2.74682,51.34502],[-2.74693,51.34493],[-2.7471,51.3449],[-2.74721,51.34496],[-2.7472,51.34513],[-2.74741,51.34537],[-2.7475,51.34555],[-2.7474,51.34568],[-2.74732,51.34582],[-2.74745,51.34596],[-2.74754,51.34608],[-2.74753,51.34614],[-2.7477,51.34638],[-2.74764,51.34652],[-2.74744,51.34665],[-2.74718,51.34693],[-2.74722,51.34705],[-2.74736,51.34737],[-2.74734,51.34745],[-2.74741,51.34759]]]}},{"type":"Feature","properties":{"natural":"scrub"},"geometry":{"type":"Polygon","coordinates":[[[-2.74591,51.34416],[-2.74614,51.34396],[-2.7471,51.3449],[-2.74693,51.34493],[-2.74682,51.34502],[-2.74657,51.34505],[-2.74582,51.34436],[-2.74591,51.34416]]]}},{"type":"Feature","properties":{"natural":"wood"},"geometry":{"type":"Polygon","coordinates":[[[-2.75131,51.34398],[-2.75136,51.3439],[-2.75146,51.34389],[-2.75165,51.34393],[-2.75168,51.34403],[-2.75188,51.34418],[-2.75186,51.34425],[-2.75177,51.34425],[-2.75131,51.34398]]]}},{"type":"Feature","properties":{"natural":"scrub"},"geometry":{"type":"Polygon","coordinates":[[[-2.75259,51.34386],[-2.75247,51.3437],[-2.75237,51.34371],[-2.75231,51.34367],[-2.7528,51.34359],[-2.75309,51.3438],[-2.75302,51.34388],[-2.75287,51.34397],[-2.75278,51.34387],[-2.75259,51.34386]]]}},{"type":"Feature","properties":{"natural":"wood"},"geometry":{"type":"Polygon","coordinates":[[[-2.75639,51.33492],[-2.75678,51.33457],[-2.75701,51.33526],[-2.75683,51.33534],[-2.7562,51.33511],[-2.75616,51.33509],[-2.75639,51.33492]]]}},{"type":"Feature","properties":{"natural":"wood"},"geometry":{"type":"Polygon","coordinates":[[[-2.75575,51.33779],[-2.75585,51.3377],[-2.75639,51.33807],[-2.7566,51.33811],[-2.75677,51.33838],[-2.75693,51.33845],[-2.75697,51.33852],[-2.75717,51.33859],[-2.75724,51.33865],[-2.75722,51.33869],[-2.75691,51.33877],[-2.75664,51.33844],[-2.75645,51.33838],[-2.75618,51.33814],[-2.75602,51.33807],[-2.75599,51.33799],[-2.75575,51.33779]]]}},{"type":"Feature","properties":{"natural":"wood"},"geometry":{"type":"Polygon","coordinates":[[[-2.74163,51.33637],[-2.74033,51.33708],[-2.74012,51.33712],[-2.73994,51.33712],[-2.73983,51.33677],[-2.74012,51.33673],[-2.74011,51.33641],[-2.73999,51.3362],[-2.74015,51.33607],[-2.73978,51.33553],[-2.74062,51.33535],[-2.74064,51.33541],[-2.74046,51.33551],[-2.74045,51.33566],[-2.74065,51.33576],[-2.74049,51.33609],[-2.74062,51.33642],[-2.74082,51.33647],[-2.74152,51.33636],[-2.74163,51.33637]]]}},{"type":"Feature","properties":{"natural":"tree_row"},"geometry":{"type":"LineString","coordinates":[[-2.78019,51.33838],[-2.78348,51.33754]]}},{"type":"Feature","properties":{"natural":"scrub"},"geometry":{"type":"Polygon","coordinates":[[[-2.77153,51.33495],[-2.77169,51.33493],[-2.77171,51.3351],[-2.77182,51.33531],[-2.77193,51.33537],[-2.77211,51.33566],[-2.77207,51.33575],[-2.77206,51.33582],[-2.77215,51.3359],[-2.77241,51.33598],[-2.77255,51.33628],[-2.7725,51.33636],[-2.77255,51.33656],[-2.77269,51.33662],[-2.77278,51.33668],[-2.77295,51.33672],[-2.77311,51.33692],[-2.77307,51.33727],[-2.77288,51.33773],[-2.77296,51.33785],[-2.77291,51.33814],[-2.77275,51.33826],[-2.77274,51.33853],[-2.77267,51.33863],[-2.77271,51.33873],[-2.77264,51.33902],[-2.77247,51.33901],[-2.77244,51.33868],[-2.77252,51.33854],[-2.77248,51.33838],[-2.77265,51.33787],[-2.77262,51.33781],[-2.77266,51.33751],[-2.77248,51.33743],[-2.77249,51.33737],[-2.77266,51.33732],[-2.77269,51.33725],[-2.77283,51.3372],[-2.77286,51.33706],[-2.77292,51.33701],[-2.77292,51.33691],[-2.77282,51.33684],[-2.77236,51.33662],[-2.7723,51.33628],[-2.77226,51.33622],[-2.77214,51.336],[-2.77184,51.33576],[-2.77188,51.33567],[-2.77164,51.33528],[-2.77159,51.3352],[-2.77153,51.33495]]]}},{"type":"Feature","properties":{"natural":"scrub"},"geometry":{"type":"Polygon","coordinates":[[[-2.78574,51.33476],[-2.78576,51.33479],[-2.78595,51.33502],[-2.78576,51.33508],[-2.78564,51.33489],[-2.78543,51.33493],[-2.78489,51.33506],[-2.7846,51.33508],[-2.78423,51.33515],[-2.78404,51.33507],[-2.78574,51.33476]]]}},{"type":"Feature","properties":{"natural":"wood"},"geometry":{"type":"Polygon","coordinates":[[[-2.79851,51.32199],[-2.79853,51.32221],[-2.79851,51.32243],[-2.79845,51.32257],[-2.79831,51.32255],[-2.79824,51.32241],[-2.79824,51.32219],[-2.79831,51.32206],[-2.79846,51.32205],[-2.79851,51.32199]]]}},{"type":"Feature","properties":{"natural":"wood"},"geometry":{"type":"Polygon","coordinates":[[[-2.80502,51.31988],[-2.80545,51.3196],[-2.80595,51.32006],[-2.80619,51.3204],[-2.80629,51.32038],[-2.8062,51.32013],[-2.80631,51.32009],[-2.80659,51.32051],[-2.80669,51.32081],[-2.80648,51.32078],[-2.80634,51.3206],[-2.80604,51.32062],[-2.80572,51.32047],[-2.80563,51.3203],[-2.80555,51.32029],[-2.80551,51.32049],[-2.80535,51.32038],[-2.80527,51.32024],[-2.80498,51.32005],[-2.80486,51.32],[-2.80502,51.31988]]]}},{"type":"Feature","properties":{"natural":"grassland"},"geometry":{"type":"Polygon","coordinates":[[[-2.78222,51.32606],[-2.78224,51.32599],[-2.78286,51.32605],[-2.78388,51.32598],[-2.7842,51.3261],[-2.7848,51.32592],[-2.78479,51.32581],[-2.78521,51.32583],[-2.78538,51.32587],[-2.78575,51.32598],[-2.78619,51.32604],[-2.78615,51.32628],[-2.78646,51.32628],[-2.7867,51.32661],[-2.78662,51.32683],[-2.78208,51.32646],[-2.78222,51.32606]]]}},{"type":"Feature","properties":{"natural":"scrub"},"geometry":{"type":"Polygon","coordinates":[[[-2.78611,51.31988],[-2.78629,51.32054],[-2.7861,51.32057],[-2.78568,51.32007],[-2.78611,51.31988]]]}},{"type":"Feature","properties":{"natural":"wood"},"geometry":{"type":"Polygon","coordinates":[[[-2.80062,51.30834],[-2.80097,51.30886],[-2.80146,51.30904],[-2.80154,51.30975],[-2.8007,51.30959],[-2.80086,51.30983],[-2.8008,51.3101],[-2.80089,51.31043],[-2.80104,51.31036],[-2.80126,51.31044],[-2.80144,51.31071],[-2.80106,51.31076],[-2.80094,51.31057],[-2.80068,51.31068],[-2.80024,51.31016],[-2.80019,51.30977],[-2.80047,51.30961],[-2.80041,51.30952],[-2.80046,51.30941],[-2.80029,51.30925],[-2.80041,51.3087],[-2.80023,51.30847],[-2.80062,51.30834]]]}},{"type":"Feature","properties":{"natural":"scrub"},"geometry":{"type":"Polygon","coordinates":[[[-2.80062,51.30834],[-2.80172,51.30814],[-2.80181,51.30832],[-2.80179,51.3085],[-2.80203,51.30887],[-2.80206,51.30905],[-2.80256,51.30953],[-2.8027,51.30962],[-2.80286,51.30965],[-2.80342,51.30952],[-2.80267,51.30987],[-2.80251,51.30996],[-2.80248,51.30992],[-2.80154,51.30975],[-2.80146,51.30904],[-2.80097,51.30886],[-2.80062,51.30834]]]}},{"type":"Feature","properties":{"natural":"scrub"},"geometry":{"type":"Polygon","coordinates":[[[-2.80547,51.31179],[-2.80648,51.312],[-2.80695,51.3122],[-2.80712,51.31248],[-2.80717,51.31276],[-2.80742,51.31305],[-2.80748,51.31327],[-2.80739,51.31354],[-2.80693,51.31357],[-2.80651,51.31345],[-2.80645,51.31343],[-2.80645,51.31324],[-2.80653,51.31324],[-2.80658,51.31324],[-2.80694,51.31334],[-2.80697,51.31337],[-2.80707,51.31338],[-2.80708,51.31324],[-2.80693,51.31313],[-2.80696,51.31289],[-2.80671,51.31274],[-2.80652,51.31261],[-2.8064,51.31234],[-2.80568,51.31218],[-2.80541,51.31211],[-2.80547,51.31179]]]}},{"type":"Feature","properties":{"natural":"wood"},"geometry":{"type":"Polygon","coordinates":[[[-2.8133,51.31379],[-2.81342,51.31377],[-2.81365,51.3138],[-2.81433,51.31379],[-2.81444,51.31382],[-2.81457,51.31391],[-2.81504,51.31395],[-2.81501,51.31416],[-2.81462,51.31416],[-2.81426,51.31418],[-2.81392,51.31406],[-2.81365,51.31409],[-2.81326,51.31406],[-2.81316,51.31392],[-2.8133,51.31379]]]}},{"type":"Feature","properties":{"natural":"wood"},"geometry":{"type":"Polygon","coordinates":[[[-2.84727,51.33411],[-2.84795,51.33421],[-2.84778,51.33485],[-2.84777,51.33488],[-2.84706,51.33475],[-2.84727,51.33411]]]}},{"type":"Feature","properties":{"natural":"wood"},"geometry":{"type":"Polygon","coordinates":[[[-2.85456,51.30395],[-2.85372,51.30395],[-2.85336,51.3039],[-2.85339,51.3037],[-2.85371,51.30373],[-2.8537,51.30354],[-2.85377,51.30353],[-2.8541,51.30355],[-2.85413,51.30372],[-2.85427,51.3037],[-2.8543,51.30356],[-2.85435,51.30356],[-2.8545,51.30353],[-2.85449,51.30372],[-2.8546,51.30375],[-2.85456,51.30395]]]}},{"type":"Feature","properties":{"natural":"wood"},"geometry":{"type":"Polygon","coordinates":[[[-2.85293,51.30367],[-2.85289,51.30384],[-2.85255,51.30378],[-2.85255,51.30364],[-2.85293,51.30367]]]}},{"type":"Feature","properties":{"natural":"wood"},"geometry":{"type":"Polygon","coordinates":[[[-2.8375,51.32455],[-2.83788,51.32452],[-2.83803,51.32525],[-2.83838,51.32628],[-2.8387,51.32637],[-2.83918,51.32666],[-2.83957,51.32698],[-2.83979,51.32719],[-2.83991,51.32724],[-2.84011,51.32716],[-2.84018,51.32724],[-2.84009,51.32741],[-2.8402,51.32769],[-2.84049,51.32838],[-2.84053,51.32874],[-2.84078,51.32911],[-2.84093,51.32955],[-2.84098,51.33018],[-2.84123,51.33034],[-2.84161,51.33084],[-2.84167,51.33103],[-2.84197,51.33129],[-2.8418,51.33135],[-2.84099,51.33069],[-2.8409,51.33051],[-2.84084,51.33041],[-2.84064,51.33024],[-2.84062,51.32984],[-2.84048,51.3297],[-2.84048,51.32962],[-2.8405,51.32949],[-2.84026,51.32899],[-2.83999,51.32892],[-2.83939,51.32891],[-2.83998,51.3287],[-2.8402,51.32843],[-2.83997,51.32792],[-2.83995,51.32789],[-2.83969,51.32744],[-2.83948,51.32733],[-2.83934,51.32707],[-2.83886,51.32675],[-2.83847,51.32662],[-2.83879,51.32823],[-2.83891,51.3285],[-2.83898,51.32898],[-2.83901,51.3292],[-2.83906,51.32964],[-2.83914,51.32998],[-2.83923,51.33026],[-2.83923,51.33029],[-2.83867,51.33032],[-2.83875,51.32995],[-2.83855,51.32921],[-2.83809,51.32925],[-2.8379,51.32854],[-2.8383,51.32844],[-2.83813,51.32776],[-2.83832,51.32772],[-2.83814,51.32706],[-2.83791,51.32667],[-2.83781,51.32663],[-2.83777,51.32633],[-2.83731,51.32617],[-2.83698,51.326],[-2.83673,51.32582],[-2.83643,51.32581],[-2.83634,51.32569],[-2.83656,51.32545],[-2.83681,51.32564],[-2.83709,51.32574],[-2.83727,51.32594],[-2.83763,51.32605],[-2.83784,51.32606],[-2.83778,51.32561],[-2.8375,51.32455]]]}},{"type":"Feature","properties":{"natural":"wood"},"geometry":{"type":"Polygon","coordinates":[[[-2.80336,51.32904],[-2.80314,51.32877],[-2.80281,51.32837],[-2.80292,51.3283],[-2.80319,51.3283],[-2.80341,51.32824],[-2.80351,51.32811],[-2.8037,51.32787],[-2.80367,51.32756],[-2.80445,51.32755],[-2.80476,51.32757],[-2.805,51.32765],[-2.80505,51.32772],[-2.80503,51.32785],[-2.80493,51.32788],[-2.80481,51.3278],[-2.80462,51.32777],[-2.80451,51.32778],[-2.80442,51.32785],[-2.80459,51.32808],[-2.8049,51.32795],[-2.80507,51.32798],[-2.80524,51.32823],[-2.80545,51.32866],[-2.80554,51.32909],[-2.80459,51.32914],[-2.80336,51.32904]]]}},{"type":"Feature","properties":{"natural":"wood"},"geometry":{"type":"Polygon","coordinates":[[[-2.82342,51.30853],[-2.82437,51.30855],[-2.8257,51.30876],[-2.82565,51.30891],[-2.82458,51.30884],[-2.82446,51.30888],[-2.82443,51.3091],[-2.82373,51.30908],[-2.82306,51.30855],[-2.82342,51.30853]]]}},{"type":"Feature","properties":{"natural":"wood"},"geometry":{"type":"Polygon","coordinates":[[[-2.82156,51.30866],[-2.82129,51.30868],[-2.82123,51.30838],[-2.82146,51.30814],[-2.8214,51.30785],[-2.82088,51.30778],[-2.82087,51.30763],[-2.82144,51.30753],[-2.82228,51.30739],[-2.82237,51.30737],[-2.82251,51.30739],[-2.82283,51.30737],[-2.82294,51.30749],[-2.8226,51.30758],[-2.82254,51.30775],[-2.82236,51.30803],[-2.82239,51.3082],[-2.82258,51.30829],[-2.82254,51.3084],[-2.82216,51.3082],[-2.82207,51.30812],[-2.82156,51.30837],[-2.82156,51.30866]]]}},{"type":"Feature","properties":{"natural":"wood"},"geometry":{"type":"Polygon","coordinates":[[[-2.82515,51.30775],[-2.82528,51.30774],[-2.82565,51.30773],[-2.82572,51.30856],[-2.82533,51.30858],[-2.82485,51.30842],[-2.82402,51.30842],[-2.82405,51.30831],[-2.82409,51.3082],[-2.82412,51.30811],[-2.8244,51.30788],[-2.8248,51.30778],[-2.82515,51.30775]]]}},{"type":"Feature","properties":{"natural":"wood"},"geometry":{"type":"Polygon","coordinates":[[[-2.8175,51.31246],[-2.81798,51.31234],[-2.81798,51.31256],[-2.81806,51.31269],[-2.81828,51.31265],[-2.81837,51.31276],[-2.8177,51.31289],[-2.8175,51.31246]]]}},{"type":"Feature","properties":{"natural":"wood"},"geometry":{"type":"Polygon","coordinates":[[[-2.81701,51.31349],[-2.81744,51.31349],[-2.81743,51.31359],[-2.81671,51.3136],[-2.81656,51.31355],[-2.81595,51.31352],[-2.8156,51.31342],[-2.81559,51.31335],[-2.81577,51.31337],[-2.81616,51.3134],[-2.81603,51.31319],[-2.81712,51.31295],[-2.81721,51.31319],[-2.81722,51.31339],[-2.81706,51.3134],[-2.81701,51.31349]]]}},{"type":"Feature","properties":{"natural":"wood"},"geometry":{"type":"Polygon","coordinates":[[[-2.81327,51.31212],[-2.81315,51.31197],[-2.81289,51.31185],[-2.81292,51.3117],[-2.81284,51.31153],[-2.81297,51.31146],[-2.81283,51.31132],[-2.81298,51.3113],[-2.81312,51.31134],[-2.8132,51.31143],[-2.81422,51.31181],[-2.81429,51.31185],[-2.81432,51.31192],[-2.81414,51.31207],[-2.81392,51.31217],[-2.81359,51.31217],[-2.81327,51.31212]]]}},{"type":"Feature","properties":{"natural":"wood"},"geometry":{"type":"Polygon","coordinates":[[[-2.8282,51.30237],[-2.82836,51.30234],[-2.82865,51.30205],[-2.82883,51.30188],[-2.82839,51.30258],[-2.8279,51.30372],[-2.82735,51.30369],[-2.82771,51.30274],[-2.8282,51.30237]]]}},{"type":"Feature","properties":{"natural":"wood"},"geometry":{"type":"Polygon","coordinates":[[[-2.81985,51.30628],[-2.82086,51.30604],[-2.82091,51.30615],[-2.82087,51.30621],[-2.82084,51.30627],[-2.82105,51.30646],[-2.82094,51.3067],[-2.82116,51.30704],[-2.82197,51.30669],[-2.82119,51.30629],[-2.82112,51.3062],[-2.821,51.30607],[-2.82133,51.30545],[-2.8214,51.30546],[-2.82146,51.30546],[-2.82251,51.30593],[-2.82297,51.30634],[-2.82318,51.30651],[-2.82332,51.30659],[-2.82336,51.3069],[-2.82323,51.30716],[-2.82344,51.30735],[-2.82333,51.30757],[-2.82321,51.30754],[-2.82294,51.30749],[-2.82283,51.30737],[-2.82268,51.30712],[-2.82286,51.30683],[-2.82288,51.30671],[-2.82267,51.3068],[-2.82229,51.3072],[-2.82228,51.30739],[-2.82144,51.30753],[-2.82148,51.30728],[-2.82128,51.30717],[-2.82111,51.30715],[-2.82088,51.30723],[-2.82075,51.30717],[-2.82028,51.30734],[-2.8202,51.30723],[-2.82035,51.3066],[-2.82023,51.30651],[-2.81975,51.30653],[-2.81938,51.30639],[-2.81985,51.30628]]]}},{"type":"Feature","properties":{"natural":"wood"},"geometry":{"type":"Polygon","coordinates":[[[-2.8253,51.30542],[-2.82471,51.30512],[-2.82448,51.30501],[-2.82519,51.30435],[-2.82527,51.30432],[-2.82542,51.30427],[-2.82562,51.30422],[-2.82581,51.30411],[-2.82625,51.30421],[-2.82577,51.30531],[-2.8253,51.30542]]]}},{"type":"Feature","properties":{"natural":"wood"},"geometry":{"type":"Polygon","coordinates":[[[-2.82448,51.30501],[-2.82471,51.30512],[-2.82441,51.3056],[-2.82585,51.30578],[-2.82578,51.306],[-2.82575,51.30607],[-2.82534,51.30596],[-2.82479,51.30581],[-2.82427,51.30587],[-2.824,51.30601],[-2.82377,51.30631],[-2.82358,51.30651],[-2.82332,51.30659],[-2.82318,51.30651],[-2.82297,51.30634],[-2.82307,51.30627],[-2.82339,51.30607],[-2.82329,51.30581],[-2.82358,51.3058],[-2.82375,51.30586],[-2.82395,51.30565],[-2.82414,51.30561],[-2.82448,51.30501]]]}},{"type":"Feature","properties":{"natural":"wood"},"geometry":{"type":"Polygon","coordinates":[[[-2.82518,51.30406],[-2.82514,51.30409],[-2.82418,51.30407],[-2.82425,51.304],[-2.8251,51.30375],[-2.82518,51.30406]]]}},{"type":"Feature","properties":{"natural":"wood"},"geometry":{"type":"Polygon","coordinates":[[[-2.82264,51.30457],[-2.82321,51.30478],[-2.82322,51.30486],[-2.82355,51.30499],[-2.8236,51.30505],[-2.82358,51.30541],[-2.82369,51.30543],[-2.82334,51.30572],[-2.82358,51.3058],[-2.82329,51.30581],[-2.82305,51.30567],[-2.82292,51.30559],[-2.82321,51.30558],[-2.82334,51.30523],[-2.82331,51.30513],[-2.82294,51.30507],[-2.8226,51.30496],[-2.82282,51.30478],[-2.82266,51.30466],[-2.82264,51.30457]]]}},{"type":"Feature","properties":{"natural":"wood"},"geometry":{"type":"Polygon","coordinates":[[[-2.82586,51.30667],[-2.82579,51.30687],[-2.82441,51.30677],[-2.82407,51.30668],[-2.82426,51.3065],[-2.82408,51.30642],[-2.82416,51.30632],[-2.82489,51.30638],[-2.82501,51.30641],[-2.82522,51.30652],[-2.82547,51.3066],[-2.82586,51.30667]]]}},{"type":"Feature","properties":{"natural":"wood"},"geometry":{"type":"Polygon","coordinates":[[[-2.82402,51.30842],[-2.82336,51.30839],[-2.82286,51.30836],[-2.82277,51.30809],[-2.82279,51.30799],[-2.82297,51.30801],[-2.8231,51.30818],[-2.82374,51.30827],[-2.82405,51.30831],[-2.82402,51.30842]]]}},{"type":"Feature","properties":{"natural":"wood"},"geometry":{"type":"Polygon","coordinates":[[[-2.82282,51.30783],[-2.82321,51.30754],[-2.82333,51.30757],[-2.82388,51.30759],[-2.82564,51.30766],[-2.82565,51.30773],[-2.82528,51.30774],[-2.82408,51.30769],[-2.82384,51.30775],[-2.82324,51.30771],[-2.82312,51.30786],[-2.82282,51.30783]]]}},{"type":"Feature","properties":{"natural":"wood"},"geometry":{"type":"Polygon","coordinates":[[[-2.81728,51.31443],[-2.81713,51.31441],[-2.81736,51.31427],[-2.81779,51.3143],[-2.81801,51.31424],[-2.81905,51.3145],[-2.8193,51.31454],[-2.81959,51.31454],[-2.8198,51.3145],[-2.8201,51.31445],[-2.82005,51.31455],[-2.81918,51.31481],[-2.81868,51.31497],[-2.81856,51.31486],[-2.81791,51.31453],[-2.81728,51.31443]]]}},{"type":"Feature","properties":{"natural":"wood"},"geometry":{"type":"Polygon","coordinates":[[[-2.81104,51.31603],[-2.81121,51.31605],[-2.81139,51.31613],[-2.81154,51.31608],[-2.8117,51.31609],[-2.8118,51.31617],[-2.8125,51.3163],[-2.81263,51.31644],[-2.81276,51.31657],[-2.81314,51.31673],[-2.81343,51.31686],[-2.81347,51.31688],[-2.81357,51.31687],[-2.81368,51.31686],[-2.81396,51.31683],[-2.81404,51.31696],[-2.81394,51.31702],[-2.81378,51.31709],[-2.81334,51.31694],[-2.81315,51.31694],[-2.81294,51.31677],[-2.81268,51.31676],[-2.81237,51.31645],[-2.81172,51.31632],[-2.8113,51.31635],[-2.81086,51.31632],[-2.81059,51.31627],[-2.81069,51.31614],[-2.81101,51.31615],[-2.81104,51.31603]]]}},{"type":"Feature","properties":{"natural":"wood"},"geometry":{"type":"Polygon","coordinates":[[[-2.81018,51.31014],[-2.81024,51.31],[-2.81064,51.30987],[-2.81078,51.30986],[-2.81104,51.30967],[-2.81134,51.30967],[-2.81182,51.30949],[-2.81197,51.30953],[-2.81146,51.31013],[-2.81116,51.30995],[-2.81034,51.31017],[-2.81018,51.31014]]]}},{"type":"Feature","properties":{"natural":"wood"},"geometry":{"type":"Polygon","coordinates":[[[-2.81068,51.30674],[-2.81095,51.30673],[-2.81123,51.30691],[-2.81117,51.30695],[-2.81145,51.30739],[-2.81187,51.30766],[-2.81206,51.30781],[-2.81198,51.30795],[-2.81181,51.30805],[-2.81137,51.308],[-2.81115,51.30776],[-2.81111,51.30753],[-2.81095,51.30732],[-2.81068,51.30688],[-2.81068,51.30674]]]}},{"type":"Feature","properties":{"natural":"scrub"},"geometry":{"type":"Polygon","coordinates":[[[-2.81206,51.30781],[-2.81267,51.30836],[-2.81304,51.30899],[-2.81308,51.30925],[-2.81296,51.30961],[-2.81295,51.30982],[-2.81281,51.30991],[-2.81227,51.31004],[-2.81216,51.31007],[-2.81207,51.31033],[-2.81217,51.31062],[-2.81216,51.31072],[-2.81218,51.31081],[-2.81165,51.31082],[-2.81155,51.31019],[-2.81146,51.31013],[-2.81197,51.30953],[-2.81206,51.30956],[-2.81215,51.30937],[-2.81206,51.30909],[-2.81137,51.308],[-2.81181,51.30805],[-2.81198,51.30795],[-2.81206,51.30781]]]}},{"type":"Feature","properties":{"natural":"scrub"},"geometry":{"type":"Polygon","coordinates":[[[-2.81111,51.30753],[-2.81056,51.3075],[-2.81033,51.30747],[-2.81032,51.30672],[-2.81048,51.30664],[-2.81068,51.30674],[-2.81068,51.30688],[-2.81095,51.30732],[-2.81111,51.30753]]]}},{"type":"Feature","properties":{"natural":"wood"},"geometry":{"type":"Polygon","coordinates":[[[-2.76554,51.33973],[-2.7655,51.33968],[-2.7659,51.33959],[-2.76593,51.33966],[-2.76582,51.33968],[-2.76597,51.33976],[-2.76613,51.33974],[-2.76645,51.33979],[-2.76663,51.33978],[-2.76677,51.33982],[-2.76679,51.33987],[-2.76671,51.33991],[-2.76635,51.33993],[-2.76573,51.33991],[-2.76554,51.33973]]]}},{"type":"Feature","properties":{"natural":"tree_row"},"geometry":{"type":"LineString","coordinates":[[-2.7711,51.3392],[-2.76996,51.33922],[-2.76912,51.33924],[-2.76768,51.33941]]}},{"type":"Feature","properties":{"natural":"wood"},"geometry":{"type":"Polygon","coordinates":[[[-2.77013,51.34816],[-2.77029,51.34904],[-2.77003,51.34895],[-2.76991,51.34843],[-2.76975,51.34836],[-2.76894,51.34854],[-2.76865,51.3484],[-2.76944,51.34788],[-2.77013,51.34816]]]}},{"type":"Feature","properties":{"natural":"wood"},"geometry":{"type":"Polygon","coordinates":[[[-2.77155,51.34714],[-2.7714,51.3473],[-2.77172,51.34751],[-2.77182,51.34765],[-2.7717,51.34768],[-2.77035,51.34718],[-2.77025,51.34706],[-2.77062,51.34685],[-2.77086,51.34654],[-2.77048,51.34642],[-2.77043,51.34632],[-2.77081,51.34587],[-2.77087,51.34554],[-2.7707,51.34512],[-2.77039,51.34509],[-2.77025,51.34502],[-2.77022,51.34471],[-2.77039,51.34444],[-2.77071,51.34442],[-2.77102,51.34402],[-2.77108,51.34369],[-2.77125,51.34367],[-2.77121,51.34409],[-2.77112,51.34416],[-2.77104,51.34428],[-2.77109,51.34448],[-2.77073,51.3446],[-2.77054,51.3448],[-2.77064,51.34492],[-2.77101,51.34499],[-2.77116,51.34563],[-2.77123,51.34587],[-2.77124,51.3461],[-2.77097,51.34614],[-2.77099,51.34643],[-2.77131,51.34708],[-2.77155,51.34714]]]}},{"type":"Feature","properties":{"natural":"wood"},"geometry":{"type":"Polygon","coordinates":[[[-2.77182,51.34765],[-2.77197,51.34773],[-2.77193,51.34786],[-2.77199,51.34797],[-2.77185,51.34835],[-2.77213,51.34864],[-2.77212,51.34871],[-2.77188,51.34895],[-2.77189,51.34919],[-2.77199,51.3495],[-2.77162,51.3499],[-2.77159,51.3501],[-2.77174,51.35023],[-2.77168,51.35032],[-2.77192,51.35032],[-2.77214,51.35029],[-2.77223,51.35035],[-2.77225,51.35049],[-2.77251,51.35054],[-2.77252,51.35064],[-2.77294,51.35076],[-2.7732,51.35073],[-2.77328,51.35069],[-2.77336,51.35061],[-2.7734,51.35062],[-2.77352,51.35067],[-2.77353,51.35071],[-2.77367,51.35104],[-2.77366,51.35112],[-2.77322,51.35106],[-2.77324,51.35099],[-2.77233,51.35078],[-2.77223,51.35064],[-2.77136,51.35052],[-2.77124,51.35039],[-2.77145,51.35024],[-2.77138,51.35011],[-2.77146,51.34981],[-2.7717,51.34948],[-2.77148,51.34934],[-2.77184,51.34874],[-2.77184,51.34866],[-2.7717,51.34852],[-2.77145,51.34815],[-2.7717,51.34793],[-2.7717,51.34768],[-2.77182,51.34765]]]}},{"type":"Feature","properties":{"natural":"wood"},"geometry":{"type":"Polygon","coordinates":[[[-2.77842,51.34185],[-2.77859,51.34174],[-2.77892,51.34164],[-2.77939,51.34147],[-2.78001,51.34126],[-2.78004,51.34134],[-2.77952,51.34163],[-2.7786,51.34191],[-2.77842,51.34185]]]}},{"type":"Feature","properties":{"natural":"wood"},"geometry":{"type":"Polygon","coordinates":[[[-2.78011,51.34114],[-2.77974,51.34128],[-2.77906,51.34149],[-2.77899,51.34138],[-2.77951,51.34108],[-2.77968,51.34103],[-2.78011,51.34114]]]}},{"type":"Feature","properties":{"natural":"wood"},"geometry":{"type":"Polygon","coordinates":[[[-2.77745,51.33977],[-2.77849,51.3398],[-2.77729,51.34005],[-2.77745,51.33977]]]}},{"type":"Feature","properties":{"natural":"wood"},"geometry":{"type":"Polygon","coordinates":[[[-2.77146,51.34087],[-2.77155,51.34095],[-2.77193,51.34096],[-2.77205,51.34092],[-2.77225,51.34093],[-2.77241,51.34093],[-2.77259,51.34132],[-2.77216,51.34149],[-2.77197,51.34147],[-2.77198,51.3412],[-2.77155,51.34116],[-2.77153,51.34141],[-2.77148,51.34163],[-2.7713,51.34212],[-2.77121,51.34215],[-2.77111,51.34225],[-2.7711,51.34217],[-2.77116,51.34196],[-2.77132,51.34155],[-2.7713,51.34103],[-2.77146,51.34087]]]}},{"type":"Feature","properties":{"natural":"wood"},"geometry":{"type":"Polygon","coordinates":[[[-2.80585,51.31566],[-2.8073,51.31557],[-2.80743,51.31574],[-2.80791,51.31581],[-2.80786,51.31562],[-2.80812,51.31548],[-2.80833,51.31548],[-2.80914,51.3158],[-2.80897,51.31595],[-2.8089,51.31601],[-2.80863,51.31593],[-2.80847,51.31631],[-2.80831,51.31632],[-2.80821,51.3162],[-2.80809,51.31636],[-2.80804,51.31649],[-2.80797,51.31648],[-2.80788,51.31647],[-2.80769,51.31606],[-2.80699,51.31599],[-2.80655,51.31578],[-2.80598,51.31574],[-2.80585,51.31566]]]}},{"type":"Feature","properties":{"natural":"wood"},"geometry":{"type":"Polygon","coordinates":[[[-2.80383,51.3155],[-2.80397,51.31508],[-2.80384,51.315],[-2.80376,51.31495],[-2.80407,51.31462],[-2.8044,51.31467],[-2.80464,51.3147],[-2.80432,51.31503],[-2.80442,51.31531],[-2.80468,51.31543],[-2.80473,51.31554],[-2.80491,51.31554],[-2.80482,51.31538],[-2.80508,51.31531],[-2.80536,51.3153],[-2.80572,51.3153],[-2.80655,51.31513],[-2.80649,51.31523],[-2.8059,51.3154],[-2.80574,51.31563],[-2.8053,51.31567],[-2.80512,51.31575],[-2.80481,51.3159],[-2.80483,51.31608],[-2.80432,51.31594],[-2.80414,51.31602],[-2.80387,51.31587],[-2.80362,51.31587],[-2.80347,51.31587],[-2.80339,51.31563],[-2.80336,51.31556],[-2.80383,51.3155]]]}},{"type":"Feature","properties":{"natural":"scrub"},"geometry":{"type":"Polygon","coordinates":[[[-2.80492,51.31678],[-2.80503,51.31706],[-2.80535,51.31708],[-2.80537,51.31715],[-2.805,51.3172],[-2.80463,51.31714],[-2.80423,51.31717],[-2.8039,51.3171],[-2.804,51.317],[-2.80472,51.31698],[-2.8047,51.31677],[-2.80492,51.31678]]]}},{"type":"Feature","properties":{"natural":"wood"},"geometry":{"type":"Polygon","coordinates":[[[-2.80559,51.31725],[-2.80584,51.31826],[-2.80495,51.31797],[-2.80495,51.31793],[-2.80534,51.31802],[-2.80561,51.31788],[-2.80562,51.31752],[-2.80559,51.31725]]]}},{"type":"Feature","properties":{"natural":"scrub"},"geometry":{"type":"Polygon","coordinates":[[[-2.80495,51.31797],[-2.80441,51.31787],[-2.80363,51.31777],[-2.80374,51.31754],[-2.80402,51.31772],[-2.80495,51.31793],[-2.80495,51.31797]]]}},{"type":"Feature","properties":{"natural":"wood"},"geometry":{"type":"Polygon","coordinates":[[[-2.8044,51.31467],[-2.8044,51.31436],[-2.80311,51.31414],[-2.80321,51.31403],[-2.80429,51.31417],[-2.80481,51.31411],[-2.80537,51.31411],[-2.80656,51.31428],[-2.80662,51.31454],[-2.80621,51.31463],[-2.80619,51.31455],[-2.80614,51.31439],[-2.80539,51.31428],[-2.80528,51.31448],[-2.80475,51.31445],[-2.80464,51.3147],[-2.8044,51.31467]]]}},{"type":"Feature","properties":{"natural":"wood"},"geometry":{"type":"Polygon","coordinates":[[[-2.80475,51.31445],[-2.80528,51.31448],[-2.80539,51.3146],[-2.80567,51.31452],[-2.80589,51.31458],[-2.80619,51.31455],[-2.80621,51.31463],[-2.80601,51.31479],[-2.806,51.31492],[-2.80523,51.31506],[-2.80536,51.3153],[-2.80508,51.31531],[-2.80493,51.31508],[-2.80496,51.31485],[-2.80472,51.31474],[-2.80475,51.31445]]]}},{"type":"Feature","properties":{"natural":"wood"},"geometry":{"type":"Polygon","coordinates":[[[-2.80174,51.31347],[-2.80214,51.31354],[-2.80296,51.31359],[-2.80293,51.31395],[-2.80173,51.31392],[-2.80167,51.3136],[-2.80174,51.31347]]]}},{"type":"Feature","properties":{"natural":"scrub"},"geometry":{"type":"Polygon","coordinates":[[[-2.80875,51.31412],[-2.8085,51.31379],[-2.80838,51.3137],[-2.80812,51.3131],[-2.80829,51.31287],[-2.80822,51.31279],[-2.80817,51.31274],[-2.80797,51.31267],[-2.80824,51.31249],[-2.80782,51.31236],[-2.80777,51.3122],[-2.80838,51.31204],[-2.80865,51.31293],[-2.80864,51.31324],[-2.80874,51.3135],[-2.80903,51.31379],[-2.80909,51.31379],[-2.80875,51.31412]]]}},{"type":"Feature","properties":{"natural":"wood"},"geometry":{"type":"Polygon","coordinates":[[[-2.80717,51.31145],[-2.80766,51.31166],[-2.80714,51.31181],[-2.80717,51.31145]]]}},{"type":"Feature","properties":{"natural":"grassland"},"geometry":{"type":"Polygon","coordinates":[[[-2.79407,51.32618],[-2.79456,51.32712],[-2.79359,51.32803],[-2.79228,51.32822],[-2.79023,51.3282],[-2.78871,51.32832],[-2.78731,51.32794],[-2.78692,51.32824],[-2.78595,51.3276],[-2.78292,51.32694],[-2.78195,51.32684],[-2.78199,51.32672],[-2.78208,51.32646],[-2.78662,51.32683],[-2.7867,51.32661],[-2.78682,51.32677],[-2.78728,51.32586],[-2.78619,51.32604],[-2.78575,51.32598],[-2.78538,51.32587],[-2.78551,51.32581],[-2.7853,51.32573],[-2.78536,51.32568],[-2.78496,51.32543],[-2.78527,51.32544],[-2.78527,51.32538],[-2.78496,51.32532],[-2.78478,51.32537],[-2.78443,51.3249],[-2.78437,51.32456],[-2.78503,51.32462],[-2.78485,51.32507],[-2.78522,51.32528],[-2.78675,51.32532],[-2.78732,51.32501],[-2.78783,51.32525],[-2.78798,51.32513],[-2.78832,51.32515],[-2.78797,51.32543],[-2.78827,51.32566],[-2.78892,51.32566],[-2.78849,51.32517],[-2.78922,51.32518],[-2.78906,51.32563],[-2.78964,51.32561],[-2.7905,51.3254],[-2.79082,51.32527],[-2.79239,51.32554],[-2.79362,51.32532],[-2.79474,51.32551],[-2.79458,51.32585],[-2.79404,51.32594],[-2.79422,51.32611],[-2.79499,51.32615],[-2.79545,51.32601],[-2.79572,51.32602],[-2.79596,51.32595],[-2.79625,51.32602],[-2.79635,51.3264],[-2.79584,51.32629],[-2.79539,51.32628],[-2.79407,51.32618]]]}},{"type":"Feature","properties":{"natural":"wood"},"geometry":{"type":"Polygon","coordinates":[[[-2.79474,51.32551],[-2.79558,51.32564],[-2.79567,51.32565],[-2.79586,51.3259],[-2.79621,51.32582],[-2.79658,51.32607],[-2.79671,51.32642],[-2.79666,51.32642],[-2.79639,51.32661],[-2.79635,51.3264],[-2.79625,51.32602],[-2.79596,51.32595],[-2.79572,51.32602],[-2.79545,51.32601],[-2.79499,51.32615],[-2.79422,51.32611],[-2.79404,51.32594],[-2.79458,51.32585],[-2.79474,51.32551]]]}},{"type":"Feature","properties":{"natural":"wood"},"geometry":{"type":"Polygon","coordinates":[[[-2.78121,51.34883],[-2.78115,51.34871],[-2.78102,51.34863],[-2.78126,51.34834],[-2.78131,51.34837],[-2.78134,51.34861],[-2.78155,51.34885],[-2.78121,51.34883]]]}},{"type":"Feature","properties":{"natural":"wood"},"geometry":{"type":"Polygon","coordinates":[[[-2.78415,51.34586],[-2.78426,51.34585],[-2.78456,51.34609],[-2.78588,51.34771],[-2.78567,51.34833],[-2.78499,51.34831],[-2.78499,51.34866],[-2.7847,51.34868],[-2.78456,51.34817],[-2.7855,51.348],[-2.78558,51.34778],[-2.78546,51.34774],[-2.78519,51.34733],[-2.78493,51.34724],[-2.78454,51.34732],[-2.78451,51.34713],[-2.78435,51.34684],[-2.78472,51.34673],[-2.78415,51.34586]]]}},{"type":"Feature","properties":{"natural":"wood"},"geometry":{"type":"Polygon","coordinates":[[[-2.78444,51.3492],[-2.78571,51.34922],[-2.78572,51.34927],[-2.78583,51.34963],[-2.78522,51.34963],[-2.78514,51.34978],[-2.78471,51.34995],[-2.78454,51.34985],[-2.78444,51.3492]]]}},{"type":"Feature","properties":{"natural":"wood"},"geometry":{"type":"Polygon","coordinates":[[[-2.80257,51.34619],[-2.80269,51.34627],[-2.80272,51.3466],[-2.80305,51.34668],[-2.80301,51.34615],[-2.80297,51.34599],[-2.80277,51.346],[-2.80257,51.34619]]]}},{"type":"Feature","properties":{"natural":"scrub"},"geometry":{"type":"Polygon","coordinates":[[[-2.82438,51.33024],[-2.82464,51.33021],[-2.8251,51.33016],[-2.82513,51.33036],[-2.82509,51.33044],[-2.82503,51.33042],[-2.82497,51.33032],[-2.82484,51.33028],[-2.82438,51.33028],[-2.82438,51.33024]]]}},{"type":"Feature","properties":{"natural":"wood"},"geometry":{"type":"Polygon","coordinates":[[[-2.80543,51.3404],[-2.8064,51.34054],[-2.80677,51.34067],[-2.80664,51.34077],[-2.80543,51.34059],[-2.80543,51.3404]]]}},{"type":"Feature","properties":{"natural":"wood"},"geometry":{"type":"Polygon","coordinates":[[[-2.80546,51.3365],[-2.8054,51.33655],[-2.80534,51.33659],[-2.8051,51.33661],[-2.805,51.33686],[-2.80488,51.33716],[-2.80454,51.33713],[-2.80448,51.33641],[-2.80373,51.33627],[-2.80363,51.3362],[-2.80365,51.33612],[-2.8051,51.33645],[-2.80546,51.3365]]]}},{"type":"Feature","properties":{"natural":"wood"},"geometry":{"type":"Polygon","coordinates":[[[-2.80269,51.33744],[-2.80309,51.33732],[-2.80324,51.33727],[-2.80345,51.33728],[-2.80351,51.33729],[-2.80413,51.33736],[-2.80444,51.33746],[-2.80289,51.33749],[-2.8028,51.33744],[-2.80269,51.33744]]]}},{"type":"Feature","properties":{"natural":"wood"},"geometry":{"type":"Polygon","coordinates":[[[-2.83741,51.31073],[-2.83823,51.31082],[-2.83834,51.31083],[-2.83839,51.31102],[-2.83853,51.31096],[-2.83847,51.31081],[-2.83844,51.31049],[-2.83947,51.31044],[-2.83934,51.31016],[-2.83848,51.31018],[-2.83827,51.30949],[-2.83808,51.30949],[-2.83796,51.30909],[-2.83718,51.30919],[-2.83741,51.31073]]]}},{"type":"Feature","properties":{"natural":"tree_row"},"geometry":{"type":"LineString","coordinates":[[-2.80584,51.28587],[-2.80564,51.2855]]}},{"type":"Feature","properties":{"natural":"wood"},"geometry":{"type":"Polygon","coordinates":[[[-2.80677,51.28821],[-2.80681,51.28839],[-2.80594,51.28825],[-2.80476,51.28802],[-2.80476,51.28787],[-2.80482,51.28782],[-2.80545,51.28768],[-2.80551,51.28778],[-2.805,51.28787],[-2.80501,51.28794],[-2.80575,51.28805],[-2.80616,51.28811],[-2.80677,51.28821]]]}},{"type":"Feature","properties":{"natural":"tree_row"},"geometry":{"type":"LineString","coordinates":[[-2.80651,51.28719],[-2.80599,51.28613]]}},{"type":"Feature","properties":{"natural":"wood"},"geometry":{"type":"Polygon","coordinates":[[[-2.80541,51.28518],[-2.8055,51.28539],[-2.80577,51.28596],[-2.80567,51.28596],[-2.80536,51.28545],[-2.80521,51.2856],[-2.80506,51.28569],[-2.80493,51.28559],[-2.80405,51.28554],[-2.8041,51.28541],[-2.80425,51.2853],[-2.80509,51.28526],[-2.80541,51.28518]]]}},{"type":"Feature","properties":{"natural":"wood"},"geometry":{"type":"Polygon","coordinates":[[[-2.84101,51.30827],[-2.84062,51.30808],[-2.84053,51.30807],[-2.84046,51.30801],[-2.84024,51.30792],[-2.84019,51.30792],[-2.84016,51.30796],[-2.84035,51.30815],[-2.84064,51.3085],[-2.84079,51.30853],[-2.84102,51.30851],[-2.84137,51.30843],[-2.84137,51.30841],[-2.84165,51.30838],[-2.84179,51.30848],[-2.84081,51.30873],[-2.84047,51.30883],[-2.84032,51.30863],[-2.83972,51.30782],[-2.83968,51.30766],[-2.83972,51.3076],[-2.83981,51.3076],[-2.84004,51.30761],[-2.8402,51.30783],[-2.84053,51.30784],[-2.84058,51.30796],[-2.84105,51.30817],[-2.84107,51.30822],[-2.84101,51.30827]]]}},{"type":"Feature","properties":{"natural":"wood"},"geometry":{"type":"Polygon","coordinates":[[[-2.83412,51.307],[-2.83401,51.30709],[-2.83406,51.30719],[-2.83426,51.30722],[-2.83478,51.30717],[-2.83509,51.30704],[-2.83529,51.30711],[-2.83572,51.30712],[-2.83595,51.30714],[-2.83673,51.30704],[-2.83719,51.30717],[-2.83751,51.30723],[-2.83776,51.30741],[-2.83776,51.3075],[-2.83747,51.30764],[-2.83748,51.3077],[-2.83782,51.30769],[-2.83792,51.30762],[-2.83865,51.30772],[-2.83946,51.30779],[-2.83958,51.30771],[-2.83934,51.30764],[-2.83829,51.3076],[-2.83794,51.30751],[-2.83789,51.30726],[-2.83769,51.30717],[-2.83776,51.30704],[-2.83725,51.30703],[-2.83669,51.30689],[-2.83606,51.30704],[-2.83588,51.30704],[-2.83568,51.307],[-2.83508,51.30688],[-2.83502,51.3067],[-2.83503,51.30638],[-2.83495,51.3064],[-2.83486,51.30658],[-2.8346,51.30646],[-2.83448,51.30633],[-2.83415,51.30631],[-2.83395,51.30635],[-2.83371,51.30628],[-2.83347,51.30631],[-2.83339,51.30641],[-2.83334,51.3066],[-2.83278,51.30676],[-2.8325,51.30679],[-2.83229,51.30672],[-2.832,51.30675],[-2.83205,51.30688],[-2.83228,51.30685],[-2.83248,51.30689],[-2.83283,51.30688],[-2.83334,51.30673],[-2.83351,51.30662],[-2.83357,51.30648],[-2.83398,51.30647],[-2.83409,51.30649],[-2.83436,51.30645],[-2.83471,51.30669],[-2.8348,51.30683],[-2.83465,51.30695],[-2.8343,51.30698],[-2.83412,51.307]]]}},{"type":"Feature","properties":{"natural":"scrub"},"geometry":{"type":"Polygon","coordinates":[[[-2.84591,51.29248],[-2.84528,51.29236],[-2.84502,51.2922],[-2.84506,51.29216],[-2.84535,51.29233],[-2.84593,51.29245],[-2.84591,51.29248]]]}},{"type":"Feature","properties":{"natural":"grassland"},"geometry":{"type":"Polygon","coordinates":[[[-2.84502,51.2922],[-2.84528,51.29236],[-2.84591,51.29248],[-2.8459,51.2925],[-2.846,51.29255],[-2.84594,51.29259],[-2.8459,51.29263],[-2.84569,51.29259],[-2.84565,51.29269],[-2.84552,51.29268],[-2.84549,51.29271],[-2.84547,51.29274],[-2.84548,51.29278],[-2.84511,51.29273],[-2.84493,51.29284],[-2.84491,51.29292],[-2.84494,51.29298],[-2.8454,51.29303],[-2.84538,51.29306],[-2.8456,51.29327],[-2.84577,51.29341],[-2.84595,51.29343],[-2.84643,51.29343],[-2.84651,51.29335],[-2.84658,51.29335],[-2.84658,51.29337],[-2.84664,51.29337],[-2.84664,51.29339],[-2.84669,51.29339],[-2.8467,51.29336],[-2.84674,51.29336],[-2.84674,51.29335],[-2.84675,51.29335],[-2.84675,51.29339],[-2.84681,51.29339],[-2.84681,51.29335],[-2.84686,51.29335],[-2.84687,51.29323],[-2.84663,51.29321],[-2.84652,51.2932],[-2.84625,51.29317],[-2.84616,51.29311],[-2.84617,51.29309],[-2.84614,51.29309],[-2.84616,51.29301],[-2.84619,51.293],[-2.84624,51.29274],[-2.84634,51.29275],[-2.84632,51.29277],[-2.84629,51.29284],[-2.84622,51.29308],[-2.84628,51.29314],[-2.84646,51.29316],[-2.84686,51.29319],[-2.84733,51.29326],[-2.84704,51.29379],[-2.84694,51.29393],[-2.8469,51.29406],[-2.84686,51.29416],[-2.84679,51.29418],[-2.84678,51.29415],[-2.84512,51.29389],[-2.84513,51.29324],[-2.8451,51.29313],[-2.8447,51.29304],[-2.84484,51.29254],[-2.84496,51.29227],[-2.84502,51.2922]]]}},{"type":"Feature","properties":{"natural":"grassland"},"geometry":{"type":"Polygon","coordinates":[[[-2.85276,51.2921],[-2.85283,51.29211],[-2.85343,51.2922],[-2.85328,51.29271],[-2.85289,51.29266],[-2.85268,51.29263],[-2.85262,51.29257],[-2.8526,51.29246],[-2.8527,51.29216],[-2.85276,51.2921]]]}},{"type":"Feature","properties":{"natural":"wood"},"geometry":{"type":"Polygon","coordinates":[[[-2.79612,51.34731],[-2.79612,51.34739],[-2.7961,51.3477],[-2.79595,51.34791],[-2.79533,51.34794],[-2.79464,51.34772],[-2.79447,51.34778],[-2.79454,51.34804],[-2.79446,51.34814],[-2.79442,51.3482],[-2.79428,51.34822],[-2.79415,51.34789],[-2.79417,51.34779],[-2.79369,51.34764],[-2.79246,51.34749],[-2.79186,51.34743],[-2.79171,51.34733],[-2.79189,51.34711],[-2.79206,51.34713],[-2.79245,51.34717],[-2.79274,51.34709],[-2.79339,51.34714],[-2.79352,51.34734],[-2.79386,51.3476],[-2.79424,51.34772],[-2.79432,51.34768],[-2.79472,51.34744],[-2.79588,51.34731],[-2.79612,51.34731]]]}},{"type":"Feature","properties":{"natural":"wood"},"geometry":{"type":"Polygon","coordinates":[[[-2.78717,51.34446],[-2.78761,51.34524],[-2.78767,51.34543],[-2.78738,51.3455],[-2.78767,51.34619],[-2.78733,51.34589],[-2.78711,51.34555],[-2.78726,51.34542],[-2.78704,51.34491],[-2.78688,51.34453],[-2.78717,51.34446]]]}},{"type":"Feature","properties":{"natural":"wood"},"geometry":{"type":"Polygon","coordinates":[[[-2.80118,51.34978],[-2.80134,51.34973],[-2.80142,51.34969],[-2.80145,51.3498],[-2.80188,51.34998],[-2.8017,51.35016],[-2.8015,51.35012],[-2.80128,51.35015],[-2.80146,51.34996],[-2.80118,51.34978]]]}},{"type":"Feature","properties":{"natural":"wood"},"geometry":{"type":"Polygon","coordinates":[[[-2.79938,51.32946],[-2.79965,51.32934],[-2.7998,51.32923],[-2.79985,51.32912],[-2.79986,51.3289],[-2.80046,51.32885],[-2.80043,51.32902],[-2.80063,51.32909],[-2.80064,51.32924],[-2.80075,51.32929],[-2.80083,51.32929],[-2.80095,51.32925],[-2.80108,51.32925],[-2.80099,51.32934],[-2.80084,51.32942],[-2.80075,51.32957],[-2.80077,51.32974],[-2.80061,51.32978],[-2.79978,51.32954],[-2.79953,51.32966],[-2.79938,51.32946]]]}},{"type":"Feature","properties":{"natural":"wood"},"geometry":{"type":"Polygon","coordinates":[[[-2.79947,51.3303],[-2.79961,51.33034],[-2.79965,51.33042],[-2.79966,51.33049],[-2.79967,51.33056],[-2.79969,51.33067],[-2.79954,51.33082],[-2.7985,51.33091],[-2.79846,51.33088],[-2.79838,51.33082],[-2.79838,51.33073],[-2.79904,51.3305],[-2.79925,51.3304],[-2.79927,51.33035],[-2.79947,51.3303]]]}},{"type":"Feature","properties":{"natural":"wood"},"geometry":{"type":"Polygon","coordinates":[[[-2.80454,51.3304],[-2.80397,51.33019],[-2.80325,51.32993],[-2.80305,51.32993],[-2.80252,51.32977],[-2.80208,51.32998],[-2.80186,51.32988],[-2.80196,51.32976],[-2.80135,51.3294],[-2.80115,51.32944],[-2.80099,51.32934],[-2.80108,51.32925],[-2.80132,51.3291],[-2.80151,51.32914],[-2.80157,51.32934],[-2.80198,51.32944],[-2.80292,51.32968],[-2.8029,51.32971],[-2.80319,51.32977],[-2.80383,51.33007],[-2.80446,51.3303],[-2.80454,51.3304]]]}},{"type":"Feature","properties":{"natural":"scrub"},"geometry":{"type":"Polygon","coordinates":[[[-2.80198,51.32944],[-2.80203,51.32905],[-2.80213,51.32894],[-2.80208,51.32883],[-2.80212,51.32873],[-2.80224,51.32867],[-2.80273,51.32875],[-2.80314,51.32877],[-2.80336,51.32904],[-2.80292,51.32968],[-2.80198,51.32944]]]}},{"type":"Feature","properties":{"natural":"scrub"},"geometry":{"type":"Polygon","coordinates":[[[-2.79678,51.33044],[-2.79704,51.33047],[-2.79707,51.33052],[-2.79701,51.33056],[-2.7969,51.33058],[-2.79689,51.33068],[-2.79687,51.33088],[-2.79682,51.33092],[-2.79677,51.33104],[-2.79671,51.33107],[-2.79671,51.3312],[-2.7966,51.33123],[-2.79653,51.33121],[-2.79638,51.33125],[-2.79634,51.33124],[-2.79637,51.33105],[-2.79649,51.33096],[-2.79666,51.33057],[-2.79672,51.33047],[-2.79678,51.33044]]]}},{"type":"Feature","properties":{"natural":"scrub"},"geometry":{"type":"Polygon","coordinates":[[[-2.79622,51.3313],[-2.79627,51.33128],[-2.79632,51.3313],[-2.7963,51.33142],[-2.79618,51.33151],[-2.79613,51.33153],[-2.79605,51.33148],[-2.79611,51.33139],[-2.79622,51.3313]]]}},{"type":"Feature","properties":{"natural":"scrub"},"geometry":{"type":"Polygon","coordinates":[[[-2.79513,51.33157],[-2.79551,51.33175],[-2.79571,51.33174],[-2.7957,51.33191],[-2.79579,51.33205],[-2.79576,51.33215],[-2.79568,51.3322],[-2.79556,51.33213],[-2.79552,51.33198],[-2.7954,51.33197],[-2.79539,51.33181],[-2.79522,51.33171],[-2.79512,51.33162],[-2.79513,51.33157]]]}},{"type":"Feature","properties":{"natural":"wood"},"geometry":{"type":"Polygon","coordinates":[[[-2.79727,51.33175],[-2.79744,51.33174],[-2.79754,51.33151],[-2.79755,51.33148],[-2.79773,51.33147],[-2.79756,51.33186],[-2.79747,51.33207],[-2.7975,51.33255],[-2.79797,51.33253],[-2.79848,51.33236],[-2.79835,51.33209],[-2.79867,51.33201],[-2.79877,51.33224],[-2.79901,51.33239],[-2.79916,51.33261],[-2.79887,51.33269],[-2.79878,51.33265],[-2.79865,51.33257],[-2.79743,51.33286],[-2.79731,51.33253],[-2.79732,51.33247],[-2.7972,51.33244],[-2.79694,51.33225],[-2.79695,51.33219],[-2.79669,51.33211],[-2.79667,51.33206],[-2.7972,51.33191],[-2.79727,51.33175]]]}},{"type":"Feature","properties":{"natural":"wood"},"geometry":{"type":"Polygon","coordinates":[[[-2.79836,51.33135],[-2.79854,51.33167],[-2.79828,51.33171],[-2.79826,51.33204],[-2.79812,51.33204],[-2.79811,51.33188],[-2.79806,51.33145],[-2.79812,51.33136],[-2.79836,51.33135]]]}},{"type":"Feature","properties":{"natural":"wood"},"geometry":{"type":"Polygon","coordinates":[[[-2.79951,51.32457],[-2.79944,51.32431],[-2.79949,51.32429],[-2.80024,51.3239],[-2.80081,51.32387],[-2.80127,51.32408],[-2.79951,51.32457]]]}},{"type":"Feature","properties":{"natural":"wood"},"geometry":{"type":"Polygon","coordinates":[[[-2.79622,51.32481],[-2.79647,51.32513],[-2.79579,51.32489],[-2.79622,51.32481]]]}},{"type":"Feature","properties":{"natural":"tree_row"},"geometry":{"type":"LineString","coordinates":[[-2.79687,51.32539],[-2.79659,51.32506],[-2.79646,51.32473],[-2.79646,51.32461],[-2.79652,51.32453],[-2.79664,51.32438],[-2.79682,51.32428],[-2.79709,51.32416]]}},{"type":"Feature","properties":{"natural":"wood"},"geometry":{"type":"Polygon","coordinates":[[[-2.79985,51.32609],[-2.79988,51.32575],[-2.80065,51.3255],[-2.80116,51.32537],[-2.80159,51.32514],[-2.80169,51.32513],[-2.80172,51.32531],[-2.80173,51.32537],[-2.80281,51.32522],[-2.80287,51.32528],[-2.80327,51.3253],[-2.80322,51.32548],[-2.80296,51.32555],[-2.80282,51.32571],[-2.8026,51.32569],[-2.80259,51.32549],[-2.80246,51.32539],[-2.80113,51.32553],[-2.80077,51.32572],[-2.80077,51.3259],[-2.80042,51.32593],[-2.79985,51.32609]]]}},{"type":"Feature","properties":{"natural":"wood"},"geometry":{"type":"Polygon","coordinates":[[[-2.80454,51.32524],[-2.804,51.32535],[-2.80384,51.32547],[-2.80369,51.32543],[-2.80348,51.32545],[-2.80335,51.32542],[-2.80337,51.32529],[-2.80353,51.32519],[-2.80375,51.3251],[-2.804,51.3251],[-2.80431,51.3251],[-2.80454,51.32524]]]}},{"type":"Feature","properties":{"natural":"wood"},"geometry":{"type":"Polygon","coordinates":[[[-2.79895,51.32792],[-2.79924,51.32805],[-2.79994,51.32826],[-2.80039,51.32826],[-2.80069,51.32821],[-2.80087,51.32815],[-2.80091,51.3284],[-2.80064,51.32842],[-2.80049,51.32837],[-2.7999,51.32846],[-2.79969,51.32852],[-2.79956,51.32845],[-2.79941,51.32828],[-2.79927,51.32824],[-2.79916,51.32835],[-2.79895,51.32792]]]}},{"type":"Feature","properties":{"natural":"wood"},"geometry":{"type":"Polygon","coordinates":[[[-2.81048,51.3319],[-2.81058,51.33225],[-2.81022,51.33221],[-2.81005,51.3321],[-2.81005,51.33202],[-2.81048,51.3319]]]}},{"type":"Feature","properties":{"natural":"wood"},"geometry":{"type":"Polygon","coordinates":[[[-2.80402,51.32017],[-2.80438,51.32016],[-2.80453,51.32012],[-2.80475,51.32015],[-2.80553,51.32054],[-2.8054,51.32073],[-2.80523,51.3208],[-2.80514,51.32094],[-2.80505,51.32095],[-2.80474,51.32069],[-2.80475,51.32053],[-2.8046,51.32043],[-2.8045,51.32047],[-2.80448,51.32057],[-2.80425,51.32043],[-2.80425,51.32039],[-2.80405,51.32029],[-2.80402,51.32017]]]}},{"type":"Feature","properties":{"natural":"scrub"},"geometry":{"type":"Polygon","coordinates":[[[-2.81653,51.32165],[-2.81681,51.32159],[-2.81692,51.32182],[-2.81706,51.32191],[-2.81671,51.32197],[-2.81653,51.32165]]]}},{"type":"Feature","properties":{"natural":"wood"},"geometry":{"type":"Polygon","coordinates":[[[-2.81845,51.32052],[-2.81885,51.32052],[-2.81888,51.32086],[-2.81833,51.32075],[-2.81829,51.32064],[-2.81834,51.32055],[-2.81845,51.32052]]]}},{"type":"Feature","properties":{"natural":"wood"},"geometry":{"type":"Polygon","coordinates":[[[-2.81616,51.32042],[-2.81653,51.32044],[-2.81692,51.32043],[-2.81661,51.32059],[-2.81637,51.32063],[-2.8162,51.32061],[-2.81615,51.32052],[-2.81616,51.32042]]]}},{"type":"Feature","properties":{"natural":"wood"},"geometry":{"type":"Polygon","coordinates":[[[-2.81524,51.31742],[-2.8157,51.31714],[-2.81605,51.31695],[-2.81615,51.3169],[-2.8164,51.31673],[-2.81652,51.31666],[-2.81656,51.31683],[-2.8167,51.31688],[-2.81678,51.31702],[-2.81561,51.31744],[-2.81524,51.31742]]]}},{"type":"Feature","properties":{"natural":"wood"},"geometry":{"type":"Polygon","coordinates":[[[-2.81686,51.31622],[-2.81707,51.31593],[-2.81737,51.31609],[-2.81724,51.31638],[-2.81686,51.31622]]]}},{"type":"Feature","properties":{"natural":"wood"},"geometry":{"type":"Polygon","coordinates":[[[-2.83029,51.30179],[-2.83093,51.30175],[-2.83137,51.30173],[-2.83118,51.30229],[-2.83118,51.30265],[-2.83118,51.30288],[-2.83111,51.30366],[-2.83103,51.30457],[-2.83072,51.30456],[-2.83067,51.30416],[-2.83065,51.30406],[-2.8307,51.30356],[-2.83009,51.30343],[-2.83022,51.3031],[-2.83012,51.30297],[-2.8295,51.30278],[-2.82953,51.30274],[-2.82989,51.30274],[-2.83031,51.30282],[-2.8304,51.30259],[-2.82984,51.30247],[-2.82951,51.30232],[-2.82905,51.3022],[-2.82887,51.30231],[-2.82873,51.30227],[-2.8289,51.30204],[-2.82979,51.3022],[-2.83008,51.30206],[-2.83021,51.30195],[-2.83029,51.30179]]]}},{"type":"Feature","properties":{"natural":"wood"},"geometry":{"type":"Polygon","coordinates":[[[-2.82887,51.30231],[-2.82885,51.30241],[-2.82917,51.30268],[-2.82953,51.30274],[-2.8295,51.30278],[-2.82852,51.30262],[-2.82873,51.30227],[-2.82887,51.30231]]]}},{"type":"Feature","properties":{"natural":"wood"},"geometry":{"type":"Polygon","coordinates":[[[-2.82127,51.3165],[-2.82115,51.31653],[-2.82014,51.31636],[-2.8197,51.31615],[-2.8202,51.31617],[-2.82103,51.31632],[-2.82127,51.3165]]]}},{"type":"Feature","properties":{"natural":"wood"},"geometry":{"type":"Polygon","coordinates":[[[-2.7459,51.27901],[-2.74615,51.27888],[-2.74643,51.27881],[-2.74662,51.27888],[-2.74683,51.27893],[-2.74693,51.27886],[-2.74664,51.27851],[-2.74669,51.27844],[-2.74697,51.2786],[-2.74715,51.27874],[-2.7472,51.27874],[-2.74725,51.27875],[-2.74734,51.27877],[-2.74729,51.27887],[-2.74716,51.27898],[-2.74683,51.27911],[-2.74609,51.27952],[-2.74552,51.27909],[-2.74559,51.27904],[-2.74565,51.27904],[-2.7459,51.27901]]]}},{"type":"Feature","properties":{"natural":"scrub"},"geometry":{"type":"Polygon","coordinates":[[[-2.7293,51.27981],[-2.7293,51.27965],[-2.72957,51.27951],[-2.72962,51.27951],[-2.72966,51.27953],[-2.73052,51.28032],[-2.73117,51.28068],[-2.73144,51.28077],[-2.73148,51.2809],[-2.73183,51.281],[-2.73182,51.28119],[-2.73153,51.28119],[-2.73136,51.28116],[-2.73129,51.28112],[-2.73134,51.28107],[-2.72968,51.28027],[-2.72952,51.27998],[-2.7293,51.27981]]]}},{"type":"Feature","properties":{"natural":"grassland"},"geometry":{"type":"Polygon","coordinates":[[[-2.76301,51.28025],[-2.76346,51.28038],[-2.76465,51.28026],[-2.76425,51.27995],[-2.76419,51.27989],[-2.76409,51.27983],[-2.76392,51.27984],[-2.76301,51.28025]]]}},{"type":"Feature","properties":{"natural":"grassland"},"geometry":{"type":"Polygon","coordinates":[[[-2.75276,51.28137],[-2.75252,51.28135],[-2.75242,51.28136],[-2.75243,51.2814],[-2.75251,51.28145],[-2.75256,51.28153],[-2.75256,51.28158],[-2.7526,51.2816],[-2.75267,51.28158],[-2.75268,51.28149],[-2.75272,51.28146],[-2.75288,51.28144],[-2.75293,51.28139],[-2.75276,51.28137]]]}},{"type":"Feature","properties":{"natural":"scrub"},"geometry":{"type":"Polygon","coordinates":[[[-2.74745,51.27929],[-2.74767,51.27926],[-2.74723,51.27892],[-2.74716,51.27898],[-2.74745,51.27929]]]}},{"type":"Feature","properties":{"natural":"scrub"},"geometry":{"type":"Polygon","coordinates":[[[-2.75061,51.27865],[-2.75103,51.27887],[-2.75105,51.27899],[-2.75133,51.27906],[-2.75132,51.27919],[-2.75046,51.27933],[-2.75021,51.27945],[-2.75015,51.27964],[-2.75007,51.27971],[-2.74994,51.27971],[-2.74981,51.27967],[-2.75062,51.27899],[-2.75054,51.27882],[-2.75061,51.27865]]]}},{"type":"Feature","properties":{"natural":"wood"},"geometry":{"type":"Polygon","coordinates":[[[-2.76477,51.324],[-2.76575,51.32415],[-2.76591,51.32407],[-2.76659,51.32416],[-2.76674,51.32395],[-2.76651,51.32389],[-2.76602,51.32395],[-2.76594,51.32399],[-2.7657,51.32396],[-2.76543,51.3239],[-2.7654,51.32401],[-2.76478,51.32394],[-2.76477,51.324]]]}},{"type":"Feature","properties":{"natural":"wood"},"geometry":{"type":"Polygon","coordinates":[[[-2.76641,51.27753],[-2.76649,51.27759],[-2.76671,51.27764],[-2.76713,51.27768],[-2.76731,51.27771],[-2.76736,51.27776],[-2.76755,51.27778],[-2.76794,51.27779],[-2.76793,51.27788],[-2.768,51.27788],[-2.76801,51.27776],[-2.76807,51.27777],[-2.7681,51.27782],[-2.76822,51.2778],[-2.76845,51.27782],[-2.76857,51.27804],[-2.76841,51.27946],[-2.76779,51.27945],[-2.76736,51.27942],[-2.76779,51.27955],[-2.76839,51.27953],[-2.76849,51.27962],[-2.76848,51.27969],[-2.76801,51.27967],[-2.76801,51.27975],[-2.7682,51.27977],[-2.76859,51.27973],[-2.76859,51.27949],[-2.76862,51.27804],[-2.76865,51.27787],[-2.76913,51.27795],[-2.76934,51.27808],[-2.7695,51.278],[-2.7693,51.27786],[-2.76914,51.27756],[-2.76889,51.27741],[-2.76868,51.2773],[-2.76859,51.27725],[-2.76826,51.27714],[-2.76793,51.27707],[-2.76792,51.27708],[-2.76773,51.27703],[-2.76751,51.27697],[-2.76682,51.27684],[-2.76677,51.27693],[-2.76711,51.277],[-2.76718,51.27711],[-2.76713,51.27718],[-2.76731,51.27722],[-2.76752,51.27717],[-2.76755,51.27709],[-2.76823,51.27725],[-2.76856,51.27733],[-2.76883,51.27743],[-2.76919,51.27778],[-2.76913,51.27783],[-2.76811,51.27772],[-2.76733,51.27763],[-2.76641,51.27753]]]}},{"type":"Feature","properties":{"natural":"heath"},"geometry":{"type":"Polygon","coordinates":[[[-2.76692,51.2803],[-2.76803,51.28084],[-2.76699,51.28102],[-2.76664,51.28104],[-2.76623,51.28097],[-2.76565,51.28092],[-2.76551,51.28076],[-2.76594,51.28031],[-2.76596,51.28064],[-2.76653,51.28065],[-2.76696,51.28085],[-2.76697,51.2806],[-2.76692,51.2803]]]}},{"type":"Feature","properties":{"natural":"heath"},"geometry":{"type":"Polygon","coordinates":[[[-2.76485,51.28016],[-2.76465,51.28026],[-2.76425,51.27995],[-2.76435,51.27992],[-2.7644,51.27988],[-2.76485,51.28016]]]}},{"type":"Feature","properties":{"natural":"heath"},"geometry":{"type":"Polygon","coordinates":[[[-2.75829,51.27985],[-2.75586,51.27911],[-2.7566,51.27831],[-2.7567,51.27834],[-2.75687,51.27874],[-2.75747,51.27899],[-2.75868,51.27931],[-2.75829,51.27985]]]}},{"type":"Feature","properties":{"natural":"grassland"},"geometry":{"type":"Polygon","coordinates":[[[-2.75638,51.27747],[-2.75587,51.27711],[-2.75559,51.27724],[-2.75542,51.27711],[-2.75521,51.27724],[-2.75454,51.2775],[-2.75296,51.27807],[-2.75297,51.27836],[-2.75397,51.27936],[-2.75428,51.27915],[-2.75508,51.27879],[-2.75451,51.2792],[-2.75423,51.27947],[-2.75503,51.27969],[-2.75559,51.27983],[-2.75627,51.27986],[-2.75692,51.27965],[-2.75704,51.27992],[-2.75806,51.28016],[-2.75829,51.27985],[-2.75586,51.27911],[-2.7566,51.27831],[-2.75639,51.27839],[-2.75596,51.27849],[-2.75567,51.27849],[-2.75556,51.2784],[-2.75544,51.27823],[-2.75551,51.27813],[-2.75581,51.2779],[-2.75644,51.27787],[-2.75619,51.27759],[-2.75638,51.27747]]]}},{"type":"Feature","properties":{"natural":"heath"},"geometry":{"type":"Polygon","coordinates":[[[-2.7529,51.28467],[-2.75312,51.28463],[-2.7567,51.28373],[-2.75852,51.28329],[-2.7594,51.28305],[-2.75982,51.28285],[-2.76015,51.28265],[-2.7607,51.28231],[-2.76165,51.28197],[-2.76273,51.28152],[-2.76279,51.2815],[-2.76245,51.28174],[-2.76283,51.28177],[-2.76315,51.28174],[-2.76293,51.28183],[-2.76275,51.28191],[-2.76255,51.28201],[-2.76232,51.28211],[-2.76216,51.28214],[-2.76197,51.28221],[-2.76178,51.28225],[-2.76176,51.28235],[-2.76163,51.28244],[-2.76147,51.2824],[-2.76138,51.28245],[-2.76141,51.28256],[-2.76129,51.28258],[-2.76117,51.28257],[-2.76104,51.28264],[-2.76107,51.28272],[-2.7612,51.28283],[-2.76124,51.28287],[-2.76084,51.28298],[-2.76061,51.28327],[-2.76075,51.28384],[-2.76031,51.28394],[-2.75991,51.28413],[-2.75942,51.28418],[-2.7588,51.28419],[-2.75869,51.2843],[-2.75845,51.28449],[-2.75815,51.28448],[-2.75751,51.28456],[-2.75712,51.28469],[-2.75703,51.2849],[-2.75716,51.28506],[-2.75711,51.28512],[-2.75708,51.2851],[-2.757,51.28505],[-2.75672,51.2849],[-2.75672,51.28496],[-2.75699,51.28517],[-2.75672,51.28527],[-2.75663,51.28534],[-2.75663,51.28541],[-2.75671,51.2856],[-2.7565,51.2856],[-2.7563,51.28552],[-2.75609,51.28537],[-2.75609,51.28559],[-2.75601,51.28554],[-2.75579,51.28562],[-2.75567,51.28558],[-2.75558,51.28559],[-2.7555,51.28565],[-2.75538,51.2856],[-2.75527,51.28556],[-2.75514,51.2855],[-2.75493,51.28546],[-2.75469,51.2856],[-2.75458,51.28573],[-2.75439,51.28571],[-2.75421,51.2858],[-2.75397,51.2857],[-2.75322,51.2856],[-2.75295,51.28561],[-2.75273,51.2856],[-2.75252,51.28562],[-2.75237,51.28571],[-2.75225,51.28546],[-2.75277,51.2849],[-2.7529,51.28467]]]}},{"type":"Feature","properties":{"natural":"scrub"},"geometry":{"type":"Polygon","coordinates":[[[-2.75237,51.28571],[-2.75225,51.28546],[-2.75198,51.28531],[-2.75175,51.28534],[-2.75157,51.28526],[-2.75126,51.28505],[-2.75099,51.28513],[-2.75099,51.28568],[-2.75111,51.28586],[-2.75085,51.28595],[-2.75078,51.28597],[-2.75078,51.28609],[-2.7509,51.28617],[-2.75104,51.28605],[-2.75121,51.28616],[-2.75184,51.286],[-2.75237,51.28571]]]}},{"type":"Feature","properties":{"natural":"scrub"},"geometry":{"type":"Polygon","coordinates":[[[-2.74863,51.28458],[-2.74856,51.28456],[-2.74867,51.28427],[-2.7486,51.28412],[-2.7487,51.28392],[-2.74897,51.28421],[-2.74895,51.28433],[-2.74863,51.28458]]]}},{"type":"Feature","properties":{"natural":"heath"},"geometry":{"type":"Polygon","coordinates":[[[-2.75067,51.28387],[-2.75101,51.284],[-2.7529,51.28467],[-2.75277,51.2849],[-2.75225,51.28546],[-2.75198,51.28531],[-2.75175,51.28534],[-2.75157,51.28526],[-2.75126,51.28505],[-2.75099,51.28513],[-2.75099,51.28568],[-2.75111,51.28586],[-2.75085,51.28595],[-2.75078,51.28597],[-2.75078,51.28609],[-2.75058,51.28601],[-2.75041,51.28597],[-2.75025,51.28602],[-2.75014,51.28594],[-2.74979,51.28596],[-2.74939,51.28594],[-2.74885,51.28593],[-2.74793,51.28613],[-2.74717,51.28599],[-2.74741,51.28573],[-2.7477,51.28557],[-2.74781,51.28562],[-2.74784,51.28571],[-2.74796,51.28575],[-2.74805,51.28573],[-2.74815,51.28575],[-2.74828,51.28574],[-2.74839,51.28573],[-2.74847,51.2857],[-2.74858,51.28563],[-2.74873,51.28556],[-2.7487,51.28537],[-2.74825,51.28526],[-2.7488,51.28505],[-2.74885,51.28499],[-2.74877,51.28487],[-2.74869,51.28477],[-2.7487,51.28468],[-2.74871,51.2846],[-2.74863,51.28458],[-2.74895,51.28433],[-2.74897,51.28421],[-2.75018,51.28411],[-2.7504,51.28405],[-2.75067,51.28387]]]}},{"type":"Feature","properties":{"natural":"heath"},"geometry":{"type":"Polygon","coordinates":[[[-2.74286,51.27688],[-2.742,51.2773],[-2.74157,51.27752],[-2.74521,51.28002],[-2.74605,51.2795],[-2.74286,51.27688]]]}},{"type":"Feature","properties":{"natural":"heath"},"geometry":{"type":"Polygon","coordinates":[[[-2.74157,51.27752],[-2.73915,51.27871],[-2.73936,51.27928],[-2.73966,51.27977],[-2.74006,51.28006],[-2.7409,51.28034],[-2.74246,51.28089],[-2.74246,51.28122],[-2.74294,51.28168],[-2.74331,51.28233],[-2.74375,51.28265],[-2.74425,51.28284],[-2.7451,51.28291],[-2.74557,51.28296],[-2.7456,51.28277],[-2.74552,51.28265],[-2.74477,51.28245],[-2.74414,51.28209],[-2.74477,51.28216],[-2.74515,51.28216],[-2.74522,51.28189],[-2.74448,51.28152],[-2.74334,51.28122],[-2.74271,51.28085],[-2.74214,51.28056],[-2.74116,51.28028],[-2.73993,51.27981],[-2.74185,51.28033],[-2.74236,51.28047],[-2.74159,51.28013],[-2.74142,51.27996],[-2.74208,51.2801],[-2.74234,51.27994],[-2.74342,51.28036],[-2.74406,51.28093],[-2.74472,51.2812],[-2.74583,51.28141],[-2.74616,51.28162],[-2.74733,51.2819],[-2.74794,51.28244],[-2.74827,51.2834],[-2.7486,51.28412],[-2.7487,51.28392],[-2.74897,51.28421],[-2.75018,51.28411],[-2.7503,51.28408],[-2.7504,51.28405],[-2.74922,51.28291],[-2.74746,51.28165],[-2.74531,51.2801],[-2.74521,51.28002],[-2.74157,51.27752]]]}},{"type":"Feature","properties":{"natural":"heath"},"geometry":{"type":"Polygon","coordinates":[[[-2.742,51.2773],[-2.74157,51.27752],[-2.73915,51.27871],[-2.73907,51.27849],[-2.7389,51.27813],[-2.73823,51.27794],[-2.73792,51.27788],[-2.73781,51.27797],[-2.73767,51.27795],[-2.73728,51.2779],[-2.73696,51.27788],[-2.73654,51.2779],[-2.73615,51.27796],[-2.73567,51.27808],[-2.73539,51.27819],[-2.73501,51.27839],[-2.73447,51.27873],[-2.73348,51.27947],[-2.73319,51.27961],[-2.73271,51.27965],[-2.73228,51.27959],[-2.73214,51.27951],[-2.732,51.27937],[-2.73189,51.2791],[-2.73186,51.27901],[-2.7316,51.27797],[-2.7314,51.27766],[-2.73151,51.27751],[-2.73438,51.27494],[-2.73481,51.27508],[-2.73542,51.27486],[-2.73694,51.27433],[-2.742,51.2773]]]}},{"type":"Feature","properties":{"natural":"grassland"},"geometry":{"type":"Polygon","coordinates":[[[-2.7283,51.28108],[-2.72879,51.2811],[-2.72905,51.28117],[-2.72967,51.28133],[-2.73042,51.2815],[-2.73103,51.28125],[-2.73092,51.28112],[-2.73129,51.28128],[-2.7321,51.28163],[-2.73251,51.28188],[-2.7329,51.28221],[-2.73306,51.28248],[-2.73315,51.28264],[-2.72836,51.28215],[-2.7283,51.28108]]]}},{"type":"Feature","properties":{"natural":"heath"},"geometry":{"type":"Polygon","coordinates":[[[-2.7336,51.28224],[-2.73306,51.28248],[-2.7329,51.28221],[-2.73251,51.28188],[-2.7321,51.28163],[-2.73129,51.28128],[-2.73092,51.28112],[-2.73004,51.2808],[-2.72966,51.28072],[-2.72919,51.28062],[-2.72881,51.28056],[-2.72831,51.28053],[-2.72827,51.28048],[-2.72834,51.28041],[-2.72862,51.28042],[-2.72924,51.28047],[-2.73047,51.28079],[-2.73129,51.28112],[-2.73136,51.28116],[-2.73153,51.28119],[-2.73182,51.28119],[-2.73183,51.281],[-2.73148,51.2809],[-2.73144,51.28077],[-2.73204,51.28107],[-2.73185,51.28119],[-2.73247,51.28135],[-2.73264,51.2815],[-2.73243,51.2816],[-2.73335,51.2822],[-2.73353,51.28218],[-2.7336,51.28224]]]}},{"type":"Feature","properties":{"natural":"scrub"},"geometry":{"type":"Polygon","coordinates":[[[-2.73369,51.28147],[-2.73381,51.28148],[-2.7342,51.28133],[-2.73439,51.28131],[-2.73497,51.28145],[-2.735,51.28146],[-2.73419,51.2818],[-2.73416,51.28171],[-2.73369,51.28147]]]}},{"type":"Feature","properties":{"natural":"wood"},"geometry":{"type":"Polygon","coordinates":[[[-2.73153,51.28061],[-2.7318,51.28069],[-2.73197,51.28071],[-2.73289,51.28137],[-2.73274,51.28145],[-2.73271,51.28143],[-2.73267,51.28146],[-2.73269,51.28147],[-2.73264,51.2815],[-2.73247,51.28135],[-2.73257,51.28133],[-2.73153,51.28061]]]}},{"type":"Feature","properties":{"natural":"wood"},"geometry":{"type":"Polygon","coordinates":[[[-2.84642,51.30436],[-2.84664,51.30404],[-2.84693,51.30398],[-2.84729,51.3042],[-2.84781,51.30418],[-2.84821,51.30415],[-2.84807,51.30373],[-2.8479,51.30357],[-2.84825,51.30332],[-2.84875,51.30361],[-2.84927,51.30406],[-2.84967,51.30439],[-2.84846,51.30428],[-2.84666,51.30441],[-2.84642,51.30436]]]}},{"type":"Feature","properties":{"natural":"wood"},"geometry":{"type":"Polygon","coordinates":[[[-2.83806,51.30436],[-2.83834,51.30397],[-2.83916,51.30394],[-2.83949,51.30353],[-2.83997,51.30392],[-2.83992,51.30433],[-2.84023,51.30444],[-2.83994,51.30483],[-2.83946,51.30485],[-2.83913,51.30486],[-2.83837,51.30465],[-2.83806,51.30436]]]}},{"type":"Feature","properties":{"natural":"wood"},"geometry":{"type":"Polygon","coordinates":[[[-2.84272,51.30421],[-2.84304,51.30423],[-2.843,51.30468],[-2.84196,51.30452],[-2.84068,51.304],[-2.84102,51.30365],[-2.8414,51.30352],[-2.84147,51.3035],[-2.84169,51.30382],[-2.84227,51.30396],[-2.84272,51.30421]]]}},{"type":"Feature","properties":{"natural":"wood"},"geometry":{"type":"Polygon","coordinates":[[[-2.83171,51.30375],[-2.83158,51.30375],[-2.83142,51.30372],[-2.83133,51.30237],[-2.83136,51.30198],[-2.83137,51.30173],[-2.83143,51.30129],[-2.83161,51.30123],[-2.83167,51.30121],[-2.8319,51.30134],[-2.83197,51.30176],[-2.83215,51.30201],[-2.83225,51.30211],[-2.83225,51.30233],[-2.83244,51.30254],[-2.83254,51.30272],[-2.83259,51.30283],[-2.8321,51.30297],[-2.83171,51.30375]]]}},{"type":"Feature","properties":{"natural":"wood"},"geometry":{"type":"Polygon","coordinates":[[[-2.84514,51.3109],[-2.84561,51.31082],[-2.84603,51.31122],[-2.84609,51.31145],[-2.84656,51.31139],[-2.8473,51.31154],[-2.84646,51.31186],[-2.84664,51.31205],[-2.84789,51.3124],[-2.84724,51.31227],[-2.84637,51.31233],[-2.84647,51.3128],[-2.84624,51.31284],[-2.84593,51.31271],[-2.84511,51.31175],[-2.84537,51.31108],[-2.84514,51.3109]]]}},{"type":"Feature","properties":{"natural":"wood"},"geometry":{"type":"Polygon","coordinates":[[[-2.84285,51.30666],[-2.84252,51.30661],[-2.84072,51.30643],[-2.84072,51.30614],[-2.84033,51.30608],[-2.84013,51.30601],[-2.83898,51.30575],[-2.83899,51.3057],[-2.83913,51.30486],[-2.83946,51.30485],[-2.8394,51.30551],[-2.84084,51.30592],[-2.84115,51.30601],[-2.84155,51.30635],[-2.84193,51.30639],[-2.84234,51.30644],[-2.84288,51.3065],[-2.84285,51.30666]]]}},{"type":"Feature","properties":{"natural":"wood"},"geometry":{"type":"Polygon","coordinates":[[[-2.84193,51.30639],[-2.84199,51.30612],[-2.8417,51.30605],[-2.84145,51.30607],[-2.84087,51.30588],[-2.84101,51.30577],[-2.84142,51.30586],[-2.8416,51.30579],[-2.84234,51.30596],[-2.84241,51.30604],[-2.84234,51.30644],[-2.84193,51.30639]]]}},{"type":"Feature","properties":{"natural":"wood"},"geometry":{"type":"Polygon","coordinates":[[[-2.84488,51.32838],[-2.84537,51.32845],[-2.845,51.32848],[-2.84511,51.32885],[-2.84528,51.32912],[-2.845,51.32912],[-2.8448,51.32883],[-2.8448,51.32871],[-2.84471,51.32863],[-2.84324,51.32836],[-2.84296,51.32825],[-2.84276,51.32834],[-2.84262,51.32815],[-2.84286,51.32801],[-2.84334,51.32825],[-2.84486,51.32844],[-2.84488,51.32838]]]}},{"type":"Feature","properties":{"natural":"wood"},"geometry":{"type":"Polygon","coordinates":[[[-2.80855,51.31485],[-2.80899,51.31501],[-2.81,51.31517],[-2.8101,51.31493],[-2.81006,51.3147],[-2.81021,51.31475],[-2.81036,51.31504],[-2.81027,51.31528],[-2.81061,51.31536],[-2.81067,51.31545],[-2.81074,51.31549],[-2.81091,51.31559],[-2.81005,51.31552],[-2.80959,51.31551],[-2.80936,51.31548],[-2.80915,51.31544],[-2.8087,51.31528],[-2.80834,51.31517],[-2.80839,51.31501],[-2.80832,51.31488],[-2.80855,51.31485]]]}},{"type":"Feature","properties":{"natural":"wood"},"geometry":{"type":"Polygon","coordinates":[[[-2.81189,51.31769],[-2.812,51.31725],[-2.81255,51.3172],[-2.81271,51.31739],[-2.81256,51.31756],[-2.81302,51.31757],[-2.81303,51.31776],[-2.81294,51.31779],[-2.81281,51.31788],[-2.81309,51.31809],[-2.81359,51.318],[-2.81389,51.31799],[-2.81425,51.31781],[-2.81437,51.31782],[-2.81392,51.31804],[-2.81335,51.31828],[-2.81268,51.3185],[-2.81229,51.31866],[-2.81204,51.31827],[-2.81229,51.31822],[-2.81244,51.3181],[-2.81239,51.31801],[-2.81229,51.31784],[-2.81189,51.31769]]]}},{"type":"Feature","properties":{"natural":"wood"},"geometry":{"type":"Polygon","coordinates":[[[-2.81147,51.31583],[-2.81049,51.31588],[-2.81034,51.31596],[-2.81029,51.31599],[-2.80963,51.31591],[-2.80949,51.31582],[-2.8101,51.31573],[-2.81009,51.31565],[-2.81066,51.31566],[-2.81132,51.31569],[-2.81145,51.3157],[-2.81147,51.31583]]]}},{"type":"Feature","properties":{"natural":"scrub"},"geometry":{"type":"Polygon","coordinates":[[[-2.80897,51.31595],[-2.80897,51.31641],[-2.80847,51.31631],[-2.80863,51.31593],[-2.8089,51.31601],[-2.80897,51.31595]]]}},{"type":"Feature","properties":{"natural":"wood"},"geometry":{"type":"Polygon","coordinates":[[[-2.75301,51.31713],[-2.75307,51.31719],[-2.75335,51.31718],[-2.75343,51.31709],[-2.75334,51.31698],[-2.75325,51.31689],[-2.75314,51.31679],[-2.75312,51.31669],[-2.75297,51.31669],[-2.7529,51.31675],[-2.75296,51.31687],[-2.75302,51.31695],[-2.75301,51.31713]]]}},{"type":"Feature","properties":{"natural":"wood"},"geometry":{"type":"Polygon","coordinates":[[[-2.75112,51.3194],[-2.75122,51.31943],[-2.75135,51.31941],[-2.75141,51.31931],[-2.75134,51.31922],[-2.75121,51.31923],[-2.75113,51.31928],[-2.7511,51.31934],[-2.75112,51.3194]]]}},{"type":"Feature","properties":{"natural":"wood"},"geometry":{"type":"Polygon","coordinates":[[[-2.74255,51.32219],[-2.74291,51.32234],[-2.74323,51.32246],[-2.74362,51.32252],[-2.74393,51.32238],[-2.74404,51.32218],[-2.74369,51.32202],[-2.74336,51.322],[-2.74294,51.32194],[-2.74258,51.32188],[-2.74222,51.32184],[-2.74208,51.32194],[-2.74216,51.32213],[-2.74255,51.32219]]]}},{"type":"Feature","properties":{"natural":"wood"},"geometry":{"type":"Polygon","coordinates":[[[-2.73663,51.32176],[-2.73723,51.32195],[-2.73744,51.32191],[-2.73743,51.32171],[-2.73726,51.32152],[-2.73691,51.32139],[-2.73672,51.32132],[-2.7365,51.32138],[-2.73634,51.32148],[-2.73636,51.32161],[-2.73663,51.32176]]]}},{"type":"Feature","properties":{"natural":"heath"},"geometry":{"type":"Polygon","coordinates":[[[-2.75005,51.32633],[-2.75027,51.32633],[-2.75034,51.32633],[-2.75052,51.32629],[-2.75056,51.32627],[-2.75066,51.32617],[-2.75074,51.32602],[-2.7508,51.32582],[-2.75082,51.32569],[-2.75085,51.32543],[-2.75088,51.32528],[-2.75087,51.32523],[-2.75086,51.3252],[-2.7508,51.32519],[-2.75045,51.32515],[-2.74981,51.32511],[-2.74957,51.3251],[-2.7495,51.3251],[-2.74939,51.32513],[-2.7491,51.32526],[-2.74899,51.32533],[-2.74897,51.32534],[-2.74892,51.32546],[-2.74892,51.32549],[-2.74894,51.32551],[-2.74897,51.32552],[-2.74919,51.32556],[-2.74944,51.32561],[-2.74951,51.32564],[-2.74956,51.32567],[-2.74956,51.32571],[-2.7495,51.32588],[-2.74949,51.326],[-2.74951,51.32606],[-2.74955,51.32612],[-2.74967,51.32621],[-2.74976,51.32625],[-2.74992,51.3263],[-2.75005,51.32633]]]}},{"type":"Feature","properties":{"natural":"wood"},"geometry":{"type":"Polygon","coordinates":[[[-2.76232,51.31579],[-2.76262,51.31588],[-2.76317,51.31585],[-2.76328,51.31575],[-2.76331,51.3156],[-2.76332,51.31539],[-2.76324,51.31519],[-2.76294,51.31507],[-2.76258,51.31503],[-2.76232,51.315],[-2.76213,51.31506],[-2.76216,51.31523],[-2.76213,51.31534],[-2.76198,51.31542],[-2.76193,51.31552],[-2.76196,51.31559],[-2.76232,51.31579]]]}},{"type":"Feature","properties":{"natural":"wood"},"geometry":{"type":"Polygon","coordinates":[[[-2.7623,51.31615],[-2.76193,51.31615],[-2.76177,51.31602],[-2.76174,51.31586],[-2.76171,51.31567],[-2.76158,51.31553],[-2.76136,51.31547],[-2.7613,51.31561],[-2.76126,51.31574],[-2.76118,51.31584],[-2.76098,51.31588],[-2.76078,51.31601],[-2.76084,51.31618],[-2.76106,51.31629],[-2.76143,51.31634],[-2.762,51.31644],[-2.76259,51.31684],[-2.76299,51.317],[-2.76328,51.3171],[-2.764,51.31744],[-2.76416,51.31749],[-2.76431,51.31735],[-2.76428,51.31725],[-2.76437,51.31708],[-2.76438,51.31692],[-2.76434,51.31675],[-2.76422,51.31667],[-2.76394,51.31676],[-2.76387,51.31689],[-2.76369,51.31691],[-2.76341,51.31683],[-2.763,51.3165],[-2.76262,51.31622],[-2.7623,51.31615]]]}},{"type":"Feature","properties":{"natural":"wood"},"geometry":{"type":"Polygon","coordinates":[[[-2.75878,51.32144],[-2.75809,51.32187],[-2.75817,51.322],[-2.75858,51.32207],[-2.75907,51.32202],[-2.75938,51.32155],[-2.75937,51.32136],[-2.75938,51.32108],[-2.75946,51.32087],[-2.75951,51.3207],[-2.75964,51.32051],[-2.75962,51.32027],[-2.75939,51.32021],[-2.75908,51.32023],[-2.7589,51.32044],[-2.75876,51.32061],[-2.75846,51.32065],[-2.75837,51.32083],[-2.75868,51.32091],[-2.75891,51.32091],[-2.75895,51.32107],[-2.75886,51.3212],[-2.75878,51.32144]]]}},{"type":"Feature","properties":{"natural":"wood"},"geometry":{"type":"Polygon","coordinates":[[[-2.75946,51.31966],[-2.75954,51.31983],[-2.75983,51.31998],[-2.76003,51.31985],[-2.76011,51.31958],[-2.76008,51.31944],[-2.75977,51.3195],[-2.75954,51.31954],[-2.75946,51.31966]]]}},{"type":"Feature","properties":{"natural":"wood"},"geometry":{"type":"Polygon","coordinates":[[[-2.75954,51.31935],[-2.75995,51.31932],[-2.7601,51.31917],[-2.75993,51.31898],[-2.7597,51.31895],[-2.75939,51.31903],[-2.75926,51.31917],[-2.75931,51.31932],[-2.75954,51.31935]]]}},{"type":"Feature","properties":{"natural":"wood"},"geometry":{"type":"Polygon","coordinates":[[[-2.71819,51.33552],[-2.71821,51.33556],[-2.71823,51.33558],[-2.71827,51.3356],[-2.7183,51.3356],[-2.71833,51.3356],[-2.71826,51.33594],[-2.71831,51.33648],[-2.72003,51.33699],[-2.72067,51.33701],[-2.72111,51.33702],[-2.7214,51.33716],[-2.72145,51.33699],[-2.72168,51.33658],[-2.72184,51.3368],[-2.72191,51.3369],[-2.72193,51.33731],[-2.72274,51.33752],[-2.72414,51.33759],[-2.72472,51.33762],[-2.72616,51.33754],[-2.72663,51.33752],[-2.72843,51.33746],[-2.73035,51.3372],[-2.73035,51.33711],[-2.73064,51.33702],[-2.73042,51.33684],[-2.73074,51.33679],[-2.73077,51.33658],[-2.73097,51.33659],[-2.73106,51.33692],[-2.7314,51.33686],[-2.73147,51.33699],[-2.7321,51.3369],[-2.73128,51.33715],[-2.73139,51.33742],[-2.73124,51.33778],[-2.73115,51.33774],[-2.731,51.33767],[-2.73102,51.33742],[-2.73084,51.33733],[-2.73066,51.33734],[-2.73011,51.33734],[-2.72863,51.33765],[-2.72805,51.33777],[-2.72679,51.33783],[-2.72599,51.33787],[-2.72535,51.3379],[-2.72415,51.33777],[-2.72362,51.33772],[-2.7221,51.33754],[-2.7211,51.33741],[-2.72028,51.33731],[-2.71893,51.33715],[-2.71883,51.33724],[-2.7187,51.33735],[-2.71802,51.33731],[-2.71814,51.33716],[-2.71708,51.33719],[-2.71708,51.3371],[-2.7171,51.33688],[-2.71717,51.33675],[-2.71791,51.33685],[-2.71749,51.33661],[-2.71733,51.33652],[-2.71614,51.33603],[-2.71523,51.33561],[-2.7149,51.33572],[-2.71466,51.33552],[-2.71472,51.3353],[-2.7146,51.33514],[-2.71432,51.33505],[-2.71413,51.33504],[-2.7143,51.3352],[-2.71424,51.33538],[-2.71393,51.33543],[-2.71326,51.33507],[-2.71368,51.33499],[-2.71369,51.33474],[-2.71292,51.33466],[-2.71215,51.33463],[-2.71204,51.33446],[-2.7121,51.33442],[-2.7123,51.33429],[-2.71258,51.33413],[-2.71276,51.33404],[-2.71288,51.33417],[-2.71292,51.33376],[-2.71276,51.33369],[-2.71206,51.33367],[-2.71179,51.33376],[-2.71177,51.33386],[-2.71196,51.3339],[-2.71193,51.33413],[-2.71167,51.33403],[-2.71135,51.33379],[-2.71119,51.33387],[-2.71105,51.33374],[-2.71128,51.33361],[-2.71141,51.33356],[-2.71152,51.3335],[-2.71142,51.33342],[-2.71157,51.3333],[-2.71182,51.33329],[-2.71195,51.3334],[-2.71241,51.33337],[-2.71285,51.33336],[-2.71304,51.33334],[-2.71301,51.3336],[-2.7133,51.33375],[-2.71348,51.33402],[-2.7136,51.33418],[-2.7136,51.33441],[-2.71389,51.33458],[-2.71427,51.33476],[-2.71464,51.33495],[-2.71502,51.33504],[-2.7153,51.33521],[-2.71567,51.33545],[-2.71676,51.33605],[-2.71688,51.33599],[-2.71694,51.33568],[-2.71698,51.3355],[-2.7166,51.33544],[-2.71624,51.33544],[-2.71659,51.33533],[-2.7173,51.33542],[-2.71785,51.33542],[-2.71819,51.33552]]]}},{"type":"Feature","properties":{"natural":"scrub"},"geometry":{"type":"Polygon","coordinates":[[[-2.83806,51.33949],[-2.83846,51.33902],[-2.8385,51.33888],[-2.83856,51.3388],[-2.83873,51.33868],[-2.83921,51.33923],[-2.83947,51.33944],[-2.83914,51.33937],[-2.83874,51.33941],[-2.83855,51.33951],[-2.8382,51.33967],[-2.83808,51.33966],[-2.83794,51.33972],[-2.83786,51.33965],[-2.83806,51.33949]]]}},{"type":"Feature","properties":{"natural":"scrub"},"geometry":{"type":"LineString","coordinates":[[-2.83734,51.33992],[-2.83702,51.34025]]}},{"type":"Feature","properties":{"natural":"tree_row"},"geometry":{"type":"LineString","coordinates":[[-2.76309,51.30583],[-2.76295,51.30599]]}},{"type":"Feature","properties":{"natural":"tree_row"},"geometry":{"type":"LineString","coordinates":[[-2.76312,51.30578],[-2.76315,51.30573]]}},{"type":"Feature","properties":{"natural":"tree_row"},"geometry":{"type":"LineString","coordinates":[[-2.76312,51.30571],[-2.76307,51.30562],[-2.76303,51.30552]]}},{"type":"Feature","properties":{"natural":"tree_row"},"geometry":{"type":"LineString","coordinates":[[-2.76288,51.30604],[-2.76257,51.30588]]}},{"type":"Feature","properties":{"natural":"tree_row"},"geometry":{"type":"LineString","coordinates":[[-2.76406,51.30214],[-2.76341,51.30209],[-2.76317,51.30206],[-2.76283,51.30203],[-2.76232,51.30198],[-2.76182,51.30194],[-2.76131,51.30188],[-2.76044,51.3018],[-2.76004,51.30177],[-2.76008,51.30147],[-2.76015,51.30118],[-2.7602,51.30086],[-2.76022,51.30077],[-2.76028,51.30054],[-2.76027,51.30047],[-2.76025,51.30045]]}},{"type":"Feature","properties":{"natural":"tree_row"},"geometry":{"type":"LineString","coordinates":[[-2.76444,51.30165],[-2.7642,51.30194]]}},{"type":"Feature","properties":{"natural":"scrub"},"geometry":{"type":"Polygon","coordinates":[[[-2.83865,51.33801],[-2.83859,51.33797],[-2.83868,51.33776],[-2.83889,51.33732],[-2.83916,51.33657],[-2.83928,51.3366],[-2.83915,51.33701],[-2.83897,51.33748],[-2.83878,51.338],[-2.8387,51.33801],[-2.83865,51.33801]]]}},{"type":"Feature","properties":{"natural":"wood"},"geometry":{"type":"Polygon","coordinates":[[[-2.80492,51.34949],[-2.80495,51.34941],[-2.80498,51.34938],[-2.80499,51.34934],[-2.80504,51.34931],[-2.80509,51.3493],[-2.80515,51.34928],[-2.80518,51.34928],[-2.80523,51.34932],[-2.8053,51.34934],[-2.80533,51.34937],[-2.80539,51.34939],[-2.80545,51.34939],[-2.8055,51.34937],[-2.80554,51.34935],[-2.80558,51.34934],[-2.80561,51.34932],[-2.80564,51.34932],[-2.80566,51.34934],[-2.80565,51.34938],[-2.80567,51.34942],[-2.80574,51.34951],[-2.80576,51.34956],[-2.80577,51.34959],[-2.80575,51.34963],[-2.80573,51.34964],[-2.8056,51.34964],[-2.80558,51.34963],[-2.80555,51.34961],[-2.80554,51.34956],[-2.80551,51.34953],[-2.80551,51.34948],[-2.80544,51.34945],[-2.80534,51.34943],[-2.80515,51.34948],[-2.80511,51.34952],[-2.80508,51.34953],[-2.80502,51.34954],[-2.80499,51.34953],[-2.80495,51.34952],[-2.80492,51.34951],[-2.80492,51.34949]]]}},{"type":"Feature","properties":{"natural":"scrub"},"geometry":{"type":"Polygon","coordinates":[[[-2.82192,51.34816],[-2.82232,51.34838],[-2.82234,51.34841],[-2.82233,51.34843],[-2.82209,51.34842],[-2.8219,51.34846],[-2.82183,51.34842],[-2.8218,51.34838],[-2.8218,51.3483],[-2.82192,51.34816]]]}},{"type":"Feature","properties":{"natural":"wood"},"geometry":{"type":"Polygon","coordinates":[[[-2.77186,51.2793],[-2.7717,51.27919],[-2.77159,51.27909],[-2.77144,51.27895],[-2.77131,51.27886],[-2.77129,51.27881],[-2.77133,51.27871],[-2.77137,51.2786],[-2.77139,51.27856],[-2.77142,51.27851],[-2.77147,51.27857],[-2.77153,51.27866],[-2.7716,51.27872],[-2.7717,51.27878],[-2.77182,51.27879],[-2.77189,51.27878],[-2.77194,51.27881],[-2.77186,51.27889],[-2.77187,51.27899],[-2.77193,51.27903],[-2.77195,51.27914],[-2.77198,51.27923],[-2.77201,51.27928],[-2.77195,51.27929],[-2.77186,51.2793]]]}}]}