{"type":"FeatureCollection","features":[{"type":"Feature","properties":{"MainHabs":"Coastal and floodplain grazing marsh","HabCodes":"CFPGM","PrimSource":"The Distribution of Lowland Wet Grassland in England 1976 (CFPGM)","AreaHa":63.55,"Version":"Sept_26","UID":"PHID34014676_016138994"},"geometry":{"type":"Polygon","coordinates":[[[-2.85497,51.34967],[-2.85454,51.34975],[-2.85441,51.34975],[-2.85435,51.3497],[-2.85497,51.34953],[-2.85497,51.34563],[-2.85473,51.34542],[-2.8545,51.34515],[-2.85457,51.34507],[-2.85446,51.34495],[-2.85432,51.345],[-2.85467,51.34541],[-2.85497,51.34569],[-2.85497,51.34576],[-2.8546,51.34539],[-2.8544,51.34513],[-2.85423,51.345],[-2.85433,51.3449],[-2.85431,51.34489],[-2.85437,51.34487],[-2.85497,51.34435],[-2.85497,51.34967]]]}},{"type":"Feature","properties":{"MainHabs":"Coastal and floodplain grazing marsh","HabCodes":"CFPGM","PrimSource":"The Distribution of Lowland Wet Grassland in England 1976 (CFPGM)","AreaHa":217.12,"Version":"Sept_26","UID":"PHID34034926_015472729"},"geometry":{"type":"Polygon","coordinates":[[[-2.85497,51.29019],[-2.85405,51.29024],[-2.85358,51.29036],[-2.85351,51.29031],[-2.85353,51.29041],[-2.85192,51.29041],[-2.85192,51.29021],[-2.85198,51.29019],[-2.85166,51.29019],[-2.85182,51.28935],[-2.85224,51.28941],[-2.8527,51.28943],[-2.85187,51.28933],[-2.85204,51.2885],[-2.85214,51.28831],[-2.85211,51.2883],[-2.85201,51.28855],[-2.85184,51.28933],[-2.85056,51.28919],[-2.85021,51.28912],[-2.85033,51.28824],[-2.8503,51.28819],[-2.8502,51.28817],[-2.85017,51.28812],[-2.85016,51.28817],[-2.85027,51.2882],[-2.85031,51.28827],[-2.85018,51.28912],[-2.85026,51.28917],[-2.85066,51.28922],[-2.85062,51.28935],[-2.85067,51.28935],[-2.8507,51.28922],[-2.85179,51.28935],[-2.85164,51.29016],[-2.85165,51.29021],[-2.85189,51.29021],[-2.85189,51.2904],[-2.85161,51.2904],[-2.85045,51.29021],[-2.85051,51.29008],[-2.85066,51.28938],[-2.85062,51.28937],[-2.85048,51.29005],[-2.85041,51.29018],[-2.84954,51.2902],[-2.84937,51.29026],[-2.84885,51.2902],[-2.849,51.28965],[-2.84891,51.28922],[-2.84865,51.2883],[-2.84864,51.28812],[-2.84841,51.28791],[-2.84728,51.28753],[-2.84676,51.28732],[-2.84929,51.28789],[-2.84938,51.28788],[-2.85017,51.28799],[-2.85017,51.28809],[-2.85019,51.2881],[-2.85022,51.28799],[-2.85127,51.28806],[-2.85221,51.28806],[-2.85213,51.28827],[-2.85216,51.28827],[-2.85224,51.28806],[-2.85318,51.28805],[-2.85332,51.28819],[-2.85338,51.28837],[-2.85349,51.28854],[-2.8534,51.28937],[-2.85276,51.28942],[-2.85341,51.2894],[-2.85349,51.28973],[-2.8535,51.29028],[-2.85354,51.29028],[-2.85352,51.28978],[-2.85342,51.28929],[-2.85352,51.28855],[-2.8535,51.2885],[-2.85383,51.28862],[-2.85439,51.28875],[-2.85497,51.28882],[-2.85427,51.2887],[-2.85357,51.28851],[-2.85345,51.28843],[-2.85333,51.28815],[-2.85321,51.28805],[-2.85497,51.28799],[-2.85497,51.28794],[-2.8525,51.28799],[-2.85022,51.28795],[-2.84918,51.2878],[-2.84667,51.28725],[-2.84664,51.28722],[-2.84666,51.28701],[-2.84678,51.28673],[-2.84758,51.28695],[-2.84745,51.28736],[-2.84747,51.28737],[-2.84763,51.28693],[-2.84642,51.28661],[-2.8464,51.28657],[-2.84644,51.28643],[-2.84664,51.28642],[-2.84645,51.28638],[-2.84649,51.28626],[-2.84617,51.28615],[-2.84635,51.2858],[-2.84652,51.28585],[-2.8466,51.28573],[-2.84674,51.28577],[-2.84649,51.28613],[-2.84676,51.28621],[-2.84705,51.28581],[-2.84732,51.28584],[-2.8475,51.28563],[-2.84724,51.28556],[-2.84727,51.28552],[-2.84709,51.28547],[-2.84719,51.28531],[-2.84673,51.2852],[-2.84676,51.28516],[-2.84678,51.28516],[-2.84688,51.28503],[-2.84814,51.28539],[-2.84816,51.28537],[-2.84689,51.28501],[-2.84741,51.28421],[-2.84762,51.28382],[-2.84944,51.28423],[-2.84963,51.2843],[-2.85005,51.28451],[-2.85083,51.285],[-2.85083,51.28506],[-2.85067,51.28506],[-2.85078,51.28511],[-2.85071,51.28519],[-2.85074,51.2852],[-2.85081,51.28513],[-2.85099,51.28513],[-2.85101,51.2851],[-2.85087,51.28507],[-2.85089,51.28504],[-2.85156,51.28442],[-2.85175,51.28417],[-2.85198,51.28408],[-2.85233,51.28417],[-2.85269,51.28421],[-2.85302,51.28447],[-2.85321,51.28455],[-2.85361,51.28464],[-2.8538,51.28475],[-2.85387,51.28489],[-2.85387,51.28502],[-2.85354,51.2853],[-2.85357,51.2855],[-2.85361,51.28554],[-2.85414,51.28567],[-2.85431,51.28575],[-2.85442,51.28589],[-2.85445,51.28604],[-2.85424,51.28635],[-2.85389,51.28672],[-2.85381,51.28688],[-2.8506,51.28581],[-2.85062,51.28576],[-2.85045,51.28558],[-2.8507,51.28525],[-2.85067,51.28523],[-2.85014,51.28596],[-2.8482,51.28539],[-2.84819,51.28541],[-2.84843,51.28548],[-2.85012,51.28598],[-2.84988,51.28619],[-2.84903,51.2868],[-2.84897,51.2869],[-2.84912,51.28689],[-2.84916,51.28683],[-2.8491,51.2868],[-2.84912,51.28676],[-2.84972,51.28634],[-2.85016,51.28598],[-2.85022,51.286],[-2.85026,51.28595],[-2.85058,51.28582],[-2.8538,51.28689],[-2.85375,51.287],[-2.85364,51.28711],[-2.85302,51.28747],[-2.85243,51.28763],[-2.85096,51.28785],[-2.85057,51.28783],[-2.85024,51.28773],[-2.84985,51.28744],[-2.84969,51.28724],[-2.84933,51.28709],[-2.84897,51.28703],[-2.84898,51.28695],[-2.84895,51.28695],[-2.84892,51.28703],[-2.84833,51.28699],[-2.84765,51.28682],[-2.84717,51.28655],[-2.84684,51.28645],[-2.84667,51.28644],[-2.84719,51.28658],[-2.84752,51.28679],[-2.84777,51.28689],[-2.84799,51.28691],[-2.84841,51.28703],[-2.84885,51.28704],[-2.84887,51.28707],[-2.84932,51.28711],[-2.84968,51.28726],[-2.84981,51.28745],[-2.85018,51.28773],[-2.85055,51.28785],[-2.85104,51.28785],[-2.85209,51.2877],[-2.85212,51.28776],[-2.85214,51.28795],[-2.85218,51.28795],[-2.85213,51.2877],[-2.85263,51.28763],[-2.85304,51.28749],[-2.85365,51.28713],[-2.85396,51.28722],[-2.85323,51.28766],[-2.854,51.28723],[-2.85497,51.28744],[-2.85367,51.28711],[-2.85377,51.28702],[-2.85396,51.28669],[-2.85441,51.28616],[-2.85449,51.28599],[-2.85448,51.28592],[-2.85442,51.28583],[-2.85423,51.28566],[-2.85443,51.28555],[-2.85419,51.28565],[-2.85391,51.2856],[-2.85361,51.28549],[-2.85358,51.28529],[-2.85386,51.28508],[-2.8539,51.28502],[-2.8539,51.28491],[-2.85382,51.28473],[-2.85364,51.28463],[-2.85306,51.28447],[-2.8527,51.28419],[-2.85232,51.28415],[-2.85195,51.28403],[-2.85196,51.28391],[-2.85215,51.28364],[-2.85221,51.28335],[-2.8523,51.28315],[-2.85231,51.28306],[-2.85228,51.28291],[-2.85249,51.28272],[-2.85255,51.28251],[-2.8528,51.28236],[-2.85284,51.28231],[-2.85284,51.28224],[-2.85273,51.28207],[-2.85281,51.28199],[-2.85298,51.28194],[-2.85308,51.28186],[-2.85322,51.28182],[-2.85347,51.28195],[-2.85433,51.282],[-2.85441,51.28213],[-2.85445,51.28213],[-2.85438,51.282],[-2.85459,51.28199],[-2.85465,51.28206],[-2.85468,51.28199],[-2.85483,51.28198],[-2.85484,51.28202],[-2.85489,51.28202],[-2.85489,51.28198],[-2.85497,51.28198],[-2.85497,51.29019]],[[-2.85497,51.28318],[-2.85497,51.28462],[-2.8543,51.28467],[-2.85449,51.28553],[-2.85432,51.28468],[-2.85497,51.28464],[-2.85497,51.28318]],[[-2.85446,51.28216],[-2.85443,51.28217],[-2.85481,51.28292],[-2.85494,51.28315],[-2.85497,51.28315],[-2.85446,51.28216]]]}},{"type":"Feature","properties":{"MainHabs":"Coastal and floodplain grazing marsh","HabCodes":"CFPGM","PrimSource":"The Distribution of Lowland Wet Grassland in England 1976 (CFPGM)","AreaHa":5.63,"Version":"Sept_26","UID":"PHID34040511_015980521"},"geometry":{"type":"Polygon","coordinates":[[[-2.85497,51.33455],[-2.85479,51.33431],[-2.85497,51.33424],[-2.85497,51.33455]]]}},{"type":"Feature","properties":{"MainHabs":"Coastal and floodplain grazing marsh","HabCodes":"CFPGM","PrimSource":"The Distribution of Lowland Wet Grassland in England 1976 (CFPGM)","AreaHa":1.54,"Version":"Sept_26","UID":"PHID34045515_015379859"},"geometry":{"type":"Polygon","coordinates":[[[-2.85497,51.28092],[-2.85485,51.28084],[-2.8548,51.28077],[-2.85472,51.28033],[-2.85442,51.28003],[-2.85404,51.27973],[-2.8543,51.27959],[-2.85497,51.27947],[-2.85497,51.28092]]]}},{"type":"Feature","properties":{"MainHabs":"Coastal and floodplain grazing marsh","HabCodes":"CFPGM","PrimSource":"The Distribution of Lowland Wet Grassland in England 1976 (CFPGM)","AreaHa":6.99,"Version":"Sept_26","UID":"PHID34048656_016049422"},"geometry":{"type":"Polygon","coordinates":[[[-2.85497,51.33997],[-2.85421,51.33919],[-2.85415,51.33906],[-2.85414,51.33889],[-2.85407,51.33871],[-2.85497,51.3385],[-2.85497,51.33997]]]}},{"type":"Feature","properties":{"MainHabs":"Coastal and floodplain grazing marsh","HabCodes":"CFPGM","PrimSource":"The Distribution of Lowland Wet Grassland in England 1976 (CFPGM)","AreaHa":0.19,"Version":"Sept_26","UID":"PHID34048908_015387194"},"geometry":{"type":"Polygon","coordinates":[[[-2.85497,51.28114],[-2.85465,51.28092],[-2.85458,51.28084],[-2.85453,51.2807],[-2.8545,51.28041],[-2.85443,51.28027],[-2.85432,51.28019],[-2.85402,51.28009],[-2.85387,51.27988],[-2.85389,51.27982],[-2.85392,51.2798],[-2.85418,51.28],[-2.85412,51.28007],[-2.85428,51.28005],[-2.85452,51.28029],[-2.8546,51.28048],[-2.85463,51.2808],[-2.85473,51.28092],[-2.85497,51.28106],[-2.85497,51.28114]]]}},{"type":"Feature","properties":{"MainHabs":"Coastal and floodplain grazing marsh","HabCodes":"CFPGM","PrimSource":"The Distribution of Lowland Wet Grassland in England 1976 (CFPGM)","AreaHa":0.31,"Version":"Sept_26","UID":"PHID34048972_015492269"},"geometry":{"type":"Polygon","coordinates":[[[-2.85497,51.29041],[-2.85356,51.29041],[-2.85359,51.29038],[-2.8541,51.29026],[-2.85497,51.29021],[-2.85497,51.29041]]]}},{"type":"Feature","properties":{"MainHabs":"Coastal and floodplain grazing marsh","HabCodes":"CFPGM","PrimSource":"The Distribution of Lowland Wet Grassland in England 1976 (CFPGM)","AreaHa":0.59,"Version":"Sept_26","UID":"PHID34051703_016168134"},"geometry":{"type":"Polygon","coordinates":[[[-2.85417,51.34975],[-2.85432,51.34971],[-2.85437,51.34975],[-2.85417,51.34975]]]}},{"type":"Feature","properties":{"MainHabs":"Coastal and floodplain grazing marsh","HabCodes":"CFPGM","PrimSource":"The Distribution of Lowland Wet Grassland in England 1976 (CFPGM)","AreaHa":0.06,"Version":"Sept_26","UID":"PHID34052964_016148744"},"geometry":{"type":"Polygon","coordinates":[[[-2.85497,51.34947],[-2.85486,51.34951],[-2.85464,51.34958],[-2.8545,51.34962],[-2.85419,51.3497],[-2.85401,51.34975],[-2.85395,51.34975],[-2.85397,51.34974],[-2.85421,51.34967],[-2.85437,51.34963],[-2.85455,51.34958],[-2.85472,51.34954],[-2.85483,51.3495],[-2.85497,51.34945],[-2.85497,51.34947]]]}},{"type":"Feature","properties":{"MainHabs":"Coastal and floodplain grazing marsh","HabCodes":"CFPGM","PrimSource":"The Distribution of Lowland Wet Grassland in England 1976 (CFPGM)","AreaHa":2.56,"Version":"Sept_26","UID":"PHID34053446_015966042"},"geometry":{"type":"Polygon","coordinates":[[[-2.85497,51.33392],[-2.85352,51.33232],[-2.85464,51.33194],[-2.85474,51.33204],[-2.85492,51.33197],[-2.85483,51.33188],[-2.85491,51.33188],[-2.85497,51.33192],[-2.85497,51.33392]]]}},{"type":"Feature","properties":{"MainHabs":"Coastal and floodplain grazing marsh","HabCodes":"CFPGM","PrimSource":"The Distribution of Lowland Wet Grassland in England 1976 (CFPGM)","AreaHa":20.38,"Version":"Sept_26","UID":"PHID34056120_016139307"},"geometry":{"type":"Polygon","coordinates":[[[-2.85204,51.34975],[-2.85214,51.34952],[-2.85239,51.34912],[-2.8524,51.34908],[-2.85237,51.34907],[-2.85208,51.34957],[-2.85201,51.34975],[-2.8487,51.34975],[-2.8492,51.34934],[-2.84985,51.34889],[-2.85008,51.34937],[-2.8502,51.34975],[-2.85025,51.34975],[-2.84989,51.34888],[-2.85218,51.3472],[-2.85273,51.34777],[-2.85278,51.3479],[-2.85271,51.34817],[-2.85233,51.34893],[-2.85189,51.34899],[-2.85134,51.34927],[-2.85098,51.34951],[-2.85128,51.34975],[-2.85133,51.34975],[-2.85106,51.34952],[-2.85138,51.34928],[-2.85191,51.34901],[-2.85227,51.34896],[-2.85231,51.34896],[-2.85229,51.349],[-2.85234,51.349],[-2.85266,51.34898],[-2.85342,51.34882],[-2.85341,51.3488],[-2.85274,51.34895],[-2.85236,51.34898],[-2.85273,51.34822],[-2.85282,51.34787],[-2.85275,51.34773],[-2.8522,51.34717],[-2.85273,51.34668],[-2.85381,51.34544],[-2.85413,51.34512],[-2.8541,51.34511],[-2.85422,51.34503],[-2.85435,51.34512],[-2.85464,51.34549],[-2.85497,51.34581],[-2.85497,51.34592],[-2.85447,51.34542],[-2.85436,51.34548],[-2.85458,51.34567],[-2.85465,51.34566],[-2.85497,51.34598],[-2.85497,51.34939],[-2.85369,51.34975],[-2.85204,51.34975]]]}},{"type":"Feature","properties":{"MainHabs":"Coastal and floodplain grazing marsh","HabCodes":"CFPGM","PrimSource":"The Distribution of Lowland Wet Grassland in England 1976 (CFPGM)","AreaHa":3.57,"Version":"Sept_26","UID":"PHID34057869_015979430"},"geometry":{"type":"Polygon","coordinates":[[[-2.85471,51.33434],[-2.85477,51.33435],[-2.85497,51.33461],[-2.85497,51.33576],[-2.85468,51.33535],[-2.8541,51.33469],[-2.854,51.33463],[-2.85403,51.33462],[-2.85373,51.33436],[-2.85334,51.33396],[-2.8525,51.33282],[-2.8526,51.33279],[-2.85266,51.33255],[-2.85288,51.33253],[-2.85336,51.33237],[-2.85345,51.33246],[-2.85353,51.33243],[-2.85345,51.33234],[-2.85348,51.33233],[-2.85497,51.33399],[-2.85497,51.33421],[-2.8547,51.33432],[-2.85471,51.33434]]]}},{"type":"Feature","properties":{"MainHabs":"Coastal and floodplain grazing marsh","HabCodes":"CFPGM","PrimSource":"The Distribution of Lowland Wet Grassland in England 1976 (CFPGM)","AreaHa":9.14,"Version":"Sept_26","UID":"PHID34059116_015997163"},"geometry":{"type":"Polygon","coordinates":[[[-2.85261,51.33541],[-2.85295,51.33526],[-2.85338,51.33499],[-2.85365,51.33479],[-2.85355,51.33464],[-2.85378,51.33456],[-2.8547,51.33563],[-2.85497,51.33603],[-2.85497,51.33846],[-2.85405,51.33867],[-2.85399,51.33841],[-2.85403,51.33797],[-2.85396,51.3375],[-2.8538,51.33706],[-2.85361,51.33636],[-2.85361,51.33619],[-2.8537,51.33588],[-2.8536,51.33568],[-2.85337,51.3356],[-2.85256,51.33547],[-2.8521,51.33535],[-2.85103,51.33492],[-2.85073,51.33485],[-2.85049,51.33475],[-2.85064,51.33293],[-2.85134,51.33284],[-2.85166,51.33286],[-2.85197,51.33283],[-2.85217,51.33277],[-2.85224,51.33283],[-2.85232,51.33281],[-2.85239,51.33284],[-2.85281,51.33345],[-2.85279,51.33354],[-2.8531,51.33404],[-2.85315,51.3341],[-2.85327,51.33406],[-2.85357,51.33439],[-2.85349,51.33449],[-2.85349,51.33457],[-2.85292,51.33386],[-2.85263,51.33329],[-2.85233,51.33286],[-2.85229,51.33286],[-2.85263,51.33336],[-2.85288,51.33387],[-2.85359,51.33475],[-2.85355,51.33482],[-2.85335,51.33498],[-2.85261,51.33541]]]}},{"type":"Feature","properties":{"MainHabs":"Coastal and floodplain grazing marsh","HabCodes":"CFPGM","AddHabs":"TORCH","PrimSource":"The Distribution of Lowland Wet Grassland in England 1976 (CFPGM)","AreaHa":4.99,"Version":"Sept_26","UID":"PHID34060099_015383345"},"geometry":{"type":"Polygon","coordinates":[[[-2.854,51.27972],[-2.85378,51.27983],[-2.8538,51.27986],[-2.854,51.28012],[-2.85428,51.28021],[-2.8544,51.28029],[-2.85447,51.28048],[-2.85452,51.28081],[-2.85462,51.28094],[-2.85497,51.28119],[-2.85497,51.28195],[-2.8542,51.28197],[-2.85346,51.28192],[-2.85331,51.28184],[-2.85291,51.28152],[-2.85202,51.28123],[-2.85118,51.28081],[-2.85092,51.28074],[-2.85063,51.28071],[-2.85071,51.28063],[-2.85097,51.28045],[-2.85078,51.28026],[-2.85104,51.28045],[-2.85123,51.2805],[-2.8512,51.28053],[-2.85132,51.2806],[-2.85138,51.28055],[-2.8513,51.28049],[-2.85144,51.28042],[-2.8516,51.28048],[-2.85189,51.28069],[-2.85199,51.28064],[-2.85169,51.28043],[-2.85163,51.28046],[-2.85152,51.2804],[-2.8515,51.28034],[-2.85155,51.28032],[-2.8515,51.28027],[-2.85145,51.28029],[-2.85142,51.28026],[-2.85149,51.28022],[-2.85153,51.28026],[-2.8518,51.28013],[-2.85235,51.2798],[-2.85229,51.27974],[-2.85221,51.27975],[-2.85225,51.27973],[-2.85199,51.27948],[-2.85216,51.27941],[-2.85219,51.27944],[-2.85232,51.27939],[-2.85229,51.27936],[-2.85246,51.2793],[-2.85254,51.27936],[-2.85362,51.27952],[-2.85383,51.27961],[-2.85405,51.27956],[-2.85402,51.27943],[-2.85423,51.27937],[-2.85414,51.27922],[-2.85497,51.27906],[-2.85497,51.27943],[-2.85431,51.27956],[-2.854,51.27972]],[[-2.85255,51.28073],[-2.85298,51.28045],[-2.85296,51.28037],[-2.8527,51.28015],[-2.85245,51.28022],[-2.85216,51.28025],[-2.85214,51.28029],[-2.85223,51.28038],[-2.85253,51.28049],[-2.85225,51.28072],[-2.85239,51.28082],[-2.85255,51.28073]]]}},{"type":"Feature","properties":{"MainHabs":"Coastal and floodplain grazing marsh","HabCodes":"CFPGM","PrimSource":"The Distribution of Lowland Wet Grassland in England 1976 (CFPGM)","AreaHa":0.02,"Version":"Sept_26","UID":"PHID34062619_015983852"},"geometry":{"type":"Polygon","coordinates":[[[-2.8538,51.33453],[-2.85357,51.33459],[-2.85354,51.33453],[-2.85358,51.33447],[-2.85364,51.33445],[-2.8538,51.33453]]]}},{"type":"Feature","properties":{"MainHabs":"Coastal and floodplain grazing marsh","HabCodes":"CFPGM","PrimSource":"The Distribution of Lowland Wet Grassland in England 1976 (CFPGM)","AreaHa":0.08,"Version":"Sept_26","UID":"PHID34066365_015975288"},"geometry":{"type":"Polygon","coordinates":[[[-2.85388,51.33454],[-2.85369,51.33443],[-2.85332,51.33406],[-2.85234,51.33269],[-2.85277,51.33322],[-2.85332,51.33398],[-2.85388,51.33454]]]}},{"type":"Feature","properties":{"MainHabs":"Coastal and floodplain grazing marsh","HabCodes":"CFPGM","AddHabs":"TORCH","PrimSource":"The Distribution of Lowland Wet Grassland in England 1976 (CFPGM)","AreaHa":8.64,"Version":"Sept_26","UID":"PHID34078192_015415017"},"geometry":{"type":"Polygon","coordinates":[[[-2.85106,51.28222],[-2.85112,51.28234],[-2.85106,51.28233],[-2.85103,51.28239],[-2.85115,51.28242],[-2.85117,51.28247],[-2.8514,51.28254],[-2.85144,51.28259],[-2.85141,51.28264],[-2.85154,51.28267],[-2.85164,51.28251],[-2.85171,51.28252],[-2.85175,51.28244],[-2.85211,51.2825],[-2.85213,51.28255],[-2.85237,51.28259],[-2.8524,51.28251],[-2.85225,51.28248],[-2.85224,51.28251],[-2.8522,51.28251],[-2.85222,51.28247],[-2.85217,51.28246],[-2.85215,51.28239],[-2.85241,51.28242],[-2.85245,51.28235],[-2.8522,51.2823],[-2.85219,51.28233],[-2.85207,51.28228],[-2.85202,51.28237],[-2.85196,51.28236],[-2.8519,51.28241],[-2.85183,51.28242],[-2.85183,51.28238],[-2.85179,51.28238],[-2.85194,51.28237],[-2.85202,51.28222],[-2.85107,51.282],[-2.85099,51.282],[-2.85096,51.28204],[-2.85104,51.28205],[-2.85099,51.28211],[-2.85015,51.28191],[-2.85037,51.28157],[-2.85115,51.28173],[-2.85095,51.28197],[-2.85099,51.28198],[-2.8512,51.28172],[-2.85051,51.28158],[-2.85061,51.28139],[-2.85047,51.28136],[-2.85043,51.28143],[-2.85029,51.2814],[-2.85032,51.28134],[-2.85019,51.28131],[-2.85022,51.28126],[-2.85034,51.28128],[-2.8504,51.28114],[-2.85031,51.28106],[-2.84991,51.28099],[-2.85025,51.28104],[-2.85033,51.2808],[-2.84963,51.28077],[-2.84964,51.28075],[-2.85053,51.28073],[-2.85091,51.28076],[-2.85111,51.28081],[-2.85198,51.28124],[-2.8529,51.28154],[-2.85321,51.2818],[-2.85303,51.28186],[-2.85296,51.28193],[-2.85279,51.28197],[-2.85272,51.28205],[-2.85275,51.28217],[-2.85281,51.28224],[-2.8528,51.28232],[-2.85254,51.28249],[-2.85246,51.28272],[-2.85225,51.28289],[-2.85226,51.28317],[-2.85218,51.28335],[-2.85212,51.28364],[-2.85194,51.28388],[-2.8519,51.28405],[-2.85169,51.28417],[-2.85154,51.28441],[-2.85089,51.28499],[-2.84981,51.28436],[-2.84948,51.28422],[-2.84924,51.28417],[-2.84944,51.28393],[-2.84773,51.28361],[-2.84796,51.28331],[-2.84794,51.28331],[-2.84798,51.28327],[-2.8481,51.28328],[-2.84821,51.28312],[-2.8487,51.28247],[-2.84865,51.28246],[-2.84806,51.28324],[-2.84801,51.28324],[-2.84805,51.28323],[-2.84867,51.28236],[-2.84875,51.28235],[-2.84869,51.28234],[-2.84918,51.28168],[-2.84933,51.28174],[-2.84934,51.28181],[-2.8493,51.28187],[-2.84935,51.28188],[-2.84943,51.28176],[-2.84992,51.28191],[-2.84993,51.28188],[-2.85097,51.28215],[-2.85106,51.28222]],[[-2.85129,51.28131],[-2.8516,51.28104],[-2.85147,51.28097],[-2.85116,51.28098],[-2.85089,51.28105],[-2.85068,51.28104],[-2.85065,51.28096],[-2.85055,51.28098],[-2.85056,51.28105],[-2.85043,51.28109],[-2.85129,51.28131]]]}},{"type":"Feature","properties":{"MainHabs":"Coastal and floodplain grazing marsh","HabCodes":"CFPGM","PrimSource":"The Distribution of Lowland Wet Grassland in England 1976 (CFPGM)","AreaHa":42.65,"Version":"Sept_26","UID":"PHID34092774_016125045"},"geometry":{"type":"Polygon","coordinates":[[[-2.84525,51.34726],[-2.84377,51.34756],[-2.84316,51.34684],[-2.84319,51.34678],[-2.84272,51.34625],[-2.84267,51.34618],[-2.84268,51.34613],[-2.84289,51.34597],[-2.84371,51.3456],[-2.84384,51.34558],[-2.84419,51.34559],[-2.84498,51.34691],[-2.84519,51.3472],[-2.84534,51.34723],[-2.84569,51.34699],[-2.84565,51.34696],[-2.84529,51.3472],[-2.84525,51.34719],[-2.84422,51.34558],[-2.84429,51.3455],[-2.84422,51.34539],[-2.84567,51.34477],[-2.84679,51.34586],[-2.84704,51.34619],[-2.84721,51.34637],[-2.84725,51.34636],[-2.84685,51.34588],[-2.84568,51.34474],[-2.84421,51.34537],[-2.84417,51.34528],[-2.8442,51.34513],[-2.84428,51.34502],[-2.84529,51.34455],[-2.84595,51.34417],[-2.84637,51.34399],[-2.84699,51.34387],[-2.84718,51.34396],[-2.8474,51.34423],[-2.84762,51.34438],[-2.84796,51.34473],[-2.84822,51.34475],[-2.84849,51.34471],[-2.84944,51.34574],[-2.84729,51.34642],[-2.84724,51.3464],[-2.84761,51.34686],[-2.84856,51.34785],[-2.84859,51.34783],[-2.84768,51.34689],[-2.84731,51.34644],[-2.84907,51.3459],[-2.85009,51.34555],[-2.85017,51.34561],[-2.85115,51.34694],[-2.85145,51.3474],[-2.85148,51.34739],[-2.85121,51.34697],[-2.85023,51.34562],[-2.85013,51.34553],[-2.85005,51.3455],[-2.84996,51.34537],[-2.84994,51.34537],[-2.85004,51.34554],[-2.84945,51.34573],[-2.84849,51.34467],[-2.84819,51.34473],[-2.84799,51.3447],[-2.84765,51.34437],[-2.84743,51.34422],[-2.84716,51.34391],[-2.84706,51.34386],[-2.84686,51.34385],[-2.84685,51.34375],[-2.84677,51.34367],[-2.84699,51.34356],[-2.84743,51.34418],[-2.84814,51.34467],[-2.84818,51.34468],[-2.84745,51.34416],[-2.84701,51.34355],[-2.84771,51.34316],[-2.84785,51.34306],[-2.84813,51.34273],[-2.84847,51.34249],[-2.84868,51.34229],[-2.84873,51.34229],[-2.84961,51.34304],[-2.84925,51.34331],[-2.84944,51.34344],[-2.85052,51.34468],[-2.85035,51.34487],[-2.85006,51.3451],[-2.84994,51.34523],[-2.84994,51.34527],[-2.85009,51.3451],[-2.85037,51.34488],[-2.85074,51.34445],[-2.85261,51.3465],[-2.85264,51.34648],[-2.85249,51.3463],[-2.85075,51.34441],[-2.85108,51.34404],[-2.852,51.34344],[-2.85292,51.34414],[-2.85395,51.34489],[-2.85397,51.34488],[-2.85201,51.34341],[-2.85102,51.34406],[-2.85085,51.34413],[-2.85074,51.34421],[-2.85011,51.34346],[-2.84968,51.34301],[-2.85021,51.34268],[-2.85131,51.34211],[-2.85179,51.34174],[-2.85369,51.34154],[-2.85368,51.34091],[-2.85351,51.34076],[-2.85497,51.34021],[-2.85497,51.34419],[-2.85409,51.34497],[-2.85404,51.34492],[-2.85399,51.34493],[-2.85406,51.34499],[-2.85297,51.34616],[-2.8527,51.34652],[-2.85209,51.3471],[-2.85155,51.34752],[-2.8515,51.34744],[-2.85146,51.34745],[-2.85151,51.34755],[-2.85056,51.34823],[-2.84996,51.34869],[-2.84991,51.34866],[-2.8498,51.34872],[-2.84963,51.34874],[-2.84865,51.34907],[-2.84841,51.34895],[-2.84757,51.34901],[-2.84707,51.34834],[-2.84696,51.34826],[-2.84677,51.34838],[-2.84701,51.34859],[-2.84679,51.34869],[-2.84684,51.34873],[-2.84698,51.34868],[-2.84683,51.34884],[-2.84675,51.34887],[-2.84643,51.34867],[-2.84628,51.34867],[-2.84622,51.34864],[-2.84602,51.34827],[-2.84533,51.34726],[-2.84525,51.34726]],[[-2.84726,51.34857],[-2.84734,51.34857],[-2.84769,51.34834],[-2.84844,51.34795],[-2.84854,51.34787],[-2.84766,51.34832],[-2.84726,51.34857]]]}},{"type":"Feature","properties":{"MainHabs":"Coastal and floodplain grazing marsh","HabCodes":"CFPGM","PrimSource":"The Distribution of Lowland Wet Grassland in England 1976 (CFPGM)","AreaHa":20.82,"Version":"Sept_26","UID":"PHID34100052_016013428"},"geometry":{"type":"Polygon","coordinates":[[[-2.85418,51.33922],[-2.85464,51.33972],[-2.85293,51.34034],[-2.85286,51.34034],[-2.85236,51.34001],[-2.85234,51.34002],[-2.85227,51.33998],[-2.85229,51.33996],[-2.85126,51.33927],[-2.85143,51.33915],[-2.85127,51.339],[-2.85137,51.33892],[-2.85256,51.33821],[-2.85355,51.33769],[-2.85389,51.33755],[-2.85389,51.33752],[-2.85381,51.33754],[-2.85349,51.33768],[-2.85145,51.33655],[-2.85143,51.33657],[-2.85346,51.33771],[-2.8527,51.33811],[-2.85044,51.33689],[-2.85267,51.33813],[-2.85206,51.33849],[-2.84992,51.33734],[-2.84991,51.33736],[-2.85204,51.3385],[-2.8513,51.33893],[-2.84925,51.33779],[-2.84923,51.33781],[-2.85014,51.33834],[-2.85011,51.33836],[-2.84943,51.33794],[-2.84925,51.33787],[-2.84906,51.3379],[-2.84931,51.33766],[-2.84929,51.33765],[-2.84894,51.33795],[-2.84628,51.33699],[-2.84682,51.33655],[-2.84661,51.33644],[-2.84698,51.33618],[-2.84688,51.33614],[-2.84746,51.33557],[-2.84657,51.33523],[-2.84694,51.33476],[-2.84705,51.33479],[-2.84735,51.33408],[-2.84739,51.33407],[-2.84755,51.33413],[-2.84776,51.33412],[-2.84797,51.33421],[-2.84829,51.33421],[-2.84886,51.33429],[-2.84932,51.33439],[-2.85017,51.33464],[-2.85204,51.33536],[-2.85251,51.33548],[-2.85329,51.3356],[-2.85356,51.33569],[-2.85366,51.33587],[-2.85357,51.3362],[-2.85357,51.33639],[-2.85376,51.33706],[-2.85394,51.33754],[-2.85398,51.33789],[-2.85395,51.3383],[-2.85397,51.33854],[-2.85408,51.33887],[-2.8541,51.33907],[-2.85418,51.33922]],[[-2.85099,51.33652],[-2.85086,51.3365],[-2.84985,51.33721],[-2.84701,51.3362],[-2.84981,51.33722],[-2.84933,51.33762],[-2.84948,51.33754],[-2.85019,51.33699],[-2.85089,51.33651],[-2.85099,51.33652]],[[-2.8517,51.33532],[-2.85145,51.33584],[-2.85164,51.33592],[-2.85153,51.336],[-2.85162,51.33606],[-2.85147,51.33616],[-2.84814,51.33498],[-2.84807,51.33498],[-2.85143,51.33618],[-2.85108,51.33643],[-2.85115,51.33642],[-2.85139,51.33655],[-2.85142,51.33653],[-2.85117,51.3364],[-2.85165,51.33608],[-2.85214,51.33631],[-2.85348,51.33663],[-2.85215,51.3363],[-2.85157,51.336],[-2.85168,51.33592],[-2.85148,51.33583],[-2.85173,51.33533],[-2.8517,51.33532]]]}},{"type":"Feature","properties":{"MainHabs":"Coastal and floodplain grazing marsh","HabCodes":"CFPGM","PrimSource":"The Distribution of Lowland Wet Grassland in England 1976 (CFPGM)","AreaHa":0.02,"Version":"Sept_26","UID":"PHID34110375_015441485"},"geometry":{"type":"Polygon","coordinates":[[[-2.84584,51.28589],[-2.84593,51.28568],[-2.84606,51.2857],[-2.84582,51.28603],[-2.84577,51.28601],[-2.84584,51.28589]]]}},{"type":"Feature","properties":{"MainHabs":"Coastal and floodplain grazing marsh","HabCodes":"CFPGM","PrimSource":"The Distribution of Lowland Wet Grassland in England 1976 (CFPGM)","AreaHa":8.09,"Version":"Sept_26","UID":"PHID34110831_015426086"},"geometry":{"type":"Polygon","coordinates":[[[-2.84754,51.2831],[-2.84679,51.28443],[-2.84591,51.28565],[-2.84546,51.28555],[-2.84529,51.28576],[-2.84512,51.28587],[-2.84483,51.28582],[-2.84379,51.28547],[-2.84322,51.28524],[-2.84319,51.28526],[-2.84315,51.28524],[-2.84318,51.28522],[-2.84312,51.28519],[-2.84315,51.28517],[-2.84309,51.28517],[-2.84291,51.28507],[-2.84225,51.28466],[-2.84461,51.28337],[-2.84511,51.2836],[-2.84545,51.28369],[-2.84613,51.28274],[-2.84757,51.28298],[-2.84754,51.28306],[-2.84757,51.28307],[-2.84779,51.28264],[-2.84776,51.28263],[-2.84758,51.28296],[-2.84736,51.28292],[-2.84758,51.28251],[-2.84776,51.28255],[-2.84778,51.28244],[-2.84776,51.28239],[-2.84677,51.28228],[-2.84677,51.28226],[-2.84694,51.28226],[-2.84695,51.28223],[-2.84704,51.28223],[-2.8469,51.28212],[-2.84781,51.28163],[-2.84803,51.28179],[-2.84799,51.28182],[-2.84828,51.28196],[-2.84852,51.2817],[-2.84854,51.28171],[-2.84884,51.28142],[-2.84887,51.28143],[-2.8492,51.28098],[-2.84925,51.28097],[-2.84934,51.28101],[-2.84926,51.28119],[-2.8491,51.28143],[-2.8475,51.28356],[-2.84702,51.28436],[-2.84608,51.28568],[-2.84594,51.28566],[-2.84685,51.2844],[-2.84721,51.28377],[-2.84754,51.2831]]]}},{"type":"Feature","properties":{"MainHabs":"Coastal and floodplain grazing marsh","HabCodes":"CFPGM","PrimSource":"The Distribution of Lowland Wet Grassland in England 1976 (CFPGM)","AreaHa":0.49,"Version":"Sept_26","UID":"PHID34113193_015413081"},"geometry":{"type":"Polygon","coordinates":[[[-2.84568,51.28279],[-2.84612,51.28255],[-2.84626,51.28262],[-2.84623,51.28265],[-2.84619,51.28264],[-2.84608,51.2827],[-2.84612,51.28271],[-2.84542,51.28367],[-2.84504,51.28355],[-2.84465,51.28335],[-2.84568,51.28279]]]}},{"type":"Feature","properties":{"MainHabs":"Coastal and floodplain grazing marsh","HabCodes":"CFPGM","PrimSource":"The Distribution of Lowland Wet Grassland in England 1976 (CFPGM)","AreaHa":18.91,"Version":"Sept_26","UID":"PHID34113874_015378784"},"geometry":{"type":"Polygon","coordinates":[[[-2.84729,51.27927],[-2.84761,51.27942],[-2.84852,51.27961],[-2.84946,51.27971],[-2.84979,51.27971],[-2.85001,51.27986],[-2.84983,51.27996],[-2.84998,51.28005],[-2.84984,51.28014],[-2.84965,51.28005],[-2.8494,51.28014],[-2.84945,51.28021],[-2.84958,51.28026],[-2.84956,51.28028],[-2.8494,51.28022],[-2.84936,51.28004],[-2.84915,51.28012],[-2.84903,51.28033],[-2.84902,51.28052],[-2.84894,51.28056],[-2.84882,51.28047],[-2.84824,51.28076],[-2.84837,51.28086],[-2.84846,51.28082],[-2.84856,51.28088],[-2.84871,51.28083],[-2.84878,51.28087],[-2.84856,51.28099],[-2.8485,51.28096],[-2.84847,51.28098],[-2.84854,51.281],[-2.84817,51.28119],[-2.84805,51.28118],[-2.84741,51.28155],[-2.84698,51.28125],[-2.84593,51.28181],[-2.84638,51.28213],[-2.84616,51.28225],[-2.84621,51.28229],[-2.84231,51.28442],[-2.84223,51.28438],[-2.84202,51.28449],[-2.84106,51.28347],[-2.84083,51.28306],[-2.84114,51.28301],[-2.84082,51.28303],[-2.84069,51.28267],[-2.84069,51.28257],[-2.84072,51.28252],[-2.84066,51.28251],[-2.84065,51.28247],[-2.84076,51.28224],[-2.84105,51.2819],[-2.84142,51.28124],[-2.84154,51.2811],[-2.84157,51.2811],[-2.84142,51.28129],[-2.84105,51.28192],[-2.84078,51.28223],[-2.84068,51.2825],[-2.84071,51.28251],[-2.84083,51.2822],[-2.84106,51.28194],[-2.84157,51.28113],[-2.84188,51.28114],[-2.84232,51.2809],[-2.84267,51.28078],[-2.84301,51.28102],[-2.84426,51.28169],[-2.84446,51.28182],[-2.8446,51.28196],[-2.8442,51.28211],[-2.84368,51.28243],[-2.84337,51.28252],[-2.84327,51.28259],[-2.84269,51.28269],[-2.84225,51.28272],[-2.84118,51.283],[-2.84223,51.28275],[-2.84298,51.28267],[-2.84347,51.28257],[-2.84346,51.28254],[-2.84369,51.28244],[-2.84419,51.28215],[-2.84466,51.28195],[-2.84532,51.28179],[-2.84575,51.28178],[-2.84571,51.28174],[-2.84529,51.28178],[-2.84462,51.28192],[-2.84404,51.28154],[-2.84298,51.28096],[-2.84271,51.28078],[-2.84312,51.28065],[-2.84352,51.28025],[-2.84384,51.28014],[-2.84407,51.28014],[-2.84451,51.28022],[-2.84485,51.28043],[-2.84488,51.28042],[-2.84464,51.28024],[-2.84447,51.28018],[-2.84401,51.2801],[-2.8437,51.28016],[-2.84336,51.28011],[-2.84333,51.27997],[-2.84339,51.27981],[-2.84378,51.27952],[-2.84491,51.27881],[-2.84655,51.27881],[-2.84729,51.27927]],[[-2.84226,51.28437],[-2.84228,51.28438],[-2.84615,51.28228],[-2.84432,51.28323],[-2.84226,51.28437]],[[-2.84723,51.27931],[-2.84711,51.27975],[-2.84717,51.28012],[-2.84702,51.28065],[-2.84681,51.28086],[-2.84621,51.28111],[-2.84576,51.28123],[-2.84566,51.28138],[-2.84577,51.28173],[-2.84575,51.28154],[-2.84569,51.28142],[-2.84578,51.28126],[-2.84627,51.28111],[-2.84685,51.28086],[-2.84705,51.28065],[-2.84711,51.28053],[-2.84743,51.28064],[-2.84724,51.2809],[-2.84724,51.28095],[-2.84797,51.28117],[-2.848,51.28116],[-2.84729,51.28093],[-2.84728,51.28089],[-2.84745,51.28065],[-2.84844,51.28097],[-2.84846,51.28095],[-2.84711,51.2805],[-2.8472,51.28016],[-2.84714,51.27975],[-2.84718,51.27955],[-2.84728,51.27932],[-2.84723,51.27931]]]}},{"type":"Feature","properties":{"MainHabs":"Coastal and floodplain grazing marsh","HabCodes":"CFPGM","PrimSource":"The Distribution of Lowland Wet Grassland in England 1976 (CFPGM)","AreaHa":2.59,"Version":"Sept_26","UID":"PHID34116062_016160222"},"geometry":{"type":"Polygon","coordinates":[[[-2.847,51.34964],[-2.84708,51.34975],[-2.84541,51.34975],[-2.84564,51.34963],[-2.8459,51.34955],[-2.84614,51.34944],[-2.84642,51.34927],[-2.84659,51.34908],[-2.847,51.34964]]]}},{"type":"Feature","properties":{"MainHabs":"Coastal and floodplain grazing marsh","HabCodes":"CFPGM","PrimSource":"The Distribution of Lowland Wet Grassland in England 1976 (CFPGM)","AreaHa":1.85,"Version":"Sept_26","UID":"PHID34116806_016080176"},"geometry":{"type":"Polygon","coordinates":[[[-2.84674,51.34365],[-2.84624,51.34394],[-2.84589,51.3441],[-2.84543,51.34374],[-2.8447,51.34301],[-2.84508,51.34283],[-2.84511,51.34274],[-2.84608,51.34243],[-2.84636,51.34263],[-2.8469,51.34293],[-2.84739,51.34331],[-2.84674,51.34365]]]}},{"type":"Feature","properties":{"MainHabs":"Coastal and floodplain grazing marsh","HabCodes":"CFPGM","PrimSource":"The Distribution of Lowland Wet Grassland in England 1976 (CFPGM)","AreaHa":0.11,"Version":"Sept_26","UID":"PHID34123149_016094807"},"geometry":{"type":"Polygon","coordinates":[[[-2.84674,51.34369],[-2.84683,51.34379],[-2.84679,51.34386],[-2.84623,51.34401],[-2.84589,51.34417],[-2.84525,51.34453],[-2.84424,51.345],[-2.84419,51.34507],[-2.84415,51.34518],[-2.84414,51.3453],[-2.84417,51.34538],[-2.84407,51.34541],[-2.84415,51.34502],[-2.8452,51.34453],[-2.84674,51.34369]]]}},{"type":"Feature","properties":{"MainHabs":"Coastal and floodplain grazing marsh","HabCodes":"CFPGM","PrimSource":"The Distribution of Lowland Wet Grassland in England 1976 (CFPGM)","AreaHa":1.04,"Version":"Sept_26","UID":"PHID34126235_016158459"},"geometry":{"type":"Polygon","coordinates":[[[-2.84399,51.34975],[-2.84349,51.34921],[-2.84418,51.34916],[-2.84423,51.34919],[-2.84429,51.34931],[-2.84465,51.34975],[-2.84399,51.34975]]]}},{"type":"Feature","properties":{"MainHabs":"Coastal and floodplain grazing marsh","HabCodes":"CFPGM","PrimSource":"The Distribution of Lowland Wet Grassland in England 1976 (CFPGM)","AreaHa":0.03,"Version":"Sept_26","UID":"PHID34126582_015438312"},"geometry":{"type":"Polygon","coordinates":[[[-2.84364,51.28564],[-2.84341,51.28553],[-2.84353,51.28544],[-2.84374,51.28551],[-2.84375,51.28553],[-2.84364,51.28564]]]}},{"type":"Feature","properties":{"MainHabs":"Coastal and floodplain grazing marsh","HabCodes":"CFPGM","PrimSource":"The Distribution of Lowland Wet Grassland in England 1976 (CFPGM)","AreaHa":0.98,"Version":"Sept_26","UID":"PHID34127775_015440646"},"geometry":{"type":"Polygon","coordinates":[[[-2.84431,51.28639],[-2.84286,51.28558],[-2.84178,51.28493],[-2.84222,51.28467],[-2.84304,51.28518],[-2.84307,51.28521],[-2.84306,51.28532],[-2.84324,51.28554],[-2.84338,51.28565],[-2.84418,51.28593],[-2.84461,51.28627],[-2.84533,51.2863],[-2.84515,51.28671],[-2.84524,51.28677],[-2.84519,51.28682],[-2.84431,51.28639]]]}},{"type":"Feature","properties":{"MainHabs":"Coastal and floodplain grazing marsh","HabCodes":"CFPGM","PrimSource":"The Distribution of Lowland Wet Grassland in England 1976 (CFPGM)","AreaHa":5.47,"Version":"Sept_26","UID":"PHID34128200_016133009"},"geometry":{"type":"Polygon","coordinates":[[[-2.8438,51.34773],[-2.84469,51.34884],[-2.84421,51.34903],[-2.8442,51.34909],[-2.84424,51.34909],[-2.84424,51.34904],[-2.84473,51.34884],[-2.84384,51.34772],[-2.84385,51.34768],[-2.84379,51.34758],[-2.84526,51.34728],[-2.84532,51.34731],[-2.8459,51.34815],[-2.84619,51.34867],[-2.84643,51.3487],[-2.84663,51.34881],[-2.8467,51.3489],[-2.84638,51.34927],[-2.84597,51.3495],[-2.84556,51.34965],[-2.84537,51.34975],[-2.84468,51.34975],[-2.84431,51.34929],[-2.84426,51.34915],[-2.84351,51.34918],[-2.84332,51.34896],[-2.84298,51.34877],[-2.84285,51.3486],[-2.84229,51.34714],[-2.84312,51.34688],[-2.84371,51.34751],[-2.8438,51.34773]]]}},{"type":"Feature","properties":{"MainHabs":"Coastal and floodplain grazing marsh","HabCodes":"CFPGM","PrimSource":"The Distribution of Lowland Wet Grassland in England 1976 (CFPGM)","AreaHa":11.88,"Version":"Sept_26","UID":"PHID34128903_015372627"},"geometry":{"type":"Polygon","coordinates":[[[-2.84459,51.27896],[-2.84376,51.27949],[-2.84332,51.27982],[-2.84329,51.27996],[-2.84332,51.28013],[-2.84362,51.28018],[-2.84347,51.28026],[-2.84308,51.28063],[-2.84294,51.28069],[-2.84247,51.28081],[-2.84203,51.28102],[-2.8418,51.28089],[-2.84199,51.28075],[-2.84195,51.28072],[-2.84148,51.28101],[-2.8413,51.28093],[-2.84091,51.28089],[-2.84083,51.28084],[-2.84081,51.28073],[-2.84089,51.28046],[-2.84116,51.28018],[-2.8411,51.27995],[-2.84111,51.27976],[-2.84102,51.27881],[-2.84484,51.27881],[-2.84459,51.27896]],[[-2.84456,51.27892],[-2.84454,51.27891],[-2.8444,51.27889],[-2.84435,51.27888],[-2.84431,51.27887],[-2.84407,51.27883],[-2.84398,51.27881],[-2.84386,51.27881],[-2.84406,51.27885],[-2.8443,51.27889],[-2.84434,51.2789],[-2.84439,51.27891],[-2.84453,51.27893],[-2.84453,51.27893],[-2.84456,51.27892]]]}},{"type":"Feature","properties":{"MainHabs":"Coastal and floodplain grazing marsh","HabCodes":"CFPGM","PrimSource":"The Distribution of Lowland Wet Grassland in England 1976 (CFPGM)","AreaHa":2.68,"Version":"Sept_26","UID":"PHID34129859_016089272"},"geometry":{"type":"Polygon","coordinates":[[[-2.84252,51.34361],[-2.84358,51.34337],[-2.84468,51.34302],[-2.84534,51.34368],[-2.84585,51.34412],[-2.84533,51.34444],[-2.84411,51.34501],[-2.84328,51.34428],[-2.84294,51.34404],[-2.84252,51.34361]]]}},{"type":"Feature","properties":{"MainHabs":"Coastal and floodplain grazing marsh","HabCodes":"CFPGM","PrimSource":"The Distribution of Lowland Wet Grassland in England 1976 (CFPGM)","AreaHa":1.17,"Version":"Sept_26","UID":"PHID34131810_016161524"},"geometry":{"type":"Polygon","coordinates":[[[-2.84365,51.34967],[-2.84371,51.34966],[-2.84381,51.34975],[-2.84356,51.34975],[-2.84358,51.3497],[-2.84365,51.34967]]]}},{"type":"Feature","properties":{"MainHabs":"Coastal and floodplain grazing marsh","HabCodes":"CFPGM","PrimSource":"The Distribution of Lowland Wet Grassland in England 1976 (CFPGM)","AreaHa":2.99,"Version":"Sept_26","UID":"PHID34132285_015446366"},"geometry":{"type":"Polygon","coordinates":[[[-2.84427,51.28654],[-2.84487,51.28687],[-2.84435,51.28749],[-2.84396,51.28746],[-2.84101,51.28585],[-2.84058,51.28559],[-2.84159,51.28505],[-2.84427,51.28654]]]}},{"type":"Feature","properties":{"MainHabs":"Coastal and floodplain grazing marsh","HabCodes":"CFPGM","PrimSource":"The Distribution of Lowland Wet Grassland in England 1976 (CFPGM)","AreaHa":0.03,"Version":"Sept_26","UID":"PHID34138702_015387904"},"geometry":{"type":"Polygon","coordinates":[[[-2.84157,51.2811],[-2.84155,51.28107],[-2.84175,51.28092],[-2.84198,51.28105],[-2.84183,51.28112],[-2.84157,51.2811]]]}},{"type":"Feature","properties":{"MainHabs":"Coastal and floodplain grazing marsh","HabCodes":"CFPGM","PrimSource":"The Distribution of Lowland Wet Grassland in England 1976 (CFPGM)","AreaHa":2.72,"Version":"Sept_26","UID":"PHID34139323_016100315"},"geometry":{"type":"Polygon","coordinates":[[[-2.84167,51.34564],[-2.8416,51.34556],[-2.84176,51.34521],[-2.84222,51.34473],[-2.84301,51.3441],[-2.84332,51.34434],[-2.8441,51.34503],[-2.84403,51.3454],[-2.8431,51.34578],[-2.84254,51.34607],[-2.84253,51.34614],[-2.84257,51.34622],[-2.84303,51.34679],[-2.8423,51.347],[-2.84224,51.34699],[-2.84167,51.34564]]]}},{"type":"Feature","properties":{"MainHabs":"Coastal and floodplain grazing marsh","HabCodes":"CFPGM","PrimSource":"The Distribution of Lowland Wet Grassland in England 1976 (CFPGM)","AreaHa":0.15,"Version":"Sept_26","UID":"PHID34139543_016145291"},"geometry":{"type":"Polygon","coordinates":[[[-2.84292,51.34923],[-2.84261,51.34927],[-2.8425,51.34904],[-2.84283,51.34892],[-2.84302,51.34896],[-2.84325,51.34913],[-2.84315,51.34921],[-2.84309,51.3493],[-2.84295,51.34932],[-2.84292,51.34923]]]}},{"type":"Feature","properties":{"MainHabs":"Coastal and floodplain grazing marsh","HabCodes":"CFPGM","PrimSource":"The Distribution of Lowland Wet Grassland in England 1976 (CFPGM)","AreaHa":0.06,"Version":"Sept_26","UID":"PHID34139895_015464865"},"geometry":{"type":"Polygon","coordinates":[[[-2.84095,51.2879],[-2.84096,51.28786],[-2.84116,51.28792],[-2.84145,51.28795],[-2.84209,51.28787],[-2.84263,51.28797],[-2.84266,51.28802],[-2.84218,51.28792],[-2.84156,51.28798],[-2.84117,51.28795],[-2.84095,51.2879]]]}},{"type":"Feature","properties":{"MainHabs":"Coastal and floodplain grazing marsh","HabCodes":"CFPGM","PrimSource":"The Distribution of Lowland Wet Grassland in England 1976 (CFPGM)","AreaHa":0.03,"Version":"Sept_26","UID":"PHID34140825_016121185"},"geometry":{"type":"Polygon","coordinates":[[[-2.84228,51.34709],[-2.84227,51.34704],[-2.84232,51.34702],[-2.84306,51.34681],[-2.84309,51.34684],[-2.84228,51.34709]]]}},{"type":"Feature","properties":{"MainHabs":"Coastal and floodplain grazing marsh","HabCodes":"CFPGM","PrimSource":"The Distribution of Lowland Wet Grassland in England 1976 (CFPGM)","AreaHa":0.06,"Version":"Sept_26","UID":"PHID34141124_016112161"},"geometry":{"type":"Polygon","coordinates":[[[-2.84406,51.34543],[-2.84416,51.34557],[-2.84384,51.34554],[-2.84372,51.34557],[-2.84288,51.34595],[-2.84266,51.3461],[-2.84266,51.34624],[-2.84312,51.34676],[-2.84313,51.34683],[-2.84259,51.34619],[-2.84258,51.3461],[-2.84307,51.34584],[-2.84406,51.34543]]]}},{"type":"Feature","properties":{"MainHabs":"Coastal and floodplain grazing marsh","HabCodes":"CFPGM","PrimSource":"The Distribution of Lowland Wet Grassland in England 1976 (CFPGM)","AreaHa":0.14,"Version":"Sept_26","UID":"PHID34142205_015418831"},"geometry":{"type":"Polygon","coordinates":[[[-2.84063,51.28255],[-2.84067,51.28255],[-2.84066,51.28265],[-2.84076,51.28298],[-2.84105,51.28354],[-2.84109,51.28355],[-2.84133,51.28377],[-2.84199,51.2845],[-2.8418,51.28461],[-2.84175,51.28457],[-2.84171,51.28451],[-2.8417,51.2843],[-2.84167,51.28424],[-2.84151,51.28404],[-2.84095,51.28351],[-2.84068,51.28296],[-2.84063,51.28255]]]}},{"type":"Feature","properties":{"MainHabs":"Coastal and floodplain grazing marsh","HabCodes":"CFPGM","PrimSource":"The Distribution of Lowland Wet Grassland in England 1976 (CFPGM)","AreaHa":6.37,"Version":"Sept_26","UID":"PHID34144176_015453170"},"geometry":{"type":"Polygon","coordinates":[[[-2.83893,51.2865],[-2.84053,51.28564],[-2.83877,51.28746],[-2.8388,51.28747],[-2.84057,51.28563],[-2.84392,51.2875],[-2.8438,51.28764],[-2.84375,51.28765],[-2.84301,51.28749],[-2.84292,51.2875],[-2.84286,51.28755],[-2.84264,51.28792],[-2.84258,51.28795],[-2.84207,51.28784],[-2.84163,51.28789],[-2.8412,51.2879],[-2.84087,51.2878],[-2.84042,51.28773],[-2.83961,51.28778],[-2.83913,51.28786],[-2.83875,51.28752],[-2.83864,51.28751],[-2.83866,51.28747],[-2.8386,51.2875],[-2.83807,51.28739],[-2.83802,51.28742],[-2.83784,51.28782],[-2.83633,51.28811],[-2.83628,51.28812],[-2.83629,51.28815],[-2.83609,51.2882],[-2.83607,51.28818],[-2.83689,51.28761],[-2.83873,51.28661],[-2.83882,51.2866],[-2.83892,51.28667],[-2.83896,51.28665],[-2.83885,51.28656],[-2.83893,51.2865]]]}},{"type":"Feature","properties":{"MainHabs":"Coastal and floodplain grazing marsh","HabCodes":"CFPGM","PrimSource":"The Distribution of Lowland Wet Grassland in England 1976 (CFPGM)","AreaHa":1.37,"Version":"Sept_26","UID":"PHID34145563_016092535"},"geometry":{"type":"Polygon","coordinates":[[[-2.84157,51.34553],[-2.84135,51.34505],[-2.8409,51.34433],[-2.84133,51.34412],[-2.84194,51.34378],[-2.84197,51.34369],[-2.84246,51.3436],[-2.84291,51.34405],[-2.84297,51.34408],[-2.84219,51.34473],[-2.84187,51.34505],[-2.84172,51.34522],[-2.84157,51.34553]]]}},{"type":"Feature","properties":{"MainHabs":"Coastal and floodplain grazing marsh","HabCodes":"CFPGM","PrimSource":"The Distribution of Lowland Wet Grassland in England 1976 (CFPGM)","AreaHa":1.23,"Version":"Sept_26","UID":"PHID34146823_015417120"},"geometry":{"type":"Polygon","coordinates":[[[-2.84054,51.28302],[-2.84066,51.28303],[-2.8409,51.28353],[-2.84146,51.28406],[-2.84158,51.28422],[-2.84159,51.28449],[-2.8417,51.28466],[-2.84151,51.28476],[-2.84159,51.28482],[-2.84153,51.28485],[-2.84141,51.2848],[-2.84142,51.28477],[-2.84039,51.28409],[-2.83961,51.28351],[-2.83976,51.28339],[-2.84036,51.28305],[-2.84044,51.28297],[-2.84056,51.28268],[-2.8406,51.28284],[-2.84057,51.28286],[-2.84054,51.28302]]]}},{"type":"Feature","properties":{"MainHabs":"Coastal and floodplain grazing marsh","HabCodes":"CFPGM","PrimSource":"The Distribution of Lowland Wet Grassland in England 1976 (CFPGM)","AreaHa":0.01,"Version":"Sept_26","UID":"PHID34148641_015423978"},"geometry":{"type":"Polygon","coordinates":[[[-2.8404,51.28421],[-2.8405,51.28428],[-2.84032,51.28437],[-2.84029,51.28433],[-2.84031,51.28429],[-2.8404,51.28421]]]}},{"type":"Feature","properties":{"MainHabs":"Coastal and floodplain grazing marsh","HabCodes":"CFPGM","PrimSource":"The Distribution of Lowland Wet Grassland in England 1976 (CFPGM)","AreaHa":0.25,"Version":"Sept_26","UID":"PHID34148834_015464978"},"geometry":{"type":"Polygon","coordinates":[[[-2.84091,51.28789],[-2.84082,51.28813],[-2.84008,51.28816],[-2.84001,51.28814],[-2.84,51.28811],[-2.83991,51.28811],[-2.84012,51.28777],[-2.84056,51.28777],[-2.84092,51.28785],[-2.84091,51.28789]]]}},{"type":"Feature","properties":{"MainHabs":"Coastal and floodplain grazing marsh","HabCodes":"CFPGM","AddHabs":"DWOOD","PrimSource":"The Distribution of Lowland Wet Grassland in England 1976 (CFPGM)","AreaHa":0.15,"Version":"Sept_26","UID":"PHID34160037_015463422"},"geometry":{"type":"Polygon","coordinates":[[[-2.83874,51.28756],[-2.83908,51.28787],[-2.83903,51.28789],[-2.83887,51.28785],[-2.83891,51.2879],[-2.83884,51.28791],[-2.83884,51.28795],[-2.83892,51.28798],[-2.83876,51.28802],[-2.83876,51.28806],[-2.83896,51.28803],[-2.83909,51.28789],[-2.83944,51.28783],[-2.83944,51.28786],[-2.83914,51.2879],[-2.8391,51.28798],[-2.83887,51.28808],[-2.83839,51.28805],[-2.83823,51.28826],[-2.83874,51.28756]]]}},{"type":"Feature","properties":{"MainHabs":"Coastal and floodplain grazing marsh","HabCodes":"CFPGM","PrimSource":"The Distribution of Lowland Wet Grassland in England 1976 (CFPGM)","AreaHa":36.25,"Version":"Sept_26","UID":"PHID34164102_016145992"},"geometry":{"type":"Polygon","coordinates":[[[-2.83728,51.34975],[-2.83721,51.34961],[-2.83703,51.34939],[-2.83678,51.34897],[-2.83657,51.34869],[-2.83651,51.34853],[-2.83618,51.34803],[-2.83582,51.34739],[-2.83569,51.34725],[-2.83544,51.34684],[-2.83517,51.34649],[-2.83446,51.34565],[-2.83412,51.3451],[-2.83377,51.34464],[-2.83455,51.34451],[-2.83518,51.34547],[-2.83539,51.34543],[-2.8355,51.34576],[-2.83574,51.34618],[-2.83599,51.34652],[-2.83648,51.34691],[-2.83672,51.34714],[-2.83684,51.34717],[-2.83703,51.34715],[-2.83812,51.3468],[-2.83783,51.34643],[-2.8381,51.3463],[-2.83911,51.34674],[-2.83878,51.34718],[-2.83866,51.34729],[-2.83859,51.34744],[-2.83937,51.3475],[-2.83926,51.34786],[-2.83929,51.3479],[-2.84089,51.34819],[-2.84194,51.34806],[-2.84192,51.34804],[-2.84087,51.34816],[-2.83929,51.34787],[-2.8394,51.34748],[-2.83869,51.34744],[-2.83862,51.34741],[-2.83878,51.34722],[-2.84074,51.34758],[-2.84168,51.34749],[-2.84069,51.34756],[-2.83879,51.3472],[-2.83915,51.34673],[-2.83968,51.34618],[-2.84009,51.34628],[-2.84028,51.34629],[-2.84126,51.34511],[-2.84201,51.34685],[-2.84228,51.34764],[-2.84243,51.34797],[-2.84202,51.34804],[-2.84243,51.34799],[-2.84273,51.34885],[-2.84273,51.34893],[-2.84235,51.34909],[-2.84243,51.34931],[-2.84223,51.34933],[-2.84234,51.34956],[-2.84176,51.34951],[-2.84176,51.34959],[-2.84162,51.34959],[-2.84166,51.34962],[-2.84166,51.34975],[-2.84208,51.34975],[-2.84211,51.3497],[-2.84216,51.34971],[-2.84217,51.34975],[-2.84224,51.34974],[-2.84224,51.3497],[-2.84229,51.3497],[-2.8423,51.34974],[-2.84234,51.34975],[-2.84261,51.34975],[-2.84261,51.3497],[-2.84274,51.34971],[-2.84276,51.34975],[-2.84284,51.34975],[-2.84283,51.34967],[-2.84303,51.34965],[-2.84308,51.34961],[-2.84313,51.34932],[-2.8432,51.34921],[-2.84328,51.34916],[-2.84351,51.34962],[-2.84346,51.34965],[-2.84347,51.34975],[-2.83728,51.34975]],[[-2.8393,51.34802],[-2.83813,51.34814],[-2.83768,51.34824],[-2.83847,51.34812],[-2.83918,51.34807],[-2.83913,51.34834],[-2.83915,51.34835],[-2.8393,51.34802]]]}},{"type":"Feature","properties":{"MainHabs":"Coastal and floodplain grazing marsh","HabCodes":"CFPGM","PrimSource":"The Distribution of Lowland Wet Grassland in England 1976 (CFPGM)","AreaHa":0.01,"Version":"Sept_26","UID":"PHID34180793_015469379"},"geometry":{"type":"Polygon","coordinates":[[[-2.83597,51.28867],[-2.83586,51.2884],[-2.83569,51.28851],[-2.83601,51.28825],[-2.83604,51.28826],[-2.83589,51.28838],[-2.83599,51.28867],[-2.83597,51.28867]]]}},{"type":"Feature","properties":{"MainHabs":"Coastal and floodplain grazing marsh","HabCodes":"CFPGM","PrimSource":"The Distribution of Lowland Wet Grassland in England 1976 (CFPGM)","AreaHa":23.75,"Version":"Sept_26","UID":"PHID34195065_015403898"},"geometry":{"type":"Polygon","coordinates":[[[-2.83823,51.28262],[-2.83825,51.28263],[-2.83779,51.28301],[-2.83737,51.28333],[-2.83742,51.28334],[-2.83677,51.28387],[-2.83664,51.28393],[-2.83669,51.28396],[-2.83661,51.28403],[-2.83664,51.28407],[-2.8366,51.2841],[-2.83673,51.28416],[-2.83679,51.28412],[-2.83676,51.28407],[-2.83726,51.28363],[-2.83819,51.28429],[-2.8393,51.28366],[-2.83951,51.2837],[-2.83963,51.28366],[-2.84018,51.28406],[-2.83985,51.28423],[-2.84061,51.28481],[-2.8407,51.28477],[-2.84084,51.2849],[-2.84076,51.28493],[-2.84093,51.28506],[-2.84067,51.2852],[-2.84044,51.28514],[-2.84,51.28539],[-2.83899,51.28521],[-2.82929,51.2837],[-2.82934,51.28366],[-2.82932,51.28365],[-2.82927,51.2837],[-2.8285,51.28358],[-2.82998,51.2823],[-2.83062,51.28246],[-2.82936,51.28361],[-2.82938,51.28362],[-2.83065,51.28247],[-2.83659,51.28392],[-2.83669,51.28389],[-2.83736,51.28336],[-2.83666,51.28389],[-2.83659,51.2839],[-2.83629,51.28383],[-2.83627,51.28379],[-2.83621,51.2838],[-2.83,51.28228],[-2.83304,51.27959],[-2.83486,51.28081],[-2.83582,51.28129],[-2.83668,51.28168],[-2.83772,51.28223],[-2.83829,51.28257],[-2.83823,51.28262]],[[-2.83729,51.28324],[-2.83731,51.28323],[-2.83714,51.28316],[-2.83357,51.28179],[-2.83401,51.28095],[-2.83406,51.28093],[-2.83403,51.28091],[-2.83426,51.28052],[-2.83422,51.28051],[-2.83353,51.28177],[-2.83292,51.28155],[-2.83187,51.28265],[-2.83191,51.28266],[-2.83293,51.28158],[-2.83729,51.28324]]]}},{"type":"Feature","properties":{"MainHabs":"Coastal and floodplain grazing marsh","HabCodes":"CFPGM","PrimSource":"The Distribution of Lowland Wet Grassland in England 1976 (CFPGM)","AreaHa":6.02,"Version":"Sept_26","UID":"PHID34198012_016123091"},"geometry":{"type":"Polygon","coordinates":[[[-2.83315,51.34675],[-2.83331,51.34675],[-2.83365,51.34669],[-2.83439,51.34664],[-2.83513,51.3465],[-2.83579,51.3474],[-2.83651,51.34862],[-2.83462,51.34838],[-2.83374,51.34837],[-2.83318,51.34686],[-2.83313,51.34686],[-2.8337,51.34837],[-2.83158,51.3482],[-2.83119,51.3482],[-2.83118,51.34822],[-2.83059,51.3481],[-2.83183,51.34679],[-2.83206,51.34678],[-2.83206,51.34674],[-2.83308,51.34675],[-2.83272,51.34578],[-2.83274,51.34573],[-2.83315,51.34675]]]}},{"type":"Feature","properties":{"MainHabs":"Coastal and floodplain grazing marsh","HabCodes":"CFPGM","PrimSource":"The Distribution of Lowland Wet Grassland in England 1976 (CFPGM)","AreaHa":15.93,"Version":"Sept_26","UID":"PHID34203001_016159767"},"geometry":{"type":"Polygon","coordinates":[[[-2.83391,51.34956],[-2.8339,51.34961],[-2.83188,51.34922],[-2.83172,51.3483],[-2.83167,51.34829],[-2.83166,51.34823],[-2.83214,51.3483],[-2.83335,51.34838],[-2.83459,51.3484],[-2.83653,51.34866],[-2.83699,51.34938],[-2.8372,51.34964],[-2.83725,51.34975],[-2.83285,51.34975],[-2.83292,51.34963],[-2.8336,51.34975],[-2.8329,51.3496],[-2.83281,51.34975],[-2.83012,51.34975],[-2.82936,51.34952],[-2.83054,51.34816],[-2.83099,51.34824],[-2.83112,51.3483],[-2.83167,51.34831],[-2.83186,51.34927],[-2.83189,51.34924],[-2.83391,51.34964],[-2.83422,51.34975],[-2.83427,51.34975],[-2.83394,51.34961],[-2.83394,51.34956],[-2.83391,51.34956]],[[-2.83391,51.34953],[-2.83395,51.34953],[-2.834,51.34902],[-2.83527,51.3493],[-2.83626,51.34958],[-2.8362,51.34968],[-2.83623,51.34969],[-2.83629,51.34959],[-2.83685,51.34975],[-2.83695,51.34975],[-2.83543,51.34932],[-2.83399,51.34898],[-2.83381,51.34844],[-2.83396,51.34899],[-2.83391,51.34953]]]}},{"type":"Feature","properties":{"MainHabs":"Coastal and floodplain grazing marsh","HabCodes":"CFPGM","PrimSource":"The Distribution of Lowland Wet Grassland in England 1976 (CFPGM)","AreaHa":0.57,"Version":"Sept_26","UID":"PHID34204482_016087155"},"geometry":{"type":"Polygon","coordinates":[[[-2.83349,51.34436],[-2.8332,51.34413],[-2.83281,51.34399],[-2.83261,51.34373],[-2.83428,51.34338],[-2.83432,51.34346],[-2.83349,51.34436]]]}},{"type":"Feature","properties":{"MainHabs":"Coastal and floodplain grazing marsh","HabCodes":"CFPGM","PrimSource":"The Distribution of Lowland Wet Grassland in England 1976 (CFPGM)","AreaHa":41.63,"Version":"Sept_26","UID":"PHID34208146_016179967"},"geometry":{"type":"Polygon","coordinates":[[[-2.8293,51.34959],[-2.8298,51.34975],[-2.82916,51.34975],[-2.82926,51.34964],[-2.8294,51.34968],[-2.82942,51.34966],[-2.82924,51.34959],[-2.82911,51.34975],[-2.82893,51.34975],[-2.82912,51.34953],[-2.8293,51.34959]],[[-2.82971,51.34975],[-2.82948,51.34968],[-2.82945,51.34967],[-2.82944,51.34969],[-2.82959,51.34974],[-2.82964,51.34975],[-2.82971,51.34975]]]}},{"type":"Feature","properties":{"MainHabs":"Coastal and floodplain grazing marsh","HabCodes":"CFPGM","PrimSource":"The Distribution of Lowland Wet Grassland in England 1976 (CFPGM)","AreaHa":221.32,"Version":"Sept_26","UID":"PHID34210822_015304013"},"geometry":{"type":"Polygon","coordinates":[[[-2.85268,51.27881],[-2.85272,51.27887],[-2.85266,51.27881],[-2.85253,51.27881],[-2.85245,51.27885],[-2.85242,51.27881],[-2.85203,51.27881],[-2.85205,51.27893],[-2.85196,51.27923],[-2.85058,51.27943],[-2.85003,51.27957],[-2.84997,51.27952],[-2.8499,51.27952],[-2.84991,51.27961],[-2.8497,51.27963],[-2.84865,51.27954],[-2.84767,51.27934],[-2.84741,51.27922],[-2.84677,51.27881],[-2.84098,51.27881],[-2.84108,51.27987],[-2.84107,51.27997],[-2.84101,51.27994],[-2.84099,51.27996],[-2.84106,51.27999],[-2.84112,51.28019],[-2.84085,51.28047],[-2.84077,51.28082],[-2.84085,51.28089],[-2.84133,51.28096],[-2.84142,51.281],[-2.84144,51.28104],[-2.84094,51.28193],[-2.84069,51.28221],[-2.84056,51.28247],[-2.84059,51.28248],[-2.84071,51.28221],[-2.84097,51.28194],[-2.84127,51.28136],[-2.84136,51.28122],[-2.84139,51.28123],[-2.841,51.28191],[-2.84075,51.28221],[-2.84059,51.28251],[-2.83965,51.28159],[-2.83786,51.27971],[-2.83822,51.27953],[-2.83824,51.27955],[-2.83862,51.27944],[-2.83863,51.2794],[-2.83857,51.27933],[-2.83841,51.27929],[-2.83805,51.27887],[-2.83894,51.27887],[-2.83894,51.27889],[-2.83908,51.27886],[-2.83984,51.27937],[-2.84001,51.27966],[-2.84008,51.27972],[-2.84023,51.27979],[-2.84057,51.27983],[-2.84092,51.27994],[-2.84094,51.27992],[-2.84062,51.27981],[-2.84025,51.27977],[-2.84008,51.27969],[-2.83994,51.27945],[-2.83984,51.27933],[-2.83906,51.27881],[-2.83868,51.27886],[-2.83828,51.27884],[-2.83827,51.27881],[-2.83698,51.27881],[-2.83705,51.27893],[-2.83709,51.27893],[-2.83704,51.27883],[-2.83718,51.27898],[-2.83762,51.2795],[-2.83831,51.28024],[-2.84056,51.28255],[-2.84041,51.28294],[-2.84035,51.28302],[-2.83971,51.2834],[-2.83966,51.28335],[-2.83958,51.2834],[-2.83831,51.28252],[-2.83777,51.28219],[-2.83537,51.28101],[-2.8348,51.2807],[-2.83307,51.27955],[-2.83311,51.27952],[-2.83307,51.2795],[-2.83304,51.27952],[-2.83294,51.27946],[-2.83196,51.27881],[-2.85268,51.27881]],[[-2.8405,51.28252],[-2.83808,51.28004],[-2.8371,51.27895],[-2.83708,51.27896],[-2.83825,51.28027],[-2.8368,51.28161],[-2.83827,51.28029],[-2.83959,51.28168],[-2.84049,51.28255],[-2.84052,51.28255],[-2.8405,51.28252]],[[-2.83329,51.27881],[-2.83301,51.27911],[-2.83287,51.27921],[-2.83278,51.27923],[-2.83288,51.27923],[-2.83297,51.27917],[-2.83333,51.27881],[-2.83329,51.27881]]]}},{"type":"Feature","properties":{"MainHabs":"Coastal and floodplain grazing marsh","HabCodes":"CFPGM","PrimSource":"The Distribution of Lowland Wet Grassland in England 1976 (CFPGM)","AreaHa":0.08,"Version":"Sept_26","UID":"PHID34211585_016161902"},"geometry":{"type":"Polygon","coordinates":[[[-2.82932,51.34956],[-2.82934,51.34954],[-2.82997,51.34975],[-2.82966,51.34968],[-2.82932,51.34956]]]}},{"type":"Feature","properties":{"MainHabs":"Coastal and floodplain grazing marsh","HabCodes":"CFPGM","PrimSource":"The Distribution of Lowland Wet Grassland in England 1976 (CFPGM)","AreaHa":31.5,"Version":"Sept_26","UID":"PHID34218559_015360943"},"geometry":{"type":"Polygon","coordinates":[[[-2.83184,51.27881],[-2.83298,51.27956],[-2.83285,51.27959],[-2.832,51.28034],[-2.83192,51.28027],[-2.83186,51.28029],[-2.83198,51.28036],[-2.82937,51.28269],[-2.82932,51.28266],[-2.8293,51.28268],[-2.82598,51.28209],[-2.82568,51.28204],[-2.82571,51.282],[-2.82267,51.28147],[-2.82259,51.28142],[-2.82293,51.28095],[-2.82342,51.28017],[-2.8256,51.28082],[-2.82572,51.28062],[-2.82643,51.28083],[-2.82571,51.28194],[-2.82574,51.28195],[-2.82646,51.28084],[-2.8267,51.28091],[-2.82672,51.28089],[-2.82602,51.28068],[-2.82678,51.27938],[-2.82631,51.27919],[-2.82627,51.2792],[-2.82619,51.27934],[-2.82418,51.2789],[-2.82416,51.27892],[-2.82409,51.27888],[-2.824,51.27889],[-2.82394,51.27881],[-2.83184,51.27881]],[[-2.82556,51.27881],[-2.82698,51.27941],[-2.827,51.27939],[-2.82556,51.27881]],[[-2.82779,51.27881],[-2.82739,51.27956],[-2.82705,51.27942],[-2.82703,51.27944],[-2.83101,51.28109],[-2.83102,51.28107],[-2.82742,51.27957],[-2.82782,51.27881],[-2.8291,51.27881],[-2.83182,51.28028],[-2.83185,51.28026],[-2.82917,51.27881],[-2.82779,51.27881]],[[-2.83021,51.28193],[-2.82681,51.28092],[-2.82679,51.28094],[-2.83018,51.28195],[-2.83021,51.28193]]]}},{"type":"Feature","properties":{"MainHabs":"Coastal and floodplain grazing marsh","HabCodes":"CFPGM","PrimSource":"The Distribution of Lowland Wet Grassland in England 1976 (CFPGM)","AreaHa":25.65,"Version":"Sept_26","UID":"PHID34219466_015444005"},"geometry":{"type":"Polygon","coordinates":[[[-2.83506,51.2876],[-2.83538,51.28771],[-2.8354,51.28809],[-2.83529,51.28811],[-2.83504,51.28806],[-2.83468,51.28808],[-2.8349,51.28769],[-2.83318,51.2872],[-2.83214,51.28698],[-2.83349,51.28555],[-2.83544,51.28594],[-2.83544,51.28592],[-2.83351,51.28553],[-2.8335,51.2855],[-2.83337,51.2855],[-2.83335,51.28552],[-2.83346,51.28554],[-2.83208,51.287],[-2.83128,51.28781],[-2.83119,51.28785],[-2.83077,51.28765],[-2.83055,51.28743],[-2.82996,51.28715],[-2.82988,51.28708],[-2.8298,51.28707],[-2.82931,51.28685],[-2.82819,51.28641],[-2.82722,51.28596],[-2.82722,51.28589],[-2.82712,51.28589],[-2.82712,51.28575],[-2.82737,51.28587],[-2.82762,51.28589],[-2.82841,51.28584],[-2.82922,51.28467],[-2.83097,51.28504],[-2.82932,51.28599],[-2.82934,51.286],[-2.83101,51.28505],[-2.8333,51.28551],[-2.83331,51.28549],[-2.82853,51.2845],[-2.82872,51.28374],[-2.82868,51.28374],[-2.82848,51.28452],[-2.82919,51.28466],[-2.82839,51.28582],[-2.82764,51.28587],[-2.82745,51.28586],[-2.8271,51.28573],[-2.82708,51.28604],[-2.82687,51.286],[-2.82661,51.286],[-2.82661,51.28596],[-2.8264,51.28596],[-2.82637,51.28591],[-2.82648,51.28585],[-2.82646,51.28579],[-2.82634,51.28577],[-2.82614,51.28585],[-2.82606,51.28578],[-2.82607,51.28571],[-2.82702,51.28579],[-2.82707,51.2856],[-2.82621,51.28553],[-2.82622,51.28549],[-2.8265,51.2855],[-2.82652,51.28544],[-2.82709,51.28549],[-2.82714,51.2853],[-2.8264,51.28523],[-2.82644,51.28515],[-2.82716,51.28521],[-2.8272,51.28502],[-2.8263,51.28494],[-2.8263,51.28492],[-2.8274,51.285],[-2.82725,51.28568],[-2.82755,51.28571],[-2.82765,51.28525],[-2.82822,51.28529],[-2.82833,51.28484],[-2.82719,51.28472],[-2.82761,51.28441],[-2.828,51.28388],[-2.82816,51.28376],[-2.82848,51.2836],[-2.8287,51.28364],[-2.82868,51.28371],[-2.82872,51.28372],[-2.82873,51.28364],[-2.83182,51.28412],[-2.83179,51.28416],[-2.83184,51.28417],[-2.83186,51.28413],[-2.83973,51.28538],[-2.84016,51.28548],[-2.8401,51.28553],[-2.84019,51.28548],[-2.84031,51.28552],[-2.83848,51.28649],[-2.8367,51.2875],[-2.83586,51.28808],[-2.83518,51.28867],[-2.83507,51.28862],[-2.83566,51.28814],[-2.83562,51.28813],[-2.83554,51.2882],[-2.83499,51.28867],[-2.83491,51.28861],[-2.83495,51.2886],[-2.8349,51.28856],[-2.83487,51.28857],[-2.83455,51.2883],[-2.83446,51.28811],[-2.83506,51.28808],[-2.83523,51.28812],[-2.83543,51.28811],[-2.8354,51.2877],[-2.83509,51.28758],[-2.83506,51.2876]],[[-2.84005,51.28554],[-2.83845,51.2864],[-2.83847,51.28642],[-2.83875,51.28626],[-2.84005,51.28554]],[[-2.83501,51.28758],[-2.83503,51.28756],[-2.83407,51.28726],[-2.8358,51.28601],[-2.83825,51.28651],[-2.83662,51.28741],[-2.8359,51.28795],[-2.83591,51.28796],[-2.83667,51.2874],[-2.83843,51.28644],[-2.83828,51.2865],[-2.83552,51.28593],[-2.83551,51.28595],[-2.83577,51.286],[-2.83575,51.28602],[-2.83404,51.28724],[-2.83364,51.28716],[-2.83501,51.28758]]]}},{"type":"Feature","properties":{"MainHabs":"Coastal and floodplain grazing marsh","HabCodes":"CFPGM","PrimSource":"The Distribution of Lowland Wet Grassland in England 1976 (CFPGM)","AreaHa":12.75,"Version":"Sept_26","UID":"PHID34228527_016071501"},"geometry":{"type":"Polygon","coordinates":[[[-2.8325,51.34355],[-2.83258,51.34375],[-2.83279,51.34401],[-2.83321,51.34417],[-2.83348,51.34438],[-2.8322,51.34585],[-2.83134,51.34595],[-2.83148,51.34632],[-2.83162,51.34652],[-2.83021,51.34805],[-2.83004,51.34803],[-2.83003,51.34806],[-2.82904,51.34791],[-2.82902,51.34787],[-2.82917,51.34778],[-2.82922,51.34771],[-2.82926,51.34746],[-2.82943,51.34711],[-2.82951,51.34713],[-2.82956,51.34706],[-2.82952,51.34702],[-2.82952,51.34687],[-2.82971,51.34679],[-2.82988,51.34661],[-2.82997,51.34656],[-2.83047,51.34634],[-2.83082,51.34613],[-2.8311,51.34593],[-2.83118,51.34581],[-2.83122,51.34566],[-2.83131,51.34446],[-2.83126,51.34446],[-2.83117,51.34574],[-2.83111,51.34587],[-2.83098,51.34597],[-2.83108,51.34578],[-2.83107,51.34523],[-2.83112,51.3446],[-2.83116,51.34446],[-2.83111,51.34446],[-2.83107,51.34441],[-2.83111,51.34441],[-2.83114,51.34421],[-2.83109,51.34362],[-2.83239,51.34355],[-2.8299,51.34361],[-2.8299,51.34364],[-2.83103,51.34362],[-2.83106,51.34382],[-2.82987,51.34377],[-2.8289,51.34376],[-2.82839,51.34386],[-2.82681,51.34384],[-2.82684,51.34371],[-2.82695,51.34368],[-2.82762,51.34369],[-2.82981,51.34364],[-2.8298,51.34362],[-2.8285,51.34365],[-2.82824,51.3429],[-2.82827,51.34289],[-2.82826,51.34286],[-2.82822,51.34287],[-2.82821,51.34284],[-2.82711,51.34299],[-2.82655,51.34304],[-2.82659,51.34302],[-2.82658,51.34295],[-2.82766,51.34289],[-2.82868,51.34273],[-2.82866,51.3427],[-2.82755,51.34285],[-2.82706,51.34283],[-2.82687,51.34255],[-2.82667,51.3425],[-2.82662,51.34197],[-2.82707,51.34196],[-2.82844,51.3417],[-2.82933,51.34164],[-2.83013,51.34151],[-2.83106,51.34126],[-2.83174,51.34227],[-2.83189,51.34226],[-2.83195,51.3424],[-2.83206,51.34246],[-2.8322,51.34286],[-2.83235,51.34304],[-2.83235,51.34319],[-2.83245,51.34334],[-2.8325,51.34355]]]}},{"type":"Feature","properties":{"MainHabs":"Coastal and floodplain grazing marsh","HabCodes":"CFPGM","PrimSource":"The Distribution of Lowland Wet Grassland in England 1976 (CFPGM)","AreaHa":0.03,"Version":"Sept_26","UID":"PHID34234647_016125518"},"geometry":{"type":"Polygon","coordinates":[[[-2.82932,51.34718],[-2.82935,51.34718],[-2.82917,51.34755],[-2.82912,51.34771],[-2.82906,51.34778],[-2.8291,51.34757],[-2.82932,51.34718]]]}},{"type":"Feature","properties":{"MainHabs":"Coastal and floodplain grazing marsh","HabCodes":"CFPGM","PrimSource":"The Distribution of Lowland Wet Grassland in England 1976 (CFPGM)","AreaHa":1.95,"Version":"Sept_26","UID":"PHID34237538_016138456"},"geometry":{"type":"Polygon","coordinates":[[[-2.82922,51.34799],[-2.83013,51.34814],[-2.82904,51.3494],[-2.82748,51.3489],[-2.82785,51.34811],[-2.828,51.3479],[-2.82809,51.34783],[-2.82824,51.34781],[-2.82897,51.34789],[-2.82896,51.34793],[-2.82902,51.34797],[-2.82922,51.34799]]]}},{"type":"Feature","properties":{"MainHabs":"Coastal and floodplain grazing marsh","HabCodes":"CFPGM","PrimSource":"The Distribution of Lowland Wet Grassland in England 1976 (CFPGM)","AreaHa":0.71,"Version":"Sept_26","UID":"PHID34242052_016128100"},"geometry":{"type":"Polygon","coordinates":[[[-2.82701,51.34875],[-2.82692,51.34871],[-2.82723,51.34844],[-2.82764,51.3479],[-2.82826,51.34751],[-2.82907,51.34722],[-2.82924,51.34704],[-2.82926,51.34697],[-2.82916,51.3469],[-2.82935,51.34686],[-2.82937,51.34703],[-2.82923,51.34722],[-2.82905,51.34756],[-2.82902,51.34781],[-2.82898,51.34787],[-2.82825,51.34778],[-2.8281,51.34779],[-2.82795,51.34791],[-2.82776,51.3482],[-2.82745,51.34889],[-2.82701,51.34875]]]}},{"type":"Feature","properties":{"MainHabs":"Coastal and floodplain grazing marsh","HabCodes":"CFPGM","PrimSource":"The Distribution of Lowland Wet Grassland in England 1976 (CFPGM)","AreaHa":0.04,"Version":"Sept_26","UID":"PHID34243012_016144052"},"geometry":{"type":"Polygon","coordinates":[[[-2.82899,51.34944],[-2.82695,51.3488],[-2.82699,51.34878],[-2.82804,51.34909],[-2.82901,51.34942],[-2.82899,51.34944]]]}},{"type":"Feature","properties":{"MainHabs":"Coastal and floodplain grazing marsh","HabCodes":"CFPGM","PrimSource":"The Distribution of Lowland Wet Grassland in England 1976 (CFPGM)","AreaHa":2.99,"Version":"Sept_26","UID":"PHID34244068_015418067"},"geometry":{"type":"Polygon","coordinates":[[[-2.82736,51.28457],[-2.82687,51.28488],[-2.82624,51.28486],[-2.82612,51.28493],[-2.82607,51.28506],[-2.82579,51.28507],[-2.82543,51.28525],[-2.82541,51.2847],[-2.82532,51.28444],[-2.82537,51.28418],[-2.82525,51.28394],[-2.82561,51.28413],[-2.82704,51.28437],[-2.82731,51.28451],[-2.82702,51.28435],[-2.82565,51.28412],[-2.82502,51.2838],[-2.82499,51.28373],[-2.82503,51.28373],[-2.82511,51.28328],[-2.82724,51.2834],[-2.82842,51.28357],[-2.82798,51.28386],[-2.8276,51.28438],[-2.82736,51.28457]]]}},{"type":"Feature","properties":{"MainHabs":"Coastal and floodplain grazing marsh","HabCodes":"CFPGM","PrimSource":"The Distribution of Lowland Wet Grassland in England 1976 (CFPGM)","AreaHa":0.23,"Version":"Sept_26","UID":"PHID34247318_016168318"},"geometry":{"type":"Polygon","coordinates":[[[-2.8289,51.34961],[-2.82893,51.34969],[-2.82888,51.34975],[-2.82878,51.34975],[-2.8289,51.34961]]]}},{"type":"Feature","properties":{"MainHabs":"Coastal and floodplain grazing marsh","HabCodes":"CFPGM","PrimSource":"The Distribution of Lowland Wet Grassland in England 1976 (CFPGM)","AreaHa":2.77,"Version":"Sept_26","UID":"PHID34249227_016154261"},"geometry":{"type":"Polygon","coordinates":[[[-2.82809,51.34928],[-2.82833,51.34943],[-2.82821,51.34958],[-2.82831,51.34962],[-2.82821,51.34975],[-2.82867,51.34975],[-2.82881,51.34959],[-2.82886,51.3496],[-2.82873,51.34975],[-2.82552,51.34975],[-2.82598,51.34957],[-2.82652,51.34945],[-2.82668,51.34925],[-2.82713,51.34905],[-2.82728,51.34906],[-2.82809,51.34928]]]}},{"type":"Feature","properties":{"MainHabs":"Coastal and floodplain grazing marsh","HabCodes":"CFPGM","PrimSource":"The Distribution of Lowland Wet Grassland in England 1976 (CFPGM)","AreaHa":6.95,"Version":"Sept_26","UID":"PHID34249862_015403369"},"geometry":{"type":"Polygon","coordinates":[[[-2.82933,51.28273],[-2.82859,51.28339],[-2.8285,51.28338],[-2.82854,51.28339],[-2.82846,51.28342],[-2.82836,51.28355],[-2.82715,51.28337],[-2.82505,51.28325],[-2.82325,51.2831],[-2.82139,51.28307],[-2.82086,51.28301],[-2.82131,51.28259],[-2.82127,51.28257],[-2.82143,51.28242],[-2.82245,51.28151],[-2.82158,51.28233],[-2.82161,51.28234],[-2.82247,51.28152],[-2.8241,51.28181],[-2.82345,51.28303],[-2.82348,51.28303],[-2.82413,51.28182],[-2.82573,51.28211],[-2.82568,51.28208],[-2.82581,51.28209],[-2.82925,51.2827],[-2.82933,51.28273]],[[-2.8293,51.28273],[-2.8293,51.28272],[-2.82883,51.28264],[-2.82817,51.28252],[-2.82767,51.28243],[-2.82751,51.28241],[-2.82701,51.28232],[-2.82674,51.28228],[-2.82663,51.28226],[-2.82657,51.28224],[-2.82655,51.28224],[-2.82644,51.28222],[-2.82643,51.28222],[-2.82581,51.2821],[-2.8258,51.28212],[-2.82633,51.28222],[-2.82635,51.28222],[-2.82659,51.28227],[-2.82661,51.28227],[-2.82698,51.28234],[-2.82734,51.2824],[-2.82764,51.28245],[-2.82776,51.28247],[-2.82814,51.28254],[-2.82854,51.28261],[-2.82892,51.28268],[-2.82928,51.28274],[-2.8293,51.28273]]]}},{"type":"Feature","properties":{"MainHabs":"Coastal and floodplain grazing marsh","HabCodes":"CFPGM","PrimSource":"The Distribution of Lowland Wet Grassland in England 1976 (CFPGM)","AreaHa":0.01,"Version":"Sept_26","UID":"PHID34252823_016065059"},"geometry":{"type":"Polygon","coordinates":[[[-2.82646,51.34188],[-2.82651,51.34188],[-2.82652,51.34217],[-2.82649,51.34216],[-2.82646,51.34188]]]}},{"type":"Feature","properties":{"MainHabs":"Coastal and floodplain grazing marsh","HabCodes":"CFPGM","PrimSource":"The Distribution of Lowland Wet Grassland in England 1976 (CFPGM)","AreaHa":2.82,"Version":"Sept_26","UID":"PHID34253041_016111682"},"geometry":{"type":"Polygon","coordinates":[[[-2.8294,51.34685],[-2.82933,51.34681],[-2.8291,51.3468],[-2.82882,51.34669],[-2.82823,51.34654],[-2.82699,51.34636],[-2.8263,51.34635],[-2.82595,51.34643],[-2.82525,51.34651],[-2.82479,51.34645],[-2.82453,51.34636],[-2.82387,51.3458],[-2.8238,51.34568],[-2.82431,51.34597],[-2.82495,51.34605],[-2.82565,51.34601],[-2.82608,51.34603],[-2.82627,51.34597],[-2.82625,51.34569],[-2.82676,51.34591],[-2.82699,51.34592],[-2.82739,51.34587],[-2.82844,51.34604],[-2.82841,51.34615],[-2.82897,51.34624],[-2.82905,51.34602],[-2.82991,51.34586],[-2.83104,51.34552],[-2.83105,51.34579],[-2.83092,51.34599],[-2.83081,51.34607],[-2.83057,51.34615],[-2.83059,51.34617],[-2.83083,51.34608],[-2.83054,51.34627],[-2.82987,51.34657],[-2.82966,51.34679],[-2.8294,51.34685]]]}},{"type":"Feature","properties":{"MainHabs":"Coastal and floodplain grazing marsh","HabCodes":"CFPGM","PrimSource":"The Distribution of Lowland Wet Grassland in England 1976 (CFPGM)","AreaHa":1.42,"Version":"Sept_26","UID":"PHID34256189_015370841"},"geometry":{"type":"Polygon","coordinates":[[[-2.82418,51.27897],[-2.82424,51.27894],[-2.82617,51.27936],[-2.82549,51.28027],[-2.82375,51.27968],[-2.82418,51.27897]]]}},{"type":"Feature","properties":{"MainHabs":"Coastal and floodplain grazing marsh","HabCodes":"CFPGM","PrimSource":"The Distribution of Lowland Wet Grassland in England 1976 (CFPGM)","AreaHa":7.3,"Version":"Sept_26","UID":"PHID34259405_016125084"},"geometry":{"type":"Polygon","coordinates":[[[-2.82735,51.34647],[-2.82799,51.34656],[-2.82879,51.34677],[-2.82919,51.34694],[-2.82922,51.34698],[-2.82916,51.34711],[-2.82901,51.34722],[-2.8283,51.34744],[-2.82762,51.34789],[-2.82759,51.34787],[-2.82759,51.34772],[-2.82741,51.34689],[-2.82738,51.34657],[-2.82735,51.34657],[-2.82741,51.34707],[-2.82757,51.34774],[-2.82755,51.34789],[-2.82759,51.34792],[-2.82717,51.34846],[-2.82689,51.3487],[-2.82663,51.34857],[-2.82639,51.34849],[-2.82516,51.3482],[-2.82448,51.34793],[-2.82455,51.3478],[-2.82452,51.3478],[-2.82445,51.34791],[-2.82442,51.3479],[-2.82402,51.34756],[-2.82323,51.34678],[-2.82313,51.34665],[-2.8231,51.34644],[-2.82302,51.34637],[-2.82273,51.34615],[-2.82204,51.34572],[-2.82215,51.34552],[-2.8229,51.3455],[-2.82366,51.34559],[-2.82372,51.34578],[-2.82401,51.34601],[-2.82434,51.34638],[-2.8246,51.34649],[-2.82508,51.34658],[-2.82471,51.34745],[-2.82454,51.34776],[-2.82457,51.34777],[-2.82482,51.34729],[-2.82512,51.34655],[-2.82518,51.34655],[-2.82518,51.34657],[-2.82573,51.34653],[-2.82645,51.34642],[-2.8269,51.34643],[-2.82735,51.34647]]]}},{"type":"Feature","properties":{"MainHabs":"Coastal and floodplain grazing marsh","HabCodes":"CFPGM","PrimSource":"The Distribution of Lowland Wet Grassland in England 1976 (CFPGM)","AreaHa":1.41,"Version":"Sept_26","UID":"PHID34261944_015375305"},"geometry":{"type":"Polygon","coordinates":[[[-2.8237,51.27975],[-2.82373,51.27971],[-2.82552,51.28029],[-2.8263,51.27921],[-2.82675,51.27938],[-2.82599,51.28067],[-2.82571,51.28059],[-2.82558,51.28079],[-2.82345,51.28016],[-2.8237,51.27975]]]}},{"type":"Feature","properties":{"MainHabs":"Coastal and floodplain grazing marsh","HabCodes":"CFPGM","PrimSource":"The Distribution of Lowland Wet Grassland in England 1976 (CFPGM)","AreaHa":0.04,"Version":"Sept_26","UID":"PHID34269016_016149553"},"geometry":{"type":"Polygon","coordinates":[[[-2.82407,51.34945],[-2.82459,51.34975],[-2.82444,51.34975],[-2.82426,51.34966],[-2.82404,51.34952],[-2.82402,51.34948],[-2.82407,51.34945]]]}},{"type":"Feature","properties":{"MainHabs":"Coastal and floodplain grazing marsh","HabCodes":"CFPGM","PrimSource":"The Distribution of Lowland Wet Grassland in England 1976 (CFPGM)","AreaHa":11.49,"Version":"Sept_26","UID":"PHID34275045_016132975"},"geometry":{"type":"Polygon","coordinates":[[[-2.82328,51.34689],[-2.82442,51.34795],[-2.82522,51.34826],[-2.82649,51.34857],[-2.82682,51.34871],[-2.82679,51.34876],[-2.82701,51.34888],[-2.82799,51.34914],[-2.82897,51.34946],[-2.82889,51.34956],[-2.828,51.3492],[-2.82674,51.34887],[-2.82653,51.349],[-2.82623,51.34906],[-2.82578,51.34907],[-2.82575,51.34899],[-2.82541,51.349],[-2.82541,51.34911],[-2.82645,51.34907],[-2.82686,51.34892],[-2.82709,51.349],[-2.82664,51.34923],[-2.82653,51.34939],[-2.82646,51.34943],[-2.82595,51.34954],[-2.82542,51.34975],[-2.82508,51.34975],[-2.82504,51.34972],[-2.82501,51.34975],[-2.82464,51.34975],[-2.82426,51.34951],[-2.82569,51.34848],[-2.82566,51.34847],[-2.82424,51.34949],[-2.82411,51.34942],[-2.82414,51.34934],[-2.8241,51.34927],[-2.82346,51.34885],[-2.82362,51.34866],[-2.82362,51.34854],[-2.82304,51.34854],[-2.82303,51.34862],[-2.82407,51.3493],[-2.82408,51.34935],[-2.82406,51.34938],[-2.82293,51.34873],[-2.82291,51.34875],[-2.82403,51.3494],[-2.82393,51.34951],[-2.82412,51.34962],[-2.82413,51.34973],[-2.8241,51.34975],[-2.82058,51.34975],[-2.82028,51.34966],[-2.8203,51.34962],[-2.82062,51.34974],[-2.82097,51.34948],[-2.82068,51.34929],[-2.82146,51.34871],[-2.82165,51.34853],[-2.82177,51.34831],[-2.82194,51.34815],[-2.82184,51.34813],[-2.8217,51.34833],[-2.82158,51.34832],[-2.82153,51.34838],[-2.82057,51.34816],[-2.82079,51.34798],[-2.82076,51.34797],[-2.82085,51.34793],[-2.82096,51.3478],[-2.82108,51.34752],[-2.82127,51.34685],[-2.82168,51.34601],[-2.82189,51.34576],[-2.82197,51.34571],[-2.823,51.3464],[-2.82306,51.34648],[-2.82308,51.34663],[-2.82313,51.34674],[-2.82328,51.34689]]]}},{"type":"Feature","properties":{"MainHabs":"Coastal and floodplain grazing marsh","HabCodes":"CFPGM","PrimSource":"The Distribution of Lowland Wet Grassland in England 1976 (CFPGM)","AreaHa":3.84,"Version":"Sept_26","UID":"PHID34275263_015383960"},"geometry":{"type":"Polygon","coordinates":[[[-2.82083,51.28285],[-2.8206,51.28292],[-2.82051,51.28298],[-2.82054,51.28299],[-2.82063,51.28293],[-2.82056,51.28301],[-2.81951,51.28263],[-2.8193,51.28284],[-2.81928,51.28282],[-2.8195,51.28261],[-2.81954,51.28262],[-2.81957,51.28258],[-2.8195,51.28255],[-2.81958,51.28246],[-2.81963,51.28245],[-2.81964,51.2824],[-2.81995,51.28209],[-2.82029,51.28202],[-2.82037,51.28195],[-2.82061,51.28202],[-2.82077,51.28184],[-2.82064,51.28181],[-2.82066,51.28179],[-2.82048,51.28171],[-2.82025,51.282],[-2.81998,51.28206],[-2.82088,51.28125],[-2.82164,51.28074],[-2.82187,51.28053],[-2.82183,51.28049],[-2.82184,51.28042],[-2.82278,51.27969],[-2.82313,51.27927],[-2.82344,51.27881],[-2.82388,51.27881],[-2.82396,51.27893],[-2.82397,51.27905],[-2.82334,51.28005],[-2.82305,51.28044],[-2.82268,51.28106],[-2.82263,51.28109],[-2.82267,51.28113],[-2.82264,51.28119],[-2.82213,51.28174],[-2.82206,51.28171],[-2.82205,51.28164],[-2.82149,51.28143],[-2.82136,51.28159],[-2.82167,51.28168],[-2.82171,51.28165],[-2.82184,51.28168],[-2.82202,51.28175],[-2.82199,51.28178],[-2.82201,51.28178],[-2.8213,51.28234],[-2.82116,51.28249],[-2.82108,51.28264],[-2.82083,51.28285]]]}},{"type":"Feature","properties":{"MainHabs":"Coastal and floodplain grazing marsh","HabCodes":"CFPGM","PrimSource":"The Distribution of Lowland Wet Grassland in England 1976 (CFPGM)","AreaHa":0.06,"Version":"Sept_26","UID":"PHID34281197_015401459"},"geometry":{"type":"Polygon","coordinates":[[[-2.82123,51.28256],[-2.82093,51.28285],[-2.82065,51.28293],[-2.82092,51.28283],[-2.82098,51.28275],[-2.82113,51.28263],[-2.82119,51.2825],[-2.82133,51.28235],[-2.82203,51.28179],[-2.82206,51.2818],[-2.82123,51.28256]]]}},{"type":"Feature","properties":{"MainHabs":"Coastal and floodplain grazing marsh","HabCodes":"CFPGM","PrimSource":"The Distribution of Lowland Wet Grassland in England 1976 (CFPGM)","AreaHa":1.31,"Version":"Sept_26","UID":"PHID34281939_015412701"},"geometry":{"type":"Polygon","coordinates":[[[-2.82499,51.28373],[-2.82444,51.28338],[-2.82428,51.28333],[-2.82368,51.28336],[-2.82297,51.28327],[-2.82267,51.28327],[-2.82156,51.28353],[-2.82142,51.2838],[-2.82058,51.28381],[-2.82012,51.28374],[-2.82055,51.28316],[-2.82071,51.28301],[-2.82078,51.28298],[-2.82096,51.28305],[-2.82129,51.28309],[-2.82325,51.28312],[-2.82506,51.28328],[-2.82499,51.28373]]]}},{"type":"Feature","properties":{"MainHabs":"Coastal and floodplain grazing marsh","HabCodes":"CFPGM","PrimSource":"The Distribution of Lowland Wet Grassland in England 1976 (CFPGM)","AreaHa":33.78,"Version":"Sept_26","UID":"PHID34283482_015305164"},"geometry":{"type":"Polygon","coordinates":[[[-2.81941,51.28245],[-2.81925,51.28264],[-2.8191,51.28257],[-2.81884,51.28252],[-2.81778,51.28277],[-2.81746,51.28313],[-2.81752,51.28315],[-2.81769,51.28299],[-2.81776,51.28297],[-2.81804,51.28307],[-2.81815,51.28303],[-2.81827,51.28304],[-2.81827,51.28311],[-2.81854,51.28319],[-2.81912,51.28263],[-2.81921,51.28267],[-2.8184,51.28348],[-2.81756,51.28415],[-2.81712,51.28458],[-2.81696,51.28458],[-2.81739,51.28421],[-2.81639,51.28403],[-2.81639,51.27982],[-2.8167,51.27984],[-2.8167,51.27981],[-2.8164,51.2798],[-2.81639,51.27971],[-2.81636,51.27971],[-2.81635,51.27881],[-2.82323,51.27881],[-2.82293,51.27928],[-2.82274,51.2795],[-2.82158,51.28043],[-2.82033,51.28155],[-2.81941,51.28245]],[[-2.81946,51.27881],[-2.81907,51.27997],[-2.81911,51.27995],[-2.81949,51.27881],[-2.81946,51.27881]],[[-2.81901,51.27993],[-2.81678,51.27982],[-2.81678,51.27984],[-2.819,51.27996],[-2.81901,51.27993]],[[-2.82194,51.2801],[-2.81916,51.27995],[-2.81915,51.27997],[-2.82192,51.28012],[-2.82194,51.2801]],[[-2.81805,51.28227],[-2.81898,51.28],[-2.81895,51.28],[-2.81835,51.28142],[-2.81801,51.28227],[-2.81805,51.28227]]]}},{"type":"Feature","properties":{"MainHabs":"Coastal and floodplain grazing marsh","HabCodes":"CFPGM","PrimSource":"The Distribution of Lowland Wet Grassland in England 1976 (CFPGM)","AreaHa":0.33,"Version":"Sept_26","UID":"PHID34290359_016155729"},"geometry":{"type":"Polygon","coordinates":[[[-2.81989,51.34975],[-2.81933,51.34951],[-2.81932,51.34945],[-2.82014,51.34975],[-2.81989,51.34975]]]}},{"type":"Feature","properties":{"MainHabs":"Coastal and floodplain grazing marsh","HabCodes":"CFPGM","PrimSource":"The Distribution of Lowland Wet Grassland in England 1976 (CFPGM)","AreaHa":0.64,"Version":"Sept_26","UID":"PHID34290487_015422160"},"geometry":{"type":"Polygon","coordinates":[[[-2.8214,51.28383],[-2.82134,51.28394],[-2.82105,51.28406],[-2.82042,51.28417],[-2.8204,51.28441],[-2.82031,51.28471],[-2.8201,51.28474],[-2.81945,51.28457],[-2.81949,51.28447],[-2.81963,51.28439],[-2.81972,51.28423],[-2.82011,51.28377],[-2.8206,51.28383],[-2.8214,51.28383]]]}},{"type":"Feature","properties":{"MainHabs":"Coastal and floodplain grazing marsh","HabCodes":"CFPGM","PrimSource":"The Distribution of Lowland Wet Grassland in England 1976 (CFPGM)","AreaHa":0.05,"Version":"Sept_26","UID":"PHID34291930_015398512"},"geometry":{"type":"Polygon","coordinates":[[[-2.81928,51.28266],[-2.82,51.28191],[-2.82032,51.28161],[-2.82035,51.28163],[-2.81931,51.28268],[-2.81928,51.28266]]]}},{"type":"Feature","properties":{"MainHabs":"Coastal and floodplain grazing marsh","HabCodes":"CFPGM","PrimSource":"The Distribution of Lowland Wet Grassland in England 1976 (CFPGM)","AreaHa":0.24,"Version":"Sept_26","UID":"PHID34292219_015417063"},"geometry":{"type":"Polygon","coordinates":[[[-2.82037,51.28317],[-2.82041,51.28319],[-2.8202,51.28347],[-2.81991,51.28385],[-2.81951,51.28429],[-2.8194,51.28438],[-2.81926,51.28432],[-2.81925,51.28434],[-2.81919,51.28433],[-2.81925,51.2842],[-2.81947,51.28396],[-2.81957,51.28377],[-2.82015,51.28338],[-2.82037,51.28317]]]}},{"type":"Feature","properties":{"MainHabs":"Coastal and floodplain grazing marsh","HabCodes":"CFPGM","PrimSource":"The Distribution of Lowland Wet Grassland in England 1976 (CFPGM)","AreaHa":1.64,"Version":"Sept_26","UID":"PHID34292447_016105947"},"geometry":{"type":"Polygon","coordinates":[[[-2.82032,51.34514],[-2.82085,51.34496],[-2.8215,51.34535],[-2.82192,51.3457],[-2.82167,51.34597],[-2.82125,51.34684],[-2.821,51.34657],[-2.8209,51.34651],[-2.82062,51.34642],[-2.81991,51.34594],[-2.81982,51.34575],[-2.82032,51.34514]]]}},{"type":"Feature","properties":{"MainHabs":"Coastal and floodplain grazing marsh","HabCodes":"CFPGM","PrimSource":"The Distribution of Lowland Wet Grassland in England 1976 (CFPGM)","AreaHa":0.03,"Version":"Sept_26","UID":"PHID34297768_016148753"},"geometry":{"type":"Polygon","coordinates":[[[-2.82018,51.34961],[-2.81962,51.34944],[-2.8194,51.34931],[-2.81964,51.34942],[-2.82017,51.34957],[-2.82094,51.34903],[-2.82018,51.34961]]]}},{"type":"Feature","properties":{"MainHabs":"Coastal and floodplain grazing marsh","HabCodes":"CFPGM","PrimSource":"The Distribution of Lowland Wet Grassland in England 1976 (CFPGM)","AreaHa":1.39,"Version":"Sept_26","UID":"PHID34298806_015417302"},"geometry":{"type":"Polygon","coordinates":[[[-2.81902,51.28361],[-2.81891,51.28378],[-2.81893,51.28378],[-2.81911,51.28354],[-2.81961,51.28313],[-2.82014,51.28336],[-2.81956,51.28376],[-2.81948,51.28391],[-2.81925,51.28416],[-2.8191,51.28445],[-2.81879,51.28481],[-2.81863,51.28492],[-2.81863,51.28495],[-2.81849,51.28498],[-2.81835,51.28495],[-2.81837,51.28492],[-2.81849,51.28495],[-2.81863,51.28491],[-2.81876,51.28481],[-2.81909,51.28442],[-2.81861,51.28433],[-2.81849,51.28449],[-2.81868,51.28452],[-2.81861,51.28461],[-2.81782,51.28442],[-2.81757,51.28429],[-2.81801,51.28396],[-2.81824,51.28406],[-2.81834,51.28395],[-2.81815,51.28386],[-2.81866,51.28341],[-2.8189,51.28322],[-2.81897,51.28322],[-2.81894,51.28319],[-2.81917,51.28297],[-2.81959,51.28312],[-2.81902,51.28361]]]}},{"type":"Feature","properties":{"MainHabs":"Coastal and floodplain grazing marsh","HabCodes":"CFPGM","PrimSource":"The Distribution of Lowland Wet Grassland in England 1976 (CFPGM)","AreaHa":0.03,"Version":"Sept_26","UID":"PHID34300698_015407485"},"geometry":{"type":"Polygon","coordinates":[[[-2.81845,51.28302],[-2.81838,51.283],[-2.81838,51.28297],[-2.81856,51.28305],[-2.81858,51.28302],[-2.81846,51.28297],[-2.81855,51.28288],[-2.81878,51.28288],[-2.81857,51.28308],[-2.81845,51.28302]]]}},{"type":"Feature","properties":{"MainHabs":"Coastal and floodplain grazing marsh","HabCodes":"CFPGM","PrimSource":"The Distribution of Lowland Wet Grassland in England 1976 (CFPGM)","AreaHa":0.01,"Version":"Sept_26","UID":"PHID34317067_015361514"},"geometry":{"type":"Polygon","coordinates":[[[-2.8162,51.27881],[-2.8162,51.27893],[-2.81612,51.27887],[-2.8161,51.27881],[-2.8162,51.27881]]]}},{"type":"Feature","properties":{"MainHabs":"Coastal and floodplain grazing marsh","HabCodes":"CFPGM","PrimSource":"The Distribution of Lowland Wet Grassland in England 1976 (CFPGM)","AreaHa":0.01,"Version":"Sept_26","UID":"PHID34319244_015362186"},"geometry":{"type":"Polygon","coordinates":[[[-2.81591,51.27881],[-2.8159,51.27892],[-2.81601,51.27896],[-2.81568,51.27896],[-2.81577,51.27892],[-2.81584,51.27881],[-2.81591,51.27881]]]}},{"type":"Feature","properties":{"MainHabs":"Coastal and floodplain grazing marsh","HabCodes":"CFPGM","PrimSource":"The Distribution of Lowland Wet Grassland in England 1976 (CFPGM)","AreaHa":0.88,"Version":"Sept_26","UID":"PHID34323549_015395297"},"geometry":{"type":"Polygon","coordinates":[[[-2.81437,51.28219],[-2.81434,51.28194],[-2.81425,51.28159],[-2.81622,51.28156],[-2.81622,51.28215],[-2.81437,51.28219]]]}},{"type":"Feature","properties":{"MainHabs":"Coastal and floodplain grazing marsh","HabCodes":"CFPGM","PrimSource":"The Distribution of Lowland Wet Grassland in England 1976 (CFPGM)","AreaHa":1.56,"Version":"Sept_26","UID":"PHID34324183_015385795"},"geometry":{"type":"Polygon","coordinates":[[[-2.81621,51.28056],[-2.81622,51.28109],[-2.8162,51.28102],[-2.81601,51.28101],[-2.816,51.28107],[-2.81606,51.28107],[-2.81606,51.28111],[-2.81568,51.28112],[-2.81567,51.28155],[-2.81425,51.28157],[-2.81399,51.28051],[-2.81622,51.28046],[-2.81621,51.28056]]]}},{"type":"Feature","properties":{"MainHabs":"Coastal and floodplain grazing marsh","HabCodes":"CFPGM","PrimSource":"The Distribution of Lowland Wet Grassland in England 1976 (CFPGM)","AreaHa":0.32,"Version":"Sept_26","UID":"PHID34325376_015378298"},"geometry":{"type":"Polygon","coordinates":[[[-2.8159,51.28022],[-2.81591,51.28043],[-2.81607,51.28044],[-2.81503,51.28046],[-2.81411,51.28047],[-2.81407,51.28024],[-2.8159,51.28022]]]}},{"type":"Feature","properties":{"MainHabs":"Coastal and floodplain grazing marsh","HabCodes":"CFPGM","PrimSource":"The Distribution of Lowland Wet Grassland in England 1976 (CFPGM)","AreaHa":0.02,"Version":"Sept_26","UID":"PHID34332242_015378299"},"geometry":{"type":"Polygon","coordinates":[[[-2.81393,51.28024],[-2.81403,51.28024],[-2.81407,51.28045],[-2.81398,51.28047],[-2.81393,51.28024]]]}},{"type":"Feature","properties":{"MainHabs":"Coastal and floodplain grazing marsh","HabCodes":"CFPGM","PrimSource":"The Distribution of Lowland Wet Grassland in England 1976 (CFPGM)","AreaHa":2.11,"Version":"Sept_26","UID":"PHID34339353_015399210"},"geometry":{"type":"Polygon","coordinates":[[[-2.81421,51.28158],[-2.81426,51.28178],[-2.81422,51.2818],[-2.81426,51.28181],[-2.81432,51.28198],[-2.81431,51.28262],[-2.81185,51.2829],[-2.81174,51.28232],[-2.81153,51.28188],[-2.81421,51.28158]]]}},{"type":"Feature","properties":{"MainHabs":"Coastal and floodplain grazing marsh","HabCodes":"CFPGM","PrimSource":"The Distribution of Lowland Wet Grassland in England 1976 (CFPGM)","AreaHa":1,"Version":"Sept_26","UID":"PHID34339361_015389944"},"geometry":{"type":"Polygon","coordinates":[[[-2.81189,51.28158],[-2.81158,51.28162],[-2.81143,51.2818],[-2.81082,51.28145],[-2.81101,51.28145],[-2.81101,51.28142],[-2.81108,51.28141],[-2.81115,51.28159],[-2.81186,51.2815],[-2.81179,51.28131],[-2.81405,51.28101],[-2.81413,51.28115],[-2.81419,51.28156],[-2.81217,51.28177],[-2.81213,51.28161],[-2.81203,51.28162],[-2.81202,51.28156],[-2.81189,51.28158]]]}},{"type":"Feature","properties":{"MainHabs":"Coastal and floodplain grazing marsh","HabCodes":"CFPGM","PrimSource":"The Distribution of Lowland Wet Grassland in England 1976 (CFPGM)","AreaHa":3.07,"Version":"Sept_26","UID":"PHID34340385_015409027"},"geometry":{"type":"Polygon","coordinates":[[[-2.81622,51.2828],[-2.81625,51.2828],[-2.81624,51.28344],[-2.81621,51.28344],[-2.81621,51.28349],[-2.81599,51.28347],[-2.81598,51.28344],[-2.81582,51.28345],[-2.81582,51.28342],[-2.81514,51.28337],[-2.81502,51.28342],[-2.81499,51.28379],[-2.81507,51.28379],[-2.81505,51.28385],[-2.81495,51.28384],[-2.81491,51.28403],[-2.81453,51.28396],[-2.81458,51.28338],[-2.8142,51.28338],[-2.81452,51.28309],[-2.81448,51.28291],[-2.81373,51.28297],[-2.81375,51.28301],[-2.8138,51.28302],[-2.81387,51.28339],[-2.81386,51.2837],[-2.81374,51.28367],[-2.81377,51.28364],[-2.81341,51.28354],[-2.81341,51.28342],[-2.81207,51.28347],[-2.81185,51.28292],[-2.81432,51.28264],[-2.81436,51.28278],[-2.81446,51.28279],[-2.81445,51.28276],[-2.8144,51.28276],[-2.81436,51.28257],[-2.81436,51.28222],[-2.81438,51.28221],[-2.81623,51.28217],[-2.81622,51.2828]]]}},{"type":"Feature","properties":{"MainHabs":"Coastal and floodplain grazing marsh","HabCodes":"CFPGM","PrimSource":"The Distribution of Lowland Wet Grassland in England 1976 (CFPGM)","AreaHa":0.69,"Version":"Sept_26","UID":"PHID34341442_015385968"},"geometry":{"type":"Polygon","coordinates":[[[-2.81149,51.28134],[-2.81081,51.28144],[-2.81073,51.28127],[-2.81078,51.28127],[-2.81083,51.2814],[-2.811,51.28138],[-2.81098,51.28134],[-2.81103,51.28133],[-2.81105,51.28138],[-2.81115,51.28136],[-2.81112,51.28127],[-2.81132,51.28125],[-2.81131,51.28121],[-2.81175,51.28115],[-2.81169,51.28097],[-2.81241,51.28087],[-2.81398,51.28067],[-2.81405,51.28099],[-2.81149,51.28134]]]}},{"type":"Feature","properties":{"MainHabs":"Coastal and floodplain grazing marsh","HabCodes":"CFPGM","PrimSource":"The Distribution of Lowland Wet Grassland in England 1976 (CFPGM)","AreaHa":7.33,"Version":"Sept_26","UID":"PHID34344958_015363301"},"geometry":{"type":"Polygon","coordinates":[[[-2.81048,51.28027],[-2.81047,51.28029],[-2.81381,51.27988],[-2.81395,51.2805],[-2.81391,51.28051],[-2.81396,51.28053],[-2.81398,51.28064],[-2.81067,51.28109],[-2.81066,51.28106],[-2.81118,51.28099],[-2.81116,51.28094],[-2.81119,51.28099],[-2.81126,51.28098],[-2.81125,51.28093],[-2.81127,51.28093],[-2.81126,51.2809],[-2.81115,51.28091],[-2.81114,51.28086],[-2.8112,51.28085],[-2.81118,51.28076],[-2.81097,51.28079],[-2.81096,51.28076],[-2.81085,51.28079],[-2.81086,51.28083],[-2.81097,51.28082],[-2.81099,51.2809],[-2.81074,51.28093],[-2.8107,51.28086],[-2.81065,51.28086],[-2.81065,51.28099],[-2.81062,51.28099],[-2.81045,51.28027],[-2.81045,51.28018],[-2.81056,51.28018],[-2.81056,51.2801],[-2.81044,51.28009],[-2.81037,51.27881],[-2.81368,51.27881],[-2.81375,51.27918],[-2.81376,51.27957],[-2.81381,51.27986],[-2.81048,51.28027]]]}},{"type":"Feature","properties":{"MainHabs":"Coastal and floodplain grazing marsh","HabCodes":"CFPGM","PrimSource":"The Distribution of Lowland Wet Grassland in England 1976 (CFPGM)","AreaHa":0.03,"Version":"Sept_26","UID":"PHID34347875_015394083"},"geometry":{"type":"Polygon","coordinates":[[[-2.81205,51.28171],[-2.81208,51.28178],[-2.8115,51.28185],[-2.81159,51.28176],[-2.81205,51.28171]]]}},{"type":"Feature","properties":{"MainHabs":"Coastal and floodplain grazing marsh","HabCodes":"CFPGM","PrimSource":"The Distribution of Lowland Wet Grassland in England 1976 (CFPGM)","AreaHa":3.69,"Version":"Sept_26","UID":"PHID34355136_015404368"},"geometry":{"type":"Polygon","coordinates":[[[-2.81048,51.28079],[-2.81057,51.28121],[-2.81071,51.28146],[-2.81089,51.2816],[-2.81127,51.2818],[-2.81149,51.28202],[-2.81166,51.28243],[-2.81176,51.28296],[-2.81197,51.28349],[-2.81207,51.28367],[-2.81191,51.28366],[-2.81189,51.28376],[-2.81217,51.28378],[-2.81223,51.28386],[-2.8122,51.2839],[-2.81165,51.28392],[-2.81129,51.28399],[-2.81089,51.28397],[-2.81044,51.28381],[-2.81004,51.28387],[-2.8096,51.28381],[-2.80947,51.28371],[-2.80933,51.2837],[-2.80947,51.2837],[-2.80943,51.28356],[-2.8094,51.28356],[-2.80972,51.28315],[-2.80981,51.28297],[-2.80994,51.28258],[-2.81,51.28233],[-2.81015,51.28068],[-2.81043,51.28068],[-2.81048,51.28079]]]}},{"type":"Feature","properties":{"MainHabs":"Deciduous woodland","HabCodes":"DWOOD","AddHabs":"LCGRA, LHEAT","PrimSource":"National Forest Inventory 2024 (DWOOD)","AreaHa":7.94,"Version":"Sept_26","UID":"PHID34017437_015555959"},"geometry":{"type":"Polygon","coordinates":[[[-2.85497,51.29563],[-2.85478,51.29569],[-2.85453,51.29562],[-2.85416,51.29562],[-2.85399,51.29549],[-2.85406,51.29541],[-2.85423,51.29499],[-2.85419,51.29486],[-2.85408,51.29484],[-2.85345,51.29494],[-2.85336,51.29489],[-2.85316,51.29487],[-2.85309,51.29474],[-2.85293,51.29474],[-2.85281,51.29469],[-2.85254,51.29427],[-2.85229,51.29406],[-2.85204,51.29391],[-2.85208,51.29381],[-2.85223,51.29368],[-2.85248,51.2936],[-2.85313,51.29408],[-2.85324,51.29397],[-2.85339,51.29393],[-2.85361,51.294],[-2.85363,51.29398],[-2.85376,51.29401],[-2.85371,51.29413],[-2.85377,51.29424],[-2.8539,51.29434],[-2.8542,51.29448],[-2.85434,51.29462],[-2.85455,51.29458],[-2.85491,51.29468],[-2.85482,51.29481],[-2.85497,51.29487],[-2.85497,51.29563]]]}},{"type":"Feature","properties":{"MainHabs":"Deciduous woodland","HabCodes":"DWOOD","PrimSource":"National Forest Inventory 2024 (DWOOD)","AreaHa":0.23,"Version":"Sept_26","UID":"PHID34049451_015628434"},"geometry":{"type":"Polygon","coordinates":[[[-2.85464,51.30232],[-2.85497,51.30234],[-2.85497,51.30276],[-2.8549,51.30291],[-2.85478,51.30291],[-2.85471,51.30288],[-2.85468,51.30285],[-2.85466,51.30265],[-2.85453,51.30256],[-2.85461,51.30244],[-2.85464,51.30232]]]}},{"type":"Feature","properties":{"MainHabs":"Deciduous woodland","HabCodes":"DWOOD","PrimSource":"National Forest Inventory 2024 (DWOOD)","AreaHa":0.22,"Version":"Sept_26","UID":"PHID34051037_015635936"},"geometry":{"type":"Polygon","coordinates":[[[-2.85497,51.30345],[-2.85446,51.30354],[-2.85437,51.30329],[-2.85437,51.30307],[-2.85443,51.30298],[-2.85467,51.30296],[-2.85483,51.303],[-2.85484,51.30315],[-2.85497,51.30327],[-2.85497,51.30345]]]}},{"type":"Feature","properties":{"MainHabs":"Deciduous woodland","HabCodes":"DWOOD","PrimSource":"National Forest Inventory 2024 (DWOOD)","AreaHa":0.29,"Version":"Sept_26","UID":"PHID34055505_015629628"},"geometry":{"type":"Polygon","coordinates":[[[-2.85383,51.30239],[-2.85422,51.30232],[-2.85437,51.30244],[-2.85443,51.30267],[-2.8544,51.30288],[-2.85436,51.30296],[-2.85377,51.30298],[-2.85383,51.30239]]]}},{"type":"Feature","properties":{"MainHabs":"Deciduous woodland","HabCodes":"DWOOD","PrimSource":"National Forest Inventory 2024 (DWOOD)","AreaHa":0.03,"Version":"Sept_26","UID":"PHID34058860_016049714"},"geometry":{"type":"Polygon","coordinates":[[[-2.85497,51.34021],[-2.85358,51.34071],[-2.85497,51.34018],[-2.85497,51.34021]]]}},{"type":"Feature","properties":{"MainHabs":"Deciduous woodland","HabCodes":"DWOOD","OtherClass":"Annex1(H8310)","PrimSource":"National Forest Inventory 2024 (DWOOD)","AreaHa":0.71,"Version":"Sept_26","UID":"PHID34061619_015930075"},"geometry":{"type":"Polygon","coordinates":[[[-2.85497,51.32928],[-2.85447,51.32956],[-2.85404,51.32971],[-2.85318,51.32987],[-2.85233,51.33],[-2.85229,51.32998],[-2.85231,51.32987],[-2.85237,51.32984],[-2.85306,51.32973],[-2.85405,51.32951],[-2.85444,51.32935],[-2.8546,51.32917],[-2.85464,51.32845],[-2.85459,51.3283],[-2.85432,51.32783],[-2.8541,51.32759],[-2.85351,51.3271],[-2.85376,51.32712],[-2.8544,51.32763],[-2.85448,51.32774],[-2.85448,51.32793],[-2.85477,51.32838],[-2.85464,51.32872],[-2.85497,51.32901],[-2.85497,51.32928]]]}},{"type":"Feature","properties":{"MainHabs":"Deciduous woodland","HabCodes":"DWOOD","PrimSource":"National Forest Inventory 2024 (DWOOD)","AreaHa":0.68,"Version":"Sept_26","UID":"PHID34064096_015746282"},"geometry":{"type":"Polygon","coordinates":[[[-2.85353,51.31284],[-2.8536,51.313],[-2.85349,51.31339],[-2.85358,51.31353],[-2.85365,51.3139],[-2.85326,51.31393],[-2.85285,51.31334],[-2.85285,51.31331],[-2.85263,51.31305],[-2.85247,51.31278],[-2.85251,51.31268],[-2.85292,51.31263],[-2.85312,51.31269],[-2.85312,51.31274],[-2.85321,51.31287],[-2.85353,51.31284]]]}},{"type":"Feature","properties":{"MainHabs":"Deciduous woodland","HabCodes":"DWOOD","AddHabs":"LCGRA, LHEAT","PrimSource":"National Forest Inventory 2024 (DWOOD)","AreaHa":6.44,"Version":"Sept_26","UID":"PHID34072269_015609550"},"geometry":{"type":"Polygon","coordinates":[[[-2.85417,51.30183],[-2.85384,51.30189],[-2.85277,51.30174],[-2.85277,51.30169],[-2.85034,51.30117],[-2.85009,51.3004],[-2.84985,51.29985],[-2.85054,51.29974],[-2.85084,51.29973],[-2.85091,51.29976],[-2.85103,51.2999],[-2.85141,51.30008],[-2.85234,51.30027],[-2.85288,51.30035],[-2.85289,51.3002],[-2.85341,51.3002],[-2.85349,51.30025],[-2.85351,51.30033],[-2.85338,51.30049],[-2.85337,51.30074],[-2.85325,51.3008],[-2.85301,51.3008],[-2.8531,51.30091],[-2.8532,51.30099],[-2.85333,51.30099],[-2.85362,51.30082],[-2.85393,51.30087],[-2.8539,51.30116],[-2.85497,51.30127],[-2.85497,51.3019],[-2.85417,51.30183]]]}},{"type":"Feature","properties":{"MainHabs":"Deciduous woodland","HabCodes":"DWOOD","PrimSource":"National Forest Inventory 2024 (DWOOD)","AreaHa":0.04,"Version":"Sept_26","UID":"PHID34074474_015933211"},"geometry":{"type":"Polygon","coordinates":[[[-2.85165,51.33003],[-2.8516,51.3299],[-2.85203,51.32993],[-2.85214,51.32999],[-2.8516,51.33007],[-2.8516,51.33004],[-2.85165,51.33003]]]}},{"type":"Feature","properties":{"MainHabs":"Deciduous woodland","HabCodes":"DWOOD","AddHabs":"LCGRA, LHEAT","PrimSource":"National Trust Habitats Data 2021 (DWOOD)","AreaHa":1.26,"Version":"Sept_26","UID":"PHID34075970_015526509"},"geometry":{"type":"Polygon","coordinates":[[[-2.85223,51.29368],[-2.85208,51.29381],[-2.85204,51.29391],[-2.8515,51.29349],[-2.85115,51.29353],[-2.85093,51.29366],[-2.85082,51.2938],[-2.85054,51.29381],[-2.85011,51.2937],[-2.84955,51.29338],[-2.8493,51.29335],[-2.84982,51.2932],[-2.84998,51.29322],[-2.84989,51.29335],[-2.85046,51.29324],[-2.85052,51.29321],[-2.85051,51.293],[-2.85215,51.2929],[-2.85207,51.29313],[-2.85237,51.29344],[-2.85237,51.29348],[-2.85248,51.2936],[-2.85223,51.29368]]]}},{"type":"Feature","properties":{"MainHabs":"Deciduous woodland","HabCodes":"DWOOD","PrimSource":"National Forest Inventory 2024 (DWOOD)","AreaHa":2.08,"Version":"Sept_26","UID":"PHID34083760_015734264"},"geometry":{"type":"Polygon","coordinates":[[[-2.85044,51.31207],[-2.85059,51.31201],[-2.85098,51.31195],[-2.85122,51.31202],[-2.85141,51.31196],[-2.85167,51.31198],[-2.85175,51.31207],[-2.85173,51.31213],[-2.8516,51.31219],[-2.85112,51.3122],[-2.85108,51.31223],[-2.85103,51.31241],[-2.85076,51.31244],[-2.85072,51.31258],[-2.85096,51.31278],[-2.85017,51.31273],[-2.84946,51.31275],[-2.84789,51.31258],[-2.84768,51.31253],[-2.84751,51.31238],[-2.84803,51.31242],[-2.8484,51.31231],[-2.84871,51.31208],[-2.84885,51.31185],[-2.8489,51.31168],[-2.84994,51.31142],[-2.85044,51.31207]]]}},{"type":"Feature","properties":{"MainHabs":"Deciduous woodland","HabCodes":"DWOOD","PrimSource":"National Forest Inventory 2024 (DWOOD)","AreaHa":1.16,"Version":"Sept_26","UID":"PHID34084913_015779758"},"geometry":{"type":"Polygon","coordinates":[[[-2.85167,51.31655],[-2.85171,51.31657],[-2.85167,51.31658],[-2.85117,51.31668],[-2.85115,51.31665],[-2.85083,51.31671],[-2.85023,51.31655],[-2.84919,51.31641],[-2.8492,51.31638],[-2.84913,51.31636],[-2.84888,51.31644],[-2.84876,51.31635],[-2.85021,51.31567],[-2.85027,51.31573],[-2.85051,51.3157],[-2.85167,51.31655]]]}},{"type":"Feature","properties":{"MainHabs":"Deciduous woodland","HabCodes":"DWOOD","PrimSource":"National Forest Inventory 2024 (DWOOD)","AreaHa":0.79,"Version":"Sept_26","UID":"PHID34087040_015523183"},"geometry":{"type":"Polygon","coordinates":[[[-2.84981,51.29285],[-2.85021,51.29285],[-2.85042,51.29299],[-2.85051,51.293],[-2.85052,51.29321],[-2.85046,51.29324],[-2.84989,51.29335],[-2.84998,51.29322],[-2.8498,51.29321],[-2.8493,51.29335],[-2.84894,51.29337],[-2.84885,51.29343],[-2.84877,51.29354],[-2.84855,51.29355],[-2.84853,51.29347],[-2.84848,51.29343],[-2.84845,51.29323],[-2.84811,51.29325],[-2.84836,51.29307],[-2.8493,51.29277],[-2.84977,51.29271],[-2.84981,51.29285]]]}},{"type":"Feature","properties":{"MainHabs":"Deciduous woodland","HabCodes":"DWOOD","AddHabs":"CFPGM","PrimSource":"National Forest Inventory 2024 (DWOOD)","AreaHa":0.69,"Version":"Sept_26","UID":"PHID34088401_016087572"},"geometry":{"type":"Polygon","coordinates":[[[-2.85098,51.3441],[-2.85052,51.34468],[-2.84944,51.34344],[-2.84925,51.34331],[-2.84967,51.343],[-2.85011,51.34346],[-2.85074,51.34421],[-2.85077,51.34422],[-2.85088,51.34412],[-2.85101,51.34407],[-2.85098,51.3441]]]}},{"type":"Feature","properties":{"MainHabs":"Deciduous woodland","HabCodes":"DWOOD","PrimSource":"National Forest Inventory 2024 (DWOOD)","AreaHa":1.81,"Version":"Sept_26","UID":"PHID34090832_015770951"},"geometry":{"type":"Polygon","coordinates":[[[-2.85053,51.31496],[-2.85027,51.31516],[-2.85021,51.31543],[-2.85011,51.31558],[-2.85018,51.31564],[-2.85016,51.31567],[-2.84874,51.31634],[-2.84799,51.31568],[-2.84818,51.31565],[-2.84847,51.31538],[-2.84875,51.31496],[-2.84895,51.31481],[-2.84908,51.31477],[-2.84918,51.3145],[-2.84915,51.31467],[-2.84921,51.31473],[-2.84933,51.31472],[-2.8494,51.31464],[-2.84946,51.31463],[-2.84974,51.31472],[-2.85028,51.31481],[-2.85036,51.31487],[-2.85051,51.3149],[-2.85053,51.31496]]]}},{"type":"Feature","properties":{"MainHabs":"Deciduous woodland","HabCodes":"DWOOD","AddHabs":"LMEAD","PrimSource":"National Forest Inventory 2024 (DWOOD)","AreaHa":17.56,"Version":"Sept_26","UID":"PHID34100113_015655568"},"geometry":{"type":"Polygon","coordinates":[[[-2.84916,51.30446],[-2.84926,51.30447],[-2.84958,51.30438],[-2.84988,51.30439],[-2.85114,51.30501],[-2.85155,51.30506],[-2.85201,51.30491],[-2.85185,51.30528],[-2.85209,51.30536],[-2.85249,51.30543],[-2.85283,51.30544],[-2.85293,51.30541],[-2.85295,51.30535],[-2.85277,51.30526],[-2.85227,51.30518],[-2.85221,51.30512],[-2.85222,51.30506],[-2.85292,51.30514],[-2.853,51.3051],[-2.8532,51.30491],[-2.85341,51.30487],[-2.85365,51.30476],[-2.8538,51.30499],[-2.85394,51.30511],[-2.85422,51.30518],[-2.85497,51.30522],[-2.85497,51.30667],[-2.8544,51.30656],[-2.85439,51.30666],[-2.85434,51.3066],[-2.85433,51.30674],[-2.85377,51.30675],[-2.85301,51.30665],[-2.8528,51.30668],[-2.85278,51.3066],[-2.8522,51.30663],[-2.8517,51.30659],[-2.85136,51.30654],[-2.85075,51.30638],[-2.84994,51.30625],[-2.84993,51.30629],[-2.84987,51.30629],[-2.84907,51.30618],[-2.8486,51.30598],[-2.84839,51.30596],[-2.84838,51.30589],[-2.84847,51.30587],[-2.84858,51.3057],[-2.84747,51.30564],[-2.84741,51.30574],[-2.84721,51.3058],[-2.84664,51.30574],[-2.84668,51.30553],[-2.84532,51.30522],[-2.84501,51.3052],[-2.84459,51.30526],[-2.84446,51.30533],[-2.84438,51.3055],[-2.84431,51.3055],[-2.84424,51.30514],[-2.84427,51.30514],[-2.84418,51.30486],[-2.84427,51.30472],[-2.84442,51.30433],[-2.84404,51.30438],[-2.84405,51.30428],[-2.84425,51.3039],[-2.8444,51.3035],[-2.84436,51.30346],[-2.84443,51.30321],[-2.84375,51.30322],[-2.84327,51.30328],[-2.84328,51.30325],[-2.84425,51.30316],[-2.84466,51.30317],[-2.8447,51.30321],[-2.84465,51.30352],[-2.84477,51.30352],[-2.84504,51.30347],[-2.84504,51.30343],[-2.84515,51.30341],[-2.84531,51.3033],[-2.84532,51.30324],[-2.84568,51.30312],[-2.84586,51.30299],[-2.8459,51.3031],[-2.84603,51.30306],[-2.84597,51.30298],[-2.84606,51.30301],[-2.84622,51.303],[-2.84622,51.30311],[-2.84629,51.30321],[-2.84609,51.3037],[-2.84611,51.30371],[-2.84579,51.30384],[-2.84573,51.30393],[-2.84578,51.30409],[-2.84594,51.30431],[-2.84636,51.30431],[-2.8466,51.30421],[-2.84662,51.30413],[-2.84669,51.30411],[-2.84685,51.30379],[-2.84711,51.30378],[-2.84722,51.30383],[-2.8473,51.30392],[-2.84722,51.30414],[-2.84743,51.30422],[-2.84777,51.30413],[-2.84792,51.30397],[-2.84813,51.30408],[-2.84812,51.30413],[-2.84801,51.30425],[-2.84903,51.3042],[-2.84916,51.30446]]]}},{"type":"Feature","properties":{"MainHabs":"Deciduous woodland","HabCodes":"DWOOD","AddHabs":"LCGRA","PrimSource":"National Trust Habitats Data 2021 (DWOOD)","AreaHa":0.39,"Version":"Sept_26","UID":"PHID34104034_015537823"},"geometry":{"type":"Polygon","coordinates":[[[-2.8469,51.2946],[-2.8469,51.29509],[-2.84681,51.29549],[-2.84666,51.29548],[-2.84679,51.29486],[-2.84687,51.29411],[-2.8471,51.29412],[-2.84736,51.29404],[-2.84795,51.29379],[-2.84825,51.29362],[-2.84839,51.29345],[-2.84848,51.29343],[-2.84853,51.29347],[-2.84853,51.29359],[-2.84837,51.29372],[-2.84802,51.29391],[-2.84752,51.29411],[-2.84729,51.29428],[-2.84707,51.29454],[-2.8469,51.2946]]]}},{"type":"Feature","properties":{"MainHabs":"Deciduous woodland","HabCodes":"DWOOD","AddHabs":"CFPGM","PrimSource":"National Forest Inventory 2024 (DWOOD)","AreaHa":0.05,"Version":"Sept_26","UID":"PHID34110047_016152986"},"geometry":{"type":"Polygon","coordinates":[[[-2.84686,51.34885],[-2.847,51.34895],[-2.84722,51.34919],[-2.84718,51.3492],[-2.84698,51.34897],[-2.84684,51.34887],[-2.8467,51.34907],[-2.84669,51.34915],[-2.84713,51.34975],[-2.8471,51.34975],[-2.84665,51.34914],[-2.84666,51.34906],[-2.84683,51.34884],[-2.84686,51.34885]]]}},{"type":"Feature","properties":{"MainHabs":"Deciduous woodland","HabCodes":"DWOOD","AddHabs":"LHEAT","PrimSource":"National Forest Inventory 2024 (DWOOD)","AreaHa":0.95,"Version":"Sept_26","UID":"PHID34120778_015556552"},"geometry":{"type":"Polygon","coordinates":[[[-2.84593,51.29654],[-2.84514,51.29682],[-2.845,51.29683],[-2.84487,51.29678],[-2.84439,51.29641],[-2.84437,51.29631],[-2.84425,51.29622],[-2.8442,51.29605],[-2.84408,51.29589],[-2.84405,51.29574],[-2.84415,51.29566],[-2.84429,51.29562],[-2.84436,51.29564],[-2.84443,51.29568],[-2.84467,51.29604],[-2.84473,51.29608],[-2.84526,51.29625],[-2.84641,51.29639],[-2.84645,51.29636],[-2.84664,51.29588],[-2.8466,51.29574],[-2.84666,51.29548],[-2.84681,51.29549],[-2.8467,51.29594],[-2.84668,51.29646],[-2.8466,51.29652],[-2.84653,51.29653],[-2.84612,51.29656],[-2.84593,51.29654]]]}},{"type":"Feature","properties":{"MainHabs":"Deciduous woodland","HabCodes":"DWOOD","PrimSource":"National Forest Inventory 2024 (DWOOD)","AreaHa":0.11,"Version":"Sept_26","UID":"PHID34123406_015617820"},"geometry":{"type":"Polygon","coordinates":[[[-2.84405,51.30156],[-2.84459,51.30154],[-2.84465,51.30179],[-2.84405,51.30181],[-2.84405,51.30156]]]}},{"type":"Feature","properties":{"MainHabs":"Deciduous woodland","HabCodes":"DWOOD","PrimSource":"National Forest Inventory 2024 (DWOOD)","AreaHa":34.73,"Version":"Sept_26","UID":"PHID34124863_015899569"},"geometry":{"type":"Polygon","coordinates":[[[-2.85497,51.32662],[-2.85468,51.32661],[-2.85469,51.32657],[-2.85403,51.32646],[-2.85414,51.3263],[-2.85435,51.3262],[-2.85448,51.32619],[-2.85302,51.32578],[-2.85279,51.32575],[-2.85231,51.32586],[-2.85199,51.32585],[-2.8519,51.32578],[-2.85188,51.32566],[-2.85188,51.3256],[-2.85199,51.32558],[-2.85198,51.32556],[-2.85041,51.3257],[-2.8504,51.32573],[-2.85007,51.32577],[-2.84987,51.32593],[-2.84814,51.32605],[-2.84663,51.32624],[-2.84622,51.32642],[-2.84608,51.32662],[-2.84603,51.32679],[-2.84619,51.32705],[-2.84633,51.32718],[-2.8466,51.32736],[-2.847,51.32754],[-2.84843,51.32799],[-2.84905,51.32806],[-2.8514,51.32808],[-2.85176,51.32806],[-2.85198,51.32794],[-2.85201,51.32788],[-2.852,51.32772],[-2.85188,51.32743],[-2.8517,51.32715],[-2.85126,51.32664],[-2.85106,51.32646],[-2.85086,51.32633],[-2.85124,51.32627],[-2.85146,51.32643],[-2.85171,51.32632],[-2.85164,51.32623],[-2.8517,51.32612],[-2.85166,51.32601],[-2.85174,51.32593],[-2.8519,51.32584],[-2.85199,51.32589],[-2.85211,51.3259],[-2.8522,51.32598],[-2.85192,51.32614],[-2.85198,51.32618],[-2.85244,51.32638],[-2.853,51.32667],[-2.85381,51.32691],[-2.85376,51.32712],[-2.85351,51.3271],[-2.8541,51.32759],[-2.85432,51.32783],[-2.85459,51.3283],[-2.85464,51.32845],[-2.8546,51.32917],[-2.85444,51.32935],[-2.85405,51.32951],[-2.85306,51.32973],[-2.85237,51.32984],[-2.85231,51.32987],[-2.85229,51.32996],[-2.85217,51.32998],[-2.85214,51.3299],[-2.85208,51.32987],[-2.85076,51.32974],[-2.85093,51.32959],[-2.85131,51.32963],[-2.85172,51.32947],[-2.85151,51.3293],[-2.85112,51.32921],[-2.85082,51.32931],[-2.84999,51.32921],[-2.84971,51.32906],[-2.84904,51.32883],[-2.8485,51.32891],[-2.84805,51.32881],[-2.84723,51.32851],[-2.84708,51.3287],[-2.84787,51.32901],[-2.84809,51.32905],[-2.8482,51.32942],[-2.84778,51.32942],[-2.84771,51.32945],[-2.84745,51.32931],[-2.84638,51.32895],[-2.84532,51.3285],[-2.845,51.32843],[-2.84475,51.32832],[-2.84439,51.32795],[-2.84407,51.3275],[-2.84393,51.32734],[-2.84355,51.32716],[-2.8431,51.32708],[-2.84299,51.32696],[-2.84304,51.32671],[-2.84345,51.3263],[-2.84441,51.32574],[-2.84481,51.3256],[-2.84528,51.32537],[-2.84614,51.32515],[-2.84695,51.32502],[-2.84728,51.32493],[-2.84869,51.32481],[-2.8495,51.3246],[-2.85208,51.32476],[-2.85314,51.32474],[-2.85424,51.32469],[-2.85468,51.32459],[-2.85467,51.32451],[-2.85497,51.32447],[-2.85497,51.32662]]]}},{"type":"Feature","properties":{"MainHabs":"Deciduous woodland","HabCodes":"DWOOD","AddHabs":"LHEAT","PrimSource":"National Trust Habitats Data 2021 (DWOOD)","AreaHa":3.04,"Version":"Sept_26","UID":"PHID34133443_015545114"},"geometry":{"type":"Polygon","coordinates":[[[-2.84141,51.29357],[-2.84159,51.29357],[-2.84174,51.29367],[-2.84176,51.2938],[-2.84202,51.29411],[-2.84226,51.2942],[-2.84235,51.29431],[-2.84249,51.29439],[-2.84277,51.29444],[-2.84325,51.2944],[-2.84356,51.29451],[-2.84382,51.29442],[-2.84392,51.29448],[-2.84401,51.29468],[-2.84405,51.29488],[-2.84407,51.29514],[-2.844,51.29531],[-2.84406,51.29549],[-2.84429,51.29562],[-2.84415,51.29566],[-2.84405,51.29574],[-2.84408,51.29589],[-2.8442,51.29605],[-2.84425,51.29622],[-2.84437,51.29631],[-2.84439,51.29641],[-2.84407,51.29635],[-2.84351,51.29619],[-2.84336,51.29623],[-2.84325,51.29637],[-2.8431,51.29642],[-2.84292,51.29606],[-2.84268,51.29571],[-2.84238,51.29546],[-2.84216,51.29537],[-2.84223,51.29577],[-2.84221,51.29586],[-2.8418,51.29587],[-2.84204,51.29566],[-2.84202,51.29562],[-2.84196,51.29561],[-2.84191,51.2955],[-2.842,51.29541],[-2.84196,51.29528],[-2.84202,51.29512],[-2.84197,51.295],[-2.84189,51.29494],[-2.84181,51.29493],[-2.84177,51.29509],[-2.84164,51.29521],[-2.84175,51.29491],[-2.84172,51.29486],[-2.84167,51.29487],[-2.84158,51.295],[-2.84152,51.29523],[-2.84147,51.29518],[-2.84147,51.2951],[-2.84126,51.2951],[-2.84118,51.29502],[-2.84141,51.29488],[-2.8417,51.29478],[-2.84178,51.2947],[-2.84194,51.2947],[-2.84213,51.29482],[-2.84216,51.29469],[-2.84207,51.2945],[-2.84197,51.29442],[-2.84181,51.29437],[-2.84147,51.29435],[-2.8414,51.29418],[-2.84154,51.29403],[-2.84157,51.29392],[-2.84143,51.29376],[-2.84141,51.29357]]]}},{"type":"Feature","properties":{"MainHabs":"Deciduous woodland","HabCodes":"DWOOD","AddHabs":"LHEAT","PrimSource":"National Trust Habitats Data 2021 (DWOOD)","AreaHa":0.2,"Version":"Sept_26","UID":"PHID34137395_015493295"},"geometry":{"type":"Polygon","coordinates":[[[-2.84246,51.29024],[-2.84284,51.29026],[-2.84288,51.29049],[-2.84287,51.2906],[-2.84275,51.29074],[-2.84255,51.29087],[-2.8422,51.29095],[-2.8423,51.29082],[-2.84237,51.29079],[-2.84238,51.29075],[-2.84202,51.2904],[-2.84203,51.29031],[-2.84213,51.29031],[-2.8421,51.29044],[-2.8424,51.29075],[-2.8425,51.29074],[-2.84261,51.29063],[-2.84287,51.29055],[-2.84285,51.29051],[-2.84221,51.29024],[-2.8415,51.29018],[-2.84148,51.29015],[-2.84136,51.29018],[-2.84139,51.29007],[-2.84153,51.29012],[-2.84179,51.29013],[-2.8421,51.2902],[-2.8422,51.29015],[-2.84246,51.29024]]]}},{"type":"Feature","properties":{"MainHabs":"Deciduous woodland","HabCodes":"DWOOD","PrimSource":"National Forest Inventory 2024 (DWOOD)","AreaHa":0.35,"Version":"Sept_26","UID":"PHID34140691_015644564"},"geometry":{"type":"Polygon","coordinates":[[[-2.84123,51.30376],[-2.84137,51.30372],[-2.84144,51.30383],[-2.84162,51.30389],[-2.84237,51.30412],[-2.84297,51.30424],[-2.84297,51.30443],[-2.84286,51.30443],[-2.8428,51.30447],[-2.84258,51.30445],[-2.84224,51.30438],[-2.84182,51.30425],[-2.84142,51.30402],[-2.84132,51.30391],[-2.84123,51.30376]]]}},{"type":"Feature","properties":{"MainHabs":"Deciduous woodland","HabCodes":"DWOOD","AddHabs":"LCGRA, LHEAT","PrimSource":"National Forest Inventory 2024 (DWOOD)","AreaHa":2.53,"Version":"Sept_26","UID":"PHID34143995_015518105"},"geometry":{"type":"Polygon","coordinates":[[[-2.84018,51.29235],[-2.84018,51.29227],[-2.84022,51.29221],[-2.8405,51.29214],[-2.84062,51.29204],[-2.84109,51.29204],[-2.84143,51.29194],[-2.84151,51.29185],[-2.84154,51.29174],[-2.84138,51.29148],[-2.84143,51.2913],[-2.84167,51.2912],[-2.84177,51.29104],[-2.842,51.29104],[-2.84229,51.29093],[-2.84226,51.29119],[-2.84217,51.29133],[-2.84212,51.29161],[-2.84189,51.29191],[-2.84183,51.29209],[-2.84183,51.29226],[-2.84188,51.29232],[-2.84189,51.29242],[-2.84186,51.29255],[-2.8419,51.29268],[-2.84189,51.29286],[-2.84183,51.29298],[-2.84188,51.29309],[-2.84191,51.29329],[-2.84201,51.29342],[-2.84232,51.29368],[-2.84253,51.29378],[-2.84259,51.2937],[-2.84277,51.29376],[-2.84296,51.29385],[-2.84382,51.29442],[-2.84356,51.29451],[-2.84325,51.2944],[-2.84277,51.29444],[-2.84244,51.29437],[-2.84226,51.2942],[-2.84202,51.29411],[-2.84176,51.2938],[-2.84174,51.29367],[-2.84159,51.29357],[-2.84141,51.29357],[-2.84135,51.29346],[-2.84111,51.29325],[-2.84123,51.29315],[-2.84098,51.29281],[-2.84082,51.29277],[-2.84054,51.29276],[-2.84056,51.29254],[-2.84032,51.29249],[-2.84018,51.29235]]]}},{"type":"Feature","properties":{"MainHabs":"Deciduous woodland","HabCodes":"DWOOD","AddHabs":"LHEAT","PrimSource":"National Trust Habitats Data 2021 (DWOOD)","AreaHa":0.22,"Version":"Sept_26","UID":"PHID34145837_015522219"},"geometry":{"type":"Polygon","coordinates":[[[-2.84054,51.29276],[-2.84082,51.29277],[-2.84098,51.29281],[-2.84123,51.29315],[-2.84111,51.29325],[-2.84139,51.29351],[-2.84133,51.29346],[-2.84089,51.29338],[-2.84076,51.29323],[-2.84064,51.29297],[-2.84055,51.29286],[-2.84054,51.29276]]]}},{"type":"Feature","properties":{"MainHabs":"Deciduous woodland","HabCodes":"DWOOD","PrimSource":"National Forest Inventory 2024 (DWOOD)","AreaHa":0.04,"Version":"Sept_26","UID":"PHID34146789_015775351"},"geometry":{"type":"Polygon","coordinates":[[[-2.8413,51.31577],[-2.84137,51.31568],[-2.84143,51.31567],[-2.84142,51.31569],[-2.8412,51.31592],[-2.84104,51.316],[-2.84076,51.31605],[-2.84044,51.31605],[-2.84043,51.31595],[-2.84076,51.316],[-2.84093,51.316],[-2.84105,51.31597],[-2.8413,51.31577]]]}},{"type":"Feature","properties":{"MainHabs":"Deciduous woodland","HabCodes":"DWOOD","PrimSource":"National Forest Inventory 2024 (DWOOD)","AreaHa":0.13,"Version":"Sept_26","UID":"PHID34147162_015778145"},"geometry":{"type":"Polygon","coordinates":[[[-2.84155,51.31588],[-2.84161,51.31583],[-2.8416,51.31591],[-2.8412,51.31624],[-2.84107,51.31653],[-2.84098,51.31651],[-2.841,51.31641],[-2.84096,51.31638],[-2.84097,51.31633],[-2.84085,51.3162],[-2.8413,51.31597],[-2.84145,51.31581],[-2.84149,51.3157],[-2.84153,51.31572],[-2.84149,51.31584],[-2.84155,51.31588]]]}},{"type":"Feature","properties":{"MainHabs":"Deciduous woodland","HabCodes":"DWOOD","PrimSource":"National Forest Inventory 2024 (DWOOD)","AreaHa":0.49,"Version":"Sept_26","UID":"PHID34148977_015695019"},"geometry":{"type":"Polygon","coordinates":[[[-2.84062,51.30881],[-2.84058,51.30881],[-2.84049,51.30871],[-2.84048,51.30865],[-2.84036,51.30857],[-2.83999,51.30802],[-2.83981,51.30785],[-2.83976,51.30774],[-2.8398,51.30764],[-2.84,51.30762],[-2.84016,51.30783],[-2.84076,51.30801],[-2.84104,51.30815],[-2.84094,51.30823],[-2.84028,51.30793],[-2.84018,51.30793],[-2.84018,51.30797],[-2.8403,51.30807],[-2.84066,51.30851],[-2.84083,51.30853],[-2.84102,51.3085],[-2.84137,51.30843],[-2.84136,51.30841],[-2.8415,51.30835],[-2.84182,51.3085],[-2.84062,51.30881]]]}},{"type":"Feature","properties":{"MainHabs":"Deciduous woodland","HabCodes":"DWOOD","AddHabs":"LHEAT","PrimSource":"National Trust Habitats Data 2021 (DWOOD)","AreaHa":0.14,"Version":"Sept_26","UID":"PHID34152632_015491478"},"geometry":{"type":"Polygon","coordinates":[[[-2.83991,51.29068],[-2.83964,51.2906],[-2.83963,51.29001],[-2.84007,51.29028],[-2.84032,51.29037],[-2.84018,51.2904],[-2.83987,51.29035],[-2.83983,51.29042],[-2.83986,51.29053],[-2.84008,51.29063],[-2.84005,51.29066],[-2.83991,51.29068]]]}},{"type":"Feature","properties":{"MainHabs":"Deciduous woodland","HabCodes":"DWOOD","PrimSource":"National Forest Inventory 2024 (DWOOD)","AreaHa":5.65,"Version":"Sept_26","UID":"PHID34153011_015618482"},"geometry":{"type":"Polygon","coordinates":[[[-2.83856,51.30129],[-2.84404,51.30195],[-2.84405,51.3031],[-2.84194,51.30278],[-2.83988,51.30249],[-2.83982,51.30251],[-2.83955,51.30233],[-2.83899,51.3021],[-2.83819,51.30185],[-2.83642,51.30149],[-2.83611,51.30138],[-2.8358,51.30122],[-2.83571,51.30115],[-2.83577,51.30109],[-2.83635,51.30133],[-2.83654,51.30133],[-2.83654,51.30126],[-2.8366,51.30126],[-2.83748,51.30141],[-2.83762,51.30139],[-2.83772,51.30131],[-2.83758,51.30105],[-2.83759,51.30094],[-2.83765,51.30086],[-2.83784,51.30074],[-2.83832,51.30054],[-2.83862,51.30042],[-2.83875,51.30041],[-2.83873,51.30047],[-2.83858,51.30046],[-2.83858,51.30051],[-2.83862,51.30051],[-2.83873,51.3006],[-2.83856,51.30129]]]}},{"type":"Feature","properties":{"MainHabs":"Deciduous woodland","HabCodes":"DWOOD","PrimSource":"National Forest Inventory 2024 (DWOOD)","AreaHa":0.1,"Version":"Sept_26","UID":"PHID34153165_015779124"},"geometry":{"type":"Polygon","coordinates":[[[-2.83975,51.31626],[-2.84023,51.31611],[-2.84049,51.31609],[-2.84067,51.31613],[-2.84092,51.31633],[-2.8405,51.31623],[-2.83975,51.31629],[-2.83975,51.31626]]]}},{"type":"Feature","properties":{"MainHabs":"Deciduous woodland","HabCodes":"DWOOD","PrimSource":"National Forest Inventory 2024 (DWOOD)","AreaHa":0.4,"Version":"Sept_26","UID":"PHID34157019_015783788"},"geometry":{"type":"Polygon","coordinates":[[[-2.84052,51.31629],[-2.84052,51.31633],[-2.84043,51.31647],[-2.84045,51.31661],[-2.84041,51.31669],[-2.84024,51.31683],[-2.84,51.31695],[-2.83984,51.31698],[-2.83961,51.31699],[-2.83933,51.31687],[-2.83899,51.31679],[-2.83905,51.31664],[-2.83986,51.31654],[-2.8403,51.3164],[-2.84045,51.31626],[-2.84052,51.31629]]]}},{"type":"Feature","properties":{"MainHabs":"Deciduous woodland","HabCodes":"DWOOD","PrimSource":"National Forest Inventory 2024 (DWOOD)","AreaHa":0.19,"Version":"Sept_26","UID":"PHID34158059_015781643"},"geometry":{"type":"Polygon","coordinates":[[[-2.83962,51.31634],[-2.84042,51.31625],[-2.84026,51.31639],[-2.83985,51.31652],[-2.83911,51.31662],[-2.83906,51.31663],[-2.83907,51.31651],[-2.83916,51.31644],[-2.83939,51.31637],[-2.83962,51.31636],[-2.83962,51.31634]]]}},{"type":"Feature","properties":{"MainHabs":"Deciduous woodland","HabCodes":"DWOOD","PrimSource":"National Forest Inventory 2024 (DWOOD)","AreaHa":0.23,"Version":"Sept_26","UID":"PHID34159143_015977216"},"geometry":{"type":"Polygon","coordinates":[[[-2.83978,51.33307],[-2.8398,51.3334],[-2.83976,51.3334],[-2.83977,51.33352],[-2.83982,51.33351],[-2.83983,51.33391],[-2.8398,51.3347],[-2.83977,51.33472],[-2.83976,51.33482],[-2.83963,51.3348],[-2.83967,51.33403],[-2.83965,51.33337],[-2.83965,51.33333],[-2.83961,51.33333],[-2.83964,51.33325],[-2.83955,51.33315],[-2.8396,51.33309],[-2.83986,51.33299],[-2.84002,51.33304],[-2.83978,51.33307]]]}},{"type":"Feature","properties":{"MainHabs":"Deciduous woodland","HabCodes":"DWOOD","PrimSource":"National Forest Inventory 2024 (DWOOD)","AreaHa":0.1,"Version":"Sept_26","UID":"PHID34161087_015968691"},"geometry":{"type":"Polygon","coordinates":[[[-2.8395,51.3331],[-2.8395,51.33315],[-2.83959,51.33326],[-2.83963,51.3336],[-2.83961,51.33452],[-2.83951,51.33441],[-2.83953,51.33376],[-2.83962,51.33376],[-2.83962,51.33373],[-2.83953,51.33373],[-2.8395,51.33322],[-2.83938,51.33311],[-2.8395,51.3331]]]}},{"type":"Feature","properties":{"MainHabs":"Deciduous woodland","HabCodes":"DWOOD","AddHabs":"LHEAT","PrimSource":"National Trust Habitats Data 2021 (DWOOD)","AreaHa":0.38,"Version":"Sept_26","UID":"PHID34163547_015491008"},"geometry":{"type":"Polygon","coordinates":[[[-2.83809,51.2904],[-2.83807,51.29034],[-2.83784,51.2902],[-2.83765,51.29017],[-2.83735,51.29019],[-2.83731,51.29013],[-2.83716,51.29006],[-2.83785,51.29004],[-2.83808,51.2901],[-2.83834,51.29027],[-2.83857,51.2903],[-2.83932,51.29002],[-2.83953,51.28999],[-2.83956,51.29059],[-2.83931,51.29055],[-2.83923,51.29062],[-2.83885,51.29056],[-2.83888,51.2905],[-2.83899,51.29047],[-2.83941,51.29047],[-2.83942,51.29035],[-2.83933,51.2902],[-2.83914,51.29021],[-2.83899,51.29035],[-2.83893,51.29035],[-2.83886,51.2903],[-2.83877,51.2903],[-2.83856,51.2904],[-2.83818,51.29049],[-2.83808,51.29047],[-2.83809,51.2904]]]}},{"type":"Feature","properties":{"MainHabs":"Deciduous woodland","HabCodes":"DWOOD","AddHabs":"LHEAT","PrimSource":"National Trust Habitats Data 2021 (DWOOD)","AreaHa":0.11,"Version":"Sept_26","UID":"PHID34165227_015525568"},"geometry":{"type":"Polygon","coordinates":[[[-2.83838,51.29358],[-2.83837,51.29371],[-2.83796,51.29352],[-2.83807,51.29342],[-2.83823,51.29318],[-2.83841,51.29321],[-2.83838,51.29358]]]}},{"type":"Feature","properties":{"MainHabs":"Deciduous woodland","HabCodes":"DWOOD","AddHabs":"CFPGM","PrimSource":"National Forest Inventory 2024 (DWOOD)","AreaHa":0.37,"Version":"Sept_26","UID":"PHID34165594_015462065"},"geometry":{"type":"Polygon","coordinates":[[[-2.83864,51.28751],[-2.8387,51.28754],[-2.83846,51.28786],[-2.83847,51.28788],[-2.83874,51.28756],[-2.83835,51.28808],[-2.83806,51.28801],[-2.83794,51.28801],[-2.83771,51.28804],[-2.8375,51.28814],[-2.83732,51.28791],[-2.83785,51.28782],[-2.83806,51.2874],[-2.8386,51.2875],[-2.83866,51.28747],[-2.83864,51.28751]]]}},{"type":"Feature","properties":{"MainHabs":"Deciduous woodland","HabCodes":"DWOOD","PrimSource":"National Forest Inventory 2024 (DWOOD)","AreaHa":1.63,"Version":"Sept_26","UID":"PHID34167936_015911649"},"geometry":{"type":"Polygon","coordinates":[[[-2.83783,51.32538],[-2.83797,51.32538],[-2.83813,51.32593],[-2.83919,51.33023],[-2.83911,51.33023],[-2.83896,51.33008],[-2.83866,51.33012],[-2.83846,51.32917],[-2.83818,51.32917],[-2.83798,51.32849],[-2.83828,51.32842],[-2.83813,51.32781],[-2.83827,51.32779],[-2.83796,51.3266],[-2.8378,51.32614],[-2.83775,51.32576],[-2.83766,51.32537],[-2.83783,51.32538]]]}},{"type":"Feature","properties":{"MainHabs":"Deciduous woodland","HabCodes":"DWOOD","PrimSource":"National Forest Inventory 2024 (DWOOD)","AreaHa":0.24,"Version":"Sept_26","UID":"PHID34168276_015782708"},"geometry":{"type":"Polygon","coordinates":[[[-2.8391,51.31643],[-2.83911,51.31644],[-2.83904,51.31652],[-2.83902,51.31663],[-2.8385,51.31666],[-2.83764,51.31663],[-2.83705,51.31649],[-2.83744,51.31646],[-2.83803,51.31649],[-2.8391,51.31643]]]}},{"type":"Feature","properties":{"MainHabs":"Deciduous woodland","HabCodes":"DWOOD","AddHabs":"LHEAT","PrimSource":"National Trust Habitats Data 2021 (DWOOD)","AreaHa":0.49,"Version":"Sept_26","UID":"PHID34170885_015509372"},"geometry":{"type":"Polygon","coordinates":[[[-2.83839,51.29194],[-2.83814,51.2919],[-2.83791,51.292],[-2.83779,51.29211],[-2.83767,51.2923],[-2.83742,51.29237],[-2.83722,51.29231],[-2.83709,51.29222],[-2.83674,51.29216],[-2.83664,51.29201],[-2.837,51.29187],[-2.83695,51.29181],[-2.83704,51.29185],[-2.8372,51.29187],[-2.83785,51.29164],[-2.83798,51.29157],[-2.83816,51.29174],[-2.83834,51.29184],[-2.83839,51.29194]]]}},{"type":"Feature","properties":{"MainHabs":"Deciduous woodland","HabCodes":"DWOOD","PrimSource":"National Forest Inventory 2024 (DWOOD)","AreaHa":0.11,"Version":"Sept_26","UID":"PHID34172859_015780973"},"geometry":{"type":"Polygon","coordinates":[[[-2.83743,51.31645],[-2.83696,51.31646],[-2.837,51.31632],[-2.83803,51.31634],[-2.83805,51.31642],[-2.83837,51.3164],[-2.83838,51.31645],[-2.83806,51.31647],[-2.83743,51.31645]]]}},{"type":"Feature","properties":{"MainHabs":"Deciduous woodland","HabCodes":"DWOOD","PrimSource":"National Trust Habitats Data 2021 (DWOOD)","AreaHa":0.18,"Version":"Sept_26","UID":"PHID34173054_015524338"},"geometry":{"type":"Polygon","coordinates":[[[-2.83713,51.29373],[-2.83695,51.29371],[-2.83698,51.29357],[-2.83696,51.29352],[-2.83677,51.29332],[-2.83689,51.29321],[-2.83688,51.29316],[-2.83695,51.29311],[-2.83704,51.29295],[-2.83704,51.29283],[-2.83717,51.29278],[-2.83717,51.29248],[-2.8373,51.2925],[-2.83734,51.29258],[-2.83727,51.29289],[-2.83711,51.29306],[-2.83708,51.29315],[-2.83713,51.29373]]]}},{"type":"Feature","properties":{"MainHabs":"Deciduous woodland","HabCodes":"DWOOD","PrimSource":"National Forest Inventory 2024 (DWOOD)","AreaHa":0.13,"Version":"Sept_26","UID":"PHID34173085_015783779"},"geometry":{"type":"Polygon","coordinates":[[[-2.83704,51.3165],[-2.83768,51.31666],[-2.83835,51.31667],[-2.83901,51.31665],[-2.83896,51.31679],[-2.83773,51.31674],[-2.83708,51.31656],[-2.83704,51.3165]]]}},{"type":"Feature","properties":{"MainHabs":"Deciduous woodland","HabCodes":"DWOOD","PrimSource":"National Forest Inventory 2024 (DWOOD)","AreaHa":0.6,"Version":"Sept_26","UID":"PHID34175728_015784019"},"geometry":{"type":"Polygon","coordinates":[[[-2.83685,51.31668],[-2.83693,51.31653],[-2.83756,51.31674],[-2.83904,51.31682],[-2.83928,51.31687],[-2.83959,51.317],[-2.83978,51.31701],[-2.84008,51.31694],[-2.84044,51.31669],[-2.84049,51.31663],[-2.84048,51.31645],[-2.84058,51.31627],[-2.84077,51.3163],[-2.84093,51.31636],[-2.84081,51.31642],[-2.8406,51.31644],[-2.84059,51.31648],[-2.84062,51.31649],[-2.84058,51.31667],[-2.84006,51.31702],[-2.83993,51.31703],[-2.83966,51.3171],[-2.83902,51.31707],[-2.83824,51.31694],[-2.83711,51.31686],[-2.83689,51.31681],[-2.83625,51.31643],[-2.83615,51.31629],[-2.83617,51.31623],[-2.8363,51.31643],[-2.83656,51.3164],[-2.83685,51.31668]]]}},{"type":"Feature","properties":{"MainHabs":"Deciduous woodland","HabCodes":"DWOOD","AddHabs":"LHEAT","PrimSource":"National Trust Habitats Data 2021 (DWOOD)","AreaHa":0.61,"Version":"Sept_26","UID":"PHID34176460_015498607"},"geometry":{"type":"Polygon","coordinates":[[[-2.83691,51.29051],[-2.83681,51.29079],[-2.83678,51.29102],[-2.83694,51.29137],[-2.83687,51.29169],[-2.83688,51.29174],[-2.83662,51.2917],[-2.83648,51.29161],[-2.83649,51.29151],[-2.83614,51.29142],[-2.83621,51.29104],[-2.83625,51.2906],[-2.83634,51.29035],[-2.83662,51.29038],[-2.83681,51.29044],[-2.83691,51.29051]]]}},{"type":"Feature","properties":{"MainHabs":"Deciduous woodland","HabCodes":"DWOOD","FeatDesc":"Upland mixed ashwoods","FeatCodes":"UMAWD","OtherClass":"Annex1(H9180)","PrimSource":"National Forest Inventory 2024 (DWOOD)","AreaHa":3.85,"Version":"Sept_26","UID":"PHID34177257_015583991"},"geometry":{"type":"Polygon","coordinates":[[[-2.83509,51.29997],[-2.83534,51.29978],[-2.83563,51.29949],[-2.83607,51.29869],[-2.83624,51.29847],[-2.8363,51.29833],[-2.83626,51.29808],[-2.83642,51.29768],[-2.83655,51.29752],[-2.83669,51.29721],[-2.83699,51.29607],[-2.83712,51.29586],[-2.83747,51.29593],[-2.83791,51.29635],[-2.83801,51.29651],[-2.83797,51.29671],[-2.83782,51.29694],[-2.83783,51.29708],[-2.83791,51.29723],[-2.83784,51.29782],[-2.83777,51.29792],[-2.83777,51.29807],[-2.8377,51.29834],[-2.83754,51.29852],[-2.83749,51.29867],[-2.83735,51.29888],[-2.83723,51.29894],[-2.83718,51.2991],[-2.83699,51.29937],[-2.83692,51.29942],[-2.83689,51.29949],[-2.83677,51.2996],[-2.83673,51.29975],[-2.83668,51.2998],[-2.83613,51.29992],[-2.83587,51.29991],[-2.83566,51.3],[-2.83542,51.30004],[-2.8353,51.30004],[-2.83509,51.29997]]]}},{"type":"Feature","properties":{"MainHabs":"Deciduous woodland","HabCodes":"DWOOD","PrimSource":"National Forest Inventory 2024 (DWOOD)","AreaHa":0.01,"Version":"Sept_26","UID":"PHID34181853_015605204"},"geometry":{"type":"Polygon","coordinates":[[[-2.83587,51.30066],[-2.83585,51.30057],[-2.836,51.30056],[-2.83601,51.30065],[-2.83587,51.30066]]]}},{"type":"Feature","properties":{"MainHabs":"Deciduous woodland","HabCodes":"DWOOD","PrimSource":"National Forest Inventory 2024 (DWOOD)","AreaHa":0.01,"Version":"Sept_26","UID":"PHID34183150_015605431"},"geometry":{"type":"Polygon","coordinates":[[[-2.83566,51.30058],[-2.83582,51.30057],[-2.83584,51.30066],[-2.83569,51.30068],[-2.83566,51.30066],[-2.83566,51.30058]]]}},{"type":"Feature","properties":{"MainHabs":"Deciduous woodland","HabCodes":"DWOOD","PrimSource":"National Forest Inventory 2024 (DWOOD)","AreaHa":0.29,"Version":"Sept_26","UID":"PHID34183419_015782580"},"geometry":{"type":"Polygon","coordinates":[[[-2.83584,51.3165],[-2.83622,51.31644],[-2.83685,51.31682],[-2.83594,51.31686],[-2.83589,51.31668],[-2.8357,51.31671],[-2.83565,51.31676],[-2.83563,51.31669],[-2.83553,51.31626],[-2.83577,51.31624],[-2.83584,51.3165]]]}},{"type":"Feature","properties":{"MainHabs":"Deciduous woodland","HabCodes":"DWOOD","PrimSource":"National Forest Inventory 2024 (DWOOD)","AreaHa":0.91,"Version":"Sept_26","UID":"PHID34184437_015615740"},"geometry":{"type":"Polygon","coordinates":[[[-2.836,51.30164],[-2.83603,51.30164],[-2.83606,51.30155],[-2.83591,51.30137],[-2.83591,51.30134],[-2.83632,51.30149],[-2.83668,51.30159],[-2.83826,51.30191],[-2.83816,51.30205],[-2.83805,51.30208],[-2.83753,51.30195],[-2.83711,51.30178],[-2.83671,51.30173],[-2.83662,51.30175],[-2.83657,51.30193],[-2.83648,51.30191],[-2.83646,51.30195],[-2.83627,51.30198],[-2.83616,51.30204],[-2.836,51.302],[-2.83609,51.30182],[-2.83606,51.30181],[-2.83598,51.30199],[-2.83578,51.30194],[-2.83499,51.30168],[-2.83525,51.30145],[-2.83505,51.30134],[-2.83512,51.30109],[-2.83524,51.301],[-2.83558,51.30108],[-2.83572,51.30124],[-2.83585,51.30131],[-2.83584,51.30137],[-2.83603,51.30155],[-2.836,51.30164]]]}},{"type":"Feature","properties":{"MainHabs":"Deciduous woodland","HabCodes":"DWOOD","PrimSource":"National Forest Inventory 2024 (DWOOD)","AreaHa":0.05,"Version":"Sept_26","UID":"PHID34185281_015608190"},"geometry":{"type":"Polygon","coordinates":[[[-2.83565,51.30095],[-2.83547,51.30094],[-2.83545,51.30097],[-2.83514,51.30085],[-2.8355,51.30077],[-2.83553,51.30081],[-2.83547,51.30082],[-2.83552,51.30089],[-2.83567,51.30089],[-2.83574,51.30093],[-2.83575,51.30097],[-2.83572,51.301],[-2.83568,51.30101],[-2.83565,51.30095]]]}},{"type":"Feature","properties":{"MainHabs":"Deciduous woodland","HabCodes":"DWOOD","AddHabs":"LCGRA, LHEAT","PrimSource":"National Forest Inventory 2024 (DWOOD)","AreaHa":12.16,"Version":"Sept_26","UID":"PHID34186406_015602901"},"geometry":{"type":"Polygon","coordinates":[[[-2.83881,51.30024],[-2.83894,51.30033],[-2.83942,51.30031],[-2.83914,51.3004],[-2.83863,51.30038],[-2.83771,51.30077],[-2.83758,51.30087],[-2.83751,51.30096],[-2.83752,51.30105],[-2.83765,51.30128],[-2.83764,51.30134],[-2.83754,51.30137],[-2.83642,51.30124],[-2.83644,51.30122],[-2.83641,51.30109],[-2.83638,51.30103],[-2.83635,51.30104],[-2.8363,51.30086],[-2.83633,51.30085],[-2.83631,51.30072],[-2.83626,51.30072],[-2.83625,51.30068],[-2.8357,51.30074],[-2.83561,51.30071],[-2.83601,51.30067],[-2.83605,51.30062],[-2.83602,51.30055],[-2.83598,51.30053],[-2.83564,51.30056],[-2.83562,51.3006],[-2.83564,51.30064],[-2.83554,51.30069],[-2.83516,51.30079],[-2.83506,51.3008],[-2.83492,51.30069],[-2.8348,51.30064],[-2.83463,51.30064],[-2.83444,51.30075],[-2.83427,51.30091],[-2.83417,51.30093],[-2.834,51.30089],[-2.83392,51.30073],[-2.83383,51.30068],[-2.83335,51.30068],[-2.83324,51.30075],[-2.83319,51.30093],[-2.83301,51.30113],[-2.83258,51.30105],[-2.83309,51.30083],[-2.83321,51.30073],[-2.83324,51.30065],[-2.83176,51.30073],[-2.83168,51.30069],[-2.8315,51.30069],[-2.83143,51.30075],[-2.83137,51.3006],[-2.83092,51.30059],[-2.83087,51.30067],[-2.83036,51.30053],[-2.83058,51.29967],[-2.83078,51.29968],[-2.83078,51.3004],[-2.83085,51.3004],[-2.83085,51.2997],[-2.83108,51.29971],[-2.83113,51.29992],[-2.83173,51.29993],[-2.83161,51.29999],[-2.83177,51.29995],[-2.83191,51.2999],[-2.83207,51.29978],[-2.83271,51.29916],[-2.83302,51.29913],[-2.83323,51.29902],[-2.83396,51.29905],[-2.83396,51.29908],[-2.83327,51.29904],[-2.83303,51.29915],[-2.83271,51.29919],[-2.83209,51.29981],[-2.83183,51.29996],[-2.83204,51.30011],[-2.83223,51.30014],[-2.83242,51.30009],[-2.83272,51.30011],[-2.833,51.30008],[-2.83365,51.30011],[-2.83384,51.30016],[-2.83462,51.30021],[-2.83494,51.29997],[-2.83504,51.29997],[-2.83517,51.29987],[-2.83552,51.29956],[-2.83569,51.29934],[-2.83603,51.29869],[-2.83624,51.2984],[-2.83625,51.29825],[-2.83621,51.29809],[-2.83639,51.29767],[-2.83652,51.29751],[-2.83665,51.2972],[-2.83696,51.29605],[-2.83708,51.29585],[-2.83689,51.29582],[-2.83713,51.29529],[-2.83727,51.29463],[-2.83724,51.2944],[-2.83712,51.29413],[-2.83713,51.29371],[-2.83708,51.29316],[-2.83711,51.29306],[-2.83727,51.29289],[-2.83732,51.29273],[-2.83733,51.29253],[-2.8373,51.2925],[-2.83625,51.29236],[-2.83583,51.29227],[-2.83606,51.29181],[-2.83614,51.29142],[-2.83649,51.29151],[-2.83648,51.29159],[-2.83653,51.29165],[-2.83665,51.29171],[-2.83687,51.29173],[-2.83695,51.29181],[-2.837,51.29187],[-2.83664,51.29201],[-2.83674,51.29216],[-2.83709,51.29222],[-2.83722,51.29231],[-2.83742,51.29237],[-2.83767,51.2923],[-2.83779,51.29211],[-2.83791,51.292],[-2.83814,51.2919],[-2.83839,51.29194],[-2.8383,51.29216],[-2.8383,51.29254],[-2.83855,51.29262],[-2.83843,51.29276],[-2.83845,51.29279],[-2.83841,51.29321],[-2.83823,51.29318],[-2.83807,51.29342],[-2.83796,51.29352],[-2.83772,51.29354],[-2.83771,51.29384],[-2.83806,51.29421],[-2.83908,51.29471],[-2.83969,51.29494],[-2.8401,51.29539],[-2.84009,51.29546],[-2.84004,51.29548],[-2.83971,51.29547],[-2.83958,51.29552],[-2.83937,51.29539],[-2.83877,51.29537],[-2.83861,51.29543],[-2.83847,51.29557],[-2.83841,51.29571],[-2.83843,51.29594],[-2.83861,51.29643],[-2.83883,51.29683],[-2.83886,51.29701],[-2.83882,51.29722],[-2.83874,51.2974],[-2.83861,51.29757],[-2.83811,51.29788],[-2.83772,51.29865],[-2.83747,51.29895],[-2.83808,51.29915],[-2.83819,51.29916],[-2.83832,51.29927],[-2.83841,51.29946],[-2.83826,51.29945],[-2.83804,51.29934],[-2.83797,51.29935],[-2.83816,51.29965],[-2.83813,51.29969],[-2.838,51.29961],[-2.8379,51.29961],[-2.83792,51.29969],[-2.83796,51.29975],[-2.83811,51.29981],[-2.83885,51.30007],[-2.839,51.30017],[-2.83875,51.3002],[-2.83881,51.30024]],[[-2.83509,51.29997],[-2.8353,51.30004],[-2.83542,51.30004],[-2.83566,51.3],[-2.83587,51.29991],[-2.83613,51.29992],[-2.83668,51.2998],[-2.83673,51.29975],[-2.83677,51.2996],[-2.83689,51.29949],[-2.83692,51.29942],[-2.83699,51.29937],[-2.83718,51.2991],[-2.83723,51.29894],[-2.83735,51.29888],[-2.83749,51.29867],[-2.83754,51.29852],[-2.8377,51.29834],[-2.83777,51.29807],[-2.83777,51.29792],[-2.83784,51.29782],[-2.83791,51.29723],[-2.83783,51.29708],[-2.83782,51.29694],[-2.83797,51.29671],[-2.83801,51.29651],[-2.83791,51.29635],[-2.83747,51.29593],[-2.83712,51.29586],[-2.83699,51.29607],[-2.83669,51.29721],[-2.83655,51.29752],[-2.83642,51.29768],[-2.83626,51.29808],[-2.8363,51.29833],[-2.83624,51.29847],[-2.83607,51.29869],[-2.83563,51.29949],[-2.83534,51.29978],[-2.83509,51.29997]]]}},{"type":"Feature","properties":{"MainHabs":"Deciduous woodland","HabCodes":"DWOOD","FeatDesc":"Upland mixed ashwoods","FeatCodes":"UMAWD","OtherClass":"Annex1(H9180)","PrimSource":"National Forest Inventory 2024 (DWOOD)","AreaHa":5.07,"Version":"Sept_26","UID":"PHID34192583_015591543"},"geometry":{"type":"Polygon","coordinates":[[[-2.83708,51.29585],[-2.83696,51.29605],[-2.83664,51.29723],[-2.83652,51.29751],[-2.83639,51.29767],[-2.83621,51.29809],[-2.83626,51.29828],[-2.83623,51.29842],[-2.83603,51.29869],[-2.83562,51.29946],[-2.83517,51.29987],[-2.83504,51.29997],[-2.83494,51.29997],[-2.83462,51.30021],[-2.83384,51.30016],[-2.83355,51.3001],[-2.83297,51.30008],[-2.83272,51.30011],[-2.83242,51.30009],[-2.83227,51.30014],[-2.83204,51.30011],[-2.83183,51.29996],[-2.83209,51.29981],[-2.83273,51.29918],[-2.83303,51.29915],[-2.83327,51.29904],[-2.83396,51.29908],[-2.83396,51.29905],[-2.83328,51.29902],[-2.83301,51.29913],[-2.83271,51.29916],[-2.83207,51.29978],[-2.83188,51.29991],[-2.83161,51.29999],[-2.83185,51.29988],[-2.83193,51.29958],[-2.83231,51.29911],[-2.83237,51.29833],[-2.83246,51.29834],[-2.83248,51.29826],[-2.83252,51.29822],[-2.83288,51.29823],[-2.8333,51.29828],[-2.8334,51.29839],[-2.83536,51.29874],[-2.83548,51.29865],[-2.83556,51.29854],[-2.83576,51.29843],[-2.83625,51.29744],[-2.83607,51.29738],[-2.83637,51.29662],[-2.83668,51.29667],[-2.83689,51.29582],[-2.83708,51.29585]]]}},{"type":"Feature","properties":{"MainHabs":"Deciduous woodland","HabCodes":"DWOOD","PrimSource":"National Forest Inventory 2024 (DWOOD)","AreaHa":0.02,"Version":"Sept_26","UID":"PHID34196416_016086335"},"geometry":{"type":"Polygon","coordinates":[[[-2.83452,51.34375],[-2.83449,51.3437],[-2.83454,51.34365],[-2.83476,51.34408],[-2.83472,51.34409],[-2.83452,51.34375]]]}},{"type":"Feature","properties":{"MainHabs":"Deciduous woodland","HabCodes":"DWOOD","PrimSource":"National Forest Inventory 2024 (DWOOD)","AreaHa":0.01,"Version":"Sept_26","UID":"PHID34197539_015609537"},"geometry":{"type":"Polygon","coordinates":[[[-2.83381,51.30099],[-2.83377,51.30106],[-2.83357,51.30101],[-2.83363,51.30097],[-2.83382,51.30095],[-2.83381,51.30099]]]}},{"type":"Feature","properties":{"MainHabs":"Deciduous woodland","HabCodes":"DWOOD","PrimSource":"National Forest Inventory 2024 (DWOOD)","AreaHa":0.12,"Version":"Sept_26","UID":"PHID34198168_015608457"},"geometry":{"type":"Polygon","coordinates":[[[-2.8333,51.301],[-2.83328,51.30092],[-2.83331,51.30078],[-2.83341,51.30073],[-2.83381,51.30072],[-2.83393,51.30093],[-2.83363,51.30096],[-2.83346,51.30102],[-2.83338,51.3011],[-2.8333,51.301]]]}},{"type":"Feature","properties":{"MainHabs":"Deciduous woodland","HabCodes":"DWOOD","AddHabs":"CFPGM","PrimSource":"National Forest Inventory 2024 (DWOOD)","AreaHa":0.15,"Version":"Sept_26","UID":"PHID34200742_016089423"},"geometry":{"type":"Polygon","coordinates":[[[-2.83369,51.34466],[-2.83356,51.34456],[-2.83439,51.34361],[-2.83447,51.34378],[-2.83374,51.34461],[-2.83364,51.34453],[-2.83361,51.34455],[-2.83371,51.34463],[-2.83369,51.34466]]]}},{"type":"Feature","properties":{"MainHabs":"Deciduous woodland","HabCodes":"DWOOD","PrimSource":"National Forest Inventory 2024 (DWOOD)","AreaHa":0.02,"Version":"Sept_26","UID":"PHID34200830_015610541"},"geometry":{"type":"Polygon","coordinates":[[[-2.8332,51.30099],[-2.83333,51.30116],[-2.83331,51.30119],[-2.83316,51.30117],[-2.83312,51.30112],[-2.83311,51.30109],[-2.8332,51.30099]]]}},{"type":"Feature","properties":{"MainHabs":"Deciduous woodland","HabCodes":"DWOOD","PrimSource":"National Forest Inventory 2024 (DWOOD)","AreaHa":0.06,"Version":"Sept_26","UID":"PHID34201443_015924027"},"geometry":{"type":"Polygon","coordinates":[[[-2.83376,51.32898],[-2.83381,51.32897],[-2.83382,51.32917],[-2.83374,51.32931],[-2.83361,51.32938],[-2.83359,51.3295],[-2.83345,51.3294],[-2.83362,51.32924],[-2.83368,51.32902],[-2.83376,51.32898]]]}},{"type":"Feature","properties":{"MainHabs":"Deciduous woodland","HabCodes":"DWOOD","AddHabs":"CFPGM","PrimSource":"National Forest Inventory 2024 (DWOOD)","AreaHa":0.35,"Version":"Sept_26","UID":"PHID34203524_016081153"},"geometry":{"type":"Polygon","coordinates":[[[-2.83415,51.34341],[-2.83261,51.34373],[-2.83254,51.34351],[-2.83415,51.34317],[-2.83431,51.3431],[-2.83445,51.34331],[-2.83436,51.3434],[-2.83429,51.34341],[-2.83428,51.34338],[-2.83415,51.34341]]]}},{"type":"Feature","properties":{"MainHabs":"Deciduous woodland","HabCodes":"DWOOD","PrimSource":"National Forest Inventory 2024 (DWOOD)","AreaHa":1.65,"Version":"Sept_26","UID":"PHID34212781_015624407"},"geometry":{"type":"Polygon","coordinates":[[[-2.83164,51.30316],[-2.83159,51.30316],[-2.83146,51.30263],[-2.83145,51.30229],[-2.8315,51.30182],[-2.83133,51.30209],[-2.83127,51.30224],[-2.83113,51.30313],[-2.8311,51.30312],[-2.83124,51.30224],[-2.8313,51.30206],[-2.83116,51.30205],[-2.83097,51.30337],[-2.83097,51.30414],[-2.83082,51.30412],[-2.83083,51.30205],[-2.83076,51.30205],[-2.83074,51.30411],[-2.83068,51.3041],[-2.83062,51.30311],[-2.83044,51.30191],[-2.83063,51.30185],[-2.83082,51.30185],[-2.83097,51.30187],[-2.83118,51.30195],[-2.83123,51.30172],[-2.8315,51.30177],[-2.83159,51.30151],[-2.83145,51.3012],[-2.83149,51.30118],[-2.83176,51.30128],[-2.83189,51.30139],[-2.83193,51.30154],[-2.83188,51.30187],[-2.83203,51.30187],[-2.83215,51.30199],[-2.83222,51.30208],[-2.83226,51.30228],[-2.83261,51.30262],[-2.83259,51.30279],[-2.83177,51.30291],[-2.83178,51.30297],[-2.83172,51.30299],[-2.83167,51.30306],[-2.83169,51.30316],[-2.83164,51.30316]]]}},{"type":"Feature","properties":{"MainHabs":"Deciduous woodland","HabCodes":"DWOOD","AddHabs":"CFPGM","PrimSource":"National Forest Inventory 2024 (DWOOD)","AreaHa":0.69,"Version":"Sept_26","UID":"PHID34213055_016107955"},"geometry":{"type":"Polygon","coordinates":[[[-2.83036,51.34807],[-2.83033,51.3481],[-2.83018,51.34808],[-2.83162,51.34652],[-2.83148,51.34632],[-2.83134,51.34595],[-2.8322,51.34585],[-2.83348,51.34438],[-2.83351,51.34441],[-2.83353,51.34439],[-2.83349,51.34436],[-2.83432,51.34346],[-2.83437,51.34356],[-2.83036,51.34807]]]}},{"type":"Feature","properties":{"MainHabs":"Deciduous woodland","HabCodes":"DWOOD","AddHabs":"CFPGM","PrimSource":"National Forest Inventory 2024 (DWOOD)","AreaHa":0.62,"Version":"Sept_26","UID":"PHID34214793_016114334"},"geometry":{"type":"Polygon","coordinates":[[[-2.83274,51.34573],[-2.83188,51.34674],[-2.83057,51.34812],[-2.8304,51.34809],[-2.83351,51.34463],[-2.83357,51.34462],[-2.83367,51.34468],[-2.83326,51.34511],[-2.83274,51.34573]]]}},{"type":"Feature","properties":{"MainHabs":"Deciduous woodland","HabCodes":"DWOOD","PrimSource":"National Forest Inventory 2024 (DWOOD)","AreaHa":0.31,"Version":"Sept_26","UID":"PHID34218146_015528181"},"geometry":{"type":"Polygon","coordinates":[[[-2.83096,51.29334],[-2.83099,51.29346],[-2.83085,51.29361],[-2.83075,51.29376],[-2.83071,51.29394],[-2.83066,51.29398],[-2.83056,51.29393],[-2.83054,51.29354],[-2.83064,51.2934],[-2.83071,51.29339],[-2.83058,51.29303],[-2.83018,51.29226],[-2.83031,51.29224],[-2.83044,51.29239],[-2.83064,51.2928],[-2.83074,51.29278],[-2.83083,51.29297],[-2.83096,51.29334]]]}},{"type":"Feature","properties":{"MainHabs":"Deciduous woodland","HabCodes":"DWOOD","PrimSource":"National Forest Inventory 2024 (DWOOD)","AreaHa":0.11,"Version":"Sept_26","UID":"PHID34219445_015543342"},"geometry":{"type":"Polygon","coordinates":[[[-2.83025,51.29506],[-2.83039,51.29486],[-2.83053,51.29492],[-2.83068,51.29491],[-2.83067,51.29512],[-2.83042,51.29528],[-2.83021,51.29524],[-2.83021,51.29513],[-2.83028,51.29506],[-2.83025,51.29506]]]}},{"type":"Feature","properties":{"MainHabs":"Deciduous woodland","HabCodes":"DWOOD","PrimSource":"National Forest Inventory 2024 (DWOOD)","AreaHa":0.11,"Version":"Sept_26","UID":"PHID34220125_015517329"},"geometry":{"type":"Polygon","coordinates":[[[-2.83047,51.29344],[-2.83029,51.29286],[-2.83015,51.29253],[-2.83001,51.29229],[-2.83011,51.29227],[-2.83032,51.29264],[-2.83045,51.29294],[-2.8306,51.29341],[-2.83047,51.29344]]]}},{"type":"Feature","properties":{"MainHabs":"Deciduous woodland","HabCodes":"DWOOD","PrimSource":"National Forest Inventory 2024 (DWOOD)","AreaHa":0.02,"Version":"Sept_26","UID":"PHID34222235_015618409"},"geometry":{"type":"Polygon","coordinates":[[[-2.83016,51.30174],[-2.83027,51.30176],[-2.83018,51.30192],[-2.83005,51.3019],[-2.83016,51.30174]]]}},{"type":"Feature","properties":{"MainHabs":"Deciduous woodland","HabCodes":"DWOOD","PrimSource":"National Trust Habitats Data 2021 (DWOOD)","AreaHa":0.23,"Version":"Sept_26","UID":"PHID34222489_015605565"},"geometry":{"type":"Polygon","coordinates":[[[-2.82956,51.30046],[-2.83046,51.3006],[-2.83094,51.30074],[-2.83118,51.30084],[-2.8312,51.30088],[-2.82985,51.30072],[-2.82961,51.3007],[-2.82951,51.30073],[-2.82946,51.30054],[-2.82956,51.30046]]]}},{"type":"Feature","properties":{"MainHabs":"Deciduous woodland","HabCodes":"DWOOD","PrimSource":"National Forest Inventory 2024 (DWOOD)","AreaHa":0.07,"Version":"Sept_26","UID":"PHID34223083_015543222"},"geometry":{"type":"Polygon","coordinates":[[[-2.83007,51.29495],[-2.83011,51.29495],[-2.83003,51.29505],[-2.82976,51.29535],[-2.82973,51.29525],[-2.82981,51.29469],[-2.82981,51.29494],[-2.83007,51.29495]]]}},{"type":"Feature","properties":{"MainHabs":"Deciduous woodland","HabCodes":"DWOOD","PrimSource":"National Trust Habitats Data 2021 (DWOOD)","AreaHa":0.05,"Version":"Sept_26","UID":"PHID34225983_015513829"},"geometry":{"type":"Polygon","coordinates":[[[-2.82937,51.29225],[-2.82976,51.29303],[-2.82971,51.29302],[-2.82949,51.29251],[-2.82936,51.29229],[-2.82927,51.29223],[-2.82915,51.29196],[-2.82925,51.29192],[-2.82937,51.29225]]]}},{"type":"Feature","properties":{"MainHabs":"Deciduous woodland","HabCodes":"DWOOD","FeatDesc":"Upland mixed ashwoods","FeatCodes":"UMAWD","OtherClass":"Annex1(H9180)","PrimSource":"National Forest Inventory 2024 (DWOOD)","AreaHa":2.42,"Version":"Sept_26","UID":"PHID34226287_015558351"},"geometry":{"type":"Polygon","coordinates":[[[-2.82962,51.29646],[-2.82946,51.29701],[-2.82947,51.29713],[-2.8294,51.2974],[-2.82922,51.29767],[-2.82917,51.29781],[-2.82924,51.29823],[-2.82936,51.2987],[-2.82938,51.29918],[-2.82952,51.29976],[-2.82959,51.29993],[-2.82977,51.30015],[-2.82995,51.30026],[-2.83046,51.30021],[-2.83037,51.30054],[-2.82956,51.30041],[-2.82934,51.30034],[-2.82882,51.29926],[-2.8286,51.29858],[-2.82856,51.29824],[-2.82856,51.29781],[-2.82864,51.2974],[-2.82882,51.29691],[-2.82896,51.29664],[-2.8291,51.29644],[-2.82969,51.29567],[-2.83022,51.29505],[-2.83028,51.29506],[-2.83021,51.29513],[-2.83021,51.29524],[-2.83042,51.29528],[-2.83022,51.29551],[-2.82981,51.29607],[-2.82966,51.29632],[-2.82962,51.29646]]]}},{"type":"Feature","properties":{"MainHabs":"Deciduous woodland","HabCodes":"DWOOD","PrimSource":"National Forest Inventory 2024 (DWOOD)","AreaHa":0.9,"Version":"Sept_26","UID":"PHID34227330_015546626"},"geometry":{"type":"Polygon","coordinates":[[[-2.82967,51.29305],[-2.82978,51.29308],[-2.8297,51.29311],[-2.82976,51.29438],[-2.8298,51.29438],[-2.82973,51.29443],[-2.82974,51.29485],[-2.82969,51.29525],[-2.82973,51.29542],[-2.82898,51.29632],[-2.82889,51.29634],[-2.82882,51.29628],[-2.82909,51.29571],[-2.82942,51.29441],[-2.82948,51.29398],[-2.82949,51.29328],[-2.82941,51.29272],[-2.82932,51.29236],[-2.82938,51.29238],[-2.82946,51.29252],[-2.82967,51.29305]]]}},{"type":"Feature","properties":{"MainHabs":"Deciduous woodland","HabCodes":"DWOOD","AddHabs":"CFPGM","PrimSource":"National Forest Inventory 2024 (DWOOD)","AreaHa":0.24,"Version":"Sept_26","UID":"PHID34230364_016141204"},"geometry":{"type":"Polygon","coordinates":[[[-2.83051,51.34816],[-2.83054,51.34816],[-2.82936,51.34952],[-2.82922,51.34947],[-2.82921,51.34949],[-2.82934,51.34954],[-2.82932,51.34956],[-2.82914,51.3495],[-2.83035,51.34815],[-2.83051,51.34816]]]}},{"type":"Feature","properties":{"MainHabs":"Deciduous woodland","HabCodes":"DWOOD","PrimSource":"National Forest Inventory 2024 (DWOOD)","AreaHa":0.21,"Version":"Sept_26","UID":"PHID34230899_015608427"},"geometry":{"type":"Polygon","coordinates":[[[-2.82829,51.30091],[-2.82932,51.30071],[-2.82938,51.30088],[-2.82939,51.30113],[-2.82936,51.30116],[-2.82928,51.30117],[-2.82829,51.30091]]]}},{"type":"Feature","properties":{"MainHabs":"Deciduous woodland","HabCodes":"DWOOD","AddHabs":"CFPGM","PrimSource":"National Forest Inventory 2024 (DWOOD)","AreaHa":0.18,"Version":"Sept_26","UID":"PHID34231699_016140476"},"geometry":{"type":"Polygon","coordinates":[[[-2.8302,51.34812],[-2.83031,51.34813],[-2.82912,51.34948],[-2.82899,51.34944],[-2.82911,51.34943],[-2.82904,51.3494],[-2.82938,51.34899],[-2.83015,51.34812],[-2.8302,51.34812]]]}},{"type":"Feature","properties":{"MainHabs":"Deciduous woodland","HabCodes":"DWOOD","PrimSource":"National Forest Inventory 2024 (DWOOD)","AreaHa":0.16,"Version":"Sept_26","UID":"PHID34232305_015866790"},"geometry":{"type":"Polygon","coordinates":[[[-2.82931,51.32381],[-2.82935,51.32382],[-2.82935,51.32385],[-2.82914,51.32456],[-2.82909,51.32457],[-2.82911,51.32452],[-2.82889,51.3245],[-2.82907,51.32377],[-2.82931,51.32381]]]}},{"type":"Feature","properties":{"MainHabs":"Deciduous woodland","HabCodes":"DWOOD","OtherClass":"Annex1(H8310)","AddHabs":"LCGRA","PrimSource":"National Forest Inventory 2024 (DWOOD)","AreaHa":0.15,"Version":"Sept_26","UID":"PHID34232450_015522726"},"geometry":{"type":"Polygon","coordinates":[[[-2.82818,51.29352],[-2.82816,51.2936],[-2.82802,51.29368],[-2.82822,51.29393],[-2.82816,51.29395],[-2.8281,51.29392],[-2.82805,51.29382],[-2.82797,51.29377],[-2.82794,51.29365],[-2.82808,51.29359],[-2.8281,51.29347],[-2.8284,51.29328],[-2.82844,51.2932],[-2.82856,51.29313],[-2.82854,51.29309],[-2.82881,51.29304],[-2.82895,51.29315],[-2.82913,51.29319],[-2.82916,51.29324],[-2.82903,51.29325],[-2.82879,51.29313],[-2.82865,51.29312],[-2.82861,51.29316],[-2.8286,51.29327],[-2.82877,51.29336],[-2.82888,51.29336],[-2.82909,51.29328],[-2.82914,51.2933],[-2.82874,51.29349],[-2.8287,51.29347],[-2.82873,51.29344],[-2.82849,51.29329],[-2.82835,51.29341],[-2.82821,51.29347],[-2.82818,51.29352]]]}},{"type":"Feature","properties":{"MainHabs":"Deciduous woodland","HabCodes":"DWOOD","FeatDesc":"Upland mixed ashwoods","FeatCodes":"UMAWD","OtherClass":"Annex1(H9180)","PrimSource":"National Forest Inventory 2024 (DWOOD)","AreaHa":2.32,"Version":"Sept_26","UID":"PHID34237200_015589322"},"geometry":{"type":"Polygon","coordinates":[[[-2.82829,51.30091],[-2.8281,51.30086],[-2.82774,51.30067],[-2.82784,51.30062],[-2.82825,51.30024],[-2.82773,51.30007],[-2.82732,51.30047],[-2.8273,51.30058],[-2.82745,51.30072],[-2.82755,51.30073],[-2.82771,51.30068],[-2.82807,51.30087],[-2.82778,51.30086],[-2.8274,51.3008],[-2.8269,51.30084],[-2.82678,51.30079],[-2.82667,51.3007],[-2.82731,51.30011],[-2.82748,51.29989],[-2.82765,51.29945],[-2.82791,51.29837],[-2.82831,51.29783],[-2.82838,51.29856],[-2.8285,51.29904],[-2.82896,51.30005],[-2.82894,51.30005],[-2.82898,51.30016],[-2.82915,51.30043],[-2.82918,51.30043],[-2.82932,51.30071],[-2.82829,51.30091]]]}},{"type":"Feature","properties":{"MainHabs":"Deciduous woodland","HabCodes":"DWOOD","FeatDesc":"Upland mixed ashwoods","FeatCodes":"UMAWD","OtherClass":"Annex1(H9180)","AddHabs":"LCGRA","PrimSource":"National Forest Inventory 2024 (DWOOD)","AreaHa":2.39,"Version":"Sept_26","UID":"PHID34242320_015545151"},"geometry":{"type":"Polygon","coordinates":[[[-2.82832,51.29449],[-2.82834,51.29463],[-2.82828,51.29487],[-2.82832,51.29512],[-2.82826,51.29533],[-2.82823,51.29558],[-2.82817,51.29569],[-2.82802,51.29584],[-2.82794,51.29606],[-2.827,51.29596],[-2.82596,51.29593],[-2.82572,51.29589],[-2.82544,51.29579],[-2.82577,51.29549],[-2.82592,51.29542],[-2.8261,51.29521],[-2.82613,51.29513],[-2.82626,51.295],[-2.82682,51.29479],[-2.82691,51.29463],[-2.82716,51.2945],[-2.82811,51.29446],[-2.82832,51.29449]]]}},{"type":"Feature","properties":{"MainHabs":"Deciduous woodland","HabCodes":"DWOOD","AddHabs":"LCGRA","PrimSource":"National Trust Habitats Data 2021 (DWOOD)","AreaHa":0.47,"Version":"Sept_26","UID":"PHID34244405_015489394"},"geometry":{"type":"Polygon","coordinates":[[[-2.82716,51.29042],[-2.827,51.29054],[-2.82676,51.29064],[-2.82658,51.29066],[-2.82654,51.29063],[-2.82654,51.29057],[-2.82666,51.29046],[-2.82649,51.29039],[-2.82636,51.29026],[-2.82618,51.29015],[-2.8258,51.29008],[-2.82569,51.28996],[-2.82567,51.28989],[-2.82572,51.28984],[-2.8259,51.28984],[-2.82656,51.28994],[-2.82682,51.29003],[-2.8274,51.29038],[-2.82733,51.29047],[-2.82716,51.29042]]]}},{"type":"Feature","properties":{"MainHabs":"Deciduous woodland","HabCodes":"DWOOD","PrimSource":"National Forest Inventory 2024 (DWOOD)","AreaHa":2.55,"Version":"Sept_26","UID":"PHID34246279_015618425"},"geometry":{"type":"Polygon","coordinates":[[[-2.82568,51.30182],[-2.82528,51.30212],[-2.825,51.30255],[-2.8249,51.30265],[-2.82472,51.30275],[-2.82435,51.3029],[-2.82429,51.30285],[-2.82472,51.30266],[-2.82488,51.30254],[-2.82516,51.30209],[-2.82572,51.30168],[-2.82593,51.30143],[-2.8259,51.30142],[-2.826,51.30128],[-2.82635,51.30105],[-2.82708,51.30086],[-2.8274,51.30083],[-2.82824,51.30093],[-2.82935,51.30122],[-2.82924,51.30124],[-2.82922,51.30127],[-2.82857,51.3011],[-2.82848,51.30117],[-2.82837,51.30134],[-2.82807,51.30157],[-2.82761,51.30206],[-2.82708,51.30241],[-2.82703,51.30238],[-2.82703,51.30235],[-2.82714,51.30219],[-2.82708,51.30213],[-2.82693,51.3021],[-2.82688,51.30214],[-2.82677,51.30216],[-2.82605,51.30224],[-2.82546,51.30234],[-2.82507,51.30247],[-2.82526,51.30217],[-2.82568,51.30182]]]}},{"type":"Feature","properties":{"MainHabs":"Deciduous woodland","HabCodes":"DWOOD","FeatDesc":"Upland mixed ashwoods","FeatCodes":"UMAWD","OtherClass":"Annex1(H9180)","PrimSource":"National Forest Inventory 2024 (DWOOD)","AreaHa":0.02,"Version":"Sept_26","UID":"PHID34246503_015607273"},"geometry":{"type":"Polygon","coordinates":[[[-2.82649,51.30089],[-2.82658,51.3008],[-2.82685,51.30088],[-2.82649,51.30089]]]}},{"type":"Feature","properties":{"MainHabs":"Deciduous woodland","HabCodes":"DWOOD","PrimSource":"National Forest Inventory 2024 (DWOOD)","AreaHa":0.01,"Version":"Sept_26","UID":"PHID34247533_015608274"},"geometry":{"type":"Polygon","coordinates":[[[-2.82649,51.30089],[-2.82683,51.30089],[-2.8264,51.301],[-2.82649,51.30089]]]}},{"type":"Feature","properties":{"MainHabs":"Deciduous woodland","HabCodes":"DWOOD","PrimSource":"National Forest Inventory 2024 (DWOOD)","AreaHa":0.58,"Version":"Sept_26","UID":"PHID34247824_015476008"},"geometry":{"type":"Polygon","coordinates":[[[-2.82707,51.28943],[-2.8268,51.28953],[-2.82619,51.28924],[-2.82528,51.28887],[-2.82526,51.2888],[-2.82567,51.28874],[-2.82573,51.28866],[-2.82589,51.28857],[-2.82619,51.2887],[-2.82631,51.28873],[-2.82722,51.28933],[-2.82728,51.28937],[-2.82707,51.28943]]]}},{"type":"Feature","properties":{"MainHabs":"Deciduous woodland","HabCodes":"DWOOD","AddHabs":"LCGRA","PrimSource":"National Forest Inventory 2024 (DWOOD)","AreaHa":20.97,"Version":"Sept_26","UID":"PHID34250523_015567189"},"geometry":{"type":"Polygon","coordinates":[[[-2.82927,51.29453],[-2.82899,51.29571],[-2.82885,51.29604],[-2.82859,51.29647],[-2.82852,51.29699],[-2.82831,51.29777],[-2.82787,51.29836],[-2.82763,51.2994],[-2.82752,51.29972],[-2.82732,51.30005],[-2.82665,51.30069],[-2.82649,51.3004],[-2.82677,51.30032],[-2.82695,51.30018],[-2.8272,51.29989],[-2.82731,51.29971],[-2.82734,51.29957],[-2.8273,51.29939],[-2.82715,51.29933],[-2.82685,51.29905],[-2.82677,51.29882],[-2.82657,51.29845],[-2.8263,51.29845],[-2.82628,51.2985],[-2.82582,51.29862],[-2.8244,51.29843],[-2.82435,51.29844],[-2.82422,51.29862],[-2.82411,51.29863],[-2.82385,51.29856],[-2.82368,51.29838],[-2.82361,51.29835],[-2.82334,51.29833],[-2.82301,51.29824],[-2.8226,51.29829],[-2.82296,51.29756],[-2.82324,51.29732],[-2.82343,51.29694],[-2.82376,51.29656],[-2.82383,51.29631],[-2.82334,51.29605],[-2.82298,51.29572],[-2.82298,51.29569],[-2.82315,51.29568],[-2.82312,51.29574],[-2.82349,51.29603],[-2.82353,51.296],[-2.82355,51.29594],[-2.82321,51.29568],[-2.82433,51.29592],[-2.82449,51.29578],[-2.82453,51.29557],[-2.82462,51.29543],[-2.82483,51.2953],[-2.82482,51.29519],[-2.82492,51.29503],[-2.82549,51.29464],[-2.82554,51.29455],[-2.82556,51.29431],[-2.82569,51.29417],[-2.82607,51.2939],[-2.82674,51.29366],[-2.82693,51.29349],[-2.82694,51.29338],[-2.8268,51.2933],[-2.82597,51.29317],[-2.82588,51.29309],[-2.82584,51.29297],[-2.82591,51.2928],[-2.8261,51.29263],[-2.82625,51.29255],[-2.82662,51.29247],[-2.8267,51.2924],[-2.82673,51.29221],[-2.82666,51.2919],[-2.8267,51.29174],[-2.82665,51.29162],[-2.82666,51.29156],[-2.82691,51.29138],[-2.82676,51.29127],[-2.82685,51.2912],[-2.82675,51.29106],[-2.82672,51.29093],[-2.8269,51.29079],[-2.82711,51.29074],[-2.82804,51.29107],[-2.82856,51.29115],[-2.82874,51.29143],[-2.8291,51.29212],[-2.82923,51.29245],[-2.82934,51.29294],[-2.82939,51.29366],[-2.82936,51.2941],[-2.82927,51.29453]],[[-2.82818,51.29352],[-2.82821,51.29347],[-2.82835,51.29341],[-2.82849,51.29329],[-2.82873,51.29344],[-2.8287,51.29347],[-2.82874,51.29349],[-2.82914,51.2933],[-2.82909,51.29328],[-2.82888,51.29336],[-2.82877,51.29336],[-2.8286,51.29327],[-2.82861,51.29316],[-2.82865,51.29312],[-2.82879,51.29313],[-2.82903,51.29325],[-2.82916,51.29324],[-2.82913,51.29319],[-2.82895,51.29315],[-2.82881,51.29304],[-2.82854,51.29309],[-2.82856,51.29313],[-2.82844,51.2932],[-2.8284,51.29328],[-2.8281,51.29347],[-2.82808,51.29359],[-2.82794,51.29365],[-2.82797,51.29377],[-2.82805,51.29382],[-2.8281,51.29392],[-2.82816,51.29395],[-2.82822,51.29393],[-2.82802,51.29368],[-2.82816,51.2936],[-2.82818,51.29352]],[[-2.82832,51.29449],[-2.82811,51.29446],[-2.82716,51.2945],[-2.82691,51.29463],[-2.82682,51.29479],[-2.82626,51.295],[-2.82613,51.29513],[-2.8261,51.29521],[-2.82592,51.29542],[-2.82577,51.29549],[-2.82544,51.29579],[-2.82572,51.29589],[-2.82596,51.29593],[-2.827,51.29596],[-2.82794,51.29606],[-2.82802,51.29584],[-2.82817,51.29569],[-2.82823,51.29558],[-2.82826,51.29533],[-2.82832,51.29512],[-2.82828,51.29487],[-2.82834,51.29463],[-2.82832,51.29449]]]}},{"type":"Feature","properties":{"MainHabs":"Deciduous woodland","HabCodes":"DWOOD","PrimSource":"National Forest Inventory 2024 (DWOOD)","AreaHa":0.21,"Version":"Sept_26","UID":"PHID34252933_015647515"},"geometry":{"type":"Polygon","coordinates":[[[-2.82581,51.30414],[-2.82615,51.30422],[-2.82602,51.30458],[-2.82588,51.30482],[-2.82552,51.30464],[-2.82553,51.30455],[-2.82546,51.30448],[-2.82566,51.30434],[-2.82581,51.30414]]]}},{"type":"Feature","properties":{"MainHabs":"Deciduous woodland","HabCodes":"DWOOD","PrimSource":"National Forest Inventory 2024 (DWOOD)","AreaHa":0.02,"Version":"Sept_26","UID":"PHID34255954_016034416"},"geometry":{"type":"Polygon","coordinates":[[[-2.82595,51.33931],[-2.82586,51.33916],[-2.82595,51.33912],[-2.82614,51.33932],[-2.82597,51.33937],[-2.82595,51.33931]]]}},{"type":"Feature","properties":{"MainHabs":"Deciduous woodland","HabCodes":"DWOOD","PrimSource":"National Forest Inventory 2024 (DWOOD)","AreaHa":0.12,"Version":"Sept_26","UID":"PHID34256130_015691657"},"geometry":{"type":"Polygon","coordinates":[[[-2.82562,51.30838],[-2.82571,51.30843],[-2.82572,51.30854],[-2.82344,51.30854],[-2.82344,51.30848],[-2.82348,51.30848],[-2.82488,51.3085],[-2.82538,51.30836],[-2.82562,51.30838]]]}},{"type":"Feature","properties":{"MainHabs":"Deciduous woodland","HabCodes":"DWOOD","PrimSource":"National Forest Inventory 2024 (DWOOD)","AreaHa":0.6,"Version":"Sept_26","UID":"PHID34258974_015688184"},"geometry":{"type":"Polygon","coordinates":[[[-2.82562,51.30834],[-2.82539,51.30833],[-2.82498,51.30845],[-2.82486,51.30846],[-2.82392,51.30846],[-2.82288,51.30838],[-2.82323,51.30835],[-2.82403,51.3084],[-2.82426,51.30837],[-2.82436,51.30831],[-2.82435,51.30823],[-2.82427,51.30811],[-2.8243,51.30804],[-2.82438,51.30799],[-2.82487,51.30789],[-2.82524,51.30793],[-2.82546,51.30791],[-2.82568,51.30787],[-2.82568,51.30781],[-2.8257,51.30782],[-2.82572,51.30831],[-2.82562,51.30834]]]}},{"type":"Feature","properties":{"MainHabs":"Deciduous woodland","HabCodes":"DWOOD","PrimSource":"National Forest Inventory 2024 (DWOOD)","AreaHa":0.13,"Version":"Sept_26","UID":"PHID34259621_015651300"},"geometry":{"type":"Polygon","coordinates":[[[-2.82446,51.30508],[-2.82467,51.30482],[-2.82496,51.3046],[-2.82511,51.3045],[-2.82525,51.30456],[-2.82508,51.30467],[-2.82489,51.30494],[-2.82466,51.30518],[-2.82446,51.30508]]]}},{"type":"Feature","properties":{"MainHabs":"Deciduous woodland","HabCodes":"DWOOD","FeatDesc":"Upland mixed ashwoods","FeatCodes":"UMAWD","OtherClass":"Annex1(H9180)","PrimSource":"National Forest Inventory 2024 (DWOOD)","AreaHa":1.23,"Version":"Sept_26","UID":"PHID34261274_015606275"},"geometry":{"type":"Polygon","coordinates":[[[-2.82654,51.30079],[-2.82633,51.30099],[-2.82608,51.30114],[-2.82621,51.30104],[-2.82623,51.30098],[-2.82573,51.30095],[-2.82573,51.3009],[-2.82228,51.30097],[-2.8223,51.30086],[-2.82284,51.30071],[-2.82332,51.30053],[-2.82386,51.30057],[-2.82444,51.30045],[-2.82493,51.3006],[-2.82583,51.30048],[-2.82608,51.30049],[-2.82644,51.30039],[-2.82663,51.3007],[-2.82654,51.30079]]]}},{"type":"Feature","properties":{"MainHabs":"Deciduous woodland","HabCodes":"DWOOD","PrimSource":"National Forest Inventory 2024 (DWOOD)","AreaHa":0.02,"Version":"Sept_26","UID":"PHID34263435_015732757"},"geometry":{"type":"Polygon","coordinates":[[[-2.82474,51.31145],[-2.82475,51.31138],[-2.82472,51.31137],[-2.82475,51.31134],[-2.82476,51.31118],[-2.82479,51.3113],[-2.82472,51.31162],[-2.82448,51.31212],[-2.82423,51.3123],[-2.82407,51.31233],[-2.82431,51.31224],[-2.82447,51.3121],[-2.82463,51.3118],[-2.82474,51.31145]]]}},{"type":"Feature","properties":{"MainHabs":"Deciduous woodland","HabCodes":"DWOOD","PrimSource":"National Forest Inventory 2024 (DWOOD)","AreaHa":0.02,"Version":"Sept_26","UID":"PHID34263939_015660169"},"geometry":{"type":"Polygon","coordinates":[[[-2.82419,51.30573],[-2.8241,51.30582],[-2.82405,51.3058],[-2.8243,51.30554],[-2.82434,51.30544],[-2.82444,51.30544],[-2.82419,51.30573]]]}},{"type":"Feature","properties":{"MainHabs":"Deciduous woodland","HabCodes":"DWOOD","PrimSource":"National Forest Inventory 2024 (DWOOD)","AreaHa":0.14,"Version":"Sept_26","UID":"PHID34269631_015664878"},"geometry":{"type":"Polygon","coordinates":[[[-2.82316,51.30609],[-2.82318,51.30602],[-2.82314,51.30593],[-2.823,51.30584],[-2.82318,51.30573],[-2.82344,51.30583],[-2.8234,51.30592],[-2.82345,51.30596],[-2.82364,51.30596],[-2.82374,51.30591],[-2.82387,51.30596],[-2.82377,51.30609],[-2.82364,51.30616],[-2.82336,51.30615],[-2.82316,51.30609]]]}},{"type":"Feature","properties":{"MainHabs":"Deciduous woodland","HabCodes":"DWOOD","PrimSource":"National Forest Inventory 2024 (DWOOD)","AreaHa":0.13,"Version":"Sept_26","UID":"PHID34270033_015667902"},"geometry":{"type":"Polygon","coordinates":[[[-2.82338,51.30617],[-2.8236,51.30619],[-2.82376,51.30614],[-2.82379,51.30623],[-2.82359,51.30638],[-2.82351,51.30636],[-2.82342,51.30651],[-2.82319,51.30644],[-2.82302,51.30626],[-2.82306,51.3062],[-2.82317,51.30615],[-2.82338,51.30617]]]}},{"type":"Feature","properties":{"MainHabs":"Deciduous woodland","HabCodes":"DWOOD","PrimSource":"National Forest Inventory 2024 (DWOOD)","AreaHa":0.12,"Version":"Sept_26","UID":"PHID34277078_015605084"},"geometry":{"type":"Polygon","coordinates":[[[-2.82198,51.30072],[-2.82207,51.30053],[-2.8221,51.30052],[-2.82243,51.30052],[-2.8225,51.30056],[-2.82258,51.30077],[-2.82231,51.30086],[-2.82198,51.30072]]]}},{"type":"Feature","properties":{"MainHabs":"Deciduous woodland","HabCodes":"DWOOD","PrimSource":"National Forest Inventory 2024 (DWOOD)","AreaHa":0.03,"Version":"Sept_26","UID":"PHID34277346_015681978"},"geometry":{"type":"Polygon","coordinates":[[[-2.82222,51.3078],[-2.82235,51.30752],[-2.82254,51.30751],[-2.82253,51.30759],[-2.82233,51.30771],[-2.82218,51.30794],[-2.82222,51.3078]]]}},{"type":"Feature","properties":{"MainHabs":"Deciduous woodland","HabCodes":"DWOOD","PrimSource":"National Forest Inventory 2024 (DWOOD)","AreaHa":0.02,"Version":"Sept_26","UID":"PHID34278052_015682585"},"geometry":{"type":"Polygon","coordinates":[[[-2.82234,51.30685],[-2.82223,51.30705],[-2.8222,51.30717],[-2.82219,51.30736],[-2.82228,51.30757],[-2.82223,51.30776],[-2.82219,51.3078],[-2.82227,51.30756],[-2.82217,51.30738],[-2.82216,51.30716],[-2.82222,51.30701],[-2.82234,51.30685]]]}},{"type":"Feature","properties":{"MainHabs":"Deciduous woodland","HabCodes":"DWOOD","AddHabs":"GQSIG","PrimSource":"National Forest Inventory 2024 (DWOOD)","AreaHa":1.23,"Version":"Sept_26","UID":"PHID34278249_015666677"},"geometry":{"type":"Polygon","coordinates":[[[-2.82299,51.30632],[-2.82302,51.3063],[-2.8232,51.30648],[-2.82341,51.30654],[-2.82304,51.30713],[-2.82261,51.30712],[-2.82276,51.30691],[-2.82234,51.30685],[-2.82248,51.30676],[-2.82264,51.30657],[-2.82262,51.30656],[-2.82256,51.30656],[-2.82162,51.30624],[-2.82143,51.30624],[-2.82117,51.30605],[-2.82143,51.30586],[-2.82123,51.30575],[-2.82122,51.3055],[-2.8211,51.30532],[-2.82138,51.30536],[-2.82137,51.30543],[-2.82172,51.30549],[-2.82213,51.30568],[-2.82261,51.30596],[-2.82299,51.30632]]]}},{"type":"Feature","properties":{"MainHabs":"Deciduous woodland","HabCodes":"DWOOD","PrimSource":"National Forest Inventory 2024 (DWOOD)","AreaHa":0.41,"Version":"Sept_26","UID":"PHID34281023_015684882"},"geometry":{"type":"Polygon","coordinates":[[[-2.822,51.30703],[-2.82171,51.30715],[-2.82157,51.30724],[-2.82135,51.30711],[-2.82209,51.3069],[-2.82221,51.3069],[-2.8223,51.30684],[-2.82217,51.30704],[-2.82212,51.30718],[-2.82213,51.30736],[-2.82222,51.30754],[-2.82214,51.30782],[-2.82206,51.30785],[-2.82184,51.30813],[-2.82167,51.30828],[-2.8214,51.30826],[-2.82148,51.30815],[-2.82146,51.30787],[-2.82151,51.30768],[-2.82206,51.30755],[-2.822,51.30703]]]}},{"type":"Feature","properties":{"MainHabs":"Deciduous woodland","HabCodes":"DWOOD","PrimSource":"National Forest Inventory 2024 (DWOOD)","AreaHa":0.53,"Version":"Sept_26","UID":"PHID34291185_015673064"},"geometry":{"type":"Polygon","coordinates":[[[-2.82072,51.30717],[-2.82057,51.30727],[-2.82025,51.30739],[-2.82033,51.30651],[-2.81981,51.30658],[-2.81975,51.30638],[-2.82075,51.30618],[-2.82092,51.30639],[-2.8208,51.30658],[-2.82096,51.30667],[-2.82079,51.30693],[-2.82076,51.30705],[-2.82067,51.3071],[-2.82086,51.30719],[-2.82072,51.30717]]]}},{"type":"Feature","properties":{"MainHabs":"Deciduous woodland","HabCodes":"DWOOD","AddHabs":"LCGRA","PrimSource":"National Forest Inventory 2024 (DWOOD)","AreaHa":52.59,"Version":"Sept_26","UID":"PHID34291608_015911761"},"geometry":{"type":"Polygon","coordinates":[[[-2.83285,51.32659],[-2.83287,51.32657],[-2.83321,51.32675],[-2.83362,51.32706],[-2.83399,51.32719],[-2.83425,51.32738],[-2.83424,51.32743],[-2.83349,51.3273],[-2.83329,51.32728],[-2.83328,51.32731],[-2.83316,51.32731],[-2.83317,51.32725],[-2.83309,51.32722],[-2.83309,51.32719],[-2.83305,51.32715],[-2.83292,51.32715],[-2.83285,51.3272],[-2.83285,51.32705],[-2.8328,51.32697],[-2.83228,51.32667],[-2.83225,51.3267],[-2.83275,51.32695],[-2.83279,51.32704],[-2.83278,51.32711],[-2.83258,51.32698],[-2.83246,51.32695],[-2.8307,51.32676],[-2.83065,51.32686],[-2.83024,51.32685],[-2.82985,51.32674],[-2.82971,51.32667],[-2.82952,51.32651],[-2.82931,51.32645],[-2.82831,51.32642],[-2.8277,51.32635],[-2.82731,51.32637],[-2.82629,51.32654],[-2.82628,51.32657],[-2.82612,51.32654],[-2.82605,51.32666],[-2.82594,51.32669],[-2.82479,51.32657],[-2.82446,51.32656],[-2.82439,51.32648],[-2.82442,51.32634],[-2.82431,51.32628],[-2.82423,51.32629],[-2.82415,51.32669],[-2.82413,51.327],[-2.82246,51.32693],[-2.82261,51.32789],[-2.82306,51.32792],[-2.82336,51.32803],[-2.82356,51.32822],[-2.82359,51.32835],[-2.82344,51.32847],[-2.82338,51.3287],[-2.82325,51.32868],[-2.82328,51.32883],[-2.82339,51.32901],[-2.82372,51.32905],[-2.82493,51.32937],[-2.82517,51.3295],[-2.82529,51.32952],[-2.82527,51.32938],[-2.8255,51.32939],[-2.82579,51.32919],[-2.8261,51.32919],[-2.82612,51.32892],[-2.82651,51.32895],[-2.82612,51.32891],[-2.82589,51.32875],[-2.82559,51.32862],[-2.82566,51.32842],[-2.82589,51.32829],[-2.82631,51.32854],[-2.82691,51.32872],[-2.82728,51.32877],[-2.82785,51.32874],[-2.82867,51.32882],[-2.82909,51.32878],[-2.82938,51.3288],[-2.83,51.32872],[-2.83025,51.32874],[-2.83046,51.32864],[-2.83099,51.32855],[-2.83116,51.32844],[-2.83131,51.3284],[-2.83151,51.32842],[-2.83198,51.32857],[-2.83235,51.3286],[-2.83247,51.32856],[-2.83254,51.32848],[-2.83264,51.32843],[-2.83295,51.32832],[-2.83303,51.3284],[-2.83303,51.3285],[-2.83292,51.32865],[-2.83263,51.32868],[-2.83247,51.3288],[-2.83231,51.3288],[-2.83219,51.32892],[-2.83225,51.32903],[-2.83248,51.32911],[-2.83256,51.32918],[-2.83265,51.32921],[-2.83242,51.32928],[-2.83231,51.32927],[-2.83226,51.32931],[-2.83251,51.32936],[-2.83267,51.32926],[-2.83287,51.32928],[-2.83321,51.3292],[-2.83333,51.32818],[-2.8337,51.32773],[-2.83407,51.32765],[-2.83423,51.32761],[-2.83419,51.32758],[-2.83429,51.32758],[-2.83425,51.32791],[-2.83416,51.32794],[-2.83395,51.32811],[-2.83383,51.32826],[-2.83382,51.32854],[-2.8337,51.32869],[-2.83361,51.32888],[-2.83363,51.32911],[-2.83355,51.32928],[-2.83337,51.32941],[-2.83307,51.3295],[-2.83271,51.32954],[-2.83238,51.32961],[-2.83263,51.32975],[-2.83183,51.32988],[-2.83178,51.32954],[-2.83086,51.32946],[-2.8308,51.32943],[-2.83082,51.32969],[-2.8309,51.32995],[-2.83018,51.32992],[-2.82967,51.33011],[-2.82916,51.33025],[-2.82805,51.33032],[-2.82746,51.33028],[-2.82716,51.3302],[-2.82685,51.3302],[-2.8268,51.33008],[-2.82632,51.33009],[-2.82615,51.33014],[-2.8261,51.33005],[-2.82576,51.33006],[-2.82574,51.33009],[-2.82566,51.33009],[-2.82486,51.33005],[-2.82495,51.33032],[-2.82456,51.33029],[-2.82276,51.33039],[-2.82185,51.33049],[-2.82071,51.33067],[-2.8207,51.3306],[-2.82044,51.33059],[-2.82022,51.33054],[-2.81992,51.33054],[-2.81951,51.33065],[-2.81936,51.33062],[-2.81924,51.33055],[-2.81835,51.33052],[-2.8183,51.33039],[-2.81822,51.3303],[-2.81791,51.33027],[-2.81729,51.33031],[-2.81576,51.33033],[-2.81443,51.33051],[-2.81438,51.33043],[-2.814,51.33049],[-2.81392,51.33047],[-2.81395,51.33043],[-2.81415,51.33041],[-2.81419,51.33046],[-2.81425,51.3304],[-2.81423,51.3304],[-2.81479,51.32937],[-2.81473,51.32936],[-2.81471,51.32941],[-2.81408,51.32949],[-2.81404,51.32952],[-2.81404,51.3297],[-2.81373,51.32947],[-2.81394,51.32952],[-2.81404,51.3294],[-2.81398,51.32935],[-2.8139,51.32938],[-2.81373,51.3293],[-2.81359,51.32933],[-2.81352,51.32942],[-2.81319,51.32932],[-2.813,51.32931],[-2.81284,51.32923],[-2.81279,51.32925],[-2.81278,51.32927],[-2.81297,51.32941],[-2.81327,51.32952],[-2.81344,51.32972],[-2.81356,51.32976],[-2.81353,51.32981],[-2.81372,51.32998],[-2.81369,51.33003],[-2.81353,51.33012],[-2.81357,51.33018],[-2.81339,51.3301],[-2.81335,51.33013],[-2.81323,51.33007],[-2.81319,51.3301],[-2.81293,51.32995],[-2.8129,51.32997],[-2.81284,51.32993],[-2.81274,51.32998],[-2.81268,51.32995],[-2.81243,51.32975],[-2.81217,51.32946],[-2.81124,51.32878],[-2.81069,51.32868],[-2.8104,51.32867],[-2.81029,51.32872],[-2.81015,51.32868],[-2.81003,51.32867],[-2.80984,51.32869],[-2.80943,51.32882],[-2.80805,51.32883],[-2.80772,51.32851],[-2.80751,51.3284],[-2.80715,51.32803],[-2.80706,51.32786],[-2.80714,51.32783],[-2.80766,51.32796],[-2.80796,51.32808],[-2.80835,51.32816],[-2.80921,51.3281],[-2.81,51.32799],[-2.8106,51.32804],[-2.81147,51.32801],[-2.81153,51.32804],[-2.81158,51.32803],[-2.81154,51.32782],[-2.81163,51.32755],[-2.81183,51.32746],[-2.81214,51.32748],[-2.81176,51.32707],[-2.81213,51.32718],[-2.81215,51.32716],[-2.81187,51.32708],[-2.81128,51.32683],[-2.81082,51.3267],[-2.81083,51.32628],[-2.81124,51.32623],[-2.81127,51.32649],[-2.81146,51.3265],[-2.81154,51.32661],[-2.81174,51.32671],[-2.81182,51.32683],[-2.81199,51.3269],[-2.81242,51.32694],[-2.81287,51.32691],[-2.81335,51.32683],[-2.81352,51.32676],[-2.81361,51.32666],[-2.81362,51.32649],[-2.81337,51.32648],[-2.81311,51.32654],[-2.81291,51.32644],[-2.81265,51.3264],[-2.81249,51.32614],[-2.81334,51.32603],[-2.81433,51.32578],[-2.81483,51.32604],[-2.81497,51.3262],[-2.81515,51.32652],[-2.81527,51.32664],[-2.81541,51.32671],[-2.8156,51.3267],[-2.81719,51.3265],[-2.81734,51.32644],[-2.81737,51.32657],[-2.81732,51.32667],[-2.81721,51.32678],[-2.81599,51.32689],[-2.81566,51.32696],[-2.81561,51.32693],[-2.81553,51.32694],[-2.81541,51.327],[-2.81432,51.32721],[-2.81418,51.32722],[-2.81414,51.32709],[-2.81364,51.32702],[-2.8133,51.32702],[-2.81329,51.32712],[-2.81336,51.32726],[-2.81247,51.32737],[-2.81252,51.32764],[-2.81313,51.32771],[-2.81332,51.32783],[-2.81387,51.32793],[-2.8144,51.32825],[-2.81578,51.32866],[-2.81605,51.32864],[-2.81613,51.32873],[-2.81628,51.32877],[-2.81632,51.32878],[-2.81634,51.32866],[-2.81639,51.3286],[-2.81657,51.32853],[-2.81925,51.32849],[-2.81857,51.32637],[-2.8187,51.32636],[-2.81907,51.32646],[-2.81935,51.32644],[-2.81946,51.32641],[-2.81949,51.32629],[-2.81966,51.32626],[-2.81969,51.326],[-2.8198,51.32595],[-2.82084,51.32585],[-2.82142,51.32586],[-2.82226,51.32602],[-2.82257,51.32615],[-2.82291,51.32618],[-2.82449,51.32599],[-2.82492,51.32597],[-2.82506,51.32591],[-2.82498,51.32472],[-2.8235,51.32468],[-2.82266,51.32473],[-2.82266,51.32437],[-2.82293,51.32443],[-2.82499,51.32442],[-2.825,51.3243],[-2.82614,51.3242],[-2.82664,51.32421],[-2.82727,51.32427],[-2.82771,51.32434],[-2.82845,51.32451],[-2.8285,51.32449],[-2.82872,51.32472],[-2.82885,51.3248],[-2.82904,51.32487],[-2.82911,51.32465],[-2.82935,51.32471],[-2.82924,51.32486],[-2.82937,51.32497],[-2.8296,51.32502],[-2.83,51.32499],[-2.83016,51.32502],[-2.83055,51.32524],[-2.83079,51.32532],[-2.83098,51.32545],[-2.83137,51.32561],[-2.83147,51.32567],[-2.83148,51.32571],[-2.83144,51.32574],[-2.83145,51.3258],[-2.83183,51.32601],[-2.83167,51.32598],[-2.83166,51.326],[-2.83182,51.32603],[-2.83183,51.32607],[-2.83199,51.32614],[-2.83207,51.32614],[-2.83248,51.32633],[-2.83285,51.32659]]]}},{"type":"Feature","properties":{"MainHabs":"Deciduous woodland","HabCodes":"DWOOD","PrimSource":"National Forest Inventory 2024 (DWOOD)","AreaHa":0.21,"Version":"Sept_26","UID":"PHID34292438_015789634"},"geometry":{"type":"Polygon","coordinates":[[[-2.82047,51.31765],[-2.82035,51.31753],[-2.82027,51.31737],[-2.81998,51.31717],[-2.82024,51.31704],[-2.8206,51.31704],[-2.8206,51.31714],[-2.82068,51.31727],[-2.82069,51.31745],[-2.82076,51.31757],[-2.82075,51.31763],[-2.82047,51.31765]]]}},{"type":"Feature","properties":{"MainHabs":"Deciduous woodland","HabCodes":"DWOOD","PrimSource":"National Forest Inventory 2024 (DWOOD)","AreaHa":0.01,"Version":"Sept_26","UID":"PHID34297505_015760411"},"geometry":{"type":"Polygon","coordinates":[[[-2.8193,51.31477],[-2.8198,51.31457],[-2.81984,51.31461],[-2.8193,51.31477]]]}},{"type":"Feature","properties":{"MainHabs":"Deciduous woodland","HabCodes":"DWOOD","PrimSource":"National Forest Inventory 2024 (DWOOD)","AreaHa":0.26,"Version":"Sept_26","UID":"PHID34299481_015995300"},"geometry":{"type":"Polygon","coordinates":[[[-2.81882,51.33549],[-2.81997,51.33569],[-2.81964,51.33614],[-2.81948,51.33605],[-2.81949,51.33579],[-2.81857,51.33569],[-2.81869,51.33545],[-2.81882,51.33549]]]}},{"type":"Feature","properties":{"MainHabs":"Deciduous woodland","HabCodes":"DWOOD","PrimSource":"National Forest Inventory 2024 (DWOOD)","AreaHa":0.14,"Version":"Sept_26","UID":"PHID34309223_015891154"},"geometry":{"type":"Polygon","coordinates":[[[-2.81849,51.32637],[-2.81846,51.32648],[-2.8184,51.32655],[-2.81811,51.32659],[-2.81782,51.32657],[-2.81771,51.32637],[-2.8179,51.3263],[-2.81807,51.32629],[-2.81849,51.32637]]]}},{"type":"Feature","properties":{"MainHabs":"Deciduous woodland","HabCodes":"DWOOD","PrimSource":"National Forest Inventory 2024 (DWOOD)","AreaHa":9.26,"Version":"Sept_26","UID":"PHID34314808_015634530"},"geometry":{"type":"Polygon","coordinates":[[[-2.80992,51.30436],[-2.80961,51.30452],[-2.80824,51.30473],[-2.80782,51.30495],[-2.80775,51.30469],[-2.80521,51.30496],[-2.804,51.30496],[-2.80399,51.30491],[-2.80379,51.30493],[-2.80371,51.30481],[-2.80361,51.30473],[-2.80355,51.30447],[-2.80391,51.3045],[-2.8051,51.30447],[-2.80502,51.30417],[-2.80528,51.30426],[-2.80775,51.30404],[-2.80804,51.30385],[-2.80885,51.30353],[-2.80921,51.30334],[-2.80926,51.30324],[-2.80918,51.3031],[-2.80917,51.30303],[-2.80923,51.30297],[-2.80949,51.30284],[-2.80955,51.30278],[-2.80961,51.30234],[-2.80972,51.30211],[-2.80983,51.302],[-2.80987,51.30198],[-2.81017,51.30214],[-2.81019,51.30191],[-2.81029,51.30193],[-2.81018,51.30289],[-2.81016,51.30356],[-2.81005,51.30372],[-2.81018,51.30357],[-2.81024,51.30229],[-2.81031,51.3021],[-2.81046,51.30196],[-2.81062,51.30226],[-2.81084,51.30314],[-2.81046,51.30325],[-2.81035,51.30333],[-2.81034,51.30366],[-2.81041,51.30373],[-2.81052,51.30378],[-2.81079,51.30377],[-2.81144,51.30363],[-2.81198,51.30358],[-2.81209,51.30351],[-2.81231,51.30358],[-2.81283,51.30339],[-2.8129,51.3034],[-2.81291,51.30345],[-2.81295,51.30347],[-2.81341,51.30345],[-2.81356,51.30356],[-2.81368,51.30353],[-2.81378,51.30356],[-2.81388,51.30353],[-2.81447,51.30356],[-2.81459,51.30338],[-2.81493,51.3035],[-2.81538,51.30344],[-2.81558,51.30349],[-2.8157,51.30346],[-2.8158,51.30347],[-2.81591,51.30342],[-2.81603,51.3033],[-2.8161,51.30305],[-2.81617,51.30293],[-2.81614,51.30285],[-2.81615,51.30277],[-2.81634,51.30268],[-2.81658,51.3027],[-2.81667,51.3029],[-2.81671,51.30275],[-2.8167,51.30267],[-2.81697,51.30271],[-2.81695,51.30286],[-2.81711,51.30305],[-2.8172,51.30308],[-2.81737,51.30308],[-2.81788,51.30337],[-2.81815,51.30336],[-2.81871,51.30327],[-2.8191,51.30332],[-2.81909,51.30346],[-2.81789,51.30377],[-2.81742,51.30386],[-2.81716,51.30387],[-2.81712,51.30381],[-2.81706,51.30381],[-2.81713,51.30393],[-2.81604,51.30401],[-2.81583,51.30386],[-2.81482,51.30386],[-2.8136,51.30398],[-2.81216,51.3042],[-2.81085,51.30436],[-2.81002,51.30443],[-2.81002,51.30435],[-2.80997,51.30435],[-2.80998,51.30444],[-2.80994,51.30445],[-2.80992,51.30436]]]}},{"type":"Feature","properties":{"MainHabs":"Deciduous woodland","HabCodes":"DWOOD","AddHabs":"LCGRA, LHEAT","PrimSource":"National Forest Inventory 2024 (DWOOD)","AreaHa":16.79,"Version":"Sept_26","UID":"PHID34322239_015516412"},"geometry":{"type":"Polygon","coordinates":[[[-2.81749,51.29059],[-2.81901,51.29072],[-2.81937,51.29071],[-2.81982,51.29061],[-2.82034,51.29061],[-2.82034,51.29063],[-2.81982,51.29063],[-2.81938,51.29073],[-2.81902,51.29075],[-2.81816,51.29065],[-2.81776,51.29064],[-2.81832,51.29087],[-2.81805,51.29093],[-2.81806,51.29089],[-2.81798,51.29087],[-2.81768,51.29095],[-2.81763,51.29095],[-2.81755,51.29081],[-2.81761,51.29074],[-2.8176,51.29061],[-2.81739,51.29063],[-2.81715,51.29071],[-2.81718,51.29086],[-2.81728,51.29101],[-2.81723,51.29111],[-2.81696,51.29118],[-2.81696,51.29126],[-2.81699,51.29131],[-2.81698,51.29146],[-2.81705,51.29152],[-2.81703,51.29157],[-2.81726,51.29161],[-2.81728,51.29165],[-2.81726,51.29175],[-2.81712,51.29189],[-2.81715,51.29196],[-2.81754,51.2921],[-2.81756,51.29221],[-2.81754,51.29225],[-2.81765,51.29231],[-2.81766,51.29238],[-2.81756,51.29246],[-2.81747,51.29245],[-2.81732,51.29269],[-2.81709,51.29351],[-2.81688,51.294],[-2.81631,51.2945],[-2.8161,51.29471],[-2.81595,51.29481],[-2.81571,51.29505],[-2.81549,51.29522],[-2.81568,51.29396],[-2.81526,51.29398],[-2.81511,51.29428],[-2.81495,51.29436],[-2.81449,51.29418],[-2.81451,51.29412],[-2.81426,51.29403],[-2.81424,51.29398],[-2.81424,51.29394],[-2.81439,51.29384],[-2.81442,51.29376],[-2.81494,51.2937],[-2.81497,51.29358],[-2.81502,51.29357],[-2.81511,51.2934],[-2.81502,51.29307],[-2.81488,51.29282],[-2.81453,51.29242],[-2.81429,51.29229],[-2.81409,51.29187],[-2.81391,51.29178],[-2.81434,51.29186],[-2.81271,51.29082],[-2.81238,51.29064],[-2.81191,51.29051],[-2.81097,51.29046],[-2.81021,51.29049],[-2.80966,51.29061],[-2.80868,51.29065],[-2.80842,51.29078],[-2.80791,51.2912],[-2.8079,51.29117],[-2.80766,51.29134],[-2.80719,51.29154],[-2.80774,51.29094],[-2.80771,51.29093],[-2.80784,51.29073],[-2.80794,51.29034],[-2.80784,51.29041],[-2.80779,51.2903],[-2.80802,51.29019],[-2.80883,51.28993],[-2.80891,51.28987],[-2.80891,51.28983],[-2.80909,51.28987],[-2.81028,51.28979],[-2.81167,51.28986],[-2.81172,51.28983],[-2.81231,51.28979],[-2.8126,51.28986],[-2.81294,51.2901],[-2.81316,51.29045],[-2.81335,51.29062],[-2.81349,51.29069],[-2.81369,51.29071],[-2.81378,51.29088],[-2.81417,51.29128],[-2.81425,51.29144],[-2.81464,51.29185],[-2.8151,51.29167],[-2.81554,51.29161],[-2.81575,51.29148],[-2.81583,51.29109],[-2.81573,51.29047],[-2.81583,51.28993],[-2.81601,51.28964],[-2.81607,51.28967],[-2.81625,51.28963],[-2.81646,51.28964],[-2.81669,51.28971],[-2.81686,51.28961],[-2.81709,51.28961],[-2.81764,51.28953],[-2.81813,51.28956],[-2.81829,51.28948],[-2.81843,51.28938],[-2.81973,51.28919],[-2.8205,51.28933],[-2.82084,51.28941],[-2.82221,51.29],[-2.82225,51.28994],[-2.82242,51.28995],[-2.82261,51.28986],[-2.82321,51.28974],[-2.82344,51.28963],[-2.82345,51.28955],[-2.82356,51.28959],[-2.82391,51.28957],[-2.82399,51.2896],[-2.82405,51.28969],[-2.8239,51.28981],[-2.82387,51.28995],[-2.82375,51.29004],[-2.82338,51.29026],[-2.8229,51.29035],[-2.82276,51.29047],[-2.82275,51.29061],[-2.82259,51.29076],[-2.82246,51.29096],[-2.82263,51.29108],[-2.82261,51.29115],[-2.82232,51.29123],[-2.82226,51.2913],[-2.82208,51.29136],[-2.82174,51.29144],[-2.8215,51.29142],[-2.81985,51.29111],[-2.81986,51.29106],[-2.82036,51.29094],[-2.82046,51.2909],[-2.82051,51.29084],[-2.82049,51.29073],[-2.82033,51.29043],[-2.82024,51.2904],[-2.81771,51.29042],[-2.81762,51.29045],[-2.81749,51.29059]],[[-2.81709,51.29071],[-2.81712,51.29069],[-2.81699,51.29061],[-2.81673,51.29052],[-2.81612,51.29048],[-2.81612,51.29031],[-2.81624,51.29009],[-2.81607,51.29004],[-2.81594,51.29005],[-2.81589,51.28996],[-2.81583,51.2905],[-2.81589,51.29092],[-2.81589,51.29118],[-2.81583,51.29147],[-2.81578,51.29155],[-2.81582,51.29157],[-2.81598,51.29152],[-2.81651,51.29109],[-2.81709,51.29071]]]}},{"type":"Feature","properties":{"MainHabs":"Deciduous woodland","HabCodes":"DWOOD","PrimSource":"National Forest Inventory 2024 (DWOOD)","AreaHa":1.5,"Version":"Sept_26","UID":"PHID34323230_015780585"},"geometry":{"type":"Polygon","coordinates":[[[-2.81217,51.3157],[-2.81281,51.31573],[-2.81354,51.31584],[-2.81426,51.316],[-2.81487,51.3162],[-2.8164,51.31647],[-2.81646,51.31652],[-2.8163,51.31667],[-2.81601,51.31686],[-2.81511,51.31739],[-2.81501,51.31742],[-2.81489,51.31714],[-2.81469,51.31702],[-2.81472,51.31698],[-2.8147,51.31694],[-2.81476,51.31683],[-2.81493,51.31679],[-2.81511,51.31681],[-2.81515,51.31677],[-2.81531,51.31678],[-2.81543,51.31645],[-2.81235,51.31595],[-2.8117,51.31587],[-2.81168,51.3159],[-2.81154,51.31594],[-2.8115,51.31589],[-2.81082,51.31579],[-2.81085,51.31564],[-2.81217,51.3157]]]}},{"type":"Feature","properties":{"MainHabs":"Deciduous woodland","HabCodes":"DWOOD","PrimSource":"National Forest Inventory 2024 (DWOOD)","AreaHa":0.34,"Version":"Sept_26","UID":"PHID34330670_015775300"},"geometry":{"type":"Polygon","coordinates":[[[-2.8148,51.31596],[-2.81658,51.31632],[-2.8165,51.31643],[-2.81643,51.31644],[-2.81496,51.31619],[-2.81412,51.31593],[-2.81348,51.31579],[-2.81295,51.31571],[-2.81217,51.31566],[-2.81295,51.3157],[-2.8148,51.31596]]]}},{"type":"Feature","properties":{"MainHabs":"Deciduous woodland","HabCodes":"DWOOD","PrimSource":"National Forest Inventory 2024 (DWOOD)","AreaHa":0.11,"Version":"Sept_26","UID":"PHID34335352_015927614"},"geometry":{"type":"Polygon","coordinates":[[[-2.81441,51.32996],[-2.81436,51.33005],[-2.81422,51.32998],[-2.81426,51.32994],[-2.81417,51.32988],[-2.81419,51.32962],[-2.81459,51.32954],[-2.81469,51.32945],[-2.81441,51.32996]]]}},{"type":"Feature","properties":{"MainHabs":"Deciduous woodland","HabCodes":"DWOOD","PrimSource":"National Forest Inventory 2024 (DWOOD)","AreaHa":0.04,"Version":"Sept_26","UID":"PHID34337396_015933709"},"geometry":{"type":"Polygon","coordinates":[[[-2.81394,51.33039],[-2.8143,51.33006],[-2.81435,51.33008],[-2.81419,51.33037],[-2.81394,51.33039]]]}},{"type":"Feature","properties":{"MainHabs":"Deciduous woodland","HabCodes":"DWOOD","PrimSource":"National Forest Inventory 2024 (DWOOD)","AreaHa":0.03,"Version":"Sept_26","UID":"PHID34339134_015929474"},"geometry":{"type":"Polygon","coordinates":[[[-2.814,51.32988],[-2.81401,51.33001],[-2.81376,51.32995],[-2.81381,51.32989],[-2.81377,51.32982],[-2.81389,51.32985],[-2.81402,51.32983],[-2.814,51.32988]]]}},{"type":"Feature","properties":{"MainHabs":"Deciduous woodland","HabCodes":"DWOOD","PrimSource":"National Forest Inventory 2024 (DWOOD)","AreaHa":0.02,"Version":"Sept_26","UID":"PHID34340666_015928873"},"geometry":{"type":"Polygon","coordinates":[[[-2.81358,51.32977],[-2.81375,51.32982],[-2.81379,51.32988],[-2.81373,51.32997],[-2.81356,51.32982],[-2.81358,51.32977]]]}},{"type":"Feature","properties":{"MainHabs":"Deciduous woodland","HabCodes":"DWOOD","PrimSource":"National Forest Inventory 2024 (DWOOD)","AreaHa":0.02,"Version":"Sept_26","UID":"PHID34343559_015934350"},"geometry":{"type":"Polygon","coordinates":[[[-2.81345,51.33038],[-2.81334,51.33039],[-2.81328,51.33044],[-2.81314,51.33034],[-2.813,51.33034],[-2.81298,51.33031],[-2.81316,51.33027],[-2.81345,51.33038]]]}},{"type":"Feature","properties":{"MainHabs":"Deciduous woodland","HabCodes":"DWOOD","PrimSource":"National Forest Inventory 2024 (DWOOD)","AreaHa":0.03,"Version":"Sept_26","UID":"PHID34344615_015800966"},"geometry":{"type":"Polygon","coordinates":[[[-2.81304,51.31837],[-2.8128,51.31846],[-2.81273,51.31829],[-2.81298,51.31827],[-2.81304,51.31837]]]}},{"type":"Feature","properties":{"MainHabs":"Deciduous woodland","HabCodes":"DWOOD","PrimSource":"National Forest Inventory 2024 (DWOOD)","AreaHa":0.03,"Version":"Sept_26","UID":"PHID34345045_015750795"},"geometry":{"type":"Polygon","coordinates":[[[-2.81307,51.31375],[-2.81311,51.31376],[-2.81295,51.31382],[-2.81247,51.31392],[-2.81175,51.31397],[-2.81104,51.31396],[-2.81123,51.31393],[-2.81173,51.31395],[-2.81247,51.3139],[-2.81307,51.31375]]]}},{"type":"Feature","properties":{"MainHabs":"Deciduous woodland","HabCodes":"DWOOD","PrimSource":"National Forest Inventory 2024 (DWOOD)","AreaHa":0.04,"Version":"Sept_26","UID":"PHID34347881_015707192"},"geometry":{"type":"Polygon","coordinates":[[[-2.81219,51.31007],[-2.81212,51.30998],[-2.81222,51.30996],[-2.81218,51.30989],[-2.81229,51.30983],[-2.81243,51.30983],[-2.81244,51.31],[-2.81219,51.31007]]]}},{"type":"Feature","properties":{"MainHabs":"Deciduous woodland","HabCodes":"DWOOD","PrimSource":"National Forest Inventory 2024 (DWOOD)","AreaHa":0.61,"Version":"Sept_26","UID":"PHID34348175_016037680"},"geometry":{"type":"Polygon","coordinates":[[[-2.81161,51.34018],[-2.81155,51.34009],[-2.8123,51.33988],[-2.81225,51.33983],[-2.81216,51.33984],[-2.81191,51.33995],[-2.81187,51.33969],[-2.81208,51.33967],[-2.81269,51.33946],[-2.81313,51.33951],[-2.81417,51.33909],[-2.81429,51.33926],[-2.81291,51.33986],[-2.81252,51.33993],[-2.81164,51.34021],[-2.81161,51.34018]]]}},{"type":"Feature","properties":{"MainHabs":"Deciduous woodland","HabCodes":"DWOOD","PrimSource":"National Forest Inventory 2024 (DWOOD)","AreaHa":0.56,"Version":"Sept_26","UID":"PHID34352352_015710534"},"geometry":{"type":"Polygon","coordinates":[[[-2.81204,51.31009],[-2.81198,51.3103],[-2.81207,51.3107],[-2.81163,51.31085],[-2.81143,51.31],[-2.8112,51.30997],[-2.81107,51.3098],[-2.81141,51.30974],[-2.81172,51.30962],[-2.81219,51.30958],[-2.81208,51.30985],[-2.81211,51.31002],[-2.81204,51.31009]]]}},{"type":"Feature","properties":{"MainHabs":"Deciduous woodland","HabCodes":"DWOOD","AddHabs":"GQSIG","PrimSource":"National Forest Inventory 2024 (DWOOD)","AreaHa":0.21,"Version":"Sept_26","UID":"PHID34354722_015681947"},"geometry":{"type":"Polygon","coordinates":[[[-2.81139,51.30737],[-2.81146,51.30743],[-2.81116,51.30752],[-2.81171,51.30792],[-2.81193,51.30816],[-2.81176,51.30822],[-2.81169,51.30809],[-2.81113,51.30766],[-2.81083,51.30737],[-2.81058,51.30695],[-2.81071,51.30694],[-2.81107,51.30746],[-2.81139,51.30737]]]}},{"type":"Feature","properties":{"MainHabs":"Deciduous woodland","HabCodes":"DWOOD","PrimSource":"National Forest Inventory 2024 (DWOOD)","AreaHa":0.76,"Version":"Sept_26","UID":"PHID34357426_015748972"},"geometry":{"type":"Polygon","coordinates":[[[-2.81267,51.31364],[-2.81264,51.31384],[-2.81261,51.31386],[-2.81178,51.31393],[-2.81066,51.31385],[-2.80998,51.31376],[-2.80928,51.31372],[-2.8099,51.31355],[-2.81095,51.31352],[-2.81131,51.31347],[-2.81222,51.31356],[-2.81267,51.31364]]]}},{"type":"Feature","properties":{"MainHabs":"Deciduous woodland","HabCodes":"DWOOD","PrimSource":"National Forest Inventory 2024 (DWOOD)","AreaHa":0.05,"Version":"Sept_26","UID":"PHID34361078_015890964"},"geometry":{"type":"Polygon","coordinates":[[[-2.81063,51.32626],[-2.81075,51.32631],[-2.81078,51.32637],[-2.81078,51.32668],[-2.81067,51.32667],[-2.81061,51.32654],[-2.81058,51.32635],[-2.81059,51.3263],[-2.81064,51.3263],[-2.81063,51.32626]]]}},{"type":"Feature","properties":{"MainHabs":"Deciduous woodland","HabCodes":"DWOOD","PrimSource":"National Forest Inventory 2024 (DWOOD)","AreaHa":0.01,"Version":"Sept_26","UID":"PHID34368115_015748263"},"geometry":{"type":"Polygon","coordinates":[[[-2.8091,51.31376],[-2.80909,51.31374],[-2.80921,51.3137],[-2.80982,51.31355],[-2.8091,51.31376]]]}},{"type":"Feature","properties":{"MainHabs":"Deciduous woodland","HabCodes":"DWOOD","PrimSource":"National Forest Inventory 2024 (DWOOD)","AreaHa":0.09,"Version":"Sept_26","UID":"PHID34370310_015748105"},"geometry":{"type":"Polygon","coordinates":[[[-2.80886,51.31376],[-2.80892,51.31352],[-2.8098,51.31353],[-2.80911,51.31372],[-2.80886,51.31376]]]}},{"type":"Feature","properties":{"MainHabs":"Deciduous woodland","HabCodes":"DWOOD","PrimSource":"National Forest Inventory 2024 (DWOOD)","AreaHa":0.04,"Version":"Sept_26","UID":"PHID34372912_015750384"},"geometry":{"type":"Polygon","coordinates":[[[-2.8091,51.31376],[-2.80913,51.31379],[-2.80903,51.31382],[-2.80896,51.3139],[-2.80871,51.31393],[-2.8085,51.31388],[-2.80853,51.31377],[-2.80878,51.31382],[-2.8091,51.31376]]]}},{"type":"Feature","properties":{"MainHabs":"Deciduous woodland","HabCodes":"DWOOD","AddHabs":"LHEAT","PrimSource":"National Forest Inventory 2024 (DWOOD)","AreaHa":0.47,"Version":"Sept_26","UID":"PHID34375098_015569553"},"geometry":{"type":"Polygon","coordinates":[[[-2.80891,51.29744],[-2.80871,51.29746],[-2.80852,51.29755],[-2.80835,51.29758],[-2.80821,51.29771],[-2.80736,51.29776],[-2.80733,51.29752],[-2.80754,51.29747],[-2.80801,51.29748],[-2.80838,51.29741],[-2.80849,51.29704],[-2.80842,51.2969],[-2.80829,51.2968],[-2.80815,51.29675],[-2.80866,51.29672],[-2.80874,51.29673],[-2.8088,51.29686],[-2.80885,51.297],[-2.80882,51.29722],[-2.80898,51.29734],[-2.80896,51.29741],[-2.80891,51.29744]]]}},{"type":"Feature","properties":{"MainHabs":"Deciduous woodland","HabCodes":"DWOOD","PrimSource":"National Forest Inventory 2024 (DWOOD)","AreaHa":0.11,"Version":"Sept_26","UID":"PHID34375605_015770450"},"geometry":{"type":"Polygon","coordinates":[[[-2.80801,51.3155],[-2.80809,51.31547],[-2.80824,51.31548],[-2.80868,51.31565],[-2.80876,51.31573],[-2.80876,51.31582],[-2.80875,51.31583],[-2.80821,51.3157],[-2.80804,51.3156],[-2.80801,51.3155]]]}},{"type":"Feature","properties":{"MainHabs":"Deciduous woodland","HabCodes":"DWOOD","PrimSource":"National Forest Inventory 2024 (DWOOD)","AreaHa":0.28,"Version":"Sept_26","UID":"PHID34376707_015775286"},"geometry":{"type":"Polygon","coordinates":[[[-2.80788,51.31618],[-2.8078,51.31599],[-2.80817,51.31572],[-2.80883,51.31589],[-2.80868,51.31601],[-2.80865,51.31616],[-2.80861,51.31621],[-2.8085,51.31622],[-2.80838,51.31616],[-2.80823,51.31618],[-2.80812,51.31625],[-2.80799,51.31645],[-2.80788,51.31618]]]}},{"type":"Feature","properties":{"MainHabs":"Deciduous woodland","HabCodes":"DWOOD","PrimSource":"National Forest Inventory 2024 (DWOOD)","AreaHa":0.5,"Version":"Sept_26","UID":"PHID34377033_015429242"},"geometry":{"type":"Polygon","coordinates":[[[-2.80821,51.28501],[-2.80809,51.28522],[-2.80761,51.28531],[-2.80755,51.28514],[-2.80579,51.28535],[-2.80577,51.28529],[-2.80583,51.28525],[-2.80575,51.28525],[-2.8059,51.2852],[-2.80697,51.28501],[-2.80803,51.28473],[-2.80807,51.28475],[-2.80841,51.28461],[-2.80821,51.28501]]]}},{"type":"Feature","properties":{"MainHabs":"Deciduous woodland","HabCodes":"DWOOD","PrimSource":"National Forest Inventory 2024 (DWOOD)","AreaHa":0.08,"Version":"Sept_26","UID":"PHID34379856_015427966"},"geometry":{"type":"Polygon","coordinates":[[[-2.80627,51.28507],[-2.80611,51.2851],[-2.8061,51.28506],[-2.8071,51.28488],[-2.80787,51.28464],[-2.80799,51.28471],[-2.80752,51.28485],[-2.80734,51.28486],[-2.8073,51.2849],[-2.80627,51.28507]]]}},{"type":"Feature","properties":{"MainHabs":"Deciduous woodland","HabCodes":"DWOOD","FeatDesc":"Upland mixed ashwoods","FeatCodes":"UMAWD","OtherClass":"Annex1(H9180)","PrimSource":"National Forest Inventory 2024 (DWOOD)","AreaHa":0.11,"Version":"Sept_26","UID":"PHID34390706_015518336"},"geometry":{"type":"Polygon","coordinates":[[[-2.8054,51.29272],[-2.80541,51.29269],[-2.80566,51.29283],[-2.80566,51.29287],[-2.80578,51.29294],[-2.80616,51.29305],[-2.80633,51.2933],[-2.80589,51.29311],[-2.80587,51.29307],[-2.80532,51.29288],[-2.8054,51.29272]]]}},{"type":"Feature","properties":{"MainHabs":"Deciduous woodland","HabCodes":"DWOOD","PrimSource":"National Forest Inventory 2024 (DWOOD)","AreaHa":0.54,"Version":"Sept_26","UID":"PHID34394028_015821163"},"geometry":{"type":"Polygon","coordinates":[[[-2.80577,51.32044],[-2.80565,51.32048],[-2.80578,51.32062],[-2.80571,51.32065],[-2.80541,51.32023],[-2.80501,51.31984],[-2.8055,51.31961],[-2.8062,51.32035],[-2.80648,51.32037],[-2.80667,51.32073],[-2.80665,51.32073],[-2.8062,51.32066],[-2.80596,51.32057],[-2.80577,51.32044]]]}},{"type":"Feature","properties":{"MainHabs":"Deciduous woodland","HabCodes":"DWOOD","PrimSource":"National Forest Inventory 2024 (DWOOD)","AreaHa":0.21,"Version":"Sept_26","UID":"PHID34394662_015768872"},"geometry":{"type":"Polygon","coordinates":[[[-2.80517,51.31559],[-2.80515,51.3157],[-2.8047,51.31581],[-2.80418,51.31581],[-2.8041,51.31571],[-2.80401,51.31566],[-2.80359,51.3156],[-2.80405,51.31557],[-2.80463,51.3156],[-2.8054,51.31555],[-2.80573,51.3155],[-2.80658,51.31531],[-2.80721,51.31525],[-2.80654,51.31534],[-2.8057,51.31554],[-2.80517,51.31559]]]}},{"type":"Feature","properties":{"MainHabs":"Deciduous woodland","HabCodes":"DWOOD","AddHabs":"LMEAD","PrimSource":"National Forest Inventory 2024 (DWOOD)","AreaHa":0.18,"Version":"Sept_26","UID":"PHID34394672_015766954"},"geometry":{"type":"Polygon","coordinates":[[[-2.80628,51.31516],[-2.8063,51.31533],[-2.80548,51.31553],[-2.80516,51.31555],[-2.8051,51.31533],[-2.80531,51.31531],[-2.8055,51.31533],[-2.80628,51.31516]]]}},{"type":"Feature","properties":{"MainHabs":"Deciduous woodland","HabCodes":"DWOOD","AddHabs":"LCGRA","PrimSource":"National Forest Inventory 2024 (DWOOD)","AreaHa":0.83,"Version":"Sept_26","UID":"PHID34394879_015756951"},"geometry":{"type":"Polygon","coordinates":[[[-2.80477,51.31413],[-2.80539,51.31421],[-2.80586,51.31418],[-2.80632,51.31426],[-2.80656,51.31424],[-2.80677,51.31443],[-2.80547,51.31474],[-2.80498,51.31482],[-2.80493,51.3147],[-2.80449,51.31469],[-2.80454,51.31442],[-2.80446,51.31436],[-2.80415,51.31424],[-2.80435,51.31411],[-2.80477,51.31413]]]}},{"type":"Feature","properties":{"MainHabs":"Deciduous woodland","HabCodes":"DWOOD","PrimSource":"National Forest Inventory 2024 (DWOOD)","AreaHa":0.11,"Version":"Sept_26","UID":"PHID34395080_015432783"},"geometry":{"type":"Polygon","coordinates":[[[-2.80541,51.28539],[-2.8047,51.28543],[-2.8047,51.28526],[-2.80536,51.2852],[-2.80552,51.28538],[-2.80541,51.28539]]]}},{"type":"Feature","properties":{"MainHabs":"Deciduous woodland","HabCodes":"DWOOD","PrimSource":"National Forest Inventory 2024 (DWOOD)","AreaHa":6.53,"Version":"Sept_26","UID":"PHID34395856_015923043"},"geometry":{"type":"Polygon","coordinates":[[[-2.80661,51.33068],[-2.80628,51.33079],[-2.80559,51.33083],[-2.80521,51.3308],[-2.80475,51.33073],[-2.80483,51.3304],[-2.80422,51.33017],[-2.80404,51.33007],[-2.80402,51.33],[-2.80375,51.32996],[-2.80315,51.32972],[-2.80354,51.32899],[-2.80454,51.32903],[-2.80522,51.32911],[-2.80551,51.32879],[-2.80544,51.32862],[-2.80514,51.32842],[-2.80506,51.32832],[-2.80504,51.32817],[-2.80556,51.32803],[-2.80606,51.32796],[-2.80628,51.32797],[-2.80643,51.32835],[-2.80657,51.32848],[-2.80773,51.32905],[-2.80786,51.32908],[-2.80793,51.32921],[-2.80832,51.32953],[-2.80831,51.32962],[-2.80797,51.33012],[-2.80795,51.33032],[-2.80718,51.33052],[-2.80674,51.3307],[-2.80661,51.33068]]]}},{"type":"Feature","properties":{"MainHabs":"Deciduous woodland","HabCodes":"DWOOD","PrimSource":"National Forest Inventory 2024 (DWOOD)","AreaHa":0.2,"Version":"Sept_26","UID":"PHID34400445_015823905"},"geometry":{"type":"Polygon","coordinates":[[[-2.80521,51.32078],[-2.80505,51.32081],[-2.80498,51.32078],[-2.80493,51.32071],[-2.80484,51.3207],[-2.80489,51.32065],[-2.80488,51.32062],[-2.80477,51.32054],[-2.80472,51.32044],[-2.80455,51.32029],[-2.80451,51.32019],[-2.8046,51.32014],[-2.80493,51.32025],[-2.80511,51.32041],[-2.80532,51.32052],[-2.80533,51.32061],[-2.80521,51.32078]]]}},{"type":"Feature","properties":{"MainHabs":"Deciduous woodland","HabCodes":"DWOOD","PrimSource":"National Forest Inventory 2024 (DWOOD)","AreaHa":0.59,"Version":"Sept_26","UID":"PHID34401572_016041895"},"geometry":{"type":"Polygon","coordinates":[[[-2.8054,51.34045],[-2.8054,51.34051],[-2.8044,51.34048],[-2.80462,51.33974],[-2.8052,51.33966],[-2.80565,51.33966],[-2.80578,51.33962],[-2.80582,51.33967],[-2.80576,51.33977],[-2.80544,51.33977],[-2.8054,51.34045]]]}},{"type":"Feature","properties":{"MainHabs":"Deciduous woodland","HabCodes":"DWOOD","PrimSource":"National Forest Inventory 2024 (DWOOD)","AreaHa":0.02,"Version":"Sept_26","UID":"PHID34402913_015938329"},"geometry":{"type":"Polygon","coordinates":[[[-2.80474,51.33077],[-2.80534,51.33085],[-2.80559,51.33086],[-2.80627,51.33081],[-2.80665,51.33073],[-2.80674,51.33075],[-2.80667,51.33073],[-2.80626,51.33083],[-2.80553,51.33087],[-2.80484,51.3308],[-2.80449,51.33072],[-2.80453,51.33068],[-2.80474,51.33077]]]}},{"type":"Feature","properties":{"MainHabs":"Deciduous woodland","HabCodes":"DWOOD","AddHabs":"LMEAD","PrimSource":"National Forest Inventory 2024 (DWOOD)","AreaHa":0.1,"Version":"Sept_26","UID":"PHID34404771_015766706"},"geometry":{"type":"Polygon","coordinates":[[[-2.80392,51.31549],[-2.80395,51.3153],[-2.80401,51.3152],[-2.80447,51.31533],[-2.80456,51.31538],[-2.80459,51.31544],[-2.80454,51.31549],[-2.80392,51.31549]]]}},{"type":"Feature","properties":{"MainHabs":"Deciduous woodland","HabCodes":"DWOOD","PrimSource":"National Forest Inventory 2024 (DWOOD)","AreaHa":0.08,"Version":"Sept_26","UID":"PHID34407757_015770715"},"geometry":{"type":"Polygon","coordinates":[[[-2.8041,51.31582],[-2.80353,51.31582],[-2.80353,51.31569],[-2.80349,51.31561],[-2.80401,51.31568],[-2.80413,51.31578],[-2.80415,51.31581],[-2.8041,51.31582]]]}},{"type":"Feature","properties":{"MainHabs":"Deciduous woodland","HabCodes":"DWOOD","PrimSource":"National Forest Inventory 2024 (DWOOD)","AreaHa":0.21,"Version":"Sept_26","UID":"PHID34409110_015806179"},"geometry":{"type":"Polygon","coordinates":[[[-2.80299,51.31858],[-2.80352,51.31882],[-2.80363,51.31865],[-2.80403,51.31883],[-2.80391,51.319],[-2.80413,51.3191],[-2.80401,51.31921],[-2.80338,51.31893],[-2.80287,51.31868],[-2.80299,51.31858]]]}},{"type":"Feature","properties":{"MainHabs":"Deciduous woodland","HabCodes":"DWOOD","FeatDesc":"Upland mixed ashwoods","FeatCodes":"UMAWD","OtherClass":"Annex1(H9180)","PrimSource":"National Forest Inventory 2024 (DWOOD)","AreaHa":0.33,"Version":"Sept_26","UID":"PHID34416249_015503884"},"geometry":{"type":"Polygon","coordinates":[[[-2.80211,51.29135],[-2.80253,51.2914],[-2.80245,51.29154],[-2.80239,51.29185],[-2.80222,51.2921],[-2.80178,51.29205],[-2.80193,51.29165],[-2.8019,51.29115],[-2.80227,51.29113],[-2.80217,51.29123],[-2.80211,51.29135]]]}},{"type":"Feature","properties":{"MainHabs":"Deciduous woodland","HabCodes":"DWOOD","AddHabs":"LCGRA","PrimSource":"National Forest Inventory 2024 (DWOOD)","AreaHa":3.24,"Version":"Sept_26","UID":"PHID34417399_015720152"},"geometry":{"type":"Polygon","coordinates":[[[-2.80509,51.31175],[-2.80544,51.31176],[-2.80619,51.31187],[-2.80687,51.3121],[-2.80704,51.31219],[-2.80714,51.31231],[-2.80713,51.31248],[-2.80729,51.31279],[-2.80704,51.31285],[-2.80674,51.31255],[-2.80675,51.31246],[-2.80682,51.31237],[-2.80646,51.31224],[-2.80622,51.31223],[-2.80549,51.3121],[-2.80394,51.31212],[-2.80319,51.31202],[-2.80214,51.31172],[-2.80223,51.31161],[-2.80213,51.31154],[-2.80192,51.3116],[-2.80182,51.31159],[-2.80168,51.3115],[-2.80165,51.31143],[-2.80169,51.3114],[-2.80159,51.3113],[-2.80165,51.31102],[-2.8016,51.31083],[-2.80162,51.31056],[-2.80135,51.31055],[-2.80115,51.31047],[-2.80137,51.31036],[-2.80111,51.30991],[-2.80092,51.30978],[-2.80076,51.30959],[-2.80085,51.30948],[-2.80107,51.30951],[-2.8012,51.30947],[-2.80158,51.30991],[-2.80137,51.31001],[-2.80157,51.31017],[-2.80176,51.31008],[-2.80182,51.31014],[-2.80184,51.31012],[-2.80276,51.31098],[-2.80312,51.31123],[-2.80306,51.31123],[-2.80367,51.31137],[-2.80509,51.3116],[-2.80501,51.31168],[-2.80507,51.3117],[-2.80509,51.31175]]]}},{"type":"Feature","properties":{"MainHabs":"Deciduous woodland","HabCodes":"DWOOD","PrimSource":"National Forest Inventory 2024 (DWOOD)","AreaHa":0.06,"Version":"Sept_26","UID":"PHID34420466_015468751"},"geometry":{"type":"Polygon","coordinates":[[[-2.80158,51.28864],[-2.80183,51.28908],[-2.80184,51.28911],[-2.80169,51.289],[-2.80152,51.28867],[-2.80115,51.28825],[-2.80134,51.28829],[-2.80158,51.28864]]]}},{"type":"Feature","properties":{"MainHabs":"Deciduous woodland","HabCodes":"DWOOD","PrimSource":"National Forest Inventory 2024 (DWOOD)","AreaHa":0.12,"Version":"Sept_26","UID":"PHID34422025_015439351"},"geometry":{"type":"Polygon","coordinates":[[[-2.80145,51.28574],[-2.80145,51.28585],[-2.80138,51.28598],[-2.80124,51.28613],[-2.801,51.28615],[-2.80099,51.28572],[-2.80145,51.28574]]]}},{"type":"Feature","properties":{"MainHabs":"Deciduous woodland","HabCodes":"DWOOD","FeatDesc":"Upland mixed ashwoods","FeatCodes":"UMAWD","OtherClass":"Annex1(H9180)","PrimSource":"National Forest Inventory 2024 (DWOOD)","AreaHa":0.43,"Version":"Sept_26","UID":"PHID34422208_015475382"},"geometry":{"type":"Polygon","coordinates":[[[-2.80162,51.28916],[-2.80162,51.28925],[-2.80165,51.28928],[-2.8016,51.28934],[-2.80165,51.28936],[-2.80166,51.28954],[-2.80109,51.28961],[-2.80085,51.28878],[-2.80086,51.28873],[-2.80153,51.28876],[-2.80161,51.2889],[-2.80165,51.28913],[-2.80162,51.28916]]]}},{"type":"Feature","properties":{"MainHabs":"Deciduous woodland","HabCodes":"DWOOD","PrimSource":"National Forest Inventory 2024 (DWOOD)","AreaHa":2.78,"Version":"Sept_26","UID":"PHID34422956_015801480"},"geometry":{"type":"Polygon","coordinates":[[[-2.79894,51.3168],[-2.80027,51.31749],[-2.80101,51.31781],[-2.80148,51.31798],[-2.80204,51.3183],[-2.80268,51.31863],[-2.80438,51.31943],[-2.80472,51.31963],[-2.80498,51.31986],[-2.80473,51.31994],[-2.80418,51.31988],[-2.80384,51.31968],[-2.80389,51.31963],[-2.80386,51.31961],[-2.80351,51.31959],[-2.80301,51.31929],[-2.80263,51.31917],[-2.80238,51.31903],[-2.80219,51.31898],[-2.80208,51.31889],[-2.80195,51.31888],[-2.80174,51.31893],[-2.80169,51.31891],[-2.80161,51.31887],[-2.80158,51.31875],[-2.8014,51.31851],[-2.80126,51.31845],[-2.80097,51.31841],[-2.80058,51.31813],[-2.80019,51.3179],[-2.79979,51.31806],[-2.79975,51.31794],[-2.79969,51.31793],[-2.7996,51.3177],[-2.79927,51.31755],[-2.79916,51.31746],[-2.79919,51.31743],[-2.79879,51.31723],[-2.79846,51.31697],[-2.79833,51.31694],[-2.79842,51.31649],[-2.79847,51.3165],[-2.79858,51.31642],[-2.79848,51.31654],[-2.79843,51.31666],[-2.79847,51.31667],[-2.7985,51.31658],[-2.79856,51.31651],[-2.79865,51.31652],[-2.79894,51.3168]]]}},{"type":"Feature","properties":{"MainHabs":"Deciduous woodland","HabCodes":"DWOOD","PrimSource":"National Forest Inventory 2024 (DWOOD)","AreaHa":0.25,"Version":"Sept_26","UID":"PHID34423525_015431962"},"geometry":{"type":"Polygon","coordinates":[[[-2.80146,51.28514],[-2.80152,51.28515],[-2.80141,51.28549],[-2.80099,51.28546],[-2.80047,51.28537],[-2.80062,51.28504],[-2.80146,51.28514]]]}},{"type":"Feature","properties":{"MainHabs":"Deciduous woodland","HabCodes":"DWOOD","PrimSource":"National Forest Inventory 2024 (DWOOD)","AreaHa":2.08,"Version":"Sept_26","UID":"PHID34425163_015675885"},"geometry":{"type":"Polygon","coordinates":[[[-2.80235,51.3065],[-2.80134,51.30692],[-2.80206,51.30806],[-2.80153,51.30812],[-2.80015,51.30781],[-2.8001,51.30744],[-2.80019,51.30628],[-2.79991,51.30625],[-2.79993,51.30621],[-2.80164,51.30642],[-2.80235,51.30648],[-2.80235,51.3065]]]}},{"type":"Feature","properties":{"MainHabs":"Deciduous woodland","HabCodes":"DWOOD","PrimSource":"National Forest Inventory 2024 (DWOOD)","AreaHa":0.06,"Version":"Sept_26","UID":"PHID34425652_015665963"},"geometry":{"type":"Polygon","coordinates":[[[-2.80215,51.30644],[-2.79993,51.30619],[-2.79995,51.30616],[-2.80236,51.30643],[-2.80236,51.30645],[-2.80215,51.30644]]]}},{"type":"Feature","properties":{"MainHabs":"Deciduous woodland","HabCodes":"DWOOD","PrimSource":"National Forest Inventory 2024 (DWOOD)","AreaHa":0.06,"Version":"Sept_26","UID":"PHID34428089_015532125"},"geometry":{"type":"Polygon","coordinates":[[[-2.80023,51.29424],[-2.80051,51.29416],[-2.80073,51.29418],[-2.80067,51.2944],[-2.80044,51.29434],[-2.80023,51.29424]]]}},{"type":"Feature","properties":{"MainHabs":"Deciduous woodland","HabCodes":"DWOOD","PrimSource":"National Forest Inventory 2024 (DWOOD)","AreaHa":0.58,"Version":"Sept_26","UID":"PHID34431350_016028023"},"geometry":{"type":"Polygon","coordinates":[[[-2.80241,51.33885],[-2.80235,51.33869],[-2.80237,51.33865],[-2.80273,51.33865],[-2.80326,51.33874],[-2.80313,51.33892],[-2.80242,51.33885],[-2.80221,51.33904],[-2.80205,51.33908],[-2.80106,51.33895],[-2.79984,51.33888],[-2.79963,51.33884],[-2.79938,51.33875],[-2.80002,51.33865],[-2.80012,51.33869],[-2.80045,51.3387],[-2.80059,51.33874],[-2.80124,51.33873],[-2.802,51.3389],[-2.80215,51.33885],[-2.80241,51.33885]]]}},{"type":"Feature","properties":{"MainHabs":"Deciduous woodland","HabCodes":"DWOOD","PrimSource":"National Forest Inventory 2024 (DWOOD)","AreaHa":0.24,"Version":"Sept_26","UID":"PHID34435237_016101317"},"geometry":{"type":"Polygon","coordinates":[[[-2.8009,51.34593],[-2.80078,51.34594],[-2.80075,51.34586],[-2.80055,51.34575],[-2.80023,51.34569],[-2.80011,51.34573],[-2.79985,51.34538],[-2.80038,51.34519],[-2.8009,51.34593]]]}},{"type":"Feature","properties":{"MainHabs":"Deciduous woodland","HabCodes":"DWOOD","AddHabs":"LCGRA","PrimSource":"National Forest Inventory 2024 (DWOOD)","AreaHa":12.3,"Version":"Sept_26","UID":"PHID34436562_015632170"},"geometry":{"type":"Polygon","coordinates":[[[-2.80012,51.30205],[-2.80034,51.30422],[-2.8005,51.30423],[-2.8005,51.30436],[-2.80117,51.30435],[-2.80148,51.30448],[-2.80215,51.3045],[-2.80254,51.30444],[-2.80258,51.30431],[-2.80267,51.30431],[-2.8027,51.3045],[-2.80257,51.30452],[-2.80252,51.30456],[-2.80257,51.3046],[-2.80273,51.30456],[-2.8031,51.30455],[-2.80323,51.30477],[-2.8032,51.30499],[-2.80283,51.30503],[-2.80283,51.3052],[-2.80156,51.30548],[-2.80053,51.30558],[-2.80035,51.30565],[-2.80011,51.30565],[-2.79986,51.30558],[-2.79967,51.30542],[-2.79925,51.30525],[-2.79906,51.3051],[-2.79904,51.30468],[-2.79864,51.30438],[-2.79822,51.30413],[-2.79741,51.30416],[-2.79721,51.3034],[-2.79725,51.3034],[-2.79701,51.30258],[-2.79596,51.3028],[-2.79567,51.30244],[-2.79627,51.30225],[-2.79635,51.30225],[-2.79658,51.30233],[-2.79682,51.30231],[-2.79688,51.3024],[-2.79852,51.30204],[-2.79787,51.30089],[-2.7978,51.30064],[-2.79772,51.30055],[-2.79759,51.29935],[-2.79741,51.2991],[-2.79715,51.29885],[-2.79709,51.2987],[-2.79698,51.29858],[-2.797,51.29853],[-2.79733,51.29853],[-2.79743,51.2985],[-2.79764,51.29851],[-2.79783,51.29877],[-2.79799,51.29876],[-2.79846,51.29893],[-2.7984,51.29903],[-2.79848,51.29912],[-2.79842,51.29927],[-2.79845,51.29943],[-2.79859,51.2996],[-2.79882,51.29967],[-2.79888,51.29986],[-2.79885,51.30002],[-2.79908,51.30006],[-2.79922,51.30025],[-2.79935,51.30063],[-2.79934,51.30076],[-2.79926,51.30092],[-2.79928,51.30113],[-2.79947,51.30126],[-2.79972,51.30136],[-2.79993,51.30139],[-2.79996,51.30147],[-2.80007,51.30151],[-2.80016,51.30202],[-2.80016,51.30205],[-2.80012,51.30205]]]}},{"type":"Feature","properties":{"MainHabs":"Deciduous woodland","HabCodes":"DWOOD","PrimSource":"National Forest Inventory 2024 (DWOOD)","AreaHa":0.18,"Version":"Sept_26","UID":"PHID34438604_015704574"},"geometry":{"type":"Polygon","coordinates":[[[-2.7994,51.30959],[-2.79958,51.30971],[-2.79956,51.30998],[-2.79928,51.31003],[-2.79918,51.30987],[-2.79894,51.30993],[-2.799,51.30979],[-2.79897,51.30949],[-2.799,51.30946],[-2.7994,51.30959]]]}},{"type":"Feature","properties":{"MainHabs":"Deciduous woodland","HabCodes":"DWOOD","PrimSource":"National Forest Inventory 2024 (DWOOD)","AreaHa":0.06,"Version":"Sept_26","UID":"PHID34439973_016025193"},"geometry":{"type":"Polygon","coordinates":[[[-2.79921,51.33858],[-2.79919,51.33852],[-2.79932,51.33857],[-2.79945,51.33855],[-2.79995,51.33863],[-2.79933,51.33872],[-2.79921,51.33858]]]}},{"type":"Feature","properties":{"MainHabs":"Deciduous woodland","HabCodes":"DWOOD","PrimSource":"National Forest Inventory 2024 (DWOOD)","AreaHa":0.06,"Version":"Sept_26","UID":"PHID34440026_015933565"},"geometry":{"type":"Polygon","coordinates":[[[-2.79914,51.33044],[-2.79933,51.33029],[-2.79951,51.33025],[-2.7996,51.3303],[-2.79962,51.33039],[-2.79922,51.33052],[-2.79914,51.33044]]]}},{"type":"Feature","properties":{"MainHabs":"Deciduous woodland","HabCodes":"DWOOD","PrimSource":"National Forest Inventory 2024 (DWOOD)","AreaHa":0.05,"Version":"Sept_26","UID":"PHID34440036_015698096"},"geometry":{"type":"Polygon","coordinates":[[[-2.79901,51.30896],[-2.79917,51.30929],[-2.79912,51.30945],[-2.79898,51.30936],[-2.79893,51.30928],[-2.799,51.30904],[-2.79896,51.30897],[-2.79901,51.30896]]]}},{"type":"Feature","properties":{"MainHabs":"Deciduous woodland","HabCodes":"DWOOD","PrimSource":"National Forest Inventory 2024 (DWOOD)","AreaHa":0.54,"Version":"Sept_26","UID":"PHID34440245_015925757"},"geometry":{"type":"Polygon","coordinates":[[[-2.80049,51.32922],[-2.80068,51.32929],[-2.80087,51.3293],[-2.80067,51.32961],[-2.79976,51.32945],[-2.79953,51.32951],[-2.79946,51.32956],[-2.79944,51.32983],[-2.7992,51.33018],[-2.79881,51.33028],[-2.79875,51.33024],[-2.7983,51.33041],[-2.79804,51.33057],[-2.79789,51.33078],[-2.79797,51.33062],[-2.79811,51.33048],[-2.7983,51.33038],[-2.79866,51.33026],[-2.79888,51.33013],[-2.79936,51.32947],[-2.79971,51.3292],[-2.7999,51.32901],[-2.80025,51.3293],[-2.80038,51.32929],[-2.80031,51.32899],[-2.80033,51.32888],[-2.80049,51.32922]]]}},{"type":"Feature","properties":{"MainHabs":"Deciduous woodland","HabCodes":"DWOOD","FeatDesc":"Upland mixed ashwoods","FeatCodes":"UMAWD","OtherClass":"Annex1(H9180)","PrimSource":"National Forest Inventory 2024 (DWOOD)","AreaHa":3.38,"Version":"Sept_26","UID":"PHID34440307_015521849"},"geometry":{"type":"Polygon","coordinates":[[[-2.80019,51.29422],[-2.80069,51.29443],[-2.8004,51.29434],[-2.80012,51.2942],[-2.79966,51.29415],[-2.79933,51.29401],[-2.79888,51.294],[-2.79846,51.29392],[-2.79823,51.29396],[-2.798,51.29392],[-2.79772,51.294],[-2.79745,51.29401],[-2.79725,51.29405],[-2.7967,51.29422],[-2.79628,51.29442],[-2.79604,51.29442],[-2.79599,51.29439],[-2.79606,51.29435],[-2.79609,51.29397],[-2.79615,51.29383],[-2.79635,51.29364],[-2.79698,51.29342],[-2.79723,51.29344],[-2.79737,51.29342],[-2.79762,51.2932],[-2.79791,51.29313],[-2.79815,51.29311],[-2.7984,51.29304],[-2.7985,51.29296],[-2.7986,51.29267],[-2.7987,51.29254],[-2.79876,51.29238],[-2.79885,51.29233],[-2.79915,51.29228],[-2.79942,51.29231],[-2.79956,51.29239],[-2.79971,51.29253],[-2.79976,51.29265],[-2.79976,51.29302],[-2.79983,51.29316],[-2.80008,51.29343],[-2.80017,51.2937],[-2.80045,51.29391],[-2.80077,51.29408],[-2.80078,51.29413],[-2.80073,51.29415],[-2.8005,51.29414],[-2.80019,51.29422]]]}},{"type":"Feature","properties":{"MainHabs":"Deciduous woodland","HabCodes":"DWOOD","PrimSource":"National Forest Inventory 2024 (DWOOD)","AreaHa":0.09,"Version":"Sept_26","UID":"PHID34442549_015907494"},"geometry":{"type":"Polygon","coordinates":[[[-2.79901,51.32795],[-2.79923,51.32843],[-2.79916,51.32842],[-2.79888,51.32785],[-2.7988,51.32753],[-2.79885,51.32722],[-2.799,51.32689],[-2.79906,51.32689],[-2.79888,51.32737],[-2.79886,51.32749],[-2.79891,51.32774],[-2.79901,51.32795]]]}},{"type":"Feature","properties":{"MainHabs":"Deciduous woodland","HabCodes":"DWOOD","PrimSource":"National Forest Inventory 2024 (DWOOD)","AreaHa":0.11,"Version":"Sept_26","UID":"PHID34442627_015701097"},"geometry":{"type":"Polygon","coordinates":[[[-2.79887,51.30929],[-2.79893,51.30978],[-2.79892,51.30983],[-2.79888,51.30984],[-2.79882,51.30981],[-2.79861,51.30956],[-2.79848,51.30948],[-2.79852,51.30946],[-2.79843,51.30938],[-2.79887,51.30929]]]}},{"type":"Feature","properties":{"MainHabs":"Deciduous woodland","HabCodes":"DWOOD","PrimSource":"National Forest Inventory 2024 (DWOOD)","AreaHa":0.05,"Version":"Sept_26","UID":"PHID34443010_015704307"},"geometry":{"type":"Polygon","coordinates":[[[-2.79877,51.30985],[-2.79853,51.30993],[-2.79849,51.30965],[-2.79851,51.30958],[-2.79856,51.30957],[-2.79861,51.30962],[-2.79877,51.30985]]]}},{"type":"Feature","properties":{"MainHabs":"Deciduous woodland","HabCodes":"DWOOD","AddHabs":"LCGRA, LHEAT, LMEAD","PrimSource":"National Forest Inventory 2024 (DWOOD)","AreaHa":78.44,"Version":"Sept_26","UID":"PHID34443081_015492991"},"geometry":{"type":"Polygon","coordinates":[[[-2.79361,51.29721],[-2.79356,51.29727],[-2.79357,51.29737],[-2.79389,51.29748],[-2.79402,51.29757],[-2.79413,51.29779],[-2.79396,51.29779],[-2.79391,51.29783],[-2.79416,51.29792],[-2.79413,51.29795],[-2.79369,51.29789],[-2.7937,51.29793],[-2.79361,51.29797],[-2.79346,51.29793],[-2.79329,51.29797],[-2.79314,51.29792],[-2.79353,51.29783],[-2.79364,51.29777],[-2.79366,51.29774],[-2.79364,51.2977],[-2.79351,51.29762],[-2.79327,51.29763],[-2.79311,51.29776],[-2.79301,51.29781],[-2.79277,51.29769],[-2.79253,51.29775],[-2.79249,51.29781],[-2.79271,51.29799],[-2.79275,51.29806],[-2.79285,51.29809],[-2.79313,51.29808],[-2.79368,51.29819],[-2.79431,51.29818],[-2.79425,51.29825],[-2.79403,51.29821],[-2.79392,51.29825],[-2.79396,51.29831],[-2.79419,51.29836],[-2.79414,51.29847],[-2.79372,51.2984],[-2.79301,51.29839],[-2.79259,51.29852],[-2.7922,51.2986],[-2.79208,51.29868],[-2.79197,51.2987],[-2.79193,51.29869],[-2.79169,51.29903],[-2.79174,51.29946],[-2.79159,51.29964],[-2.79154,51.29961],[-2.7916,51.2995],[-2.79152,51.29943],[-2.79129,51.2994],[-2.79118,51.29945],[-2.79105,51.29942],[-2.79089,51.29946],[-2.79109,51.29956],[-2.79076,51.29941],[-2.79039,51.29914],[-2.79034,51.29907],[-2.79029,51.29897],[-2.79026,51.29866],[-2.79019,51.2984],[-2.78953,51.29661],[-2.78896,51.29559],[-2.78883,51.29545],[-2.78838,51.29509],[-2.78827,51.29491],[-2.78826,51.29479],[-2.78829,51.29469],[-2.78855,51.29424],[-2.78889,51.29373],[-2.78906,51.29336],[-2.78928,51.29302],[-2.78966,51.29251],[-2.79014,51.29207],[-2.79031,51.29185],[-2.79047,51.29179],[-2.79106,51.29148],[-2.79122,51.29151],[-2.79109,51.29168],[-2.79103,51.29178],[-2.79107,51.2918],[-2.79079,51.29205],[-2.79062,51.29209],[-2.79052,51.29204],[-2.79033,51.29219],[-2.79036,51.29225],[-2.7904,51.29227],[-2.79064,51.29212],[-2.79076,51.2921],[-2.79036,51.29247],[-2.79004,51.29302],[-2.78975,51.29331],[-2.79005,51.29304],[-2.79043,51.29243],[-2.7907,51.29254],[-2.79077,51.2925],[-2.79077,51.29243],[-2.79093,51.29243],[-2.79118,51.29248],[-2.79147,51.29263],[-2.79142,51.29276],[-2.79147,51.29277],[-2.7912,51.29338],[-2.79114,51.29343],[-2.79118,51.29352],[-2.79115,51.29383],[-2.79156,51.29387],[-2.79175,51.29409],[-2.79206,51.29393],[-2.79269,51.29368],[-2.79351,51.29307],[-2.79398,51.2928],[-2.79414,51.29259],[-2.79432,51.29223],[-2.79447,51.29205],[-2.79524,51.29156],[-2.79586,51.29181],[-2.79592,51.29178],[-2.79608,51.29187],[-2.79686,51.29138],[-2.79735,51.29091],[-2.79742,51.29076],[-2.79686,51.2906],[-2.79705,51.29037],[-2.797,51.29029],[-2.79705,51.29013],[-2.79667,51.29015],[-2.79686,51.29003],[-2.79687,51.28991],[-2.79694,51.28975],[-2.7975,51.28898],[-2.79771,51.28861],[-2.7979,51.28819],[-2.79809,51.28827],[-2.79818,51.28844],[-2.7983,51.28854],[-2.79863,51.28848],[-2.80073,51.28872],[-2.801,51.28823],[-2.8011,51.28827],[-2.80127,51.28843],[-2.80153,51.28876],[-2.80086,51.28873],[-2.80085,51.28878],[-2.80109,51.28961],[-2.80166,51.28954],[-2.80165,51.28928],[-2.80162,51.28925],[-2.80165,51.28913],[-2.80163,51.28905],[-2.80169,51.28904],[-2.80172,51.28917],[-2.8018,51.28913],[-2.80193,51.28924],[-2.80199,51.2895],[-2.80231,51.28946],[-2.80261,51.29053],[-2.80276,51.29056],[-2.80303,51.29051],[-2.80301,51.29018],[-2.80318,51.29014],[-2.8033,51.29007],[-2.80351,51.29021],[-2.8035,51.29026],[-2.80338,51.29023],[-2.80333,51.29031],[-2.80348,51.29035],[-2.80352,51.29021],[-2.80341,51.29011],[-2.80339,51.29005],[-2.80345,51.2901],[-2.80374,51.29007],[-2.80411,51.2901],[-2.80411,51.29013],[-2.80419,51.29014],[-2.80446,51.29015],[-2.80442,51.29012],[-2.80507,51.29015],[-2.80568,51.29041],[-2.80543,51.29026],[-2.80509,51.29014],[-2.80438,51.29009],[-2.80441,51.28997],[-2.80474,51.28996],[-2.80479,51.28993],[-2.80478,51.28984],[-2.80518,51.2898],[-2.80529,51.29019],[-2.80738,51.29029],[-2.80717,51.29067],[-2.80569,51.29059],[-2.80399,51.29112],[-2.80466,51.29129],[-2.80458,51.29148],[-2.80436,51.29179],[-2.80458,51.2919],[-2.80472,51.29193],[-2.80505,51.29221],[-2.80499,51.29234],[-2.80538,51.29268],[-2.80536,51.29271],[-2.8054,51.29272],[-2.80532,51.29288],[-2.80587,51.29307],[-2.80589,51.29311],[-2.80633,51.2933],[-2.80616,51.29304],[-2.80613,51.29249],[-2.8067,51.29271],[-2.80686,51.29281],[-2.80688,51.29293],[-2.80701,51.29307],[-2.80699,51.29309],[-2.80714,51.29322],[-2.80732,51.29345],[-2.80739,51.29359],[-2.8073,51.29367],[-2.8074,51.29383],[-2.8078,51.29379],[-2.80794,51.29368],[-2.80825,51.29376],[-2.80814,51.29403],[-2.80789,51.29406],[-2.80794,51.29423],[-2.8078,51.2943],[-2.8077,51.29443],[-2.8076,51.29449],[-2.80742,51.29448],[-2.80718,51.29467],[-2.8075,51.29481],[-2.80765,51.2949],[-2.80754,51.29502],[-2.80749,51.29515],[-2.80754,51.29522],[-2.80787,51.29546],[-2.80799,51.29569],[-2.80815,51.29576],[-2.8082,51.29584],[-2.80808,51.29591],[-2.80812,51.29594],[-2.80838,51.29591],[-2.80848,51.29594],[-2.80845,51.29604],[-2.80838,51.2961],[-2.80809,51.29621],[-2.80804,51.2964],[-2.80785,51.29646],[-2.80759,51.29649],[-2.8072,51.29645],[-2.80642,51.29647],[-2.80646,51.29688],[-2.80635,51.29701],[-2.80598,51.29694],[-2.80552,51.29691],[-2.80553,51.29681],[-2.8054,51.29672],[-2.80544,51.29669],[-2.80564,51.29671],[-2.80576,51.29666],[-2.80579,51.29658],[-2.80572,51.29645],[-2.80555,51.29644],[-2.80519,51.29651],[-2.8051,51.29646],[-2.80506,51.29636],[-2.80511,51.29626],[-2.80532,51.29625],[-2.80547,51.29621],[-2.80548,51.29616],[-2.8054,51.2961],[-2.80511,51.2961],[-2.80508,51.29618],[-2.80486,51.29628],[-2.8046,51.29618],[-2.80444,51.29605],[-2.80422,51.29606],[-2.80412,51.29618],[-2.80392,51.29621],[-2.80387,51.29615],[-2.8039,51.29596],[-2.804,51.29594],[-2.80393,51.29578],[-2.80377,51.29578],[-2.80364,51.29586],[-2.8036,51.29598],[-2.80343,51.29603],[-2.80326,51.296],[-2.80332,51.29582],[-2.80329,51.29577],[-2.80309,51.29578],[-2.80294,51.29589],[-2.80272,51.29588],[-2.80248,51.29599],[-2.80201,51.296],[-2.80186,51.29603],[-2.80174,51.29614],[-2.8017,51.29623],[-2.80156,51.29628],[-2.80132,51.29628],[-2.80124,51.29616],[-2.80132,51.296],[-2.80131,51.29581],[-2.80133,51.29568],[-2.80118,51.29564],[-2.80107,51.29565],[-2.80098,51.29571],[-2.80068,51.29564],[-2.80052,51.29574],[-2.80035,51.29573],[-2.80015,51.29563],[-2.79957,51.29572],[-2.79889,51.29568],[-2.79888,51.2958],[-2.79884,51.29587],[-2.79854,51.29606],[-2.79884,51.29616],[-2.79923,51.29635],[-2.7992,51.29638],[-2.79942,51.29649],[-2.79938,51.29667],[-2.7991,51.29671],[-2.79845,51.29671],[-2.7983,51.29661],[-2.79809,51.29657],[-2.79794,51.29666],[-2.79778,51.29669],[-2.79758,51.29666],[-2.79746,51.29672],[-2.79684,51.2968],[-2.79649,51.2968],[-2.79644,51.29699],[-2.7964,51.29699],[-2.79645,51.29679],[-2.79634,51.29678],[-2.79631,51.29675],[-2.79631,51.29669],[-2.79607,51.29667],[-2.79564,51.29649],[-2.79543,51.29659],[-2.79502,51.29662],[-2.79486,51.29674],[-2.79484,51.29686],[-2.79449,51.29697],[-2.79442,51.29705],[-2.7944,51.29716],[-2.79404,51.29719],[-2.79405,51.29722],[-2.794,51.29723],[-2.79361,51.29721]],[[-2.79707,51.29589],[-2.79672,51.29581],[-2.79679,51.29588],[-2.79678,51.29595],[-2.79707,51.29589]],[[-2.80265,51.29109],[-2.80204,51.29027],[-2.80171,51.28964],[-2.80154,51.28964],[-2.80141,51.28969],[-2.80137,51.28976],[-2.80139,51.28988],[-2.80153,51.29025],[-2.80206,51.29098],[-2.80227,51.29113],[-2.8019,51.29115],[-2.80193,51.29165],[-2.80178,51.29205],[-2.80223,51.2921],[-2.80239,51.29185],[-2.80245,51.29154],[-2.80253,51.2914],[-2.80211,51.29135],[-2.80213,51.2913],[-2.8022,51.29119],[-2.80252,51.2912],[-2.80249,51.29111],[-2.80265,51.29109]],[[-2.79604,51.29442],[-2.79628,51.29442],[-2.7967,51.29422],[-2.79731,51.29404],[-2.79772,51.294],[-2.798,51.29392],[-2.79823,51.29396],[-2.79846,51.29392],[-2.79888,51.294],[-2.79933,51.29401],[-2.79966,51.29415],[-2.80012,51.2942],[-2.8004,51.29434],[-2.80069,51.29443],[-2.80077,51.29417],[-2.80073,51.29418],[-2.80073,51.29415],[-2.80078,51.2941],[-2.80076,51.29406],[-2.80045,51.29391],[-2.80017,51.2937],[-2.80008,51.29343],[-2.79983,51.29316],[-2.79976,51.29302],[-2.79976,51.29265],[-2.79971,51.29253],[-2.79956,51.29239],[-2.79942,51.29231],[-2.79915,51.29228],[-2.79885,51.29233],[-2.79876,51.29238],[-2.7987,51.29254],[-2.7986,51.29267],[-2.7985,51.29296],[-2.7984,51.29304],[-2.79815,51.29311],[-2.79791,51.29313],[-2.79762,51.2932],[-2.79737,51.29342],[-2.79723,51.29344],[-2.79698,51.29342],[-2.79656,51.29355],[-2.79632,51.29366],[-2.79615,51.29383],[-2.79609,51.29394],[-2.79606,51.29435],[-2.79599,51.29439],[-2.79604,51.29442]],[[-2.79005,51.29252],[-2.78995,51.29264],[-2.79005,51.29266],[-2.79014,51.29255],[-2.79005,51.29252]],[[-2.79364,51.29302],[-2.79432,51.2933],[-2.7946,51.29317],[-2.79487,51.293],[-2.79468,51.29288],[-2.7947,51.29284],[-2.79448,51.29276],[-2.79422,51.29253],[-2.79402,51.29281],[-2.79364,51.29302]]]}},{"type":"Feature","properties":{"MainHabs":"Deciduous woodland","HabCodes":"DWOOD","PrimSource":"National Forest Inventory 2024 (DWOOD)","AreaHa":0.24,"Version":"Sept_26","UID":"PHID34444664_015789193"},"geometry":{"type":"Polygon","coordinates":[[[-2.79848,51.31777],[-2.79871,51.31813],[-2.79876,51.31828],[-2.7983,51.31749],[-2.79824,51.31721],[-2.79829,51.31696],[-2.79843,51.31699],[-2.7988,51.31728],[-2.79868,51.3174],[-2.7987,51.31765],[-2.79877,51.31763],[-2.79872,51.31765],[-2.79873,51.31772],[-2.79881,51.31771],[-2.79848,51.31777]]]}},{"type":"Feature","properties":{"MainHabs":"Deciduous woodland","HabCodes":"DWOOD","PrimSource":"National Forest Inventory 2024 (DWOOD)","AreaHa":0.13,"Version":"Sept_26","UID":"PHID34444718_016095883"},"geometry":{"type":"Polygon","coordinates":[[[-2.79909,51.3447],[-2.79914,51.34492],[-2.79926,51.34518],[-2.799,51.34525],[-2.79873,51.34476],[-2.79909,51.3447]]]}},{"type":"Feature","properties":{"MainHabs":"Deciduous woodland","HabCodes":"DWOOD","PrimSource":"National Forest Inventory 2024 (DWOOD)","AreaHa":0.06,"Version":"Sept_26","UID":"PHID34445341_015953064"},"geometry":{"type":"Polygon","coordinates":[[[-2.79839,51.3319],[-2.79854,51.332],[-2.79866,51.332],[-2.79893,51.33236],[-2.79903,51.33259],[-2.79896,51.3326],[-2.79866,51.3322],[-2.79854,51.33206],[-2.79836,51.33194],[-2.79834,51.33191],[-2.79839,51.3319]]]}},{"type":"Feature","properties":{"MainHabs":"Deciduous woodland","HabCodes":"DWOOD","PrimSource":"National Forest Inventory 2024 (DWOOD)","AreaHa":0.13,"Version":"Sept_26","UID":"PHID34446450_015700729"},"geometry":{"type":"Polygon","coordinates":[[[-2.79801,51.30948],[-2.79796,51.30939],[-2.79781,51.30938],[-2.79823,51.30925],[-2.79831,51.30932],[-2.79815,51.30937],[-2.79835,51.30954],[-2.79845,51.30954],[-2.79845,51.3099],[-2.79843,51.30995],[-2.79839,51.30994],[-2.79814,51.30964],[-2.79805,51.3096],[-2.79801,51.30948]]]}},{"type":"Feature","properties":{"MainHabs":"Deciduous woodland","HabCodes":"DWOOD","PrimSource":"National Forest Inventory 2024 (DWOOD)","AreaHa":5.49,"Version":"Sept_26","UID":"PHID34449591_015908607"},"geometry":{"type":"Polygon","coordinates":[[[-2.79706,51.32882],[-2.79767,51.32812],[-2.79778,51.32795],[-2.79784,51.32775],[-2.79782,51.327],[-2.79774,51.32643],[-2.79756,51.32603],[-2.79726,51.3257],[-2.79755,51.32553],[-2.79765,51.32554],[-2.79776,51.3256],[-2.7978,51.32575],[-2.79812,51.3259],[-2.79827,51.32605],[-2.79834,51.32617],[-2.79851,51.32626],[-2.79852,51.3263],[-2.79843,51.32644],[-2.79854,51.32689],[-2.7986,51.32692],[-2.79896,51.32688],[-2.7988,51.32728],[-2.79877,51.32761],[-2.79912,51.32844],[-2.79942,51.32892],[-2.79946,51.32911],[-2.79904,51.32984],[-2.79884,51.3301],[-2.79868,51.33021],[-2.79819,51.33038],[-2.798,51.33049],[-2.79787,51.33064],[-2.79775,51.33094],[-2.79768,51.33105],[-2.79741,51.33104],[-2.79735,51.33075],[-2.79733,51.33027],[-2.79728,51.33014],[-2.79658,51.32949],[-2.79665,51.32942],[-2.79665,51.32949],[-2.7967,51.32936],[-2.79682,51.32927],[-2.7968,51.32919],[-2.79706,51.32882]]]}},{"type":"Feature","properties":{"MainHabs":"Deciduous woodland","HabCodes":"DWOOD","PrimSource":"National Forest Inventory 2024 (DWOOD)","AreaHa":0.04,"Version":"Sept_26","UID":"PHID34454162_015958881"},"geometry":{"type":"Polygon","coordinates":[[[-2.79749,51.33276],[-2.79757,51.33289],[-2.79754,51.3329],[-2.79744,51.33277],[-2.7973,51.3324],[-2.79729,51.33226],[-2.79734,51.33205],[-2.79743,51.33206],[-2.79737,51.33242],[-2.79749,51.33276]]]}},{"type":"Feature","properties":{"MainHabs":"Deciduous woodland","HabCodes":"DWOOD","PrimSource":"National Forest Inventory 2024 (DWOOD)","AreaHa":0.89,"Version":"Sept_26","UID":"PHID34459496_015778044"},"geometry":{"type":"Polygon","coordinates":[[[-2.79417,51.31611],[-2.79517,51.31613],[-2.79612,51.31622],[-2.79643,51.3163],[-2.79653,51.31623],[-2.79659,51.31627],[-2.79756,51.31642],[-2.79749,51.31654],[-2.7979,51.31658],[-2.79803,51.31662],[-2.79808,51.31667],[-2.79802,51.31677],[-2.7979,51.31679],[-2.7975,51.31671],[-2.79727,51.3167],[-2.79683,51.31653],[-2.7964,51.31655],[-2.79592,51.31644],[-2.79589,51.31648],[-2.79468,51.31638],[-2.79451,51.3163],[-2.79404,51.31627],[-2.79396,51.31636],[-2.79336,51.31635],[-2.7933,51.31631],[-2.79333,51.31627],[-2.79378,51.31606],[-2.79383,51.31605],[-2.79383,51.31611],[-2.79417,51.31611]]]}},{"type":"Feature","properties":{"MainHabs":"Deciduous woodland","HabCodes":"DWOOD","PrimSource":"National Forest Inventory 2024 (DWOOD)","AreaHa":0.05,"Version":"Sept_26","UID":"PHID34461780_015873598"},"geometry":{"type":"Polygon","coordinates":[[[-2.7963,51.32491],[-2.7964,51.32508],[-2.79638,51.32512],[-2.79631,51.32514],[-2.79581,51.32489],[-2.7963,51.32491]]]}},{"type":"Feature","properties":{"MainHabs":"Deciduous woodland","HabCodes":"DWOOD","PrimSource":"National Forest Inventory 2024 (DWOOD)","AreaHa":1.11,"Version":"Sept_26","UID":"PHID34464055_015721036"},"geometry":{"type":"Polygon","coordinates":[[[-2.7954,51.31115],[-2.79572,51.31114],[-2.7959,51.31127],[-2.79661,51.31113],[-2.79665,51.3111],[-2.79693,51.3111],[-2.79696,51.31121],[-2.79662,51.31127],[-2.79665,51.31139],[-2.79673,51.31153],[-2.79676,51.31169],[-2.79662,51.31176],[-2.7963,51.31177],[-2.79628,51.31158],[-2.79536,51.31156],[-2.79463,51.31149],[-2.79465,51.31117],[-2.79539,51.31125],[-2.79472,51.31115],[-2.79425,51.31113],[-2.79406,51.31114],[-2.7939,51.31124],[-2.79361,51.3113],[-2.79327,51.31124],[-2.79324,51.31121],[-2.79326,51.31116],[-2.79333,51.31111],[-2.7937,51.31103],[-2.79381,51.31094],[-2.79394,51.3109],[-2.79414,51.31088],[-2.79473,51.31089],[-2.79497,51.31096],[-2.79515,51.3109],[-2.79514,51.31082],[-2.79537,51.31083],[-2.7954,51.31115]]]}},{"type":"Feature","properties":{"MainHabs":"Deciduous woodland","HabCodes":"DWOOD","AddHabs":"PMGRP","PrimSource":"National Forest Inventory 2024 (DWOOD)","AreaHa":0.76,"Version":"Sept_26","UID":"PHID34467576_015406023"},"geometry":{"type":"Polygon","coordinates":[[[-2.79446,51.28244],[-2.7949,51.28282],[-2.79551,51.28326],[-2.79467,51.28338],[-2.79414,51.28288],[-2.79416,51.28211],[-2.79382,51.2821],[-2.79379,51.28199],[-2.79377,51.28189],[-2.79431,51.28189],[-2.79454,51.28203],[-2.7947,51.28202],[-2.79481,51.28222],[-2.79465,51.28228],[-2.79446,51.28244]]]}},{"type":"Feature","properties":{"MainHabs":"Deciduous woodland","HabCodes":"DWOOD","PrimSource":"National Forest Inventory 2024 (DWOOD)","AreaHa":0.24,"Version":"Sept_26","UID":"PHID34470714_015927782"},"geometry":{"type":"Polygon","coordinates":[[[-2.79508,51.33001],[-2.79553,51.33017],[-2.79543,51.33031],[-2.79556,51.33036],[-2.79524,51.33026],[-2.79456,51.32995],[-2.79448,51.32985],[-2.79445,51.32977],[-2.79465,51.32987],[-2.79473,51.32978],[-2.79497,51.32962],[-2.79539,51.32977],[-2.79508,51.33001]]]}},{"type":"Feature","properties":{"MainHabs":"Deciduous woodland","HabCodes":"DWOOD","FeatDesc":"Upland mixed ashwoods","FeatCodes":"UMAWD","OtherClass":"Annex1(H9180)","PrimSource":"National Forest Inventory 2024 (DWOOD)","AreaHa":0.34,"Version":"Sept_26","UID":"PHID34471500_015516479"},"geometry":{"type":"Polygon","coordinates":[[[-2.79364,51.29302],[-2.79402,51.29281],[-2.79422,51.29253],[-2.79448,51.29276],[-2.7947,51.29284],[-2.79468,51.29288],[-2.79487,51.293],[-2.7946,51.29317],[-2.79432,51.2933],[-2.79364,51.29302]]]}},{"type":"Feature","properties":{"MainHabs":"Deciduous woodland","HabCodes":"DWOOD","PrimSource":"National Forest Inventory 2024 (DWOOD)","AreaHa":2.27,"Version":"Sept_26","UID":"PHID34473056_015871828"},"geometry":{"type":"Polygon","coordinates":[[[-2.79565,51.32488],[-2.79652,51.32531],[-2.79724,51.32584],[-2.7974,51.32603],[-2.79752,51.32622],[-2.79762,51.32652],[-2.79764,51.3267],[-2.79744,51.32664],[-2.79708,51.32601],[-2.79675,51.32578],[-2.79646,51.32566],[-2.79632,51.32576],[-2.79589,51.32557],[-2.79597,51.32556],[-2.79592,51.32551],[-2.79556,51.32539],[-2.7955,51.32546],[-2.79486,51.32528],[-2.79419,51.32519],[-2.79276,51.32521],[-2.79156,51.32518],[-2.79178,51.32505],[-2.79199,51.32499],[-2.7922,51.32499],[-2.79267,51.32481],[-2.79321,51.32465],[-2.79431,51.32452],[-2.79446,51.32446],[-2.79503,51.32469],[-2.79565,51.32488]]]}},{"type":"Feature","properties":{"MainHabs":"Deciduous woodland","HabCodes":"DWOOD","PrimSource":"National Forest Inventory 2024 (DWOOD)","AreaHa":0.13,"Version":"Sept_26","UID":"PHID34473491_015922657"},"geometry":{"type":"Polygon","coordinates":[[[-2.79497,51.32905],[-2.79531,51.32917],[-2.79501,51.32928],[-2.79499,51.32926],[-2.79463,51.32948],[-2.79431,51.32982],[-2.79412,51.32972],[-2.79415,51.32964],[-2.79423,51.32957],[-2.79498,51.32919],[-2.795,51.32913],[-2.79496,51.32907],[-2.79497,51.32905]]]}},{"type":"Feature","properties":{"MainHabs":"Deciduous woodland","HabCodes":"DWOOD","PrimSource":"National Forest Inventory 2024 (DWOOD)","AreaHa":0.2,"Version":"Sept_26","UID":"PHID34476111_015922709"},"geometry":{"type":"Polygon","coordinates":[[[-2.794,51.32967],[-2.79354,51.32973],[-2.79334,51.32979],[-2.79328,51.32963],[-2.79395,51.32949],[-2.79478,51.3291],[-2.79486,51.32909],[-2.79491,51.32913],[-2.79487,51.3292],[-2.79421,51.32954],[-2.794,51.32967]]]}},{"type":"Feature","properties":{"MainHabs":"Deciduous woodland","HabCodes":"DWOOD","PrimSource":"National Forest Inventory 2024 (DWOOD)","AreaHa":0.49,"Version":"Sept_26","UID":"PHID34481423_015596532"},"geometry":{"type":"Polygon","coordinates":[[[-2.79197,51.2987],[-2.79186,51.29916],[-2.79193,51.29955],[-2.79199,51.29964],[-2.79299,51.30001],[-2.79321,51.29993],[-2.7934,51.29994],[-2.79395,51.30006],[-2.79416,51.30015],[-2.79424,51.30023],[-2.79409,51.30024],[-2.79369,51.30015],[-2.79339,51.30015],[-2.79338,51.30022],[-2.79317,51.30015],[-2.79306,51.30017],[-2.79308,51.3002],[-2.79302,51.30026],[-2.79325,51.30033],[-2.7933,51.30026],[-2.79343,51.30028],[-2.79336,51.30036],[-2.79322,51.30035],[-2.79169,51.29974],[-2.79166,51.2997],[-2.79167,51.29964],[-2.79179,51.29947],[-2.79172,51.29904],[-2.79197,51.2987]]]}},{"type":"Feature","properties":{"MainHabs":"Deciduous woodland","HabCodes":"DWOOD","PrimSource":"National Forest Inventory 2024 (DWOOD)","AreaHa":1.83,"Version":"Sept_26","UID":"PHID34481965_015866992"},"geometry":{"type":"Polygon","coordinates":[[[-2.79052,51.32462],[-2.79034,51.32473],[-2.79029,51.3249],[-2.7894,51.32474],[-2.78932,51.32463],[-2.7892,51.32462],[-2.78931,51.32456],[-2.79008,51.3246],[-2.79003,51.3243],[-2.79005,51.3242],[-2.78993,51.32412],[-2.79022,51.32401],[-2.79057,51.32381],[-2.79057,51.32407],[-2.79081,51.32407],[-2.79092,51.3241],[-2.79103,51.32423],[-2.79109,51.32423],[-2.79113,51.32435],[-2.79122,51.32438],[-2.79124,51.32443],[-2.7912,51.32445],[-2.79125,51.32448],[-2.79198,51.32447],[-2.79284,51.32439],[-2.79285,51.32426],[-2.79288,51.32426],[-2.79441,51.32445],[-2.7943,51.32449],[-2.7933,51.3246],[-2.7927,51.32477],[-2.79222,51.32494],[-2.79164,51.32507],[-2.79134,51.32502],[-2.79121,51.32509],[-2.79085,51.32505],[-2.79032,51.32491],[-2.79036,51.32476],[-2.79041,51.3247],[-2.79055,51.32464],[-2.79052,51.32462]],[[-2.79049,51.32462],[-2.79057,51.32449],[-2.79037,51.32458],[-2.79032,51.32457],[-2.79032,51.32462],[-2.79049,51.32462]]]}},{"type":"Feature","properties":{"MainHabs":"Deciduous woodland","HabCodes":"DWOOD","PrimSource":"National Forest Inventory 2024 (DWOOD)","AreaHa":19.07,"Version":"Sept_26","UID":"PHID34485698_015631831"},"geometry":{"type":"Polygon","coordinates":[[[-2.79165,51.30144],[-2.79212,51.30146],[-2.79232,51.30142],[-2.79236,51.30138],[-2.79238,51.30121],[-2.79226,51.301],[-2.79216,51.30092],[-2.79199,51.30089],[-2.79182,51.30091],[-2.79174,51.30099],[-2.79158,51.30095],[-2.79149,51.30099],[-2.79141,51.30095],[-2.79124,51.30097],[-2.79116,51.30091],[-2.79104,51.30087],[-2.79101,51.30079],[-2.79106,51.30072],[-2.79116,51.3007],[-2.79151,51.3008],[-2.79167,51.30073],[-2.7919,51.30071],[-2.79204,51.30072],[-2.79236,51.30081],[-2.7926,51.30072],[-2.79285,51.30074],[-2.79293,51.30071],[-2.79295,51.30064],[-2.79281,51.3005],[-2.793,51.3004],[-2.79409,51.30083],[-2.79439,51.30104],[-2.79523,51.30206],[-2.79446,51.30212],[-2.7945,51.3022],[-2.79444,51.30226],[-2.79368,51.30245],[-2.79375,51.30305],[-2.79384,51.3033],[-2.79412,51.30369],[-2.79441,51.30445],[-2.79527,51.30441],[-2.79547,51.30462],[-2.79553,51.30473],[-2.79564,51.30514],[-2.79571,51.30529],[-2.79559,51.3054],[-2.79422,51.30579],[-2.79386,51.30525],[-2.79319,51.30537],[-2.79213,51.30547],[-2.79207,51.30542],[-2.79045,51.30533],[-2.78878,51.30533],[-2.78704,51.30539],[-2.78645,51.30545],[-2.78646,51.3055],[-2.78625,51.30554],[-2.78036,51.30654],[-2.78053,51.30571],[-2.78356,51.30553],[-2.78604,51.30512],[-2.78633,51.30504],[-2.78629,51.30488],[-2.78991,51.30469],[-2.78999,51.30477],[-2.79041,51.30481],[-2.79051,51.30485],[-2.79074,51.30482],[-2.79166,51.30485],[-2.79176,51.30495],[-2.79186,51.30491],[-2.79193,51.30496],[-2.79218,51.305],[-2.79235,51.30509],[-2.79278,51.30499],[-2.79267,51.30468],[-2.79267,51.30454],[-2.79212,51.30457],[-2.79172,51.30418],[-2.79161,51.30393],[-2.79129,51.30372],[-2.79138,51.30362],[-2.79112,51.30346],[-2.79094,51.30329],[-2.79093,51.30306],[-2.79076,51.30304],[-2.79062,51.30294],[-2.79043,51.30291],[-2.79025,51.30282],[-2.79003,51.30262],[-2.78987,51.30254],[-2.78957,51.30253],[-2.78947,51.30239],[-2.78882,51.30243],[-2.78905,51.30221],[-2.78927,51.30205],[-2.78925,51.30201],[-2.789,51.30208],[-2.78882,51.30218],[-2.78871,51.3023],[-2.78865,51.30243],[-2.7886,51.30244],[-2.78849,51.30237],[-2.78855,51.30233],[-2.78855,51.30225],[-2.78863,51.30215],[-2.78927,51.30151],[-2.78928,51.30126],[-2.78944,51.30112],[-2.78949,51.30099],[-2.78944,51.30088],[-2.7893,51.30077],[-2.78929,51.30073],[-2.78934,51.30054],[-2.78942,51.3004],[-2.78965,51.3002],[-2.78972,51.30017],[-2.78983,51.30016],[-2.78995,51.30028],[-2.79003,51.30044],[-2.78996,51.30056],[-2.79,51.30073],[-2.79016,51.30087],[-2.79053,51.30106],[-2.79097,51.30123],[-2.79124,51.30128],[-2.79145,51.30137],[-2.79181,51.30139],[-2.79165,51.30144]]]}},{"type":"Feature","properties":{"MainHabs":"Deciduous woodland","HabCodes":"DWOOD","PrimSource":"National Forest Inventory 2024 (DWOOD)","AreaHa":0.05,"Version":"Sept_26","UID":"PHID34492175_015375468"},"geometry":{"type":"Polygon","coordinates":[[[-2.7907,51.28001],[-2.79099,51.28024],[-2.79109,51.2802],[-2.79139,51.28036],[-2.79122,51.2805],[-2.7907,51.28001]]]}},{"type":"Feature","properties":{"MainHabs":"Deciduous woodland","HabCodes":"DWOOD","PrimSource":"National Forest Inventory 2024 (DWOOD)","AreaHa":0.04,"Version":"Sept_26","UID":"PHID34495215_015873716"},"geometry":{"type":"Polygon","coordinates":[[[-2.79136,51.32502],[-2.79164,51.32508],[-2.79153,51.32517],[-2.79147,51.32518],[-2.79078,51.32507],[-2.79033,51.32494],[-2.79105,51.3251],[-2.79122,51.3251],[-2.79136,51.32502]]]}},{"type":"Feature","properties":{"MainHabs":"Deciduous woodland","HabCodes":"DWOOD","PrimSource":"National Forest Inventory 2024 (DWOOD)","AreaHa":1.29,"Version":"Sept_26","UID":"PHID34495832_015667153"},"geometry":{"type":"Polygon","coordinates":[[[-2.7931,51.30678],[-2.7931,51.30681],[-2.79207,51.30683],[-2.79055,51.30668],[-2.78991,51.30664],[-2.78915,51.30666],[-2.789,51.30631],[-2.79114,51.30635],[-2.79234,51.30633],[-2.79243,51.3063],[-2.79247,51.30618],[-2.7929,51.30611],[-2.79294,51.30617],[-2.79286,51.30624],[-2.79285,51.3063],[-2.79277,51.30631],[-2.7931,51.30666],[-2.7931,51.30678]]]}},{"type":"Feature","properties":{"MainHabs":"Deciduous woodland","HabCodes":"DWOOD","PrimSource":"National Forest Inventory 2024 (DWOOD)","AreaHa":0.36,"Version":"Sept_26","UID":"PHID34498855_015363249"},"geometry":{"type":"Polygon","coordinates":[[[-2.78983,51.27881],[-2.79143,51.28034],[-2.79098,51.28009],[-2.78961,51.27881],[-2.78983,51.27881]]]}},{"type":"Feature","properties":{"MainHabs":"Deciduous woodland","HabCodes":"DWOOD","PrimSource":"National Forest Inventory 2024 (DWOOD)","AreaHa":0.07,"Version":"Sept_26","UID":"PHID34500873_015598064"},"geometry":{"type":"Polygon","coordinates":[[[-2.79013,51.3001],[-2.7904,51.30022],[-2.7903,51.30031],[-2.79036,51.3004],[-2.79014,51.30044],[-2.78993,51.30015],[-2.79013,51.3001]]]}},{"type":"Feature","properties":{"MainHabs":"Deciduous woodland","HabCodes":"DWOOD","PrimSource":"National Forest Inventory 2024 (DWOOD)","AreaHa":0.26,"Version":"Sept_26","UID":"PHID34501307_015362094"},"geometry":{"type":"Polygon","coordinates":[[[-2.78963,51.279],[-2.78959,51.27897],[-2.78957,51.27898],[-2.78941,51.27881],[-2.78955,51.27881],[-2.79106,51.28018],[-2.79101,51.2802],[-2.79073,51.27994],[-2.79064,51.27997],[-2.7896,51.27902],[-2.78963,51.279]]]}},{"type":"Feature","properties":{"MainHabs":"Deciduous woodland","HabCodes":"DWOOD","PrimSource":"National Forest Inventory 2024 (DWOOD)","AreaHa":0.53,"Version":"Sept_26","UID":"PHID34511998_015903247"},"geometry":{"type":"Polygon","coordinates":[[[-2.78967,51.32793],[-2.78951,51.32795],[-2.7892,51.32791],[-2.78877,51.328],[-2.78837,51.32789],[-2.78815,51.32779],[-2.78809,51.3277],[-2.78803,51.32767],[-2.78852,51.32764],[-2.7887,51.32761],[-2.78876,51.32755],[-2.78922,51.32757],[-2.78953,51.32746],[-2.78969,51.32744],[-2.79002,51.32745],[-2.79009,51.32752],[-2.79002,51.32767],[-2.78994,51.32776],[-2.78968,51.32788],[-2.78967,51.32793]]]}},{"type":"Feature","properties":{"MainHabs":"Deciduous woodland","HabCodes":"DWOOD","AddHabs":"LCGRA","PrimSource":"National Trust Habitats Data 2021 (DWOOD)","AreaHa":0.26,"Version":"Sept_26","UID":"PHID34520730_015875408"},"geometry":{"type":"Polygon","coordinates":[[[-2.78749,51.32526],[-2.78747,51.32523],[-2.78716,51.32523],[-2.78698,51.32527],[-2.78681,51.32537],[-2.78635,51.32531],[-2.7865,51.32521],[-2.7867,51.3253],[-2.78683,51.3253],[-2.78708,51.32502],[-2.78706,51.32489],[-2.78722,51.32489],[-2.78725,51.32495],[-2.78754,51.32511],[-2.7877,51.32515],[-2.7879,51.32513],[-2.78804,51.32524],[-2.78801,51.32537],[-2.78783,51.32551],[-2.7879,51.32557],[-2.78762,51.32545],[-2.78749,51.32526]]]}},{"type":"Feature","properties":{"MainHabs":"Deciduous woodland","HabCodes":"DWOOD","AddHabs":"LCGRA","PrimSource":"National Forest Inventory 2024 (DWOOD)","AreaHa":0.15,"Version":"Sept_26","UID":"PHID34528183_015547337"},"geometry":{"type":"Polygon","coordinates":[[[-2.78635,51.29599],[-2.78609,51.29594],[-2.78591,51.29564],[-2.78596,51.29551],[-2.78607,51.29541],[-2.78627,51.29538],[-2.78615,51.29553],[-2.78629,51.29549],[-2.78629,51.29561],[-2.78644,51.2959],[-2.78635,51.29599]]]}},{"type":"Feature","properties":{"MainHabs":"Deciduous woodland","HabCodes":"DWOOD","PrimSource":"National Forest Inventory 2024 (DWOOD)","AreaHa":0.33,"Version":"Sept_26","UID":"PHID34529187_015537846"},"geometry":{"type":"Polygon","coordinates":[[[-2.78588,51.29558],[-2.78575,51.29512],[-2.78572,51.29463],[-2.78576,51.29435],[-2.78581,51.29428],[-2.78586,51.29426],[-2.78591,51.29427],[-2.78603,51.29442],[-2.7861,51.29465],[-2.78617,51.29511],[-2.78622,51.29523],[-2.78631,51.2953],[-2.78606,51.29538],[-2.78597,51.29545],[-2.78588,51.29558]]]}},{"type":"Feature","properties":{"MainHabs":"Deciduous woodland","HabCodes":"DWOOD","PrimSource":"National Forest Inventory 2024 (DWOOD)","AreaHa":2.01,"Version":"Sept_26","UID":"PHID34530823_015836101"},"geometry":{"type":"Polygon","coordinates":[[[-2.78666,51.32234],[-2.78678,51.32246],[-2.78684,51.32261],[-2.78682,51.32273],[-2.78674,51.32284],[-2.78673,51.32301],[-2.78676,51.32318],[-2.78671,51.32323],[-2.78677,51.32334],[-2.78687,51.32342],[-2.78693,51.32363],[-2.78688,51.32374],[-2.7866,51.32398],[-2.78675,51.32408],[-2.78645,51.32466],[-2.7863,51.32462],[-2.78618,51.32454],[-2.78595,51.32419],[-2.78577,51.32419],[-2.7861,51.32332],[-2.78633,51.32322],[-2.78643,51.32261],[-2.78616,51.32247],[-2.78615,51.32231],[-2.78607,51.32213],[-2.78582,51.32184],[-2.78576,51.32213],[-2.78575,51.32235],[-2.78577,51.32187],[-2.78581,51.32175],[-2.78587,51.32174],[-2.78589,51.32169],[-2.78607,51.3211],[-2.78616,51.32087],[-2.78614,51.32086],[-2.7861,51.32092],[-2.78587,51.32154],[-2.7858,51.32152],[-2.78564,51.3212],[-2.78574,51.32116],[-2.78573,51.32104],[-2.78568,51.32101],[-2.78564,51.32061],[-2.78555,51.32032],[-2.78558,51.32024],[-2.78564,51.32024],[-2.78573,51.3203],[-2.78595,51.32065],[-2.78612,51.32083],[-2.78627,51.32093],[-2.78625,51.32095],[-2.7863,51.32099],[-2.78627,51.32115],[-2.7863,51.32133],[-2.78656,51.32132],[-2.78653,51.32141],[-2.78662,51.32167],[-2.7869,51.32232],[-2.78666,51.32234]]]}},{"type":"Feature","properties":{"MainHabs":"Deciduous woodland","HabCodes":"DWOOD","PrimSource":"National Forest Inventory 2024 (DWOOD)","AreaHa":1,"Version":"Sept_26","UID":"PHID34535568_015812862"},"geometry":{"type":"Polygon","coordinates":[[[-2.786,51.31976],[-2.78591,51.31997],[-2.78594,51.32017],[-2.78598,51.32029],[-2.78622,51.32077],[-2.7866,51.32095],[-2.78682,51.32097],[-2.78683,51.321],[-2.78671,51.32103],[-2.78648,51.32101],[-2.78608,51.32074],[-2.78578,51.3203],[-2.7854,51.31998],[-2.78544,51.31995],[-2.78537,51.31991],[-2.78533,51.31993],[-2.78508,51.31977],[-2.78464,51.31934],[-2.78446,51.31921],[-2.78431,51.31916],[-2.78453,51.31881],[-2.78422,51.31872],[-2.78439,51.31848],[-2.78491,51.31871],[-2.78522,51.3189],[-2.78607,51.31964],[-2.786,51.31976]],[[-2.78517,51.31911],[-2.78497,51.31893],[-2.78471,51.31879],[-2.78443,51.31912],[-2.78463,51.31925],[-2.78493,51.31928],[-2.78517,51.31911]]]}},{"type":"Feature","properties":{"MainHabs":"Deciduous woodland","HabCodes":"DWOOD","PrimSource":"National Forest Inventory 2024 (DWOOD)","AreaHa":0.04,"Version":"Sept_26","UID":"PHID34538618_015815223"},"geometry":{"type":"Polygon","coordinates":[[[-2.78546,51.32012],[-2.78495,51.31978],[-2.78409,51.31959],[-2.78412,51.31956],[-2.78498,51.31975],[-2.78542,51.32005],[-2.78546,51.32012]]]}},{"type":"Feature","properties":{"MainHabs":"Deciduous woodland","HabCodes":"DWOOD","PrimSource":"National Forest Inventory 2024 (DWOOD)","AreaHa":1.72,"Version":"Sept_26","UID":"PHID34539837_015823241"},"geometry":{"type":"Polygon","coordinates":[[[-2.78331,51.31966],[-2.78391,51.31979],[-2.78394,51.31974],[-2.78398,51.31974],[-2.7847,51.31987],[-2.7852,51.32018],[-2.78521,51.32022],[-2.78519,51.32023],[-2.78531,51.32036],[-2.78536,51.32037],[-2.78532,51.32043],[-2.7853,51.32093],[-2.78504,51.32093],[-2.78465,51.32149],[-2.78468,51.32166],[-2.78423,51.32185],[-2.78411,51.32177],[-2.78389,51.32153],[-2.78403,51.32142],[-2.78411,51.3211],[-2.78428,51.32098],[-2.78462,51.32095],[-2.78469,51.3208],[-2.78462,51.32063],[-2.78409,51.32023],[-2.78396,51.32004],[-2.78374,51.31999],[-2.78349,51.32011],[-2.78311,51.32006],[-2.78277,51.3199],[-2.7826,51.31992],[-2.78242,51.31969],[-2.78269,51.31953],[-2.78238,51.31935],[-2.78277,51.31929],[-2.78281,51.31932],[-2.78278,51.31935],[-2.78282,51.31939],[-2.78333,51.3196],[-2.78331,51.31966]]]}},{"type":"Feature","properties":{"MainHabs":"Deciduous woodland","HabCodes":"DWOOD","PrimSource":"National Forest Inventory 2024 (DWOOD)","AreaHa":2.56,"Version":"Sept_26","UID":"PHID34540482_016090312"},"geometry":{"type":"Polygon","coordinates":[[[-2.78714,51.34419],[-2.78768,51.34537],[-2.7874,51.34542],[-2.78711,51.34483],[-2.78688,51.34447],[-2.78448,51.34517],[-2.78391,51.34532],[-2.78389,51.34529],[-2.78388,51.34515],[-2.78391,51.34501],[-2.7841,51.34497],[-2.78393,51.34445],[-2.78388,51.34408],[-2.78443,51.34399],[-2.78452,51.34418],[-2.78589,51.34385],[-2.78585,51.34382],[-2.78585,51.34374],[-2.78697,51.3437],[-2.78702,51.34389],[-2.78714,51.34419]]]}},{"type":"Feature","properties":{"MainHabs":"Deciduous woodland","HabCodes":"DWOOD","PrimSource":"National Forest Inventory 2024 (DWOOD)","AreaHa":0.09,"Version":"Sept_26","UID":"PHID34542113_015812283"},"geometry":{"type":"Polygon","coordinates":[[[-2.78432,51.31954],[-2.78416,51.31951],[-2.7842,51.31944],[-2.78436,51.31947],[-2.78438,51.31944],[-2.78446,51.31946],[-2.78448,51.31941],[-2.78471,51.31945],[-2.785,51.31974],[-2.78431,51.31958],[-2.78432,51.31954]]]}},{"type":"Feature","properties":{"MainHabs":"Deciduous woodland","HabCodes":"DWOOD","PrimSource":"National Forest Inventory 2024 (DWOOD)","AreaHa":1.35,"Version":"Sept_26","UID":"PHID34542548_016114921"},"geometry":{"type":"Polygon","coordinates":[[[-2.78497,51.34713],[-2.7845,51.34721],[-2.78446,51.34708],[-2.78425,51.34681],[-2.78459,51.34675],[-2.78462,51.34677],[-2.78465,51.34676],[-2.78453,51.34665],[-2.7845,51.34662],[-2.78454,51.34661],[-2.7845,51.34657],[-2.78447,51.34658],[-2.78426,51.3462],[-2.7841,51.34622],[-2.78399,51.34619],[-2.78387,51.34604],[-2.78437,51.34591],[-2.78553,51.34691],[-2.78581,51.34719],[-2.78605,51.34728],[-2.78609,51.34736],[-2.78605,51.34753],[-2.78604,51.348],[-2.7858,51.34839],[-2.78557,51.34835],[-2.78558,51.34828],[-2.78554,51.34824],[-2.78504,51.3483],[-2.78498,51.34831],[-2.78491,51.34859],[-2.78482,51.34862],[-2.78474,51.3486],[-2.78466,51.34817],[-2.78581,51.34802],[-2.78564,51.34763],[-2.78549,51.34762],[-2.78548,51.34759],[-2.78539,51.34762],[-2.78521,51.34713],[-2.78497,51.34713]],[[-2.78526,51.34699],[-2.78525,51.34693],[-2.78508,51.34688],[-2.78515,51.34701],[-2.78519,51.34702],[-2.78526,51.34699]]]}},{"type":"Feature","properties":{"MainHabs":"Deciduous woodland","HabCodes":"DWOOD","PrimSource":"National Forest Inventory 2024 (DWOOD)","AreaHa":0.6,"Version":"Sept_26","UID":"PHID34543367_016143866"},"geometry":{"type":"Polygon","coordinates":[[[-2.78527,51.34951],[-2.7852,51.34969],[-2.78514,51.34975],[-2.78461,51.34975],[-2.78452,51.34927],[-2.78453,51.34882],[-2.78513,51.34883],[-2.78502,51.34885],[-2.785,51.34923],[-2.78517,51.34923],[-2.78516,51.34935],[-2.78525,51.34935],[-2.78539,51.34899],[-2.78545,51.34898],[-2.78548,51.34888],[-2.78553,51.34884],[-2.78524,51.34949],[-2.78532,51.34949],[-2.78543,51.34917],[-2.78553,51.34917],[-2.78553,51.34913],[-2.78556,51.34914],[-2.78556,51.34919],[-2.78566,51.34919],[-2.78567,51.34915],[-2.78574,51.34916],[-2.78582,51.34932],[-2.78581,51.34944],[-2.78565,51.34943],[-2.78565,51.34948],[-2.78581,51.34948],[-2.78581,51.34953],[-2.78527,51.34951]]]}},{"type":"Feature","properties":{"MainHabs":"Deciduous woodland","HabCodes":"DWOOD","PrimSource":"National Forest Inventory 2024 (DWOOD)","AreaHa":0.11,"Version":"Sept_26","UID":"PHID34545823_015808121"},"geometry":{"type":"Polygon","coordinates":[[[-2.78399,51.31929],[-2.78374,51.31925],[-2.78386,51.31901],[-2.7844,51.31924],[-2.78454,51.31933],[-2.78449,51.3194],[-2.78399,51.31929]]]}},{"type":"Feature","properties":{"MainHabs":"Deciduous woodland","HabCodes":"DWOOD","AddHabs":"LCGRA","PrimSource":"National Forest Inventory 2024 (DWOOD)","AreaHa":0.1,"Version":"Sept_26","UID":"PHID34548018_015556226"},"geometry":{"type":"Polygon","coordinates":[[[-2.78359,51.29681],[-2.78308,51.29657],[-2.78333,51.29645],[-2.78349,51.29631],[-2.78361,51.29644],[-2.78358,51.29652],[-2.78365,51.29661],[-2.78359,51.29681]]]}},{"type":"Feature","properties":{"MainHabs":"Deciduous woodland","HabCodes":"DWOOD","AddHabs":"LCGRA, LHEAT, LMEAD","PrimSource":"National Forest Inventory 2024 (DWOOD)","AreaHa":61.6,"Version":"Sept_26","UID":"PHID34553092_015531107"},"geometry":{"type":"Polygon","coordinates":[[[-2.78207,51.28858],[-2.78231,51.28861],[-2.78241,51.28876],[-2.78231,51.28893],[-2.78251,51.28895],[-2.78259,51.28912],[-2.78269,51.28969],[-2.78254,51.29042],[-2.78256,51.29049],[-2.78269,51.29056],[-2.78272,51.29061],[-2.78294,51.29167],[-2.78287,51.2918],[-2.78275,51.29188],[-2.7823,51.29194],[-2.78223,51.29205],[-2.78229,51.29217],[-2.78135,51.29302],[-2.78136,51.2931],[-2.78148,51.29317],[-2.7815,51.29326],[-2.78521,51.29379],[-2.7854,51.29362],[-2.78528,51.29345],[-2.78484,51.29345],[-2.78496,51.29321],[-2.7847,51.29309],[-2.78465,51.29303],[-2.78498,51.2928],[-2.7849,51.29263],[-2.78472,51.29255],[-2.78461,51.29245],[-2.78477,51.29234],[-2.78509,51.29234],[-2.78526,51.29229],[-2.78528,51.29238],[-2.7854,51.29228],[-2.78563,51.29232],[-2.78577,51.29185],[-2.78525,51.29152],[-2.78499,51.29166],[-2.78454,51.29171],[-2.7844,51.29179],[-2.78417,51.29175],[-2.78379,51.29176],[-2.78351,51.29164],[-2.78344,51.29158],[-2.78357,51.29152],[-2.78352,51.29123],[-2.7837,51.29107],[-2.78337,51.2906],[-2.78334,51.29052],[-2.78356,51.29018],[-2.78358,51.28996],[-2.78374,51.28972],[-2.78431,51.2894],[-2.78467,51.28927],[-2.78472,51.28916],[-2.78475,51.2889],[-2.78488,51.28879],[-2.78489,51.28875],[-2.78474,51.28858],[-2.78471,51.28837],[-2.78506,51.28825],[-2.78525,51.28815],[-2.78544,51.28811],[-2.78565,51.28796],[-2.78604,51.28783],[-2.7856,51.28767],[-2.78517,51.28765],[-2.78499,51.2877],[-2.78466,51.28796],[-2.78442,51.28806],[-2.78384,51.28814],[-2.78354,51.28808],[-2.7834,51.28819],[-2.78318,51.28817],[-2.78277,51.28795],[-2.78264,51.28779],[-2.78263,51.2876],[-2.78278,51.2875],[-2.78308,51.2875],[-2.78391,51.28729],[-2.78396,51.28713],[-2.78459,51.28708],[-2.78468,51.28704],[-2.78477,51.28687],[-2.78494,51.28678],[-2.78496,51.28665],[-2.7856,51.28678],[-2.78524,51.28639],[-2.78416,51.28649],[-2.78407,51.28595],[-2.78436,51.28594],[-2.78465,51.28596],[-2.78554,51.2861],[-2.7856,51.28617],[-2.78598,51.28628],[-2.78603,51.28627],[-2.78633,51.28641],[-2.78641,51.2865],[-2.78661,51.28657],[-2.7866,51.28661],[-2.78662,51.28663],[-2.78694,51.28681],[-2.78747,51.28692],[-2.78848,51.28705],[-2.78867,51.28741],[-2.78832,51.28744],[-2.7882,51.28749],[-2.78804,51.28761],[-2.788,51.28759],[-2.78779,51.28761],[-2.78757,51.28786],[-2.78743,51.28813],[-2.787,51.28804],[-2.78664,51.28864],[-2.78666,51.28875],[-2.78686,51.28908],[-2.78709,51.28958],[-2.78742,51.28956],[-2.78795,51.28967],[-2.78836,51.29005],[-2.7883,51.29019],[-2.78851,51.29084],[-2.78839,51.29209],[-2.78835,51.29312],[-2.78837,51.29318],[-2.78867,51.29322],[-2.7888,51.29302],[-2.78895,51.29289],[-2.78925,51.29292],[-2.78897,51.29335],[-2.78875,51.29381],[-2.78819,51.2947],[-2.78817,51.29488],[-2.78823,51.29501],[-2.78839,51.29521],[-2.78875,51.29546],[-2.78888,51.29561],[-2.78947,51.29669],[-2.78989,51.29778],[-2.79008,51.29836],[-2.79006,51.29847],[-2.79009,51.29856],[-2.79014,51.29856],[-2.79016,51.29893],[-2.79022,51.2991],[-2.79003,51.29913],[-2.78993,51.29917],[-2.78988,51.29924],[-2.78989,51.29933],[-2.78999,51.29947],[-2.78965,51.2993],[-2.78942,51.29924],[-2.78916,51.29922],[-2.78893,51.29926],[-2.78917,51.29941],[-2.7893,51.29944],[-2.7893,51.29956],[-2.78922,51.29963],[-2.78877,51.29968],[-2.78868,51.2997],[-2.78865,51.29974],[-2.78834,51.29971],[-2.78895,51.29963],[-2.78893,51.29959],[-2.78836,51.29965],[-2.78833,51.29964],[-2.78834,51.2995],[-2.78825,51.29947],[-2.78811,51.29948],[-2.78698,51.30005],[-2.78686,51.30018],[-2.78693,51.30033],[-2.78687,51.30035],[-2.78677,51.30043],[-2.7868,51.30052],[-2.78635,51.30059],[-2.78607,51.30072],[-2.78587,51.30069],[-2.78572,51.30076],[-2.78554,51.30076],[-2.78547,51.30085],[-2.78542,51.30102],[-2.78544,51.30113],[-2.78527,51.30119],[-2.78567,51.30259],[-2.78432,51.30265],[-2.78411,51.30045],[-2.78578,51.30015],[-2.78559,51.30003],[-2.78584,51.29996],[-2.78587,51.29984],[-2.78599,51.29976],[-2.78571,51.29938],[-2.78637,51.29919],[-2.7867,51.29905],[-2.78672,51.29898],[-2.78666,51.29892],[-2.78621,51.29883],[-2.78614,51.29883],[-2.78602,51.29893],[-2.78585,51.29893],[-2.78583,51.29891],[-2.78587,51.2988],[-2.78577,51.2987],[-2.78575,51.29862],[-2.78583,51.29852],[-2.78598,51.29848],[-2.78587,51.29837],[-2.7859,51.29831],[-2.78608,51.29832],[-2.78652,51.29817],[-2.78659,51.29804],[-2.7868,51.29793],[-2.78686,51.29785],[-2.78668,51.29783],[-2.78652,51.29785],[-2.78639,51.2979],[-2.78621,51.29804],[-2.78603,51.29809],[-2.7858,51.29808],[-2.78554,51.29801],[-2.78544,51.29791],[-2.78528,51.29761],[-2.78531,51.29754],[-2.7855,51.29739],[-2.78551,51.29735],[-2.78533,51.29724],[-2.7853,51.29716],[-2.78515,51.29701],[-2.7864,51.29684],[-2.78614,51.2967],[-2.78602,51.29653],[-2.78581,51.29567],[-2.7858,51.29553],[-2.78566,51.29514],[-2.78563,51.29458],[-2.7857,51.29405],[-2.78532,51.29412],[-2.7851,51.29428],[-2.7848,51.29425],[-2.78476,51.29429],[-2.78479,51.2944],[-2.78508,51.29446],[-2.78517,51.29452],[-2.78536,51.29487],[-2.78534,51.29499],[-2.78518,51.29507],[-2.78497,51.29509],[-2.78495,51.29514],[-2.78498,51.29521],[-2.78495,51.29524],[-2.7849,51.29545],[-2.78492,51.2956],[-2.78475,51.29589],[-2.7845,51.29596],[-2.78444,51.29594],[-2.78445,51.29576],[-2.78438,51.2956],[-2.7839,51.29563],[-2.78375,51.29558],[-2.78359,51.29562],[-2.78342,51.29548],[-2.78329,51.29524],[-2.78304,51.29523],[-2.78267,51.29535],[-2.78293,51.29554],[-2.78294,51.29607],[-2.78262,51.29604],[-2.78237,51.29614],[-2.78241,51.29626],[-2.78153,51.29585],[-2.78137,51.2959],[-2.78127,51.29621],[-2.78129,51.29628],[-2.78136,51.2963],[-2.78153,51.29627],[-2.78195,51.29628],[-2.78201,51.29634],[-2.78199,51.29641],[-2.78162,51.29641],[-2.78154,51.29652],[-2.78112,51.29661],[-2.77953,51.2957],[-2.7789,51.29617],[-2.77966,51.29679],[-2.77941,51.29683],[-2.77917,51.29682],[-2.77917,51.29692],[-2.77912,51.29695],[-2.77905,51.29688],[-2.77904,51.29676],[-2.77888,51.29667],[-2.77881,51.29667],[-2.77876,51.29675],[-2.77871,51.29677],[-2.77841,51.29668],[-2.77839,51.29665],[-2.77842,51.29652],[-2.77833,51.29638],[-2.77883,51.29609],[-2.7794,51.29565],[-2.7799,51.29517],[-2.78011,51.29487],[-2.78062,51.29389],[-2.78082,51.29343],[-2.78101,51.29277],[-2.78104,51.29244],[-2.781,51.29216],[-2.78027,51.29236],[-2.78026,51.29232],[-2.77993,51.29228],[-2.77967,51.29235],[-2.77931,51.2927],[-2.77888,51.29272],[-2.77865,51.29248],[-2.77851,51.29217],[-2.77846,51.29217],[-2.77849,51.29211],[-2.77859,51.29205],[-2.77889,51.29203],[-2.77882,51.29193],[-2.77861,51.29181],[-2.77846,51.29179],[-2.77814,51.29158],[-2.7774,51.29139],[-2.77747,51.29133],[-2.77767,51.29098],[-2.77784,51.29081],[-2.77792,51.29068],[-2.77816,51.2899],[-2.77763,51.28948],[-2.77711,51.28922],[-2.77696,51.28916],[-2.77678,51.28923],[-2.77605,51.28895],[-2.77618,51.28884],[-2.77603,51.2887],[-2.77611,51.28862],[-2.77631,51.28851],[-2.77646,51.28846],[-2.77644,51.28835],[-2.77651,51.28832],[-2.77658,51.28822],[-2.77655,51.28817],[-2.7765,51.28819],[-2.77647,51.28811],[-2.77659,51.28803],[-2.77654,51.28799],[-2.77643,51.28802],[-2.77638,51.28799],[-2.7763,51.28804],[-2.77632,51.28807],[-2.77605,51.28819],[-2.77618,51.28808],[-2.77629,51.28805],[-2.77638,51.28797],[-2.7768,51.28773],[-2.7769,51.28779],[-2.77685,51.28787],[-2.7769,51.28791],[-2.77684,51.28812],[-2.77741,51.28818],[-2.77743,51.28822],[-2.77765,51.28825],[-2.77759,51.28846],[-2.77745,51.28859],[-2.77876,51.28869],[-2.77875,51.28863],[-2.7788,51.28863],[-2.77896,51.28873],[-2.77939,51.28884],[-2.77963,51.289],[-2.77962,51.28903],[-2.77979,51.28926],[-2.77971,51.28937],[-2.78041,51.29009],[-2.78052,51.29019],[-2.78079,51.2902],[-2.78038,51.2889],[-2.7804,51.28863],[-2.78045,51.28847],[-2.78096,51.28776],[-2.78102,51.28763],[-2.78104,51.28762],[-2.78109,51.28768],[-2.78117,51.28768],[-2.78183,51.28731],[-2.78188,51.28728],[-2.78193,51.28731],[-2.78195,51.28738],[-2.78191,51.28781],[-2.78183,51.28805],[-2.78201,51.28814],[-2.78215,51.28828],[-2.78217,51.28832],[-2.78207,51.28858]],[[-2.77942,51.29161],[-2.78046,51.29166],[-2.78023,51.29064],[-2.78025,51.29061],[-2.78018,51.29059],[-2.78013,51.29046],[-2.77996,51.29028],[-2.77994,51.29029],[-2.77922,51.28973],[-2.77877,51.28947],[-2.77861,51.28945],[-2.77853,51.28953],[-2.77869,51.29011],[-2.77896,51.29028],[-2.77904,51.29042],[-2.77927,51.29065],[-2.77914,51.29069],[-2.77942,51.29161]],[[-2.78879,51.29754],[-2.78849,51.29726],[-2.7884,51.29687],[-2.78815,51.29656],[-2.78799,51.29654],[-2.78777,51.29642],[-2.78745,51.29641],[-2.78725,51.29626],[-2.78719,51.29606],[-2.78723,51.29603],[-2.78743,51.29599],[-2.78754,51.29616],[-2.78779,51.29614],[-2.78799,51.2961],[-2.78792,51.29588],[-2.78818,51.29595],[-2.78837,51.29592],[-2.78844,51.29582],[-2.78844,51.29554],[-2.78852,51.29541],[-2.78848,51.29536],[-2.78828,51.29556],[-2.7883,51.29584],[-2.78808,51.29584],[-2.78777,51.29576],[-2.78742,51.29581],[-2.78734,51.29577],[-2.78713,51.29556],[-2.78697,51.29547],[-2.78635,51.29529],[-2.78625,51.29523],[-2.78619,51.29512],[-2.78613,51.29466],[-2.78604,51.29438],[-2.78588,51.29423],[-2.78578,51.29425],[-2.7857,51.29448],[-2.78572,51.29512],[-2.78589,51.29577],[-2.78604,51.29593],[-2.78618,51.29631],[-2.78635,51.29661],[-2.78675,51.29678],[-2.78739,51.29688],[-2.78751,51.29696],[-2.78798,51.29714],[-2.78882,51.29766],[-2.78879,51.2976],[-2.78802,51.29713],[-2.78776,51.29703],[-2.78811,51.29692],[-2.78823,51.29693],[-2.78832,51.29699],[-2.7885,51.29733],[-2.78875,51.29755],[-2.78879,51.29754]]]}},{"type":"Feature","properties":{"MainHabs":"Deciduous woodland","HabCodes":"DWOOD","PrimSource":"National Forest Inventory 2024 (DWOOD)","AreaHa":1.68,"Version":"Sept_26","UID":"PHID34556547_015780626"},"geometry":{"type":"Polygon","coordinates":[[[-2.78268,51.31821],[-2.78259,51.31821],[-2.78261,51.31783],[-2.78258,51.3175],[-2.78241,51.31735],[-2.78233,51.3171],[-2.78213,51.31669],[-2.78184,51.31623],[-2.7814,51.31576],[-2.78123,51.31564],[-2.78127,51.31563],[-2.78141,51.31574],[-2.78193,51.31628],[-2.7822,51.31672],[-2.78248,51.3174],[-2.78252,51.31742],[-2.78246,51.31727],[-2.78245,51.31711],[-2.78223,51.31673],[-2.78186,51.31613],[-2.78136,51.31561],[-2.78141,51.3156],[-2.78207,51.31633],[-2.78266,51.31613],[-2.78313,51.31678],[-2.78315,51.317],[-2.7833,51.3174],[-2.78344,51.31757],[-2.78368,51.31761],[-2.78362,51.31776],[-2.78328,51.31824],[-2.78308,51.31869],[-2.78311,51.31871],[-2.78298,51.31877],[-2.78305,51.31888],[-2.78324,51.31899],[-2.78299,51.31917],[-2.78303,51.31923],[-2.78333,51.31938],[-2.78364,51.31945],[-2.78329,51.31938],[-2.78301,51.31923],[-2.78284,51.31899],[-2.78269,51.31869],[-2.78269,51.31831],[-2.78271,51.31832],[-2.78272,51.31828],[-2.78268,51.31821]]]}},{"type":"Feature","properties":{"MainHabs":"Deciduous woodland","HabCodes":"DWOOD","PrimSource":"National Forest Inventory 2024 (DWOOD)","AreaHa":0.29,"Version":"Sept_26","UID":"PHID34556657_015441281"},"geometry":{"type":"Polygon","coordinates":[[[-2.7822,51.28629],[-2.78201,51.28673],[-2.78178,51.28674],[-2.78163,51.28653],[-2.78162,51.28634],[-2.78186,51.28589],[-2.78196,51.28559],[-2.78206,51.28559],[-2.78202,51.28576],[-2.78205,51.28592],[-2.78198,51.28615],[-2.78225,51.28619],[-2.7822,51.28629]]]}},{"type":"Feature","properties":{"MainHabs":"Deciduous woodland","HabCodes":"DWOOD","AddHabs":"LCGRA","PrimSource":"National Forest Inventory 2024 (DWOOD)","AreaHa":0.97,"Version":"Sept_26","UID":"PHID34564972_015439708"},"geometry":{"type":"Polygon","coordinates":[[[-2.7798,51.28514],[-2.78016,51.28522],[-2.78054,51.28573],[-2.78073,51.28571],[-2.78074,51.28583],[-2.78082,51.28614],[-2.78088,51.28621],[-2.781,51.28625],[-2.78106,51.28635],[-2.78115,51.28642],[-2.78117,51.28656],[-2.78126,51.28669],[-2.78158,51.28678],[-2.78189,51.28718],[-2.78189,51.28725],[-2.78121,51.28763],[-2.78109,51.28764],[-2.78106,51.28735],[-2.78074,51.28649],[-2.78054,51.2862],[-2.77996,51.2855],[-2.77956,51.28459],[-2.7798,51.28514]]]}},{"type":"Feature","properties":{"MainHabs":"Deciduous woodland","HabCodes":"DWOOD","PrimSource":"National Forest Inventory 2024 (DWOOD)","AreaHa":0.06,"Version":"Sept_26","UID":"PHID34566481_015816413"},"geometry":{"type":"Polygon","coordinates":[[[-2.78116,51.31978],[-2.78121,51.31989],[-2.78133,51.32002],[-2.78122,51.32013],[-2.78085,51.32],[-2.78103,51.3199],[-2.78116,51.31978]]]}},{"type":"Feature","properties":{"MainHabs":"Deciduous woodland","HabCodes":"DWOOD","PrimSource":"National Forest Inventory 2024 (DWOOD)","AreaHa":0.03,"Version":"Sept_26","UID":"PHID34568815_015734805"},"geometry":{"type":"Polygon","coordinates":[[[-2.78005,51.3124],[-2.7804,51.31252],[-2.78117,51.31286],[-2.78113,51.31287],[-2.78038,51.31255],[-2.78011,51.31248],[-2.78005,51.3124]]]}},{"type":"Feature","properties":{"MainHabs":"Deciduous woodland","HabCodes":"DWOOD","PrimSource":"National Forest Inventory 2024 (DWOOD)","AreaHa":0.45,"Version":"Sept_26","UID":"PHID34569597_015519243"},"geometry":{"type":"Polygon","coordinates":[[[-2.78065,51.29367],[-2.78005,51.29359],[-2.77959,51.29325],[-2.77968,51.29309],[-2.78013,51.29318],[-2.7804,51.29299],[-2.78078,51.29283],[-2.78081,51.29303],[-2.78079,51.29317],[-2.78065,51.29367]]]}},{"type":"Feature","properties":{"MainHabs":"Deciduous woodland","HabCodes":"DWOOD","PrimSource":"National Forest Inventory 2024 (DWOOD)","AreaHa":0.79,"Version":"Sept_26","UID":"PHID34571692_015811868"},"geometry":{"type":"Polygon","coordinates":[[[-2.78117,51.31965],[-2.78106,51.31984],[-2.78079,51.32],[-2.78021,51.32011],[-2.78015,51.31999],[-2.78008,51.32003],[-2.78012,51.32012],[-2.78003,51.32012],[-2.77975,51.32004],[-2.77951,51.31954],[-2.77966,51.31946],[-2.78047,51.3193],[-2.78065,51.31917],[-2.78049,51.31902],[-2.78051,51.31901],[-2.78118,51.31959],[-2.78117,51.31965]]]}},{"type":"Feature","properties":{"MainHabs":"Deciduous woodland","HabCodes":"DWOOD","PrimSource":"National Forest Inventory 2024 (DWOOD)","AreaHa":0.13,"Version":"Sept_26","UID":"PHID34572603_015469511"},"geometry":{"type":"Polygon","coordinates":[[[-2.77939,51.28884],[-2.77932,51.28864],[-2.77999,51.28863],[-2.77998,51.28895],[-2.77939,51.28884]]]}},{"type":"Feature","properties":{"MainHabs":"Deciduous woodland","HabCodes":"DWOOD","PrimSource":"National Forest Inventory 2024 (DWOOD)","AreaHa":12.42,"Version":"Sept_26","UID":"PHID34582012_015729127"},"geometry":{"type":"Polygon","coordinates":[[[-2.77986,51.31262],[-2.78015,51.31296],[-2.78015,51.31304],[-2.78008,51.31314],[-2.77986,51.31332],[-2.77979,51.31331],[-2.77926,51.31367],[-2.77869,51.31417],[-2.77843,51.31432],[-2.77818,51.31445],[-2.77795,51.31452],[-2.77792,51.31451],[-2.77794,51.31447],[-2.77788,51.31445],[-2.77778,51.3145],[-2.77767,51.3145],[-2.77697,51.31436],[-2.77659,51.31436],[-2.77658,51.31432],[-2.7766,51.31428],[-2.77677,51.31416],[-2.77732,51.31366],[-2.77746,51.31348],[-2.77754,51.3133],[-2.77756,51.31316],[-2.77753,51.31279],[-2.77747,51.31266],[-2.77735,51.31252],[-2.77657,51.31189],[-2.77597,51.31109],[-2.77708,51.31097],[-2.77718,51.31131],[-2.77748,51.31176],[-2.77791,51.31223],[-2.77844,51.31274],[-2.77858,51.31296],[-2.77861,51.31311],[-2.77858,51.3133],[-2.77827,51.31392],[-2.7786,51.31329],[-2.77863,51.31313],[-2.77861,51.31296],[-2.77849,51.31277],[-2.77798,51.31227],[-2.77739,51.3116],[-2.77719,51.31125],[-2.77708,51.31083],[-2.77794,51.31072],[-2.77845,51.31108],[-2.77827,51.3109],[-2.77803,51.31058],[-2.77796,51.31045],[-2.77793,51.31031],[-2.77777,51.31015],[-2.77777,51.31009],[-2.7777,51.31002],[-2.77769,51.30993],[-2.77758,51.30988],[-2.77744,51.30972],[-2.77712,51.30946],[-2.77678,51.30948],[-2.77692,51.30955],[-2.77694,51.30964],[-2.77665,51.30943],[-2.7761,51.30949],[-2.77549,51.30964],[-2.77527,51.30945],[-2.77561,51.30924],[-2.77656,51.30911],[-2.77651,51.30899],[-2.77641,51.3089],[-2.77698,51.3092],[-2.77712,51.30919],[-2.77719,51.30921],[-2.77718,51.30918],[-2.77747,51.30915],[-2.77711,51.30857],[-2.77728,51.3085],[-2.77759,51.30849],[-2.77786,51.30866],[-2.77827,51.30863],[-2.77862,51.30893],[-2.7782,51.30931],[-2.77808,51.30949],[-2.77815,51.30967],[-2.7786,51.31015],[-2.77876,51.31017],[-2.77894,51.31005],[-2.77919,51.31002],[-2.77921,51.3099],[-2.77941,51.30979],[-2.77961,51.30978],[-2.77994,51.31025],[-2.78067,51.31077],[-2.78063,51.3108],[-2.78073,51.31088],[-2.78051,51.31099],[-2.78072,51.31114],[-2.78096,51.31101],[-2.78113,51.31112],[-2.78103,51.31118],[-2.78094,51.3113],[-2.78099,51.31145],[-2.78121,51.31162],[-2.78127,51.31179],[-2.7812,51.31186],[-2.78119,51.31196],[-2.78129,51.31206],[-2.78149,51.31213],[-2.78163,51.31225],[-2.78158,51.31244],[-2.78178,51.31258],[-2.78184,51.31281],[-2.78205,51.31289],[-2.78215,51.31299],[-2.78206,51.31318],[-2.78192,51.31307],[-2.78126,51.31284],[-2.78039,51.31248],[-2.78033,51.31243],[-2.77997,51.31239],[-2.7799,51.31247],[-2.77986,51.31262]],[[-2.77901,51.31162],[-2.77926,51.312],[-2.77948,51.31222],[-2.77967,51.31215],[-2.77926,51.31175],[-2.77906,51.3116],[-2.77901,51.31162]]]}},{"type":"Feature","properties":{"MainHabs":"Deciduous woodland","HabCodes":"DWOOD","PrimSource":"National Forest Inventory 2024 (DWOOD)","AreaHa":2.92,"Version":"Sept_26","UID":"PHID34607262_015743676"},"geometry":{"type":"Polygon","coordinates":[[[-2.77368,51.31231],[-2.77619,51.3127],[-2.77613,51.31299],[-2.7755,51.31293],[-2.7754,51.31298],[-2.7755,51.31409],[-2.77627,51.31409],[-2.77667,51.3142],[-2.77636,51.31439],[-2.7757,51.31443],[-2.77502,51.31439],[-2.77382,51.31414],[-2.77358,51.31229],[-2.77368,51.31231]]]}},{"type":"Feature","properties":{"MainHabs":"Deciduous woodland","HabCodes":"DWOOD","AddHabs":"LCGRA","PrimSource":"National Trust Habitats Data 2021 (DWOOD)","AreaHa":0.22,"Version":"Sept_26","UID":"PHID34607960_015897263"},"geometry":{"type":"Polygon","coordinates":[[[-2.77504,51.32721],[-2.77506,51.32717],[-2.77581,51.32727],[-2.77687,51.32732],[-2.77715,51.32736],[-2.77608,51.3274],[-2.77502,51.32737],[-2.7747,51.32733],[-2.77466,51.32723],[-2.77477,51.32717],[-2.77489,51.32716],[-2.77504,51.32721]]]}},{"type":"Feature","properties":{"MainHabs":"Deciduous woodland","HabCodes":"DWOOD","PrimSource":"National Forest Inventory 2024 (DWOOD)","AreaHa":0.46,"Version":"Sept_26","UID":"PHID34611957_015486336"},"geometry":{"type":"Polygon","coordinates":[[[-2.77455,51.29006],[-2.77412,51.29048],[-2.77343,51.29085],[-2.77346,51.29091],[-2.77313,51.29085],[-2.77327,51.29072],[-2.7739,51.29035],[-2.77461,51.28951],[-2.77476,51.28916],[-2.77486,51.28913],[-2.77491,51.28917],[-2.77499,51.28939],[-2.77498,51.28947],[-2.77462,51.28983],[-2.77453,51.28997],[-2.77455,51.29006]]]}},{"type":"Feature","properties":{"MainHabs":"Deciduous woodland","HabCodes":"DWOOD","PrimSource":"National Forest Inventory 2024 (DWOOD)","AreaHa":0.04,"Version":"Sept_26","UID":"PHID34614559_015407783"},"geometry":{"type":"Polygon","coordinates":[[[-2.77318,51.28348],[-2.77324,51.28347],[-2.77321,51.2834],[-2.77331,51.28339],[-2.77331,51.28333],[-2.77355,51.2833],[-2.77363,51.28307],[-2.77415,51.28303],[-2.77365,51.28307],[-2.77356,51.28331],[-2.77334,51.28333],[-2.77335,51.28338],[-2.77347,51.28339],[-2.77353,51.2835],[-2.7733,51.28352],[-2.77318,51.28348]]]}},{"type":"Feature","properties":{"MainHabs":"Deciduous woodland","HabCodes":"DWOOD","PrimSource":"National Forest Inventory 2024 (DWOOD)","AreaHa":0.29,"Version":"Sept_26","UID":"PHID34617159_015438895"},"geometry":{"type":"Polygon","coordinates":[[[-2.7731,51.28576],[-2.77318,51.28575],[-2.77325,51.28582],[-2.77339,51.28625],[-2.77315,51.28641],[-2.77315,51.28644],[-2.77325,51.28638],[-2.77347,51.2866],[-2.7737,51.28654],[-2.77369,51.28664],[-2.77359,51.28663],[-2.77351,51.28668],[-2.77347,51.28665],[-2.77343,51.28668],[-2.77346,51.2867],[-2.77344,51.28671],[-2.77319,51.28677],[-2.77295,51.28656],[-2.7729,51.2864],[-2.77306,51.28601],[-2.77308,51.2858],[-2.77278,51.28504],[-2.77302,51.28551],[-2.7731,51.28576]]]}},{"type":"Feature","properties":{"MainHabs":"Deciduous woodland","HabCodes":"DWOOD","PrimSource":"National Forest Inventory 2024 (DWOOD)","AreaHa":0.14,"Version":"Sept_26","UID":"PHID34617507_015917494"},"geometry":{"type":"Polygon","coordinates":[[[-2.77418,51.32926],[-2.77368,51.32923],[-2.77357,51.32913],[-2.77356,51.32899],[-2.77364,51.32895],[-2.77374,51.32895],[-2.77423,51.32906],[-2.77432,51.32918],[-2.77418,51.32926]]]}},{"type":"Feature","properties":{"MainHabs":"Deciduous woodland","HabCodes":"DWOOD","PrimSource":"National Forest Inventory 2024 (DWOOD)","AreaHa":0.44,"Version":"Sept_26","UID":"PHID34617640_015672576"},"geometry":{"type":"Polygon","coordinates":[[[-2.77335,51.30675],[-2.77408,51.30673],[-2.77401,51.30708],[-2.77384,51.30725],[-2.77356,51.30745],[-2.77315,51.30729],[-2.77299,51.30714],[-2.77298,51.30703],[-2.77311,51.30687],[-2.77335,51.30675]]]}},{"type":"Feature","properties":{"MainHabs":"Deciduous woodland","HabCodes":"DWOOD","AddHabs":"LCGRA","PrimSource":"National Trust Habitats Data 2021 (DWOOD)","AreaHa":0.18,"Version":"Sept_26","UID":"PHID34618622_015890445"},"geometry":{"type":"Polygon","coordinates":[[[-2.77339,51.3265],[-2.77368,51.3264],[-2.77407,51.32641],[-2.77374,51.32693],[-2.77422,51.32733],[-2.77417,51.32733],[-2.77359,51.32683],[-2.77336,51.32651],[-2.77323,51.32625],[-2.77325,51.32625],[-2.77339,51.3265]]]}},{"type":"Feature","properties":{"MainHabs":"Deciduous woodland","HabCodes":"DWOOD","PrimSource":"National Forest Inventory 2024 (DWOOD)","AreaHa":0.05,"Version":"Sept_26","UID":"PHID34620772_015443703"},"geometry":{"type":"Polygon","coordinates":[[[-2.77236,51.28642],[-2.77278,51.28635],[-2.77284,51.28663],[-2.77271,51.28668],[-2.77263,51.28643],[-2.77239,51.28644],[-2.77236,51.28642]]]}},{"type":"Feature","properties":{"MainHabs":"Deciduous woodland","HabCodes":"DWOOD","PrimSource":"National Forest Inventory 2024 (DWOOD)","AreaHa":0.66,"Version":"Sept_26","UID":"PHID34620991_015969558"},"geometry":{"type":"Polygon","coordinates":[[[-2.77415,51.33425],[-2.77417,51.33459],[-2.7741,51.33471],[-2.77396,51.33485],[-2.77378,51.3349],[-2.77327,51.33489],[-2.77335,51.33478],[-2.77341,51.33476],[-2.77343,51.33465],[-2.77378,51.33455],[-2.77377,51.33442],[-2.77385,51.33439],[-2.77388,51.33431],[-2.77382,51.33395],[-2.77378,51.33394],[-2.77378,51.33385],[-2.77373,51.33385],[-2.77372,51.33379],[-2.77366,51.33379],[-2.77367,51.33382],[-2.77361,51.33382],[-2.77362,51.33396],[-2.77347,51.33396],[-2.77335,51.33415],[-2.77303,51.3341],[-2.77285,51.33383],[-2.7729,51.33364],[-2.7741,51.33362],[-2.77415,51.33425]]]}},{"type":"Feature","properties":{"MainHabs":"Deciduous woodland","HabCodes":"DWOOD","PrimSource":"National Forest Inventory 2024 (DWOOD)","AreaHa":0.01,"Version":"Sept_26","UID":"PHID34621009_015409541"},"geometry":{"type":"Polygon","coordinates":[[[-2.77287,51.28348],[-2.77234,51.28339],[-2.77257,51.28339],[-2.77287,51.28348]]]}},{"type":"Feature","properties":{"MainHabs":"Deciduous woodland","HabCodes":"DWOOD","AddHabs":"LCGRA","PrimSource":"National Forest Inventory 2024 (DWOOD)","AreaHa":6.32,"Version":"Sept_26","UID":"PHID34622892_015479646"},"geometry":{"type":"Polygon","coordinates":[[[-2.77116,51.28905],[-2.77097,51.28894],[-2.77059,51.28888],[-2.77029,51.2889],[-2.77007,51.28876],[-2.76998,51.28863],[-2.76924,51.28866],[-2.76913,51.2887],[-2.76914,51.28862],[-2.7707,51.28855],[-2.77095,51.28853],[-2.77109,51.28845],[-2.77119,51.28846],[-2.77127,51.28849],[-2.77205,51.28852],[-2.77229,51.28856],[-2.77247,51.28865],[-2.77303,51.28909],[-2.77316,51.28915],[-2.77329,51.28916],[-2.77343,51.28913],[-2.77355,51.28907],[-2.77383,51.28878],[-2.77431,51.28858],[-2.77435,51.28848],[-2.77433,51.28841],[-2.77512,51.28823],[-2.77549,51.28807],[-2.7758,51.28824],[-2.77549,51.28845],[-2.77527,51.28877],[-2.77524,51.28887],[-2.77525,51.28895],[-2.77531,51.28905],[-2.77527,51.28921],[-2.77512,51.28949],[-2.77498,51.28907],[-2.77483,51.289],[-2.77477,51.28887],[-2.77469,51.28887],[-2.7746,51.28931],[-2.77448,51.28954],[-2.77376,51.29035],[-2.77328,51.29064],[-2.77307,51.2908],[-2.77228,51.29086],[-2.7723,51.2907],[-2.77227,51.29065],[-2.7721,51.29061],[-2.77201,51.29063],[-2.77196,51.29068],[-2.77189,51.2909],[-2.77138,51.29093],[-2.77139,51.29102],[-2.77052,51.29101],[-2.77014,51.29096],[-2.7705,51.28948],[-2.77043,51.28944],[-2.77116,51.28905]],[[-2.7734,51.28959],[-2.77375,51.2898],[-2.77405,51.28942],[-2.77438,51.28888],[-2.77414,51.28873],[-2.77391,51.28887],[-2.7734,51.28959]],[[-2.7734,51.28959],[-2.77309,51.28959],[-2.77265,51.29025],[-2.77322,51.29048],[-2.77347,51.29025],[-2.7731,51.29012],[-2.7734,51.28959]]]}},{"type":"Feature","properties":{"MainHabs":"Deciduous woodland","HabCodes":"DWOOD","PrimSource":"National Forest Inventory 2024 (DWOOD)","AreaHa":0.02,"Version":"Sept_26","UID":"PHID34623588_015409175"},"geometry":{"type":"Polygon","coordinates":[[[-2.77251,51.28353],[-2.7724,51.2835],[-2.7724,51.28345],[-2.77181,51.2833],[-2.77277,51.28351],[-2.77251,51.28353]]]}},{"type":"Feature","properties":{"MainHabs":"Deciduous woodland","HabCodes":"DWOOD","PrimSource":"National Forest Inventory 2024 (DWOOD)","AreaHa":21.76,"Version":"Sept_26","UID":"PHID34627925_015792761"},"geometry":{"type":"Polygon","coordinates":[[[-2.76949,51.31504],[-2.77077,51.31501],[-2.77109,51.31497],[-2.77159,51.31484],[-2.77199,51.31492],[-2.772,51.31488],[-2.77351,51.31421],[-2.77356,51.31414],[-2.77386,51.31428],[-2.775,51.31492],[-2.77606,51.31561],[-2.77612,51.31568],[-2.77695,51.31604],[-2.77734,51.31633],[-2.77883,51.31758],[-2.77814,51.3178],[-2.77807,51.31781],[-2.778,51.3177],[-2.7773,51.31784],[-2.77728,51.3179],[-2.77692,51.31751],[-2.77664,51.31753],[-2.77635,51.31727],[-2.77615,51.31719],[-2.77604,51.31719],[-2.776,51.31725],[-2.77571,51.31731],[-2.77563,51.3174],[-2.77551,51.31747],[-2.77545,51.31765],[-2.77545,51.31773],[-2.77531,51.31785],[-2.77513,51.31793],[-2.77516,51.31821],[-2.77489,51.31828],[-2.77505,51.31847],[-2.77506,51.31852],[-2.775,51.31863],[-2.77424,51.31829],[-2.7738,51.31805],[-2.77332,51.31771],[-2.77276,51.3172],[-2.7729,51.31716],[-2.77309,51.31724],[-2.77325,51.31722],[-2.77336,51.31715],[-2.77337,51.31703],[-2.77342,51.31696],[-2.77356,51.31693],[-2.77404,51.31719],[-2.77434,51.31715],[-2.77438,51.31699],[-2.77445,51.31696],[-2.77454,51.31662],[-2.77461,51.31651],[-2.77478,51.31635],[-2.77479,51.31618],[-2.77344,51.31545],[-2.77224,51.31503],[-2.77254,51.3156],[-2.77257,51.31573],[-2.77253,51.31581],[-2.77242,51.31588],[-2.7723,51.31592],[-2.7716,51.31583],[-2.77149,51.31584],[-2.77152,51.31586],[-2.77148,51.31587],[-2.77208,51.31632],[-2.77243,51.31678],[-2.77265,51.31714],[-2.77292,51.3174],[-2.7734,51.31781],[-2.77377,51.31806],[-2.77373,51.31804],[-2.77341,51.31851],[-2.77358,51.31883],[-2.77334,51.3189],[-2.77319,51.31968],[-2.77158,51.31906],[-2.7707,51.31856],[-2.77063,51.31848],[-2.77044,51.3178],[-2.77041,51.3176],[-2.77008,51.31645],[-2.76982,51.31593],[-2.76927,51.31508],[-2.7693,51.31506],[-2.76996,51.31522],[-2.76903,51.31491],[-2.76938,51.31545],[-2.76805,51.31525],[-2.76636,51.31761],[-2.76585,51.31749],[-2.76584,51.31725],[-2.76602,51.31624],[-2.76604,51.3159],[-2.76563,51.31417],[-2.76557,51.31406],[-2.76676,51.31419],[-2.76743,51.31433],[-2.76804,51.31451],[-2.76927,51.31499],[-2.76949,51.31504]]]}},{"type":"Feature","properties":{"MainHabs":"Deciduous woodland","HabCodes":"DWOOD","PrimSource":"National Forest Inventory 2024 (DWOOD)","AreaHa":1.35,"Version":"Sept_26","UID":"PHID34633538_015892806"},"geometry":{"type":"Polygon","coordinates":[[[-2.7712,51.32636],[-2.77133,51.32657],[-2.77183,51.32655],[-2.77215,51.32663],[-2.77205,51.32679],[-2.7721,51.32705],[-2.77237,51.32721],[-2.77274,51.32723],[-2.77289,51.32739],[-2.77333,51.32755],[-2.77276,51.32785],[-2.7719,51.32734],[-2.77067,51.32698],[-2.77044,51.32687],[-2.76984,51.32649],[-2.76988,51.32644],[-2.77049,51.32637],[-2.7712,51.32636]]]}},{"type":"Feature","properties":{"MainHabs":"Deciduous woodland","HabCodes":"DWOOD","PrimSource":"National Forest Inventory 2024 (DWOOD)","AreaHa":0.01,"Version":"Sept_26","UID":"PHID34636858_015390021"},"geometry":{"type":"Polygon","coordinates":[[[-2.77049,51.28158],[-2.77034,51.28174],[-2.77023,51.28182],[-2.77021,51.2818],[-2.77049,51.28158]]]}},{"type":"Feature","properties":{"MainHabs":"Deciduous woodland","HabCodes":"DWOOD","AddHabs":"LCGRA","PrimSource":"National Forest Inventory 2024 (DWOOD)","AreaHa":17.49,"Version":"Sept_26","UID":"PHID34639869_015425893"},"geometry":{"type":"Polygon","coordinates":[[[-2.77096,51.28649],[-2.77078,51.28663],[-2.77071,51.28673],[-2.77061,51.28662],[-2.77055,51.28689],[-2.77052,51.28689],[-2.77057,51.28657],[-2.77042,51.28651],[-2.77048,51.28647],[-2.77048,51.2864],[-2.77024,51.28613],[-2.77018,51.28603],[-2.77023,51.28602],[-2.77013,51.28586],[-2.76998,51.28581],[-2.76974,51.28594],[-2.76971,51.28593],[-2.77,51.28575],[-2.76994,51.28571],[-2.76949,51.28575],[-2.76882,51.28576],[-2.76865,51.28585],[-2.76848,51.28584],[-2.76836,51.28576],[-2.76825,51.2858],[-2.76789,51.28583],[-2.76781,51.28594],[-2.76771,51.28599],[-2.7676,51.28611],[-2.76753,51.28607],[-2.7673,51.28619],[-2.76715,51.28635],[-2.76715,51.28658],[-2.76707,51.28671],[-2.76695,51.28678],[-2.76702,51.28692],[-2.76694,51.28702],[-2.76717,51.28719],[-2.76708,51.28731],[-2.76679,51.2874],[-2.76644,51.28699],[-2.76567,51.28599],[-2.76674,51.28526],[-2.76686,51.28538],[-2.76722,51.28535],[-2.76726,51.28476],[-2.76735,51.2847],[-2.76721,51.28474],[-2.76711,51.28487],[-2.76662,51.28517],[-2.76633,51.28548],[-2.76618,51.28559],[-2.76579,51.28575],[-2.76561,51.28586],[-2.76545,51.28601],[-2.76527,51.28611],[-2.76501,51.28631],[-2.76479,51.28656],[-2.76386,51.28546],[-2.76409,51.28538],[-2.76452,51.28514],[-2.76445,51.28495],[-2.76426,51.28485],[-2.76418,51.28471],[-2.76448,51.28459],[-2.76429,51.28446],[-2.76407,51.28438],[-2.7639,51.28438],[-2.76352,51.28414],[-2.76332,51.28414],[-2.76323,51.28404],[-2.76314,51.28381],[-2.76328,51.2838],[-2.76342,51.28373],[-2.76371,51.28373],[-2.76408,51.28379],[-2.76412,51.28389],[-2.76411,51.28419],[-2.76417,51.28427],[-2.76438,51.28425],[-2.76449,51.28431],[-2.76481,51.28423],[-2.76457,51.28409],[-2.7648,51.28397],[-2.76517,51.28367],[-2.76528,51.28364],[-2.76534,51.28349],[-2.76571,51.28325],[-2.7658,51.28314],[-2.76599,51.28279],[-2.76635,51.28282],[-2.76678,51.28275],[-2.76676,51.28269],[-2.76667,51.28262],[-2.76687,51.28258],[-2.76702,51.2825],[-2.76748,51.28279],[-2.76749,51.28278],[-2.76761,51.28283],[-2.76722,51.28332],[-2.76711,51.28328],[-2.76688,51.28358],[-2.7667,51.28371],[-2.7673,51.2845],[-2.76739,51.28444],[-2.76745,51.28424],[-2.76748,51.28401],[-2.76743,51.28368],[-2.76733,51.28373],[-2.76723,51.28363],[-2.76702,51.28352],[-2.76725,51.28333],[-2.76768,51.28356],[-2.76796,51.2836],[-2.76833,51.28359],[-2.76858,51.28364],[-2.76883,51.28352],[-2.76904,51.28359],[-2.76958,51.28325],[-2.76986,51.28339],[-2.77039,51.28322],[-2.77048,51.2833],[-2.77165,51.28364],[-2.77142,51.28366],[-2.77121,51.28362],[-2.77112,51.28365],[-2.77124,51.28388],[-2.77105,51.28405],[-2.77109,51.28413],[-2.77094,51.28417],[-2.7709,51.28427],[-2.77102,51.28437],[-2.77112,51.2845],[-2.77121,51.28453],[-2.77128,51.28451],[-2.77128,51.28445],[-2.77133,51.28442],[-2.77154,51.28446],[-2.77163,51.28442],[-2.7717,51.28427],[-2.77163,51.28408],[-2.77167,51.284],[-2.77201,51.28412],[-2.77218,51.28411],[-2.77222,51.28403],[-2.77219,51.2839],[-2.77221,51.2838],[-2.77243,51.28387],[-2.77241,51.28357],[-2.77256,51.28366],[-2.77262,51.28365],[-2.77271,51.28374],[-2.77271,51.28409],[-2.77264,51.28421],[-2.77263,51.2844],[-2.7723,51.28445],[-2.77236,51.28465],[-2.77266,51.28461],[-2.77274,51.28504],[-2.7727,51.28519],[-2.77274,51.28526],[-2.77284,51.28532],[-2.77296,51.28558],[-2.77301,51.28581],[-2.77302,51.28594],[-2.77296,51.28614],[-2.77288,51.28623],[-2.77274,51.2863],[-2.77232,51.28638],[-2.77223,51.28627],[-2.77226,51.28618],[-2.77221,51.28604],[-2.77216,51.28604],[-2.77219,51.28598],[-2.77198,51.28587],[-2.77194,51.28587],[-2.77169,51.28595],[-2.77164,51.28599],[-2.77165,51.2861],[-2.77162,51.28615],[-2.77145,51.28628],[-2.77121,51.28657],[-2.77096,51.28649]],[[-2.76643,51.2832],[-2.76642,51.28323],[-2.76614,51.28331],[-2.76608,51.28358],[-2.76614,51.28365],[-2.76623,51.28366],[-2.76652,51.28359],[-2.76665,51.28362],[-2.76666,51.2836],[-2.76664,51.28313],[-2.76657,51.28312],[-2.76643,51.2832]]]}},{"type":"Feature","properties":{"MainHabs":"Deciduous woodland","HabCodes":"DWOOD","PrimSource":"National Forest Inventory 2024 (DWOOD)","AreaHa":0.06,"Version":"Sept_26","UID":"PHID34640762_015392547"},"geometry":{"type":"Polygon","coordinates":[[[-2.77003,51.28182],[-2.7701,51.28189],[-2.76968,51.28205],[-2.76953,51.2819],[-2.76979,51.28183],[-2.77003,51.28182]]]}},{"type":"Feature","properties":{"MainHabs":"Deciduous woodland","HabCodes":"DWOOD","PrimSource":"National Forest Inventory 2024 (DWOOD)","AreaHa":0.45,"Version":"Sept_26","UID":"PHID34642306_015396230"},"geometry":{"type":"Polygon","coordinates":[[[-2.77019,51.28209],[-2.76998,51.28233],[-2.76985,51.28241],[-2.7692,51.28246],[-2.76849,51.28242],[-2.76852,51.28222],[-2.7691,51.2822],[-2.76993,51.28201],[-2.77024,51.28185],[-2.77059,51.28153],[-2.77065,51.28163],[-2.77045,51.28189],[-2.77019,51.28209]]]}},{"type":"Feature","properties":{"MainHabs":"Deciduous woodland","HabCodes":"DWOOD","OtherClass":"Annex1(H8310)","PrimSource":"National Forest Inventory 2024 (DWOOD)","AreaHa":0.25,"Version":"Sept_26","UID":"PHID34644090_015385682"},"geometry":{"type":"Polygon","coordinates":[[[-2.76987,51.28099],[-2.76994,51.2812],[-2.76974,51.28128],[-2.76965,51.28136],[-2.76959,51.28133],[-2.76948,51.28138],[-2.76953,51.28142],[-2.76924,51.28158],[-2.76928,51.28161],[-2.76922,51.28164],[-2.76918,51.28162],[-2.76912,51.28164],[-2.76899,51.28153],[-2.76888,51.28138],[-2.76893,51.28129],[-2.7693,51.28116],[-2.76953,51.28112],[-2.76959,51.28106],[-2.76987,51.28099]]]}},{"type":"Feature","properties":{"MainHabs":"Deciduous woodland","HabCodes":"DWOOD","PrimSource":"National Forest Inventory 2024 (DWOOD)","AreaHa":0.4,"Version":"Sept_26","UID":"PHID34646333_015967816"},"geometry":{"type":"Polygon","coordinates":[[[-2.77047,51.33388],[-2.77067,51.33384],[-2.7708,51.33387],[-2.77088,51.33396],[-2.77078,51.33396],[-2.77074,51.33401],[-2.7689,51.33358],[-2.76893,51.33349],[-2.76882,51.33348],[-2.76882,51.33332],[-2.76887,51.33331],[-2.76891,51.33334],[-2.76948,51.3335],[-2.76983,51.33348],[-2.76984,51.33344],[-2.77038,51.33352],[-2.77043,51.3335],[-2.77043,51.33382],[-2.77042,51.33386],[-2.77039,51.33383],[-2.77037,51.33386],[-2.77047,51.33388]]]}},{"type":"Feature","properties":{"MainHabs":"Deciduous woodland","HabCodes":"DWOOD","OtherClass":"Annex1(H8310)","AddHabs":"LCGRA, LDAGR","PrimSource":"National Forest Inventory 2024 (DWOOD)","AreaHa":1.13,"Version":"Sept_26","UID":"PHID34648647_015375461"},"geometry":{"type":"Polygon","coordinates":[[[-2.76962,51.28041],[-2.76964,51.28048],[-2.76842,51.28071],[-2.76773,51.28088],[-2.76776,51.2808],[-2.76767,51.28082],[-2.76772,51.28058],[-2.76768,51.28051],[-2.7673,51.28035],[-2.7672,51.28036],[-2.76693,51.28046],[-2.76686,51.27995],[-2.76866,51.28011],[-2.76954,51.28013],[-2.76961,51.28039],[-2.77007,51.28043],[-2.77021,51.28048],[-2.77016,51.2805],[-2.77004,51.28045],[-2.76986,51.28044],[-2.76969,51.2805],[-2.76969,51.28043],[-2.76962,51.28041]]]}},{"type":"Feature","properties":{"MainHabs":"Deciduous woodland","HabCodes":"DWOOD","PrimSource":"National Forest Inventory 2024 (DWOOD)","AreaHa":2.78,"Version":"Sept_26","UID":"PHID34648696_015668471"},"geometry":{"type":"Polygon","coordinates":[[[-2.76704,51.30735],[-2.76695,51.30745],[-2.76654,51.30736],[-2.7665,51.30719],[-2.76683,51.30724],[-2.76736,51.30673],[-2.76749,51.30645],[-2.76637,51.30624],[-2.76589,51.30612],[-2.76593,51.30608],[-2.76711,51.30634],[-2.76764,51.30633],[-2.76787,51.30638],[-2.76913,51.30636],[-2.76915,51.30606],[-2.76974,51.3061],[-2.76982,51.30622],[-2.77018,51.30637],[-2.77101,51.30686],[-2.7714,51.30682],[-2.77157,51.30675],[-2.77188,51.30681],[-2.77289,51.30669],[-2.77333,51.30667],[-2.77334,51.30671],[-2.7731,51.30679],[-2.77298,51.30687],[-2.77288,51.307],[-2.77288,51.30709],[-2.77251,51.30712],[-2.77223,51.30705],[-2.77191,51.3071],[-2.77183,51.30722],[-2.77154,51.30715],[-2.77106,51.30688],[-2.77081,51.30687],[-2.77067,51.30678],[-2.77063,51.30686],[-2.76984,51.3069],[-2.76928,51.30698],[-2.76808,51.30738],[-2.76725,51.30738],[-2.76704,51.30735]]]}},{"type":"Feature","properties":{"MainHabs":"Deciduous woodland","HabCodes":"DWOOD","OtherClass":"Annex1(H6210)","AddHabs":"LCGRA, LMEAD","PrimSource":"National Forest Inventory 2024 (DWOOD)","AreaHa":0.35,"Version":"Sept_26","UID":"PHID34659853_015414118"},"geometry":{"type":"Polygon","coordinates":[[[-2.76702,51.28352],[-2.76723,51.28363],[-2.76733,51.28373],[-2.76743,51.28368],[-2.76748,51.28401],[-2.76745,51.28424],[-2.76739,51.28444],[-2.7673,51.2845],[-2.7667,51.28371],[-2.76688,51.28358],[-2.76711,51.28328],[-2.76725,51.28333],[-2.76702,51.28352]]]}},{"type":"Feature","properties":{"MainHabs":"Deciduous woodland","HabCodes":"DWOOD","AddHabs":"LCGRA, LMEAD","PrimSource":"National Forest Inventory 2024 (DWOOD)","AreaHa":0.1,"Version":"Sept_26","UID":"PHID34661605_015466314"},"geometry":{"type":"Polygon","coordinates":[[[-2.76712,51.28858],[-2.7672,51.2887],[-2.76674,51.28879],[-2.76671,51.2885],[-2.7666,51.28842],[-2.76666,51.28842],[-2.76673,51.28849],[-2.76714,51.28849],[-2.76734,51.28837],[-2.76728,51.28848],[-2.76712,51.28858]]]}},{"type":"Feature","properties":{"MainHabs":"Deciduous woodland","HabCodes":"DWOOD","PrimSource":"National Forest Inventory 2024 (DWOOD)","AreaHa":0.7,"Version":"Sept_26","UID":"PHID34661717_015679861"},"geometry":{"type":"Polygon","coordinates":[[[-2.76692,51.30748],[-2.76743,51.30748],[-2.76737,51.30757],[-2.76751,51.30758],[-2.76763,51.30764],[-2.76807,51.30803],[-2.76738,51.30807],[-2.76703,51.30814],[-2.76668,51.30816],[-2.76644,51.30804],[-2.76667,51.30777],[-2.76613,51.30773],[-2.76585,51.30766],[-2.76595,51.30747],[-2.76608,51.30746],[-2.76636,51.30752],[-2.7665,51.30741],[-2.76685,51.30754],[-2.76692,51.30748]]]}},{"type":"Feature","properties":{"MainHabs":"Deciduous woodland","HabCodes":"DWOOD","PrimSource":"National Trust Habitats Data 2021 (DWOOD)","AreaHa":0.18,"Version":"Sept_26","UID":"PHID34664111_015399812"},"geometry":{"type":"Polygon","coordinates":[[[-2.76615,51.28264],[-2.76618,51.28253],[-2.76665,51.28239],[-2.76696,51.28253],[-2.76667,51.28262],[-2.76676,51.28269],[-2.76678,51.28275],[-2.76635,51.28282],[-2.76611,51.28281],[-2.76615,51.28264]]]}},{"type":"Feature","properties":{"MainHabs":"Deciduous woodland","HabCodes":"DWOOD","OtherClass":"Annex1(H6210)","AddHabs":"LCGRA","PrimSource":"National Forest Inventory 2024 (DWOOD)","AreaHa":0.17,"Version":"Sept_26","UID":"PHID34664811_015409031"},"geometry":{"type":"Polygon","coordinates":[[[-2.76665,51.28362],[-2.76652,51.28359],[-2.76623,51.28366],[-2.76614,51.28365],[-2.76608,51.28358],[-2.76614,51.28331],[-2.76642,51.28323],[-2.76657,51.28312],[-2.76663,51.28312],[-2.76666,51.2836],[-2.76665,51.28362]]]}},{"type":"Feature","properties":{"MainHabs":"Deciduous woodland","HabCodes":"DWOOD","OtherClass":"Annex1(H6210)","AddHabs":"LCGRA","PrimSource":"National Forest Inventory 2024 (DWOOD)","AreaHa":0.33,"Version":"Sept_26","UID":"PHID34667023_015433833"},"geometry":{"type":"Polygon","coordinates":[[[-2.76712,51.28535],[-2.76686,51.28538],[-2.76674,51.28526],[-2.76483,51.28653],[-2.76501,51.28631],[-2.76527,51.28611],[-2.76545,51.28601],[-2.76561,51.28586],[-2.76579,51.28575],[-2.76626,51.28554],[-2.76662,51.28517],[-2.76711,51.28487],[-2.76723,51.28472],[-2.76735,51.2847],[-2.76726,51.28476],[-2.76722,51.28535],[-2.76712,51.28535]]]}},{"type":"Feature","properties":{"MainHabs":"Deciduous woodland","HabCodes":"DWOOD","PrimSource":"National Forest Inventory 2024 (DWOOD)","AreaHa":0.03,"Version":"Sept_26","UID":"PHID34677243_015365582"},"geometry":{"type":"Polygon","coordinates":[[[-2.76478,51.27946],[-2.76476,51.27951],[-2.7646,51.27951],[-2.76426,51.27981],[-2.76425,51.27976],[-2.76453,51.2795],[-2.76471,51.27944],[-2.7648,51.27944],[-2.76478,51.27946]]]}},{"type":"Feature","properties":{"MainHabs":"Deciduous woodland","HabCodes":"DWOOD","PrimSource":"National Forest Inventory 2024 (DWOOD)","AreaHa":0.41,"Version":"Sept_26","UID":"PHID34678128_015380923"},"geometry":{"type":"Polygon","coordinates":[[[-2.76412,51.28054],[-2.76424,51.28054],[-2.76462,51.28083],[-2.76493,51.2809],[-2.76434,51.28111],[-2.76347,51.28131],[-2.76327,51.28119],[-2.76327,51.28096],[-2.76362,51.28102],[-2.76412,51.28087],[-2.76407,51.28072],[-2.76386,51.28071],[-2.76392,51.28058],[-2.76412,51.28054]]]}},{"type":"Feature","properties":{"MainHabs":"Deciduous woodland","HabCodes":"DWOOD","PrimSource":"National Forest Inventory 2024 (DWOOD)","AreaHa":11.23,"Version":"Sept_26","UID":"PHID34682687_015393281"},"geometry":{"type":"Polygon","coordinates":[[[-2.76965,51.28048],[-2.76987,51.28099],[-2.76959,51.28106],[-2.76953,51.28112],[-2.7693,51.28116],[-2.76893,51.28129],[-2.76888,51.28135],[-2.76889,51.2814],[-2.76911,51.28166],[-2.76874,51.28178],[-2.76782,51.2818],[-2.76643,51.28165],[-2.76575,51.28169],[-2.76537,51.28195],[-2.76545,51.28199],[-2.76536,51.28205],[-2.76532,51.28212],[-2.76542,51.28221],[-2.76533,51.28249],[-2.76528,51.28252],[-2.76526,51.28257],[-2.76535,51.28265],[-2.76534,51.28271],[-2.76525,51.28275],[-2.76513,51.28272],[-2.76484,51.28259],[-2.76469,51.28258],[-2.76398,51.28269],[-2.76403,51.28281],[-2.76392,51.28285],[-2.76379,51.28279],[-2.76358,51.2828],[-2.76351,51.28288],[-2.76354,51.28296],[-2.76314,51.28313],[-2.76273,51.28343],[-2.76261,51.28347],[-2.76252,51.28342],[-2.76243,51.28352],[-2.76245,51.28359],[-2.76238,51.28371],[-2.76251,51.28374],[-2.76252,51.28381],[-2.76237,51.28399],[-2.76241,51.28414],[-2.76232,51.28423],[-2.76211,51.28428],[-2.762,51.28438],[-2.7619,51.28436],[-2.76187,51.28426],[-2.7621,51.28418],[-2.76219,51.28408],[-2.76218,51.28399],[-2.76213,51.28382],[-2.76178,51.28367],[-2.76182,51.28392],[-2.7617,51.28413],[-2.76157,51.28424],[-2.76087,51.28437],[-2.76078,51.28433],[-2.76041,51.2843],[-2.76028,51.28433],[-2.75994,51.28434],[-2.76002,51.28439],[-2.75998,51.28442],[-2.75999,51.28452],[-2.75986,51.28455],[-2.75976,51.28452],[-2.75943,51.28455],[-2.7594,51.28451],[-2.75916,51.28444],[-2.75907,51.28447],[-2.75903,51.28452],[-2.75873,51.28463],[-2.75861,51.28454],[-2.75858,51.28448],[-2.75864,51.28439],[-2.75877,51.28431],[-2.75872,51.28413],[-2.75917,51.28423],[-2.75931,51.28418],[-2.75955,51.28426],[-2.75988,51.28428],[-2.75994,51.28425],[-2.75988,51.2842],[-2.75993,51.28412],[-2.75989,51.28409],[-2.7601,51.28403],[-2.76014,51.28405],[-2.7602,51.28398],[-2.76043,51.28399],[-2.76052,51.28403],[-2.7609,51.2841],[-2.76084,51.28392],[-2.76069,51.28382],[-2.76083,51.28379],[-2.76087,51.2837],[-2.76083,51.28359],[-2.76076,51.28355],[-2.76069,51.28352],[-2.76059,51.2836],[-2.76042,51.28363],[-2.76017,51.28375],[-2.76009,51.28384],[-2.76,51.28385],[-2.75993,51.2838],[-2.76012,51.28355],[-2.76027,51.28327],[-2.76036,51.28318],[-2.76065,51.28296],[-2.76111,51.28288],[-2.76105,51.28281],[-2.76109,51.28275],[-2.76114,51.28269],[-2.7613,51.28264],[-2.76139,51.28248],[-2.76186,51.28241],[-2.76183,51.28225],[-2.76216,51.28205],[-2.76271,51.28182],[-2.76354,51.28155],[-2.76361,51.2815],[-2.76375,51.28148],[-2.76438,51.28125],[-2.76462,51.28121],[-2.76475,51.2811],[-2.76492,51.2811],[-2.76555,51.28097],[-2.76572,51.28096],[-2.76492,51.28112],[-2.76476,51.28112],[-2.76469,51.2812],[-2.76459,51.28124],[-2.7648,51.28132],[-2.76489,51.28131],[-2.76531,51.28111],[-2.76584,51.2811],[-2.7661,51.281],[-2.76658,51.281],[-2.76664,51.28103],[-2.76674,51.281],[-2.76701,51.28099],[-2.76702,51.28106],[-2.76732,51.28103],[-2.76753,51.28094],[-2.76799,51.28081],[-2.76964,51.28048],[-2.76963,51.2804],[-2.76969,51.28043],[-2.76969,51.2805],[-2.7698,51.28045],[-2.76995,51.28044],[-2.77023,51.28052],[-2.77023,51.28048],[-2.77007,51.28043],[-2.76961,51.28039],[-2.76954,51.28013],[-2.76959,51.28013],[-2.7695,51.27965],[-2.76982,51.27953],[-2.76989,51.28012],[-2.77067,51.27975],[-2.77073,51.27943],[-2.7708,51.27943],[-2.77111,51.27962],[-2.77128,51.27975],[-2.77121,51.2798],[-2.77128,51.27983],[-2.77135,51.27978],[-2.77168,51.27986],[-2.77199,51.27982],[-2.77239,51.27989],[-2.77235,51.28003],[-2.77221,51.28012],[-2.77215,51.28011],[-2.77199,51.28025],[-2.77197,51.28034],[-2.77177,51.28051],[-2.77183,51.28056],[-2.77159,51.28074],[-2.77177,51.2808],[-2.77141,51.28102],[-2.77024,51.2812],[-2.77019,51.28117],[-2.77015,51.2812],[-2.7701,51.28118],[-2.77004,51.2812],[-2.77006,51.28127],[-2.76964,51.28141],[-2.76975,51.28129],[-2.76996,51.28123],[-2.76997,51.28118],[-2.76974,51.28062],[-2.76965,51.28048]],[[-2.76248,51.28194],[-2.76295,51.28182],[-2.76303,51.28178],[-2.76306,51.28173],[-2.76248,51.28194]]]}},{"type":"Feature","properties":{"MainHabs":"Deciduous woodland","HabCodes":"DWOOD","OtherClass":"Annex1(H6210)","AddHabs":"LCGRA, LDAGR","PrimSource":"National Forest Inventory 2024 (DWOOD)","AreaHa":0.06,"Version":"Sept_26","UID":"PHID34682860_015386740"},"geometry":{"type":"Polygon","coordinates":[[[-2.76457,51.28122],[-2.76416,51.28132],[-2.76375,51.28148],[-2.76361,51.2815],[-2.76354,51.28155],[-2.76307,51.2817],[-2.7631,51.28165],[-2.76329,51.28156],[-2.76373,51.28144],[-2.76413,51.28127],[-2.76438,51.2812],[-2.76457,51.28122]]]}},{"type":"Feature","properties":{"MainHabs":"Deciduous woodland","HabCodes":"DWOOD","AddHabs":"GQSIG","PrimSource":"National Forest Inventory 2024 (DWOOD)","AreaHa":0.15,"Version":"Sept_26","UID":"PHID34687081_015458452"},"geometry":{"type":"Polygon","coordinates":[[[-2.76329,51.28828],[-2.76316,51.28821],[-2.76314,51.28808],[-2.76297,51.28769],[-2.76332,51.2875],[-2.76352,51.28777],[-2.76331,51.28784],[-2.76329,51.28828]]]}},{"type":"Feature","properties":{"MainHabs":"Deciduous woodland","HabCodes":"DWOOD","AddHabs":"LCGRA","PrimSource":"National Forest Inventory 2024 (DWOOD)","AreaHa":1.09,"Version":"Sept_26","UID":"PHID34696194_015458529"},"geometry":{"type":"Polygon","coordinates":[[[-2.76099,51.2873],[-2.76081,51.28745],[-2.76085,51.28765],[-2.76101,51.28793],[-2.76117,51.28808],[-2.76061,51.28791],[-2.76069,51.28777],[-2.76067,51.28763],[-2.76046,51.2876],[-2.76024,51.28767],[-2.76018,51.28758],[-2.76018,51.2875],[-2.76011,51.28746],[-2.76043,51.28724],[-2.7606,51.28719],[-2.76075,51.28707],[-2.76101,51.28692],[-2.7611,51.28714],[-2.76132,51.28733],[-2.76139,51.28746],[-2.76174,51.28767],[-2.76197,51.28767],[-2.762,51.28735],[-2.76228,51.28736],[-2.76242,51.28749],[-2.76255,51.28756],[-2.76277,51.28757],[-2.76286,51.28754],[-2.76315,51.28726],[-2.76309,51.28709],[-2.76319,51.28695],[-2.7634,51.28693],[-2.76348,51.28698],[-2.76361,51.28712],[-2.76366,51.28712],[-2.76376,51.28722],[-2.76192,51.28818],[-2.76099,51.2873]]]}},{"type":"Feature","properties":{"MainHabs":"Deciduous woodland","HabCodes":"DWOOD","OtherClass":"Annex1(H6210)","AddHabs":"LCGRA, LDAGR","PrimSource":"National Forest Inventory 2024 (DWOOD)","AreaHa":0.56,"Version":"Sept_26","UID":"PHID34697478_015377562"},"geometry":{"type":"Polygon","coordinates":[[[-2.76322,51.2804],[-2.7634,51.2804],[-2.76265,51.28063],[-2.76085,51.28089],[-2.76072,51.28068],[-2.76041,51.28057],[-2.76088,51.28057],[-2.76131,51.28046],[-2.76168,51.28042],[-2.76277,51.28038],[-2.76322,51.2804]]]}},{"type":"Feature","properties":{"MainHabs":"Deciduous woodland","HabCodes":"DWOOD","PrimSource":"National Forest Inventory 2024 (DWOOD)","AreaHa":1.47,"Version":"Sept_26","UID":"PHID34699073_016140469"},"geometry":{"type":"Polygon","coordinates":[[[-2.76245,51.34975],[-2.7623,51.34927],[-2.76228,51.34894],[-2.76257,51.34839],[-2.76249,51.34794],[-2.76203,51.34699],[-2.76237,51.34697],[-2.76249,51.3472],[-2.76285,51.34796],[-2.763,51.34882],[-2.76303,51.34944],[-2.76301,51.34975],[-2.76245,51.34975]]]}},{"type":"Feature","properties":{"MainHabs":"Deciduous woodland","HabCodes":"DWOOD","PrimSource":"National Forest Inventory 2024 (DWOOD)","AreaHa":0.64,"Version":"Sept_26","UID":"PHID34699907_015437112"},"geometry":{"type":"Polygon","coordinates":[[[-2.76293,51.28611],[-2.76295,51.2862],[-2.76209,51.28645],[-2.76211,51.28626],[-2.76247,51.28616],[-2.76255,51.2859],[-2.76249,51.28583],[-2.76234,51.28582],[-2.76222,51.28588],[-2.76206,51.28574],[-2.7618,51.28591],[-2.76199,51.286],[-2.76188,51.28606],[-2.76188,51.28618],[-2.76167,51.28621],[-2.76122,51.28622],[-2.76103,51.28615],[-2.76091,51.28615],[-2.76072,51.28592],[-2.76103,51.28584],[-2.7612,51.28573],[-2.7615,51.28581],[-2.7619,51.28559],[-2.76207,51.28553],[-2.7622,51.28553],[-2.76235,51.28556],[-2.7625,51.28565],[-2.76258,51.28574],[-2.76271,51.28601],[-2.76291,51.28603],[-2.76293,51.28611]]]}},{"type":"Feature","properties":{"MainHabs":"Deciduous woodland","HabCodes":"DWOOD","AddHabs":"LCGRA, LMEAD","PrimSource":"National Forest Inventory 2024 (DWOOD)","AreaHa":1.77,"Version":"Sept_26","UID":"PHID34699949_015468849"},"geometry":{"type":"Polygon","coordinates":[[[-2.76096,51.28865],[-2.76039,51.28895],[-2.76032,51.28884],[-2.76029,51.2887],[-2.76034,51.28856],[-2.76047,51.28841],[-2.76063,51.28837],[-2.76094,51.28846],[-2.76108,51.28835],[-2.76124,51.28851],[-2.76175,51.28827],[-2.76169,51.28837],[-2.76183,51.28843],[-2.76198,51.28855],[-2.76223,51.28881],[-2.76232,51.28903],[-2.76254,51.28916],[-2.76255,51.28921],[-2.7625,51.2893],[-2.76235,51.28936],[-2.76236,51.28952],[-2.76231,51.28966],[-2.76233,51.28982],[-2.76231,51.28992],[-2.76246,51.29001],[-2.76254,51.29014],[-2.7621,51.29029],[-2.76169,51.29035],[-2.76166,51.29034],[-2.762,51.29],[-2.76196,51.28998],[-2.76191,51.28996],[-2.76132,51.29011],[-2.76107,51.29009],[-2.76101,51.28988],[-2.76098,51.28957],[-2.761,51.28952],[-2.76112,51.28948],[-2.7612,51.28947],[-2.7616,51.28967],[-2.76168,51.28973],[-2.76178,51.28993],[-2.76191,51.28992],[-2.762,51.28987],[-2.76166,51.28932],[-2.76154,51.28927],[-2.76128,51.28926],[-2.76123,51.28923],[-2.76115,51.28909],[-2.76108,51.28905],[-2.761,51.2891],[-2.76104,51.28915],[-2.76097,51.2892],[-2.76071,51.28929],[-2.76062,51.28915],[-2.76092,51.28896],[-2.7609,51.28884],[-2.76096,51.28874],[-2.76096,51.28865]]]}},{"type":"Feature","properties":{"MainHabs":"Deciduous woodland","HabCodes":"DWOOD","PrimSource":"National Forest Inventory 2024 (DWOOD)","AreaHa":0.1,"Version":"Sept_26","UID":"PHID34703967_016027879"},"geometry":{"type":"Polygon","coordinates":[[[-2.76235,51.33904],[-2.76242,51.3391],[-2.76201,51.3392],[-2.76096,51.33913],[-2.76097,51.33906],[-2.76189,51.33911],[-2.76209,51.33909],[-2.76228,51.33902],[-2.76235,51.33904]]]}},{"type":"Feature","properties":{"MainHabs":"Deciduous woodland","HabCodes":"DWOOD","PrimSource":"National Forest Inventory 2024 (DWOOD)","AreaHa":0.99,"Version":"Sept_26","UID":"PHID34704638_016025051"},"geometry":{"type":"Polygon","coordinates":[[[-2.76145,51.33773],[-2.76158,51.33779],[-2.76149,51.33796],[-2.76135,51.33806],[-2.76112,51.33806],[-2.76107,51.33834],[-2.76121,51.33842],[-2.76108,51.3387],[-2.76122,51.33872],[-2.76125,51.33865],[-2.76135,51.3386],[-2.76165,51.33866],[-2.76179,51.33866],[-2.76195,51.3386],[-2.76241,51.33879],[-2.76228,51.33898],[-2.76212,51.33906],[-2.76193,51.33908],[-2.76097,51.33904],[-2.76091,51.33869],[-2.76081,51.33862],[-2.76075,51.33849],[-2.76075,51.33832],[-2.76079,51.3382],[-2.76073,51.33814],[-2.76082,51.33787],[-2.76099,51.33752],[-2.76112,51.33738],[-2.76125,51.33731],[-2.76146,51.3373],[-2.76178,51.33736],[-2.76175,51.33748],[-2.76145,51.33773]]]}},{"type":"Feature","properties":{"MainHabs":"Deciduous woodland","HabCodes":"DWOOD","AddHabs":"LCGRA, LHEAT, LMEAD","PrimSource":"National Forest Inventory 2024 (DWOOD)","AreaHa":118.14,"Version":"Sept_26","UID":"PHID34708576_015891657"},"geometry":{"type":"Polygon","coordinates":[[[-2.77434,51.33034],[-2.77233,51.33034],[-2.77234,51.33024],[-2.77239,51.3302],[-2.77236,51.3302],[-2.7723,51.33024],[-2.7723,51.33033],[-2.77226,51.33033],[-2.7723,51.33089],[-2.77227,51.33089],[-2.77223,51.33021],[-2.77207,51.3302],[-2.77103,51.32957],[-2.7703,51.32928],[-2.77016,51.32918],[-2.76938,51.32902],[-2.76908,51.32904],[-2.76894,51.3295],[-2.76907,51.32966],[-2.76906,51.32971],[-2.76775,51.32972],[-2.76773,51.32981],[-2.76778,51.32981],[-2.7679,51.33023],[-2.76777,51.33066],[-2.76785,51.331],[-2.76783,51.3313],[-2.76781,51.3314],[-2.76776,51.3314],[-2.76776,51.33144],[-2.76773,51.33144],[-2.7678,51.33158],[-2.76824,51.33161],[-2.76824,51.33164],[-2.76779,51.3316],[-2.76779,51.33158],[-2.76761,51.33156],[-2.76758,51.33144],[-2.76717,51.33138],[-2.7671,51.33112],[-2.76745,51.33019],[-2.76768,51.3298],[-2.76771,51.32963],[-2.76768,51.32955],[-2.76757,51.32938],[-2.76746,51.32931],[-2.7672,51.32928],[-2.76655,51.32965],[-2.76566,51.32976],[-2.76437,51.32971],[-2.76435,51.32963],[-2.76366,51.32956],[-2.76277,51.32939],[-2.76239,51.32938],[-2.76239,51.3296],[-2.75761,51.32935],[-2.75743,51.32895],[-2.75705,51.32841],[-2.75692,51.32815],[-2.75668,51.32799],[-2.75634,51.32788],[-2.75605,51.32774],[-2.75582,51.32734],[-2.75562,51.3274],[-2.75553,51.32749],[-2.75528,51.32754],[-2.75444,51.32753],[-2.75466,51.32743],[-2.75507,51.32742],[-2.75505,51.32737],[-2.755,51.32735],[-2.75499,51.32729],[-2.75488,51.3273],[-2.75489,51.32736],[-2.75473,51.32737],[-2.75504,51.32716],[-2.75514,51.32703],[-2.75511,51.3269],[-2.75487,51.32658],[-2.75492,51.32641],[-2.75507,51.32622],[-2.75503,51.32594],[-2.7552,51.32525],[-2.75522,51.32521],[-2.75562,51.32513],[-2.75568,51.32503],[-2.75579,51.32505],[-2.75589,51.32498],[-2.75606,51.32474],[-2.75597,51.32451],[-2.75598,51.32448],[-2.75568,51.32444],[-2.75538,51.32475],[-2.75524,51.32516],[-2.75521,51.32514],[-2.75522,51.32501],[-2.7553,51.32482],[-2.75543,51.32463],[-2.75591,51.32414],[-2.75638,51.32372],[-2.7565,51.32364],[-2.75653,51.32367],[-2.75681,51.32348],[-2.75691,51.32335],[-2.75721,51.32322],[-2.7573,51.32321],[-2.75753,51.3233],[-2.75792,51.32358],[-2.75816,51.32363],[-2.75854,51.3238],[-2.75955,51.32416],[-2.7586,51.32425],[-2.75892,51.3251],[-2.75959,51.32527],[-2.7597,51.3242],[-2.76194,51.32437],[-2.76184,51.32534],[-2.76328,51.32545],[-2.76493,51.3253],[-2.76529,51.32533],[-2.76684,51.32519],[-2.7688,51.32508],[-2.76864,51.3246],[-2.7683,51.32402],[-2.768,51.32378],[-2.76782,51.32369],[-2.76632,51.32323],[-2.76524,51.323],[-2.76453,51.3228],[-2.76389,51.3227],[-2.76336,51.32255],[-2.76336,51.32267],[-2.76316,51.32265],[-2.76319,51.32249],[-2.76278,51.32234],[-2.76141,51.32225],[-2.76108,51.32241],[-2.7604,51.3226],[-2.76015,51.32272],[-2.76012,51.32275],[-2.76012,51.32342],[-2.76018,51.3235],[-2.76089,51.32355],[-2.76088,51.32366],[-2.7607,51.3238],[-2.76081,51.32391],[-2.76081,51.32395],[-2.76076,51.32399],[-2.75986,51.32399],[-2.75978,51.32416],[-2.7596,51.32415],[-2.75918,51.32398],[-2.75863,51.32381],[-2.75821,51.32361],[-2.75794,51.32354],[-2.75755,51.32328],[-2.75725,51.32318],[-2.75733,51.32309],[-2.75708,51.32292],[-2.75762,51.32279],[-2.758,51.32279],[-2.75854,51.32228],[-2.75867,51.32247],[-2.75893,51.32265],[-2.75924,51.32253],[-2.75927,51.32238],[-2.75962,51.32213],[-2.75976,51.32196],[-2.76039,51.32204],[-2.76049,51.32184],[-2.76092,51.3216],[-2.76116,51.32165],[-2.76132,51.3216],[-2.76151,51.32162],[-2.76135,51.32182],[-2.76119,51.32191],[-2.76044,51.32208],[-2.76027,51.32225],[-2.76104,51.32198],[-2.76141,51.32198],[-2.76278,51.32224],[-2.76354,51.3225],[-2.76392,51.3226],[-2.76433,51.32237],[-2.76439,51.32247],[-2.76459,51.32253],[-2.76453,51.32247],[-2.76455,51.32237],[-2.76452,51.32233],[-2.76441,51.32219],[-2.76426,51.32212],[-2.7642,51.32204],[-2.7644,51.322],[-2.76449,51.32212],[-2.76498,51.32233],[-2.76641,51.32267],[-2.76762,51.32314],[-2.76758,51.32317],[-2.76761,51.32318],[-2.76766,51.32314],[-2.76787,51.3232],[-2.76793,51.32323],[-2.76815,51.32351],[-2.7683,51.3236],[-2.76883,51.32365],[-2.77002,51.32366],[-2.77095,51.32361],[-2.77035,51.3237],[-2.77094,51.32364],[-2.77151,51.32351],[-2.77156,51.32352],[-2.77155,51.32357],[-2.77221,51.32347],[-2.77224,51.32349],[-2.77305,51.32341],[-2.77743,51.32358],[-2.77745,51.32356],[-2.77742,51.32353],[-2.77829,51.32354],[-2.77837,51.32336],[-2.77851,51.32331],[-2.77863,51.32336],[-2.77865,51.32342],[-2.77863,51.32352],[-2.77887,51.32348],[-2.77902,51.32352],[-2.77928,51.3233],[-2.77934,51.32339],[-2.77951,51.3235],[-2.77958,51.32357],[-2.7797,51.32356],[-2.7799,51.32368],[-2.78,51.32369],[-2.77951,51.32341],[-2.77937,51.32324],[-2.77934,51.32313],[-2.77934,51.32252],[-2.77942,51.32249],[-2.77947,51.32242],[-2.77994,51.32234],[-2.78016,51.32226],[-2.78029,51.32214],[-2.78034,51.3219],[-2.78061,51.32171],[-2.7807,51.32167],[-2.78098,51.32201],[-2.78131,51.32233],[-2.78157,51.32241],[-2.78227,51.3223],[-2.78288,51.32211],[-2.78412,51.32183],[-2.78424,51.32188],[-2.78335,51.32209],[-2.78398,51.32195],[-2.784,51.32201],[-2.78405,51.32267],[-2.78411,51.32288],[-2.78422,51.32306],[-2.78393,51.32324],[-2.78383,51.32351],[-2.78378,51.32407],[-2.78437,51.3241],[-2.78438,51.32408],[-2.78474,51.32408],[-2.7854,51.32415],[-2.78545,51.32413],[-2.78545,51.32399],[-2.78547,51.32412],[-2.78544,51.32428],[-2.78611,51.32472],[-2.78636,51.32481],[-2.78661,51.32485],[-2.78859,51.32485],[-2.78966,51.32488],[-2.79014,51.32494],[-2.79087,51.32511],[-2.79141,51.32519],[-2.79277,51.32524],[-2.79404,51.3252],[-2.79457,51.32525],[-2.79509,51.32536],[-2.79587,51.32561],[-2.79618,51.32575],[-2.79622,51.32574],[-2.79655,51.32601],[-2.79668,51.32618],[-2.79667,51.32622],[-2.79656,51.32625],[-2.79656,51.32635],[-2.79641,51.32643],[-2.79637,51.32649],[-2.79639,51.32663],[-2.79635,51.32695],[-2.7964,51.32703],[-2.79652,51.32712],[-2.7965,51.32714],[-2.79613,51.32711],[-2.79608,51.32716],[-2.79612,51.32729],[-2.7961,51.32733],[-2.79585,51.32759],[-2.79575,51.32766],[-2.7957,51.32767],[-2.79574,51.32785],[-2.79578,51.32792],[-2.7957,51.32801],[-2.79561,51.32799],[-2.79555,51.32806],[-2.7955,51.32804],[-2.7954,51.32811],[-2.79523,51.32833],[-2.79463,51.3281],[-2.79429,51.32824],[-2.79337,51.32851],[-2.7932,51.32854],[-2.79317,51.32874],[-2.79261,51.3289],[-2.79229,51.3289],[-2.79211,51.32885],[-2.79177,51.32888],[-2.79133,51.32883],[-2.79099,51.32908],[-2.79052,51.32954],[-2.7895,51.3302],[-2.78927,51.33023],[-2.78902,51.32966],[-2.78616,51.32996],[-2.78622,51.33024],[-2.78655,51.33024],[-2.78658,51.33036],[-2.78693,51.33028],[-2.78699,51.33063],[-2.78693,51.33079],[-2.78684,51.33086],[-2.78659,51.33091],[-2.7857,51.33101],[-2.78572,51.33117],[-2.78531,51.33133],[-2.78559,51.33136],[-2.78562,51.33152],[-2.78573,51.3317],[-2.78567,51.3317],[-2.7856,51.33176],[-2.78533,51.33175],[-2.78533,51.33178],[-2.78581,51.33186],[-2.78591,51.33198],[-2.78529,51.33198],[-2.78478,51.33192],[-2.78421,51.33177],[-2.78331,51.33139],[-2.78157,51.33107],[-2.78158,51.33095],[-2.78149,51.33085],[-2.78132,51.33078],[-2.78086,51.33068],[-2.78063,51.33056],[-2.78054,51.33048],[-2.77934,51.33037],[-2.77905,51.33038],[-2.7788,51.33034],[-2.77876,51.33005],[-2.77862,51.32995],[-2.77844,51.32994],[-2.77789,51.33003],[-2.77699,51.33009],[-2.77658,51.33015],[-2.77653,51.3302],[-2.77603,51.33022],[-2.77603,51.33031],[-2.77557,51.33035],[-2.77434,51.33034]],[[-2.76948,51.32756],[-2.76954,51.32753],[-2.76952,51.32751],[-2.76926,51.32734],[-2.76915,51.32719],[-2.76908,51.3272],[-2.76908,51.32724],[-2.76914,51.32724],[-2.76929,51.32738],[-2.76949,51.32751],[-2.76946,51.32753],[-2.76948,51.32756]],[[-2.78336,51.32405],[-2.78336,51.32392],[-2.78331,51.32388],[-2.7812,51.32362],[-2.7804,51.32357],[-2.78023,51.3236],[-2.78011,51.32365],[-2.78003,51.32364],[-2.78008,51.32368],[-2.78029,51.32371],[-2.78336,51.32405]],[[-2.76713,51.32819],[-2.76743,51.32808],[-2.76743,51.32803],[-2.76752,51.328],[-2.76749,51.32796],[-2.7674,51.328],[-2.76735,51.32794],[-2.7673,51.32794],[-2.76718,51.32796],[-2.76692,51.32808],[-2.76707,51.32813],[-2.76706,51.32816],[-2.76713,51.32819]],[[-2.78612,51.32541],[-2.78501,51.32541],[-2.78504,51.32534],[-2.78491,51.32514],[-2.78469,51.32506],[-2.78469,51.32512],[-2.78455,51.32517],[-2.78437,51.32499],[-2.78278,51.32503],[-2.78184,51.32489],[-2.78022,51.32481],[-2.78032,51.32516],[-2.78033,51.32554],[-2.78097,51.32558],[-2.78106,51.32564],[-2.78104,51.32583],[-2.78109,51.32586],[-2.78222,51.32601],[-2.7822,51.32606],[-2.78167,51.326],[-2.78055,51.32581],[-2.77986,51.32563],[-2.77948,51.32557],[-2.77913,51.32555],[-2.77847,51.32557],[-2.77751,51.32539],[-2.77747,51.32524],[-2.77738,51.32516],[-2.77667,51.32502],[-2.77657,51.32498],[-2.77669,51.32495],[-2.7773,51.32503],[-2.77743,51.32508],[-2.7779,51.32499],[-2.77819,51.32512],[-2.77838,51.32518],[-2.77867,51.3252],[-2.77885,51.32518],[-2.77905,51.32509],[-2.77925,51.32477],[-2.77905,51.32463],[-2.77787,51.3244],[-2.77694,51.32431],[-2.7764,51.32446],[-2.7762,51.32433],[-2.77587,51.32418],[-2.77565,51.32415],[-2.77509,51.3241],[-2.77333,51.32407],[-2.77243,51.324],[-2.77152,51.32404],[-2.77108,51.32409],[-2.76971,51.32407],[-2.7697,51.3244],[-2.76858,51.32434],[-2.76867,51.3244],[-2.76872,51.32439],[-2.76914,51.32508],[-2.76926,51.32533],[-2.76929,51.32607],[-2.7692,51.32602],[-2.76922,51.32609],[-2.76917,51.32605],[-2.7692,51.32621],[-2.76916,51.32678],[-2.76919,51.32713],[-2.76927,51.3273],[-2.76957,51.3275],[-2.7701,51.328],[-2.77073,51.32886],[-2.77144,51.32935],[-2.77172,51.32965],[-2.77232,51.33015],[-2.77239,51.33017],[-2.7724,51.33015],[-2.77234,51.33014],[-2.77183,51.32971],[-2.77139,51.32928],[-2.77183,51.32912],[-2.77179,51.32887],[-2.77186,51.32858],[-2.77208,51.32837],[-2.77258,51.32832],[-2.77322,51.32883],[-2.77348,51.3291],[-2.77355,51.32922],[-2.77368,51.32927],[-2.774,51.3293],[-2.77507,51.32927],[-2.77679,51.32945],[-2.7778,51.32951],[-2.77891,51.32946],[-2.77899,51.32966],[-2.77915,51.32977],[-2.77956,51.32977],[-2.77967,51.32939],[-2.7797,51.32903],[-2.77883,51.32883],[-2.77859,51.32945],[-2.77812,51.32947],[-2.77804,51.32929],[-2.7778,51.32913],[-2.77767,51.32898],[-2.777,51.32907],[-2.77674,51.32906],[-2.77695,51.32864],[-2.77715,51.32857],[-2.77697,51.32856],[-2.777,51.32847],[-2.77731,51.32851],[-2.77827,51.32838],[-2.77904,51.32837],[-2.77908,51.32827],[-2.77932,51.32829],[-2.77942,51.32836],[-2.78108,51.32834],[-2.78149,51.32765],[-2.7818,51.32789],[-2.78183,51.32795],[-2.7818,51.32806],[-2.78183,51.3281],[-2.78202,51.32817],[-2.7823,51.32821],[-2.78238,51.32825],[-2.78245,51.32843],[-2.78238,51.32857],[-2.7824,51.32862],[-2.78315,51.32871],[-2.78354,51.32778],[-2.78248,51.32742],[-2.78219,51.32745],[-2.78215,51.32754],[-2.7822,51.32773],[-2.78234,51.32788],[-2.78252,51.328],[-2.78278,51.32834],[-2.78272,51.32838],[-2.78259,51.32835],[-2.78203,51.32801],[-2.78198,51.32791],[-2.78199,51.32775],[-2.78196,51.3277],[-2.78168,51.32766],[-2.78155,51.32755],[-2.78178,51.32718],[-2.7773,51.32735],[-2.77729,51.3274],[-2.77703,51.32733],[-2.77581,51.32727],[-2.77506,51.32717],[-2.77504,51.32721],[-2.77489,51.32716],[-2.77477,51.32717],[-2.77466,51.32723],[-2.7747,51.32733],[-2.77504,51.32738],[-2.77493,51.32761],[-2.77457,51.32759],[-2.77374,51.32693],[-2.77411,51.32633],[-2.77509,51.32655],[-2.77585,51.32655],[-2.77611,51.32659],[-2.77628,51.32652],[-2.7772,51.32642],[-2.77723,51.32646],[-2.77712,51.32656],[-2.77725,51.32658],[-2.77733,51.32655],[-2.77741,51.32657],[-2.7775,51.32664],[-2.77741,51.32695],[-2.77744,51.32701],[-2.77794,51.32707],[-2.77823,51.3269],[-2.77924,51.32664],[-2.78267,51.32688],[-2.78416,51.32724],[-2.78521,51.32738],[-2.78544,51.32757],[-2.78552,51.32759],[-2.78584,51.32751],[-2.78602,51.3276],[-2.78615,51.32761],[-2.78629,51.32759],[-2.7867,51.32766],[-2.78691,51.32808],[-2.78719,51.32819],[-2.78735,51.32829],[-2.78728,51.32815],[-2.78739,51.32799],[-2.78764,51.32804],[-2.78825,51.32825],[-2.78871,51.3283],[-2.78983,51.32819],[-2.78979,51.32813],[-2.78998,51.32812],[-2.79118,51.32806],[-2.79192,51.32808],[-2.79279,51.32806],[-2.79313,51.32802],[-2.79344,51.32794],[-2.79358,51.32787],[-2.79427,51.32738],[-2.79448,51.32718],[-2.79457,51.32697],[-2.79468,51.32696],[-2.79444,51.32671],[-2.79434,51.32684],[-2.79416,51.32658],[-2.794,51.32626],[-2.79381,51.32607],[-2.79416,51.32611],[-2.79453,51.32623],[-2.7948,51.32627],[-2.79547,51.32632],[-2.79604,51.32631],[-2.79632,51.32638],[-2.79641,51.32635],[-2.79632,51.32626],[-2.79635,51.32615],[-2.79624,51.32595],[-2.79613,51.32588],[-2.79599,51.32586],[-2.79587,51.32589],[-2.7958,51.32594],[-2.7958,51.32605],[-2.79566,51.32613],[-2.79529,51.32604],[-2.79525,51.32601],[-2.79528,51.32597],[-2.79504,51.32611],[-2.79487,51.32615],[-2.79469,51.32614],[-2.79444,51.32609],[-2.7942,51.32599],[-2.7942,51.32594],[-2.79423,51.3259],[-2.79472,51.32578],[-2.79521,51.32584],[-2.79539,51.32574],[-2.79542,51.32567],[-2.79534,51.32561],[-2.79521,51.32559],[-2.79511,51.32553],[-2.79458,51.3255],[-2.79446,51.32538],[-2.79437,51.32534],[-2.79375,51.32531],[-2.79336,51.32532],[-2.79276,51.3254],[-2.79242,51.32551],[-2.79227,51.32553],[-2.79171,51.32535],[-2.79063,51.32524],[-2.79044,51.32534],[-2.79007,51.32537],[-2.79,51.32546],[-2.78989,51.32553],[-2.78986,51.32561],[-2.78989,51.32571],[-2.78983,51.32576],[-2.78971,51.32574],[-2.78969,51.3257],[-2.78971,51.32565],[-2.78964,51.32562],[-2.78931,51.32569],[-2.78929,51.32572],[-2.78855,51.32568],[-2.78845,51.32571],[-2.78833,51.32565],[-2.78817,51.32566],[-2.78787,51.32557],[-2.78783,51.3255],[-2.78801,51.32537],[-2.78804,51.32524],[-2.7879,51.32513],[-2.7877,51.32515],[-2.78754,51.32511],[-2.78725,51.32495],[-2.78722,51.32489],[-2.78706,51.32489],[-2.78708,51.32502],[-2.78683,51.3253],[-2.7867,51.3253],[-2.7865,51.32521],[-2.78635,51.32531],[-2.78677,51.32536],[-2.78612,51.32541]],[[-2.78475,51.33133],[-2.78482,51.3309],[-2.78481,51.33065],[-2.78428,51.33041],[-2.78399,51.33039],[-2.78377,51.33068],[-2.78357,51.33103],[-2.78355,51.33128],[-2.78427,51.33133],[-2.78475,51.33133]],[[-2.76867,51.32757],[-2.76845,51.32747],[-2.76864,51.32734],[-2.7687,51.32725],[-2.76866,51.32724],[-2.76841,51.32745],[-2.76786,51.32688],[-2.76756,51.32698],[-2.76726,51.32713],[-2.76696,51.32705],[-2.76681,51.32694],[-2.76668,51.32678],[-2.76635,51.32689],[-2.76585,51.32723],[-2.76567,51.32747],[-2.76587,51.32759],[-2.76623,51.32763],[-2.76669,51.32759],[-2.76674,51.32787],[-2.76677,51.32791],[-2.76683,51.32789],[-2.76688,51.32806],[-2.76718,51.32795],[-2.76755,51.32789],[-2.76777,51.3278],[-2.76791,51.32784],[-2.76786,51.32789],[-2.76867,51.32757]]]}},{"type":"Feature","properties":{"MainHabs":"Deciduous woodland","HabCodes":"DWOOD","OtherClass":"Annex1(H6210)","AddHabs":"LCGRA, LDAGR","PrimSource":"National Forest Inventory 2024 (DWOOD)","AreaHa":0.65,"Version":"Sept_26","UID":"PHID34708968_015386372"},"geometry":{"type":"Polygon","coordinates":[[[-2.7605,51.2814],[-2.76035,51.28176],[-2.76029,51.28185],[-2.76013,51.28192],[-2.75992,51.28193],[-2.75969,51.28186],[-2.75948,51.28173],[-2.75937,51.28155],[-2.75942,51.28142],[-2.75986,51.28093],[-2.76063,51.28111],[-2.7605,51.2814]]]}},{"type":"Feature","properties":{"MainHabs":"Deciduous woodland","HabCodes":"DWOOD","PrimSource":"National Forest Inventory 2024 (DWOOD)","AreaHa":0.46,"Version":"Sept_26","UID":"PHID34709183_016094846"},"geometry":{"type":"Polygon","coordinates":[[[-2.76129,51.34568],[-2.76048,51.3447],[-2.76074,51.34461],[-2.76137,51.34533],[-2.76162,51.3457],[-2.76135,51.34576],[-2.7613,51.34586],[-2.76116,51.34595],[-2.76119,51.3461],[-2.76111,51.34616],[-2.76105,51.34616],[-2.76103,51.34619],[-2.76108,51.34625],[-2.76107,51.34633],[-2.76118,51.34637],[-2.76128,51.34637],[-2.76116,51.34647],[-2.76072,51.34632],[-2.76081,51.34616],[-2.76124,51.34568],[-2.76044,51.34472],[-2.76046,51.34471],[-2.76129,51.34568]]]}},{"type":"Feature","properties":{"MainHabs":"Deciduous woodland","HabCodes":"DWOOD","PrimSource":"National Forest Inventory 2024 (DWOOD)","AreaHa":1.14,"Version":"Sept_26","UID":"PHID34710640_015443318"},"geometry":{"type":"Polygon","coordinates":[[[-2.75965,51.28684],[-2.75938,51.287],[-2.75914,51.28709],[-2.75892,51.28712],[-2.75866,51.28708],[-2.75856,51.28701],[-2.75846,51.28684],[-2.7584,51.28679],[-2.75838,51.28664],[-2.75869,51.28661],[-2.75838,51.28664],[-2.75835,51.28641],[-2.7585,51.28638],[-2.75881,51.28626],[-2.75901,51.28636],[-2.75921,51.28638],[-2.7593,51.28623],[-2.75967,51.28601],[-2.75996,51.28613],[-2.76006,51.28635],[-2.76065,51.28648],[-2.76099,51.28633],[-2.76122,51.28634],[-2.76136,51.28661],[-2.76118,51.28656],[-2.76062,51.28656],[-2.75965,51.28684]]]}},{"type":"Feature","properties":{"MainHabs":"Deciduous woodland","HabCodes":"DWOOD","AddHabs":"GQSIG, LCGRA","PrimSource":"National Forest Inventory 2024 (DWOOD)","AreaHa":11,"Version":"Sept_26","UID":"PHID34715093_015352820"},"geometry":{"type":"Polygon","coordinates":[[[-2.76197,51.27881],[-2.76235,51.27896],[-2.76281,51.27908],[-2.76309,51.27881],[-2.76373,51.27881],[-2.76401,51.27917],[-2.76433,51.27918],[-2.76455,51.27923],[-2.76448,51.27944],[-2.76424,51.27971],[-2.76425,51.27976],[-2.76421,51.27981],[-2.76378,51.27985],[-2.76344,51.28005],[-2.76302,51.27997],[-2.763,51.28007],[-2.76324,51.28036],[-2.76322,51.2804],[-2.76277,51.28038],[-2.76168,51.28042],[-2.76131,51.28046],[-2.76088,51.28057],[-2.76011,51.28058],[-2.75944,51.28054],[-2.75935,51.2804],[-2.75935,51.28024],[-2.75921,51.28023],[-2.75903,51.28014],[-2.75888,51.28015],[-2.7589,51.28],[-2.75838,51.28005],[-2.75813,51.28004],[-2.75874,51.27919],[-2.75784,51.27905],[-2.75714,51.27887],[-2.75708,51.27881],[-2.76197,51.27881]]]}},{"type":"Feature","properties":{"MainHabs":"Deciduous woodland","HabCodes":"DWOOD","PrimSource":"National Forest Inventory 2024 (DWOOD)","AreaHa":0.01,"Version":"Sept_26","UID":"PHID34715434_016085608"},"geometry":{"type":"Polygon","coordinates":[[[-2.75987,51.34404],[-2.75986,51.34402],[-2.75991,51.34404],[-2.76038,51.34461],[-2.75987,51.34404]]]}},{"type":"Feature","properties":{"MainHabs":"Deciduous woodland","HabCodes":"DWOOD","OtherClass":"Annex1(H6210)","AddHabs":"LCGRA, LMEAD","PrimSource":"National Forest Inventory 2024 (DWOOD)","AreaHa":3,"Version":"Sept_26","UID":"PHID34720081_015454237"},"geometry":{"type":"Polygon","coordinates":[[[-2.76011,51.28746],[-2.76018,51.2875],[-2.76018,51.28758],[-2.76024,51.28767],[-2.76046,51.2876],[-2.76067,51.28763],[-2.76069,51.28777],[-2.76061,51.28791],[-2.76117,51.28808],[-2.76101,51.28793],[-2.76085,51.28765],[-2.76081,51.28745],[-2.76099,51.2873],[-2.76192,51.28818],[-2.76124,51.28851],[-2.76108,51.28835],[-2.76112,51.28828],[-2.76111,51.28809],[-2.7608,51.28806],[-2.76059,51.28795],[-2.76002,51.28805],[-2.7597,51.28786],[-2.75997,51.28776],[-2.75993,51.28757],[-2.75966,51.28765],[-2.7593,51.28788],[-2.75931,51.28776],[-2.75946,51.28758],[-2.75982,51.28743],[-2.75824,51.28794],[-2.75833,51.28818],[-2.75801,51.28785],[-2.75794,51.28788],[-2.7568,51.28689],[-2.75837,51.28679],[-2.75844,51.28682],[-2.75855,51.28699],[-2.75864,51.28707],[-2.75896,51.28712],[-2.75928,51.28704],[-2.75965,51.28684],[-2.76062,51.28656],[-2.76118,51.28656],[-2.76144,51.28663],[-2.76064,51.28697],[-2.76075,51.28707],[-2.7606,51.28719],[-2.76043,51.28724],[-2.76011,51.28746]]]}},{"type":"Feature","properties":{"MainHabs":"Deciduous woodland","HabCodes":"DWOOD","PrimSource":"National Forest Inventory 2024 (DWOOD)","AreaHa":0.88,"Version":"Sept_26","UID":"PHID34721662_016071523"},"geometry":{"type":"Polygon","coordinates":[[[-2.75927,51.34289],[-2.76072,51.34458],[-2.76043,51.34464],[-2.7598,51.34389],[-2.75842,51.34255],[-2.75795,51.34231],[-2.75769,51.34204],[-2.75791,51.34195],[-2.75805,51.34195],[-2.75802,51.34189],[-2.75806,51.34188],[-2.7584,51.34227],[-2.75862,51.34247],[-2.75895,51.34243],[-2.75891,51.34246],[-2.75927,51.34289]]]}},{"type":"Feature","properties":{"MainHabs":"Deciduous woodland","HabCodes":"DWOOD","PrimSource":"National Forest Inventory 2024 (DWOOD)","AreaHa":0.92,"Version":"Sept_26","UID":"PHID34730751_015371739"},"geometry":{"type":"Polygon","coordinates":[[[-2.75765,51.28058],[-2.75762,51.2806],[-2.75737,51.28057],[-2.75682,51.28043],[-2.75567,51.28021],[-2.75602,51.27991],[-2.75648,51.27969],[-2.75675,51.27973],[-2.75803,51.28015],[-2.75781,51.28043],[-2.75765,51.28058]]]}},{"type":"Feature","properties":{"MainHabs":"Deciduous woodland","HabCodes":"DWOOD","PrimSource":"National Forest Inventory 2024 (DWOOD)","AreaHa":0.02,"Version":"Sept_26","UID":"PHID34731850_016058997"},"geometry":{"type":"Polygon","coordinates":[[[-2.75802,51.34189],[-2.75767,51.34201],[-2.75758,51.34192],[-2.75789,51.34186],[-2.75802,51.34189]]]}},{"type":"Feature","properties":{"MainHabs":"Deciduous woodland","HabCodes":"DWOOD","AddHabs":"LHEAT, LMEAD","PrimSource":"National Forest Inventory 2024 (DWOOD)","AreaHa":21.27,"Version":"Sept_26","UID":"PHID34742034_015851251"},"geometry":{"type":"Polygon","coordinates":[[[-2.73718,51.31995],[-2.73613,51.3199],[-2.73614,51.31978],[-2.736,51.31966],[-2.73599,51.31961],[-2.73811,51.31969],[-2.73942,51.31976],[-2.73943,51.3198],[-2.7395,51.31976],[-2.73951,51.31967],[-2.74047,51.3197],[-2.74125,51.31967],[-2.74145,51.31963],[-2.74157,51.31923],[-2.74189,51.31907],[-2.74181,51.31959],[-2.74173,51.31976],[-2.74213,51.31979],[-2.74219,51.31997],[-2.74335,51.32014],[-2.74363,51.32015],[-2.74366,51.31999],[-2.74423,51.31976],[-2.74416,51.31958],[-2.74399,51.31946],[-2.744,51.31928],[-2.74411,51.31927],[-2.74445,51.31925],[-2.74555,51.31928],[-2.74614,51.31962],[-2.74644,51.31967],[-2.74715,51.31971],[-2.74713,51.31954],[-2.74701,51.31922],[-2.74661,51.31872],[-2.74648,51.31847],[-2.74658,51.31839],[-2.7477,51.31857],[-2.74841,51.31856],[-2.74858,51.31852],[-2.7487,51.31844],[-2.74873,51.31859],[-2.74888,51.31885],[-2.74912,51.31915],[-2.74905,51.31923],[-2.74887,51.31932],[-2.74859,51.31936],[-2.74849,51.31944],[-2.74841,51.31959],[-2.74848,51.31989],[-2.74834,51.32002],[-2.74844,51.32006],[-2.7488,51.32006],[-2.7489,51.32001],[-2.74919,51.31994],[-2.74926,51.31996],[-2.74925,51.32005],[-2.74929,51.32013],[-2.7494,51.32019],[-2.74952,51.32032],[-2.74997,51.32043],[-2.75108,51.32061],[-2.75215,51.32029],[-2.75336,51.32012],[-2.75382,51.31999],[-2.7539,51.32045],[-2.75401,51.32067],[-2.75399,51.32075],[-2.75401,51.32088],[-2.75406,51.3209],[-2.75405,51.32088],[-2.75464,51.32076],[-2.75477,51.32079],[-2.75478,51.32091],[-2.75473,51.3211],[-2.75457,51.32128],[-2.75441,51.32134],[-2.75454,51.32167],[-2.75466,51.32187],[-2.75464,51.32205],[-2.75425,51.32226],[-2.75415,51.32241],[-2.75414,51.32281],[-2.75389,51.3229],[-2.75383,51.32316],[-2.75346,51.32329],[-2.7534,51.32341],[-2.75364,51.32362],[-2.754,51.32374],[-2.75413,51.32354],[-2.75458,51.32336],[-2.75458,51.32359],[-2.75464,51.32379],[-2.7551,51.3238],[-2.75526,51.3234],[-2.75559,51.32305],[-2.75565,51.32284],[-2.75577,51.32286],[-2.75585,51.3228],[-2.75605,51.32285],[-2.75604,51.32307],[-2.75644,51.32302],[-2.75657,51.32334],[-2.75673,51.32343],[-2.75631,51.32374],[-2.75595,51.32407],[-2.75581,51.32408],[-2.75577,51.32423],[-2.75539,51.32462],[-2.7552,51.32494],[-2.75501,51.32581],[-2.75501,51.3262],[-2.75481,51.32653],[-2.75482,51.32662],[-2.75507,51.32691],[-2.7551,51.32702],[-2.75506,51.32709],[-2.75498,51.32713],[-2.75503,51.32703],[-2.75501,51.32688],[-2.75482,51.32668],[-2.75479,51.32659],[-2.75463,51.32661],[-2.75463,51.32664],[-2.75457,51.32667],[-2.75453,51.32675],[-2.75454,51.32686],[-2.75439,51.32703],[-2.75407,51.32724],[-2.75394,51.32723],[-2.75391,51.3273],[-2.75381,51.32736],[-2.75378,51.32731],[-2.7537,51.32731],[-2.75369,51.32721],[-2.75353,51.32721],[-2.75344,51.32743],[-2.7532,51.32776],[-2.75319,51.32783],[-2.75335,51.32786],[-2.75328,51.32795],[-2.75331,51.328],[-2.75318,51.32808],[-2.75316,51.32812],[-2.75298,51.32819],[-2.75297,51.32817],[-2.75283,51.32821],[-2.7528,51.32811],[-2.75275,51.32823],[-2.75283,51.32779],[-2.75313,51.32714],[-2.75317,51.32693],[-2.75313,51.32628],[-2.75297,51.32582],[-2.75295,51.32557],[-2.75305,51.32535],[-2.75343,51.32495],[-2.75348,51.32478],[-2.75334,51.32455],[-2.75277,51.32403],[-2.75261,51.32376],[-2.75257,51.32356],[-2.75263,51.32288],[-2.75254,51.32234],[-2.75253,51.32195],[-2.75249,51.32181],[-2.75237,51.32169],[-2.75221,51.32161],[-2.75191,51.32152],[-2.75029,51.32127],[-2.74772,51.32052],[-2.74732,51.32044],[-2.74593,51.32026],[-2.74567,51.32026],[-2.74512,51.32033],[-2.74449,51.32032],[-2.74401,51.32047],[-2.74373,51.3205],[-2.74191,51.32021],[-2.74007,51.32007],[-2.73903,51.3201],[-2.73831,51.32007],[-2.73718,51.32],[-2.73718,51.31995]]]}},{"type":"Feature","properties":{"MainHabs":"Deciduous woodland","HabCodes":"DWOOD","AddHabs":"LCGRA","PrimSource":"National Forest Inventory 2024 (DWOOD)","AreaHa":0.73,"Version":"Sept_26","UID":"PHID34750207_015473523"},"geometry":{"type":"Polygon","coordinates":[[[-2.75358,51.28962],[-2.7532,51.28958],[-2.75283,51.28948],[-2.75601,51.28882],[-2.75617,51.28893],[-2.75493,51.28927],[-2.75476,51.28938],[-2.75441,51.2898],[-2.75358,51.28962]]]}},{"type":"Feature","properties":{"MainHabs":"Deciduous woodland","HabCodes":"DWOOD","PrimSource":"National Forest Inventory 2024 (DWOOD)","AreaHa":17.37,"Version":"Sept_26","UID":"PHID34750871_015436865"},"geometry":{"type":"Polygon","coordinates":[[[-2.75376,51.28579],[-2.75426,51.28583],[-2.75445,51.2858],[-2.75477,51.28568],[-2.75487,51.28557],[-2.75502,51.28554],[-2.75515,51.28555],[-2.75521,51.2856],[-2.7553,51.28563],[-2.75532,51.28559],[-2.75538,51.28559],[-2.7555,51.28567],[-2.75572,51.28551],[-2.75572,51.28545],[-2.75581,51.28536],[-2.75589,51.28536],[-2.75599,51.2855],[-2.75607,51.28556],[-2.75618,51.28557],[-2.7563,51.28569],[-2.75624,51.28576],[-2.7562,51.28577],[-2.75621,51.28586],[-2.75629,51.28588],[-2.75633,51.28602],[-2.75627,51.28618],[-2.75599,51.28634],[-2.75596,51.28645],[-2.75584,51.28652],[-2.75585,51.28659],[-2.75593,51.28666],[-2.75547,51.287],[-2.75457,51.28734],[-2.75419,51.2874],[-2.75417,51.28731],[-2.75396,51.28725],[-2.75353,51.28722],[-2.75344,51.28719],[-2.75332,51.28723],[-2.7532,51.28722],[-2.7532,51.28737],[-2.75298,51.28744],[-2.75296,51.28739],[-2.75261,51.28759],[-2.75231,51.28767],[-2.75228,51.28772],[-2.75214,51.28778],[-2.75175,51.28778],[-2.75153,51.28787],[-2.75111,51.28784],[-2.75062,51.28789],[-2.75048,51.28783],[-2.75007,51.2879],[-2.7498,51.28785],[-2.74964,51.28787],[-2.74939,51.28778],[-2.74924,51.28782],[-2.74909,51.2879],[-2.74898,51.28791],[-2.7487,51.28781],[-2.74863,51.28782],[-2.74838,51.28769],[-2.74839,51.28764],[-2.74833,51.28757],[-2.74797,51.28742],[-2.74787,51.28745],[-2.74825,51.28762],[-2.74768,51.28744],[-2.74741,51.28746],[-2.74727,51.2875],[-2.74722,51.28743],[-2.74753,51.28695],[-2.74758,51.28693],[-2.74738,51.2868],[-2.74824,51.28641],[-2.74783,51.28626],[-2.74735,51.28631],[-2.74692,51.28644],[-2.74653,51.28645],[-2.74645,51.28649],[-2.74615,51.28673],[-2.74612,51.2868],[-2.74587,51.28697],[-2.74551,51.28784],[-2.74542,51.28798],[-2.74527,51.28808],[-2.74507,51.28811],[-2.74468,51.28792],[-2.74426,51.28758],[-2.74422,51.28721],[-2.74414,51.28696],[-2.74404,51.28632],[-2.74403,51.28584],[-2.74404,51.28577],[-2.74421,51.28556],[-2.74438,51.28543],[-2.74455,51.28535],[-2.74514,51.28522],[-2.74541,51.28512],[-2.7458,51.28485],[-2.74622,51.28446],[-2.74613,51.28483],[-2.74615,51.28486],[-2.7462,51.28486],[-2.74626,51.28442],[-2.74643,51.28439],[-2.74643,51.28435],[-2.74662,51.28425],[-2.7466,51.28403],[-2.74792,51.28418],[-2.74799,51.28496],[-2.74798,51.2852],[-2.74785,51.28549],[-2.74756,51.28588],[-2.7487,51.2864],[-2.74895,51.28632],[-2.74935,51.28624],[-2.74977,51.2862],[-2.75071,51.28623],[-2.7517,51.28609],[-2.75224,51.28583],[-2.75248,51.28561],[-2.7526,51.28561],[-2.75292,51.28552],[-2.7533,51.28554],[-2.75358,51.2856],[-2.75376,51.28579]],[[-2.75456,51.28722],[-2.75465,51.28731],[-2.75556,51.28694],[-2.75539,51.28682],[-2.75519,51.28692],[-2.75479,51.28702],[-2.75453,51.2872],[-2.75456,51.28722]]]}},{"type":"Feature","properties":{"MainHabs":"Deciduous woodland","HabCodes":"DWOOD","PrimSource":"National Forest Inventory 2024 (DWOOD)","AreaHa":0.02,"Version":"Sept_26","UID":"PHID34761270_015904599"},"geometry":{"type":"Polygon","coordinates":[[[-2.75279,51.32826],[-2.75302,51.3282],[-2.75341,51.328],[-2.75352,51.32798],[-2.75375,51.328],[-2.75369,51.32816],[-2.75371,51.32802],[-2.75354,51.32799],[-2.75341,51.32802],[-2.75312,51.32819],[-2.75279,51.32826]]]}},{"type":"Feature","properties":{"MainHabs":"Deciduous woodland","HabCodes":"DWOOD","PrimSource":"National Forest Inventory 2024 (DWOOD)","AreaHa":1.42,"Version":"Sept_26","UID":"PHID34765642_015364193"},"geometry":{"type":"Polygon","coordinates":[[[-2.75264,51.27964],[-2.75237,51.2799],[-2.75198,51.28002],[-2.75147,51.28024],[-2.75122,51.28014],[-2.75123,51.28],[-2.75104,51.28],[-2.75077,51.27988],[-2.75062,51.27977],[-2.75062,51.27974],[-2.75083,51.27961],[-2.75092,51.27942],[-2.75088,51.27929],[-2.75115,51.27923],[-2.75094,51.27895],[-2.75111,51.27885],[-2.75123,51.27881],[-2.75152,51.27881],[-2.75227,51.27921],[-2.75289,51.2794],[-2.75264,51.27964]]]}},{"type":"Feature","properties":{"MainHabs":"Deciduous woodland","HabCodes":"DWOOD","PrimSource":"National Forest Inventory 2024 (DWOOD)","AreaHa":0.75,"Version":"Sept_26","UID":"PHID34770985_015431887"},"geometry":{"type":"Polygon","coordinates":[[[-2.75202,51.2859],[-2.75183,51.2859],[-2.7515,51.28597],[-2.75072,51.28601],[-2.75049,51.28593],[-2.75036,51.28593],[-2.75021,51.28565],[-2.75027,51.28549],[-2.75043,51.28538],[-2.75057,51.28539],[-2.75083,51.28557],[-2.75092,51.2856],[-2.75106,51.28558],[-2.75108,51.28553],[-2.75104,51.28544],[-2.75102,51.28514],[-2.7512,51.28519],[-2.75121,51.28529],[-2.75137,51.28539],[-2.75191,51.2855],[-2.75212,51.28559],[-2.75215,51.28562],[-2.75206,51.28572],[-2.75212,51.28583],[-2.75202,51.2859]]]}},{"type":"Feature","properties":{"MainHabs":"Deciduous woodland","HabCodes":"DWOOD","OtherClass":"Annex1(H6210)","AddHabs":"LCGRA","PrimSource":"National Forest Inventory 2024 (DWOOD)","AreaHa":0.77,"Version":"Sept_26","UID":"PHID34780573_015437916"},"geometry":{"type":"Polygon","coordinates":[[[-2.75202,51.2859],[-2.75197,51.28593],[-2.75175,51.28594],[-2.75176,51.28606],[-2.7517,51.28609],[-2.75138,51.28614],[-2.75071,51.28623],[-2.74977,51.2862],[-2.74895,51.28632],[-2.7487,51.2864],[-2.74812,51.28612],[-2.74869,51.28591],[-2.74884,51.2859],[-2.75049,51.28593],[-2.75072,51.28601],[-2.75102,51.28601],[-2.7515,51.28597],[-2.75183,51.2859],[-2.75202,51.2859]]]}},{"type":"Feature","properties":{"MainHabs":"Deciduous woodland","HabCodes":"DWOOD","OtherClass":"Annex1(H6210)","AddHabs":"LCGRA, LDAGR","PrimSource":"National Forest Inventory 2024 (DWOOD)","AreaHa":4.77,"Version":"Sept_26","UID":"PHID34801878_015398335"},"geometry":{"type":"Polygon","coordinates":[[[-2.74709,51.28193],[-2.74752,51.28207],[-2.74761,51.28213],[-2.74798,51.28273],[-2.74818,51.28293],[-2.74824,51.28314],[-2.74814,51.28327],[-2.74813,51.28334],[-2.74827,51.28367],[-2.74835,51.28398],[-2.74834,51.28422],[-2.74879,51.28422],[-2.74879,51.28508],[-2.74873,51.2855],[-2.74867,51.2856],[-2.74854,51.28572],[-2.74841,51.28577],[-2.7481,51.2858],[-2.74797,51.28578],[-2.74776,51.28563],[-2.74794,51.28534],[-2.74798,51.2852],[-2.74799,51.28496],[-2.74792,51.28418],[-2.7466,51.28403],[-2.7467,51.28363],[-2.74676,51.28355],[-2.74676,51.28345],[-2.74658,51.28332],[-2.74649,51.28313],[-2.74643,51.28307],[-2.74583,51.28282],[-2.74569,51.2828],[-2.74588,51.28271],[-2.74591,51.28266],[-2.74572,51.28239],[-2.74575,51.28226],[-2.74563,51.28208],[-2.7449,51.28197],[-2.74469,51.2819],[-2.74483,51.28154],[-2.74462,51.28128],[-2.74521,51.28139],[-2.74613,51.28166],[-2.74667,51.28178],[-2.74709,51.28193]]]}},{"type":"Feature","properties":{"MainHabs":"Deciduous woodland","HabCodes":"DWOOD","OtherClass":"Annex1(H8310)","PrimSource":"National Forest Inventory 2024 (DWOOD)","AreaHa":3.02,"Version":"Sept_26","UID":"PHID34805594_015454179"},"geometry":{"type":"Polygon","coordinates":[[[-2.74738,51.2868],[-2.74758,51.28693],[-2.74753,51.28695],[-2.74723,51.28742],[-2.74686,51.28777],[-2.74682,51.28792],[-2.74682,51.28808],[-2.74677,51.28823],[-2.74655,51.28846],[-2.74639,51.28855],[-2.74545,51.28867],[-2.74513,51.28866],[-2.74452,51.28838],[-2.74425,51.28806],[-2.74426,51.28758],[-2.74468,51.28792],[-2.74504,51.2881],[-2.74518,51.2881],[-2.74536,51.28803],[-2.74551,51.28784],[-2.74587,51.28697],[-2.74612,51.2868],[-2.74615,51.28673],[-2.7465,51.28647],[-2.74687,51.28645],[-2.74735,51.28631],[-2.74783,51.28626],[-2.74824,51.28641],[-2.74738,51.2868]]]}},{"type":"Feature","properties":{"MainHabs":"Deciduous woodland","HabCodes":"DWOOD","PrimSource":"National Forest Inventory 2024 (DWOOD)","AreaHa":0.85,"Version":"Sept_26","UID":"PHID34807526_016116729"},"geometry":{"type":"Polygon","coordinates":[[[-2.74717,51.34502],[-2.74746,51.34527],[-2.74754,51.34545],[-2.74751,51.34553],[-2.74734,51.34571],[-2.74735,51.34582],[-2.74752,51.346],[-2.74768,51.34629],[-2.74767,51.34642],[-2.7475,51.34656],[-2.74751,51.34666],[-2.74747,51.34673],[-2.74742,51.34678],[-2.74722,51.34684],[-2.74723,51.34713],[-2.74733,51.34764],[-2.7469,51.34757],[-2.74691,51.34748],[-2.74686,51.34742],[-2.74691,51.34726],[-2.74687,51.34713],[-2.7469,51.34688],[-2.74698,51.34673],[-2.74715,51.34661],[-2.74735,51.3462],[-2.74729,51.34607],[-2.74714,51.34598],[-2.74696,51.34579],[-2.74696,51.34572],[-2.74714,51.34548],[-2.74712,51.34536],[-2.74714,51.34521],[-2.74634,51.34519],[-2.7462,51.34509],[-2.74615,51.34501],[-2.74634,51.34493],[-2.74652,51.34504],[-2.74671,51.34506],[-2.74688,51.34502],[-2.74732,51.34482],[-2.74722,51.34491],[-2.74717,51.34502]]]}},{"type":"Feature","properties":{"MainHabs":"Deciduous woodland","HabCodes":"DWOOD","OtherClass":"Annex1(H6210)","AddHabs":"LCGRA","PrimSource":"National Forest Inventory 2024 (DWOOD)","AreaHa":0.24,"Version":"Sept_26","UID":"PHID34811648_015475427"},"geometry":{"type":"Polygon","coordinates":[[[-2.74571,51.28933],[-2.74592,51.28974],[-2.74517,51.28976],[-2.7449,51.2894],[-2.74571,51.28933]]]}},{"type":"Feature","properties":{"MainHabs":"Deciduous woodland","HabCodes":"DWOOD","AddHabs":"LCGRA","PrimSource":"National Trust Habitats Data 2021 (DWOOD)","AreaHa":0.15,"Version":"Sept_26","UID":"PHID34814394_015479094"},"geometry":{"type":"Polygon","coordinates":[[[-2.74544,51.28983],[-2.74535,51.28984],[-2.74535,51.28999],[-2.74501,51.29],[-2.74478,51.28999],[-2.74464,51.2898],[-2.74486,51.28976],[-2.74592,51.28974],[-2.74595,51.28978],[-2.74544,51.28983]]]}},{"type":"Feature","properties":{"MainHabs":"Deciduous woodland","HabCodes":"DWOOD","PrimSource":"National Forest Inventory 2024 (DWOOD)","AreaHa":0.94,"Version":"Sept_26","UID":"PHID34817924_016153016"},"geometry":{"type":"Polygon","coordinates":[[[-2.74586,51.34973],[-2.74589,51.34973],[-2.74588,51.34975],[-2.74563,51.34975],[-2.74578,51.34971],[-2.74586,51.34973]]]}},{"type":"Feature","properties":{"MainHabs":"Deciduous woodland","HabCodes":"DWOOD","AddHabs":"LCGRA, LDAGR","PrimSource":"National Forest Inventory 2024 (DWOOD)","AreaHa":0.16,"Version":"Sept_26","UID":"PHID34823904_015374851"},"geometry":{"type":"Polygon","coordinates":[[[-2.74413,51.28092],[-2.74408,51.28098],[-2.74391,51.28091],[-2.74377,51.28081],[-2.74359,51.28061],[-2.74268,51.28015],[-2.74289,51.28005],[-2.74334,51.28036],[-2.74357,51.28046],[-2.74391,51.28078],[-2.74413,51.28092]]]}},{"type":"Feature","properties":{"MainHabs":"Deciduous woodland","HabCodes":"DWOOD","PrimSource":"National Trust Habitats Data 2021 (DWOOD)","AreaHa":0.58,"Version":"Sept_26","UID":"PHID34824778_015435918"},"geometry":{"type":"Polygon","coordinates":[[[-2.74397,51.2857],[-2.74405,51.28559],[-2.74396,51.28574],[-2.74395,51.28602],[-2.744,51.28649],[-2.74413,51.28728],[-2.74412,51.28741],[-2.74403,51.28742],[-2.74402,51.28738],[-2.7441,51.28725],[-2.74394,51.28622],[-2.7435,51.28627],[-2.74328,51.28623],[-2.74339,51.28604],[-2.74359,51.2853],[-2.74343,51.28532],[-2.74327,51.2859],[-2.74316,51.28609],[-2.74283,51.28556],[-2.74304,51.28552],[-2.74334,51.28517],[-2.74345,51.28517],[-2.74366,51.28528],[-2.74397,51.2857]]]}},{"type":"Feature","properties":{"MainHabs":"Deciduous woodland","HabCodes":"DWOOD","AddHabs":"LCGRA, LDAGR","PrimSource":"National Forest Inventory 2024 (DWOOD)","AreaHa":0.45,"Version":"Sept_26","UID":"PHID34826442_015376197"},"geometry":{"type":"Polygon","coordinates":[[[-2.74356,51.28114],[-2.74346,51.2811],[-2.74332,51.28097],[-2.74318,51.28077],[-2.74274,51.28052],[-2.74162,51.28011],[-2.74189,51.28005],[-2.74208,51.28006],[-2.74279,51.28034],[-2.74349,51.2807],[-2.74371,51.2809],[-2.74418,51.2811],[-2.74417,51.28118],[-2.74395,51.28122],[-2.74356,51.28114]]]}},{"type":"Feature","properties":{"MainHabs":"Deciduous woodland","HabCodes":"DWOOD","PrimSource":"National Forest Inventory 2024 (DWOOD)","AreaHa":5.15,"Version":"Sept_26","UID":"PHID34828367_015568484"},"geometry":{"type":"Polygon","coordinates":[[[-2.7445,51.29787],[-2.74499,51.29798],[-2.74559,51.2982],[-2.74626,51.29826],[-2.74651,51.29838],[-2.74749,51.29857],[-2.74755,51.29869],[-2.7475,51.29901],[-2.74817,51.29926],[-2.74815,51.29928],[-2.74907,51.29954],[-2.74907,51.29957],[-2.749,51.29961],[-2.74887,51.2996],[-2.74822,51.29951],[-2.74802,51.29943],[-2.74796,51.29949],[-2.7479,51.29949],[-2.74775,51.29938],[-2.7476,51.29943],[-2.74754,51.29942],[-2.74635,51.29914],[-2.74581,51.2991],[-2.74535,51.29895],[-2.74495,51.29888],[-2.74329,51.29836],[-2.74305,51.29836],[-2.74214,51.29807],[-2.74171,51.29797],[-2.74131,51.29779],[-2.74162,51.29742],[-2.7407,51.2971],[-2.74,51.297],[-2.73984,51.29694],[-2.73978,51.29682],[-2.73985,51.29681],[-2.74008,51.29691],[-2.74079,51.297],[-2.74089,51.297],[-2.74099,51.29693],[-2.74104,51.29682],[-2.74097,51.29667],[-2.74052,51.29622],[-2.74107,51.29658],[-2.74139,51.29668],[-2.7422,51.29688],[-2.74262,51.29712],[-2.74411,51.29763],[-2.74436,51.29783],[-2.7445,51.29787]]]}},{"type":"Feature","properties":{"MainHabs":"Deciduous woodland","HabCodes":"DWOOD","PrimSource":"National Forest Inventory 2024 (DWOOD)","AreaHa":0.87,"Version":"Sept_26","UID":"PHID34828437_016057984"},"geometry":{"type":"Polygon","coordinates":[[[-2.74439,51.34258],[-2.7441,51.34268],[-2.74382,51.34253],[-2.74347,51.34242],[-2.74334,51.34213],[-2.74341,51.34186],[-2.74329,51.34175],[-2.74327,51.34168],[-2.74338,51.34103],[-2.74342,51.34092],[-2.74346,51.34091],[-2.74332,51.34072],[-2.74333,51.34062],[-2.74327,51.34055],[-2.74358,51.34075],[-2.74376,51.34105],[-2.74381,51.34129],[-2.74396,51.34147],[-2.74397,51.34184],[-2.74423,51.34231],[-2.74445,51.3426],[-2.74439,51.34258]]]}},{"type":"Feature","properties":{"MainHabs":"Deciduous woodland","HabCodes":"DWOOD","PrimSource":"National Trust Habitats Data 2021 (DWOOD)","AreaHa":0.61,"Version":"Sept_26","UID":"PHID34833938_015432167"},"geometry":{"type":"Polygon","coordinates":[[[-2.74258,51.28553],[-2.74267,51.28565],[-2.74266,51.28569],[-2.7421,51.28597],[-2.74193,51.28613],[-2.74179,51.28622],[-2.74163,51.28626],[-2.74187,51.28616],[-2.74188,51.28605],[-2.74159,51.28619],[-2.74114,51.28621],[-2.74116,51.28626],[-2.74091,51.28623],[-2.74091,51.28599],[-2.74142,51.286],[-2.74197,51.28518],[-2.74221,51.28509],[-2.74218,51.28522],[-2.74228,51.2854],[-2.74245,51.2855],[-2.74258,51.28553]]]}},{"type":"Feature","properties":{"MainHabs":"Deciduous woodland","HabCodes":"DWOOD","AddHabs":"LCGRA","PrimSource":"National Forest Inventory 2024 (DWOOD)","AreaHa":28.3,"Version":"Sept_26","UID":"PHID34835211_015446070"},"geometry":{"type":"Polygon","coordinates":[[[-2.74007,51.28704],[-2.73953,51.28658],[-2.73953,51.28655],[-2.73961,51.28652],[-2.73962,51.28645],[-2.74013,51.28631],[-2.74047,51.28629],[-2.74087,51.28623],[-2.74122,51.28626],[-2.74167,51.28626],[-2.74184,51.28619],[-2.7421,51.28597],[-2.74267,51.28568],[-2.74259,51.28556],[-2.74255,51.28537],[-2.7425,51.28529],[-2.74215,51.28502],[-2.74206,51.28499],[-2.74189,51.285],[-2.74178,51.28489],[-2.7421,51.2841],[-2.74324,51.28209],[-2.74352,51.28244],[-2.744,51.28271],[-2.74464,51.28283],[-2.74561,51.28288],[-2.74625,51.28307],[-2.74636,51.28316],[-2.7464,51.28335],[-2.74654,51.28355],[-2.74655,51.28363],[-2.74644,51.2839],[-2.74637,51.28417],[-2.74597,51.28462],[-2.74537,51.28507],[-2.74438,51.28533],[-2.74418,51.28547],[-2.74397,51.2857],[-2.74366,51.28528],[-2.74351,51.28519],[-2.74333,51.28517],[-2.74296,51.28522],[-2.74283,51.28528],[-2.74277,51.28538],[-2.74281,51.28553],[-2.74323,51.2862],[-2.7435,51.28627],[-2.74394,51.28622],[-2.7441,51.28725],[-2.74402,51.28738],[-2.74403,51.28744],[-2.74411,51.28745],[-2.74412,51.28804],[-2.74424,51.28826],[-2.74449,51.2885],[-2.74483,51.28867],[-2.74522,51.28875],[-2.7456,51.28874],[-2.74565,51.28896],[-2.74573,51.28897],[-2.74585,51.28892],[-2.74602,51.28897],[-2.74616,51.28894],[-2.74647,51.28895],[-2.74718,51.2888],[-2.74722,51.28876],[-2.74724,51.28849],[-2.74733,51.28843],[-2.74736,51.28837],[-2.74731,51.28825],[-2.74738,51.28809],[-2.74739,51.28792],[-2.74746,51.28791],[-2.74759,51.28795],[-2.7477,51.28812],[-2.74787,51.28829],[-2.74788,51.28837],[-2.74783,51.28854],[-2.74788,51.28853],[-2.74792,51.28866],[-2.74801,51.28868],[-2.74831,51.28867],[-2.74854,51.28856],[-2.74934,51.2887],[-2.74934,51.28877],[-2.74942,51.28881],[-2.74976,51.28864],[-2.75012,51.28874],[-2.75029,51.28874],[-2.75083,51.28857],[-2.75106,51.28856],[-2.75127,51.28858],[-2.75151,51.28872],[-2.75171,51.28878],[-2.75195,51.28871],[-2.75206,51.28858],[-2.75222,51.28848],[-2.75226,51.28835],[-2.75217,51.28828],[-2.75218,51.28823],[-2.75232,51.28815],[-2.75239,51.28805],[-2.75251,51.288],[-2.75261,51.28799],[-2.7527,51.2879],[-2.75285,51.28794],[-2.75337,51.28777],[-2.75347,51.28783],[-2.75349,51.28799],[-2.75353,51.28807],[-2.75347,51.28808],[-2.75348,51.28819],[-2.75334,51.28833],[-2.75325,51.28838],[-2.75325,51.28845],[-2.75338,51.28848],[-2.75351,51.28849],[-2.75382,51.28834],[-2.75397,51.28832],[-2.75439,51.28835],[-2.75469,51.28819],[-2.75485,51.28816],[-2.75513,51.28827],[-2.75527,51.28819],[-2.75558,51.28814],[-2.75567,51.28801],[-2.75566,51.28791],[-2.75553,51.2877],[-2.75567,51.28759],[-2.75571,51.2876],[-2.75583,51.28739],[-2.75607,51.28737],[-2.75649,51.28742],[-2.75657,51.28741],[-2.75698,51.28705],[-2.75794,51.28788],[-2.75801,51.28785],[-2.75833,51.28818],[-2.75824,51.28794],[-2.75982,51.28743],[-2.75946,51.28758],[-2.75931,51.28776],[-2.7593,51.28788],[-2.75861,51.28818],[-2.75783,51.28834],[-2.75747,51.28838],[-2.75706,51.28848],[-2.75703,51.28845],[-2.75708,51.28831],[-2.75701,51.28827],[-2.7569,51.28827],[-2.75661,51.28834],[-2.75652,51.2884],[-2.75608,51.28841],[-2.75596,51.28852],[-2.75581,51.28856],[-2.75574,51.2885],[-2.7557,51.28833],[-2.7556,51.28836],[-2.75553,51.28844],[-2.75542,51.2885],[-2.75517,51.28859],[-2.75515,51.28866],[-2.75497,51.28875],[-2.75492,51.28886],[-2.75469,51.28889],[-2.75437,51.28886],[-2.75424,51.28892],[-2.75423,51.28907],[-2.75428,51.28912],[-2.75406,51.28917],[-2.7535,51.28926],[-2.75304,51.28926],[-2.75249,51.28943],[-2.75249,51.28924],[-2.75245,51.28915],[-2.75235,51.28907],[-2.75222,51.28903],[-2.75175,51.28907],[-2.75151,51.28917],[-2.75129,51.28932],[-2.75124,51.28946],[-2.75122,51.28975],[-2.75033,51.28973],[-2.75012,51.28959],[-2.75009,51.28913],[-2.74964,51.28906],[-2.74959,51.28917],[-2.74931,51.28923],[-2.74915,51.2894],[-2.74861,51.28957],[-2.74838,51.28955],[-2.74812,51.28942],[-2.74804,51.28933],[-2.74794,51.28907],[-2.74786,51.28906],[-2.74768,51.28909],[-2.74745,51.28908],[-2.74732,51.28916],[-2.74685,51.28933],[-2.74612,51.28945],[-2.74613,51.28953],[-2.7459,51.28959],[-2.74588,51.28957],[-2.74595,51.28974],[-2.74897,51.28973],[-2.74851,51.29015],[-2.74802,51.29068],[-2.74743,51.29112],[-2.74719,51.29138],[-2.74709,51.29154],[-2.74686,51.29172],[-2.74677,51.29152],[-2.74636,51.29148],[-2.74626,51.29164],[-2.74598,51.29164],[-2.74587,51.29156],[-2.74587,51.2915],[-2.74599,51.29131],[-2.74602,51.29119],[-2.74599,51.29113],[-2.74576,51.29103],[-2.74569,51.29098],[-2.7457,51.29095],[-2.74587,51.29094],[-2.746,51.29088],[-2.74591,51.29074],[-2.74597,51.2906],[-2.74634,51.29058],[-2.74571,51.28933],[-2.7449,51.2894],[-2.74477,51.28928],[-2.74438,51.28939],[-2.74399,51.28931],[-2.74378,51.28935],[-2.74378,51.28946],[-2.74369,51.28952],[-2.74322,51.28946],[-2.74295,51.2891],[-2.74306,51.28895],[-2.74282,51.28876],[-2.74247,51.28879],[-2.74237,51.28892],[-2.7421,51.28894],[-2.74179,51.28875],[-2.74139,51.28876],[-2.74116,51.28864],[-2.74092,51.28873],[-2.74062,51.28879],[-2.74022,51.28881],[-2.74013,51.28877],[-2.73991,51.28857],[-2.7399,51.2884],[-2.74,51.28834],[-2.74008,51.28786],[-2.74003,51.28762],[-2.74011,51.28757],[-2.74075,51.28739],[-2.74044,51.28734],[-2.74007,51.28704]]]}},{"type":"Feature","properties":{"MainHabs":"Deciduous woodland","HabCodes":"DWOOD","OtherClass":"Annex1(H6210)","AddHabs":"LCGRA, LDAGR","PrimSource":"National Forest Inventory 2024 (DWOOD)","AreaHa":1.06,"Version":"Sept_26","UID":"PHID34837554_015374129"},"geometry":{"type":"Polygon","coordinates":[[[-2.74326,51.28122],[-2.74301,51.28117],[-2.74276,51.28122],[-2.74253,51.28104],[-2.74225,51.2809],[-2.74015,51.28021],[-2.73974,51.27999],[-2.73947,51.2797],[-2.73991,51.27971],[-2.74018,51.27976],[-2.74046,51.28004],[-2.74057,51.28009],[-2.74142,51.2802],[-2.74248,51.28056],[-2.74314,51.28098],[-2.74326,51.28122]]]}},{"type":"Feature","properties":{"MainHabs":"Deciduous woodland","HabCodes":"DWOOD","AddHabs":"LCGRA, LDAGR, LMEAD, TORCH","PrimSource":"National Forest Inventory 2024 (DWOOD)","AreaHa":61.98,"Version":"Sept_26","UID":"PHID34839093_015860245"},"geometry":{"type":"Polygon","coordinates":[[[-2.74111,51.32547],[-2.7411,51.32553],[-2.7415,51.32569],[-2.74136,51.32584],[-2.74195,51.32622],[-2.74187,51.32649],[-2.7417,51.32675],[-2.74167,51.32685],[-2.7411,51.32772],[-2.74099,51.32808],[-2.74001,51.32823],[-2.73943,51.32817],[-2.73904,51.32794],[-2.73818,51.32764],[-2.73726,51.32705],[-2.73716,51.32673],[-2.7376,51.32679],[-2.73772,51.32688],[-2.73763,51.32701],[-2.73763,51.32714],[-2.73783,51.32726],[-2.73818,51.32727],[-2.73834,51.32713],[-2.73834,51.32697],[-2.73891,51.32692],[-2.73922,51.32667],[-2.73941,51.3266],[-2.73971,51.32661],[-2.73982,51.32621],[-2.73962,51.32617],[-2.73943,51.32607],[-2.73929,51.32594],[-2.73908,51.32587],[-2.7389,51.32576],[-2.73857,51.32569],[-2.73832,51.32559],[-2.73808,51.32564],[-2.73756,51.32565],[-2.73726,51.32582],[-2.73691,51.32587],[-2.73667,51.32516],[-2.73617,51.32516],[-2.73615,51.32492],[-2.73592,51.32466],[-2.73598,51.32439],[-2.73634,51.32432],[-2.73633,51.32428],[-2.73648,51.32421],[-2.7365,51.32405],[-2.73648,51.32381],[-2.73788,51.32341],[-2.73826,51.32336],[-2.73802,51.32323],[-2.73808,51.32316],[-2.73853,51.32288],[-2.73901,51.32279],[-2.73934,51.32282],[-2.74049,51.32278],[-2.74104,51.32261],[-2.74174,51.32249],[-2.74205,51.32234],[-2.74259,51.3223],[-2.74181,51.32197],[-2.74179,51.32184],[-2.74223,51.32183],[-2.74223,51.32166],[-2.74208,51.32151],[-2.74164,51.32151],[-2.74161,51.32129],[-2.74133,51.32126],[-2.74111,51.32113],[-2.74083,51.32132],[-2.74067,51.32129],[-2.74051,51.32119],[-2.74039,51.3212],[-2.74023,51.32114],[-2.7401,51.32123],[-2.73975,51.32115],[-2.73953,51.3212],[-2.73949,51.32125],[-2.73897,51.32122],[-2.73894,51.32119],[-2.7371,51.32099],[-2.73616,51.32084],[-2.73559,51.32052],[-2.73536,51.32053],[-2.73518,51.32027],[-2.73504,51.32017],[-2.73472,51.32005],[-2.73443,51.31999],[-2.73493,51.31991],[-2.73843,51.32014],[-2.7401,51.32013],[-2.74196,51.32027],[-2.74185,51.32052],[-2.74201,51.32055],[-2.74228,51.32067],[-2.74295,51.3209],[-2.74315,51.32093],[-2.7436,51.32092],[-2.74355,51.32103],[-2.74318,51.32115],[-2.74298,51.32142],[-2.74315,51.32141],[-2.74342,51.32145],[-2.74357,51.3214],[-2.74373,51.32147],[-2.74375,51.32167],[-2.74352,51.32171],[-2.74339,51.32179],[-2.74337,51.32185],[-2.7435,51.32184],[-2.74379,51.32189],[-2.74396,51.32184],[-2.74411,51.32185],[-2.7441,51.32166],[-2.7442,51.32157],[-2.74457,51.32157],[-2.74492,51.32151],[-2.74554,51.3216],[-2.74541,51.3217],[-2.74577,51.32184],[-2.74593,51.32196],[-2.74637,51.32189],[-2.74694,51.32194],[-2.74711,51.32187],[-2.74744,51.32186],[-2.74841,51.32204],[-2.74852,51.322],[-2.74874,51.32176],[-2.74893,51.3218],[-2.7492,51.32173],[-2.74935,51.3218],[-2.74965,51.32186],[-2.74971,51.3217],[-2.74984,51.32172],[-2.75042,51.3217],[-2.75097,51.32176],[-2.75122,51.32182],[-2.75132,51.32199],[-2.75145,51.322],[-2.75162,51.32199],[-2.75239,51.3218],[-2.75245,51.32199],[-2.75247,51.32237],[-2.75255,51.32292],[-2.75249,51.3236],[-2.75241,51.32361],[-2.75232,51.32369],[-2.75189,51.32365],[-2.75158,51.32368],[-2.75128,51.32376],[-2.75123,51.32381],[-2.75121,51.32388],[-2.75123,51.32397],[-2.75136,51.32406],[-2.75154,51.32413],[-2.75165,51.32424],[-2.75228,51.32437],[-2.75239,51.3243],[-2.75315,51.32463],[-2.75323,51.32469],[-2.75323,51.32476],[-2.7533,51.32488],[-2.75319,51.32495],[-2.75287,51.32501],[-2.75276,51.32488],[-2.75212,51.32465],[-2.75191,51.32474],[-2.75172,51.32472],[-2.7517,51.3248],[-2.75161,51.32493],[-2.75162,51.32499],[-2.75168,51.32505],[-2.75185,51.32508],[-2.75187,51.32514],[-2.75169,51.32529],[-2.75169,51.32535],[-2.75172,51.3254],[-2.75199,51.32551],[-2.752,51.32556],[-2.75197,51.32561],[-2.75171,51.32569],[-2.75173,51.32574],[-2.75193,51.32576],[-2.7519,51.32582],[-2.75192,51.32586],[-2.75173,51.32601],[-2.75186,51.32616],[-2.7519,51.32628],[-2.75205,51.32633],[-2.7525,51.3263],[-2.75245,51.32604],[-2.75261,51.326],[-2.75271,51.32602],[-2.75283,51.3265],[-2.75284,51.3267],[-2.75282,51.32679],[-2.75276,51.32679],[-2.75239,51.32752],[-2.75233,51.32751],[-2.75218,51.32777],[-2.75215,51.32777],[-2.75211,51.32783],[-2.7516,51.32809],[-2.75122,51.32816],[-2.75101,51.32817],[-2.75091,51.32821],[-2.75089,51.32828],[-2.75073,51.32796],[-2.75024,51.32786],[-2.75023,51.32775],[-2.75017,51.32772],[-2.74976,51.3276],[-2.74956,51.3275],[-2.74929,51.32767],[-2.74919,51.32767],[-2.74919,51.32771],[-2.74923,51.32771],[-2.74844,51.32786],[-2.74797,51.32803],[-2.74838,51.32783],[-2.74797,51.32783],[-2.74793,51.32741],[-2.74755,51.32741],[-2.74745,51.32742],[-2.74741,51.32784],[-2.74743,51.32791],[-2.74739,51.3279],[-2.74734,51.32796],[-2.74687,51.32782],[-2.74625,51.3277],[-2.74595,51.32768],[-2.74556,51.32775],[-2.7455,51.32773],[-2.74526,51.32782],[-2.74465,51.32807],[-2.74467,51.32818],[-2.74455,51.32826],[-2.74407,51.32843],[-2.74392,51.32845],[-2.7427,51.32846],[-2.74279,51.32825],[-2.74276,51.32795],[-2.74299,51.32724],[-2.74316,51.32703],[-2.74322,51.32685],[-2.7432,51.32675],[-2.74329,51.32662],[-2.74341,51.3266],[-2.74371,51.32664],[-2.74394,51.32685],[-2.74411,51.32685],[-2.74416,51.32695],[-2.74461,51.32698],[-2.74448,51.32645],[-2.74439,51.32632],[-2.74426,51.326],[-2.74424,51.32592],[-2.74429,51.3259],[-2.74426,51.32564],[-2.74414,51.32531],[-2.74402,51.32513],[-2.74388,51.32501],[-2.74363,51.32488],[-2.74299,51.32464],[-2.74228,51.325],[-2.74173,51.32523],[-2.74113,51.32541],[-2.74111,51.32547]],[[-2.7489,51.32263],[-2.74833,51.3225],[-2.74823,51.32255],[-2.74798,51.32255],[-2.74773,51.32246],[-2.74744,51.32246],[-2.74738,51.32253],[-2.74745,51.32268],[-2.74745,51.32281],[-2.74657,51.32292],[-2.74675,51.32313],[-2.74677,51.32326],[-2.74674,51.32352],[-2.747,51.32368],[-2.74723,51.32368],[-2.74745,51.32357],[-2.74758,51.3237],[-2.74761,51.32388],[-2.74766,51.32398],[-2.74765,51.32406],[-2.74758,51.32413],[-2.74774,51.32422],[-2.74857,51.32443],[-2.74939,51.32444],[-2.74956,51.32441],[-2.7496,51.3243],[-2.74972,51.32419],[-2.74957,51.32408],[-2.74937,51.32405],[-2.74931,51.32386],[-2.74984,51.32378],[-2.75007,51.32389],[-2.7503,51.32372],[-2.7502,51.32359],[-2.74999,51.32362],[-2.74952,51.32331],[-2.7494,51.32335],[-2.74891,51.3232],[-2.74891,51.32301],[-2.74913,51.32292],[-2.74923,51.32278],[-2.74909,51.32268],[-2.7489,51.32263]],[[-2.75093,51.32523],[-2.75065,51.32519],[-2.75074,51.32508],[-2.74994,51.3251],[-2.74983,51.32498],[-2.74829,51.32499],[-2.74807,51.32495],[-2.74795,51.32488],[-2.74773,51.32489],[-2.74753,51.32486],[-2.7474,51.32481],[-2.74722,51.32494],[-2.74733,51.32504],[-2.74736,51.32521],[-2.74809,51.32513],[-2.74824,51.32529],[-2.74854,51.32537],[-2.74879,51.32532],[-2.74895,51.32556],[-2.74934,51.32554],[-2.7495,51.32558],[-2.74933,51.32597],[-2.74948,51.32611],[-2.74946,51.32631],[-2.74957,51.3263],[-2.74959,51.32618],[-2.75002,51.32634],[-2.75037,51.32639],[-2.7508,51.32632],[-2.75095,51.32611],[-2.75113,51.32545],[-2.75106,51.32541],[-2.75093,51.32523]]]}},{"type":"Feature","properties":{"MainHabs":"Deciduous woodland","HabCodes":"DWOOD","PrimSource":"National Forest Inventory 2024 (DWOOD)","AreaHa":0.05,"Version":"Sept_26","UID":"PHID34840088_015383176"},"geometry":{"type":"Polygon","coordinates":[[[-2.74008,51.2808],[-2.74012,51.28078],[-2.74142,51.28136],[-2.74166,51.28155],[-2.74181,51.28176],[-2.74178,51.28177],[-2.74167,51.28166],[-2.74166,51.28159],[-2.74138,51.28137],[-2.74008,51.2808]]]}},{"type":"Feature","properties":{"MainHabs":"Deciduous woodland","HabCodes":"DWOOD","PrimSource":"National Forest Inventory 2024 (DWOOD)","AreaHa":0.2,"Version":"Sept_26","UID":"PHID34843995_015911533"},"geometry":{"type":"Polygon","coordinates":[[[-2.74171,51.32847],[-2.74148,51.32914],[-2.74111,51.32896],[-2.74109,51.32885],[-2.74126,51.32872],[-2.74128,51.32867],[-2.74124,51.32844],[-2.74171,51.32847]]]}},{"type":"Feature","properties":{"MainHabs":"Deciduous woodland","HabCodes":"DWOOD","OtherClass":"Annex1(H6210)","AddHabs":"LCGRA","PrimSource":"National Forest Inventory 2024 (DWOOD)","AreaHa":0.02,"Version":"Sept_26","UID":"PHID34851765_015456382"},"geometry":{"type":"Polygon","coordinates":[[[-2.74002,51.28758],[-2.74003,51.28762],[-2.73935,51.28807],[-2.73924,51.28807],[-2.73951,51.28793],[-2.74002,51.28758]]]}},{"type":"Feature","properties":{"MainHabs":"Deciduous woodland","HabCodes":"DWOOD","PrimSource":"National Forest Inventory 2024 (DWOOD)","AreaHa":0.27,"Version":"Sept_26","UID":"PHID34851866_015543521"},"geometry":{"type":"Polygon","coordinates":[[[-2.73928,51.2951],[-2.73943,51.29515],[-2.73971,51.29539],[-2.73987,51.2956],[-2.74011,51.29566],[-2.74016,51.29574],[-2.74014,51.29582],[-2.74003,51.29587],[-2.74021,51.2961],[-2.73956,51.2959],[-2.73954,51.29573],[-2.73945,51.29557],[-2.7394,51.29533],[-2.73928,51.2951]]]}},{"type":"Feature","properties":{"MainHabs":"Deciduous woodland","HabCodes":"DWOOD","PrimSource":"National Forest Inventory 2024 (DWOOD)","AreaHa":0.62,"Version":"Sept_26","UID":"PHID34852026_015994221"},"geometry":{"type":"Polygon","coordinates":[[[-2.74056,51.33613],[-2.74094,51.33659],[-2.74007,51.33703],[-2.74008,51.33712],[-2.74003,51.33712],[-2.74003,51.33698],[-2.74014,51.33683],[-2.74018,51.33652],[-2.74014,51.33651],[-2.74007,51.33618],[-2.74024,51.3361],[-2.74014,51.33597],[-2.74019,51.33595],[-2.74001,51.33579],[-2.73981,51.33551],[-2.74024,51.33539],[-2.7407,51.3353],[-2.74045,51.33538],[-2.74031,51.3355],[-2.74033,51.33556],[-2.74048,51.33567],[-2.74054,51.33575],[-2.74051,51.33597],[-2.74055,51.33598],[-2.74052,51.33604],[-2.74056,51.33613]]]}},{"type":"Feature","properties":{"MainHabs":"Deciduous woodland","HabCodes":"DWOOD","PrimSource":"National Forest Inventory 2024 (DWOOD)","AreaHa":2.19,"Version":"Sept_26","UID":"PHID34855902_015589192"},"geometry":{"type":"Polygon","coordinates":[[[-2.73999,51.30143],[-2.73948,51.30127],[-2.73953,51.30121],[-2.73935,51.30113],[-2.7385,51.30097],[-2.7382,51.30099],[-2.73792,51.30107],[-2.73758,51.30111],[-2.73831,51.30094],[-2.7392,51.30105],[-2.73921,51.30102],[-2.73836,51.30091],[-2.73798,51.30095],[-2.73806,51.3005],[-2.73829,51.30053],[-2.73833,51.30043],[-2.73843,51.30044],[-2.73856,51.30015],[-2.73857,51.30005],[-2.7386,51.30006],[-2.73861,51.29994],[-2.73858,51.29994],[-2.73865,51.29973],[-2.73872,51.29972],[-2.73875,51.29953],[-2.73865,51.2995],[-2.73863,51.29943],[-2.73856,51.29942],[-2.73843,51.29947],[-2.73831,51.29961],[-2.73816,51.29958],[-2.73825,51.29936],[-2.73847,51.2993],[-2.73835,51.29913],[-2.73818,51.29901],[-2.73795,51.29895],[-2.73719,51.29894],[-2.73718,51.29891],[-2.73768,51.29892],[-2.73795,51.29888],[-2.73829,51.2989],[-2.73835,51.29873],[-2.73843,51.29871],[-2.73848,51.29888],[-2.73841,51.29895],[-2.73857,51.29931],[-2.73917,51.29938],[-2.7393,51.29937],[-2.73939,51.29931],[-2.73956,51.29901],[-2.73988,51.29918],[-2.74001,51.29932],[-2.74014,51.29972],[-2.74006,51.29978],[-2.73996,51.29992],[-2.73943,51.29992],[-2.73933,51.30004],[-2.73929,51.30024],[-2.73869,51.30032],[-2.73872,51.30042],[-2.73884,51.30054],[-2.73913,51.30071],[-2.73969,51.30086],[-2.74,51.3009],[-2.74071,51.30091],[-2.741,51.30095],[-2.74122,51.30105],[-2.74076,51.30117],[-2.74122,51.30106],[-2.74129,51.30109],[-2.74107,51.30113],[-2.74031,51.30144],[-2.74024,51.30142],[-2.7401,51.30156],[-2.73993,51.3015],[-2.73999,51.30143]]]}},{"type":"Feature","properties":{"MainHabs":"Deciduous woodland","HabCodes":"DWOOD","OtherClass":"Annex1(H8310)","PrimSource":"National Forest Inventory 2024 (DWOOD)","AreaHa":16.29,"Version":"Sept_26","UID":"PHID34862841_015551025"},"geometry":{"type":"Polygon","coordinates":[[[-2.73667,51.29253],[-2.73699,51.29278],[-2.73777,51.29353],[-2.73797,51.29377],[-2.7391,51.29442],[-2.73905,51.29455],[-2.73912,51.29477],[-2.7394,51.29533],[-2.73945,51.29557],[-2.73954,51.29573],[-2.73956,51.2959],[-2.74048,51.29619],[-2.74097,51.29667],[-2.74104,51.29685],[-2.74098,51.29694],[-2.74088,51.297],[-2.74008,51.29691],[-2.73985,51.29681],[-2.73978,51.29682],[-2.73984,51.29694],[-2.74,51.297],[-2.7407,51.2971],[-2.74162,51.29742],[-2.74128,51.29782],[-2.73962,51.29893],[-2.73939,51.29931],[-2.73933,51.29936],[-2.73918,51.29938],[-2.73857,51.29931],[-2.73841,51.29895],[-2.73848,51.29888],[-2.73843,51.29871],[-2.73845,51.2987],[-2.73836,51.29871],[-2.73829,51.2989],[-2.73795,51.29888],[-2.73768,51.29892],[-2.73718,51.29891],[-2.73645,51.29877],[-2.73674,51.2986],[-2.7371,51.29857],[-2.73742,51.29825],[-2.73753,51.29799],[-2.73774,51.29775],[-2.73781,51.29758],[-2.73812,51.29724],[-2.73813,51.29719],[-2.73804,51.29707],[-2.73745,51.29674],[-2.73665,51.29613],[-2.73622,51.29565],[-2.73585,51.29534],[-2.7355,51.29479],[-2.7352,51.29441],[-2.73511,51.29418],[-2.73501,51.29401],[-2.73493,51.29366],[-2.735,51.2933],[-2.73499,51.29321],[-2.73487,51.29291],[-2.7347,51.29268],[-2.73647,51.29238],[-2.73667,51.29253]]]}},{"type":"Feature","properties":{"MainHabs":"Deciduous woodland","HabCodes":"DWOOD","PrimSource":"National Forest Inventory 2024 (DWOOD)","AreaHa":0.37,"Version":"Sept_26","UID":"PHID34865723_015902427"},"geometry":{"type":"Polygon","coordinates":[[[-2.73809,51.32828],[-2.73811,51.32821],[-2.73806,51.32818],[-2.7381,51.32809],[-2.73815,51.32768],[-2.7373,51.32728],[-2.73726,51.32709],[-2.73808,51.32761],[-2.73836,51.32774],[-2.739,51.32795],[-2.73928,51.32814],[-2.73809,51.32828]]]}},{"type":"Feature","properties":{"MainHabs":"Deciduous woodland","HabCodes":"DWOOD","OtherClass":"Annex1(H8310)","PrimSource":"National Forest Inventory 2024 (DWOOD)","AreaHa":0.88,"Version":"Sept_26","UID":"PHID34866318_015585857"},"geometry":{"type":"Polygon","coordinates":[[[-2.73791,51.29998],[-2.73811,51.30003],[-2.7381,51.30007],[-2.73787,51.30006],[-2.73786,51.30011],[-2.73767,51.30009],[-2.7373,51.30021],[-2.73704,51.3001],[-2.73701,51.29999],[-2.73702,51.29992],[-2.73735,51.29962],[-2.73744,51.29943],[-2.73738,51.29923],[-2.73719,51.29894],[-2.738,51.29895],[-2.73824,51.29904],[-2.73841,51.29919],[-2.73847,51.2993],[-2.73828,51.29934],[-2.73822,51.2994],[-2.73816,51.29958],[-2.73831,51.29961],[-2.73818,51.29984],[-2.73809,51.29983],[-2.73802,51.29992],[-2.73796,51.2999],[-2.73791,51.29998]]]}},{"type":"Feature","properties":{"MainHabs":"Deciduous woodland","HabCodes":"DWOOD","PrimSource":"National Forest Inventory 2024 (DWOOD)","AreaHa":3.45,"Version":"Sept_26","UID":"PHID34866424_015508604"},"geometry":{"type":"Polygon","coordinates":[[[-2.73698,51.29215],[-2.73782,51.29175],[-2.738,51.29213],[-2.73818,51.29215],[-2.73814,51.29228],[-2.73867,51.29291],[-2.73916,51.2944],[-2.73911,51.29442],[-2.73902,51.2943],[-2.73892,51.29424],[-2.73797,51.29373],[-2.73765,51.29336],[-2.73689,51.29266],[-2.73669,51.29237],[-2.73667,51.29229],[-2.73645,51.2924],[-2.7355,51.29254],[-2.73538,51.29226],[-2.73532,51.29173],[-2.73503,51.29131],[-2.73482,51.29107],[-2.73474,51.2909],[-2.73475,51.29074],[-2.73599,51.29111],[-2.73602,51.29101],[-2.73607,51.29101],[-2.73603,51.29113],[-2.73613,51.29149],[-2.73635,51.29181],[-2.73639,51.29179],[-2.73652,51.29206],[-2.73668,51.29196],[-2.73698,51.29215]]]}},{"type":"Feature","properties":{"MainHabs":"Deciduous woodland","HabCodes":"DWOOD","PrimSource":"National Forest Inventory 2024 (DWOOD)","AreaHa":0.55,"Version":"Sept_26","UID":"PHID34870324_015595309"},"geometry":{"type":"Polygon","coordinates":[[[-2.738,51.30012],[-2.73809,51.30012],[-2.73799,51.30048],[-2.73773,51.3004],[-2.73767,51.30043],[-2.73765,51.30041],[-2.73756,51.30048],[-2.7375,51.30045],[-2.73744,51.30047],[-2.73733,51.30055],[-2.73737,51.30057],[-2.73729,51.30058],[-2.7373,51.30064],[-2.73725,51.30064],[-2.73724,51.30074],[-2.73745,51.30075],[-2.73746,51.30058],[-2.73756,51.30052],[-2.73771,51.30052],[-2.7377,51.30056],[-2.7378,51.30057],[-2.7378,51.30053],[-2.73783,51.30051],[-2.73791,51.30052],[-2.73798,51.30061],[-2.73797,51.30074],[-2.73794,51.30076],[-2.73718,51.30078],[-2.73719,51.30071],[-2.73717,51.30068],[-2.73693,51.30061],[-2.73678,51.30051],[-2.73671,51.30042],[-2.73611,51.30047],[-2.73615,51.30043],[-2.73681,51.30021],[-2.73694,51.29998],[-2.73701,51.29996],[-2.73706,51.30011],[-2.73727,51.30022],[-2.7376,51.30015],[-2.73768,51.30009],[-2.738,51.30012]]]}},{"type":"Feature","properties":{"MainHabs":"Deciduous woodland","HabCodes":"DWOOD","OtherClass":"Annex1(H6210)","AddHabs":"LCGRA","PrimSource":"National Forest Inventory 2024 (DWOOD)","AreaHa":0.39,"Version":"Sept_26","UID":"PHID34871776_015499716"},"geometry":{"type":"Polygon","coordinates":[[[-2.73749,51.29191],[-2.73698,51.29215],[-2.73668,51.29196],[-2.73652,51.29206],[-2.73639,51.29179],[-2.73659,51.29174],[-2.73627,51.29131],[-2.7362,51.29109],[-2.73611,51.29098],[-2.73614,51.29095],[-2.73635,51.2912],[-2.73725,51.29179],[-2.73753,51.2919],[-2.73749,51.29191]]]}},{"type":"Feature","properties":{"MainHabs":"Deciduous woodland","HabCodes":"DWOOD","AddHabs":"LCGRA, LDAGR","PrimSource":"National Forest Inventory 2024 (DWOOD)","AreaHa":2.27,"Version":"Sept_26","UID":"PHID34875269_015468667"},"geometry":{"type":"Polygon","coordinates":[[[-2.73657,51.28984],[-2.73685,51.28961],[-2.73698,51.28967],[-2.73771,51.28956],[-2.73782,51.28978],[-2.73769,51.29013],[-2.73753,51.29031],[-2.73719,51.29047],[-2.7371,51.2902],[-2.73705,51.29014],[-2.73665,51.28996],[-2.73607,51.28977],[-2.73552,51.2895],[-2.73528,51.28933],[-2.73509,51.28904],[-2.73475,51.28881],[-2.73494,51.28876],[-2.73495,51.28865],[-2.73502,51.28846],[-2.73542,51.28841],[-2.73543,51.28828],[-2.7357,51.28807],[-2.73601,51.28803],[-2.73626,51.28808],[-2.73623,51.28832],[-2.73629,51.2884],[-2.73647,51.28833],[-2.73678,51.28834],[-2.73679,51.28861],[-2.73684,51.28868],[-2.73717,51.28882],[-2.73691,51.28892],[-2.73675,51.28903],[-2.73652,51.28909],[-2.73648,51.28925],[-2.73664,51.28934],[-2.73658,51.28942],[-2.73639,51.28958],[-2.7361,51.28967],[-2.73657,51.28984]]]}},{"type":"Feature","properties":{"MainHabs":"Deciduous woodland","HabCodes":"DWOOD","PrimSource":"National Forest Inventory 2024 (DWOOD)","AreaHa":0.31,"Version":"Sept_26","UID":"PHID34888732_015889106"},"geometry":{"type":"Polygon","coordinates":[[[-2.73429,51.3267],[-2.73447,51.32643],[-2.7354,51.32676],[-2.73531,51.32719],[-2.73429,51.3267]]]}},{"type":"Feature","properties":{"MainHabs":"Deciduous woodland","HabCodes":"DWOOD","PrimSource":"National Forest Inventory 2024 (DWOOD)","AreaHa":0.27,"Version":"Sept_26","UID":"PHID34893808_015868817"},"geometry":{"type":"Polygon","coordinates":[[[-2.73401,51.32519],[-2.734,51.32512],[-2.73386,51.32513],[-2.73387,51.32505],[-2.73398,51.32505],[-2.73392,51.32467],[-2.73453,51.32467],[-2.7345,51.32512],[-2.73403,51.3254],[-2.73388,51.3252],[-2.73401,51.32519]]]}},{"type":"Feature","properties":{"MainHabs":"Deciduous woodland","HabCodes":"DWOOD","PrimSource":"National Forest Inventory 2024 (DWOOD)","AreaHa":0.93,"Version":"Sept_26","UID":"PHID34894868_015816217"},"geometry":{"type":"Polygon","coordinates":[[[-2.73404,51.31983],[-2.7341,51.31995],[-2.73416,51.31999],[-2.73462,51.32005],[-2.73489,51.32014],[-2.73492,51.32028],[-2.73472,51.32047],[-2.7343,51.32068],[-2.73434,51.32088],[-2.73429,51.32096],[-2.7341,51.32098],[-2.73403,51.32086],[-2.73398,51.32084],[-2.73381,51.32086],[-2.73365,51.32092],[-2.73337,51.32041],[-2.73323,51.31998],[-2.73315,51.31996],[-2.73307,51.31976],[-2.73314,51.31976],[-2.73323,51.31996],[-2.73371,51.32009],[-2.73381,51.32008],[-2.73391,51.31971],[-2.73359,51.31934],[-2.73327,51.31913],[-2.733,51.31904],[-2.73302,51.31899],[-2.73335,51.3191],[-2.73362,51.31928],[-2.73389,51.31958],[-2.73404,51.31983]]]}},{"type":"Feature","properties":{"MainHabs":"Deciduous woodland","HabCodes":"DWOOD","PrimSource":"National Forest Inventory 2024 (DWOOD)","AreaHa":0.21,"Version":"Sept_26","UID":"PHID34895537_015591928"},"geometry":{"type":"Polygon","coordinates":[[[-2.73377,51.30023],[-2.73365,51.30053],[-2.73333,51.30059],[-2.73335,51.30035],[-2.73354,51.29964],[-2.73377,51.29965],[-2.73371,51.30005],[-2.73377,51.30023]]]}},{"type":"Feature","properties":{"MainHabs":"Deciduous woodland","HabCodes":"DWOOD","PrimSource":"National Forest Inventory 2024 (DWOOD)","AreaHa":1,"Version":"Sept_26","UID":"PHID34900237_015618785"},"geometry":{"type":"Polygon","coordinates":[[[-2.73371,51.30189],[-2.73383,51.30196],[-2.73381,51.30199],[-2.7337,51.30207],[-2.73346,51.30215],[-2.73298,51.30276],[-2.7324,51.3032],[-2.73234,51.3034],[-2.73243,51.3036],[-2.73242,51.30379],[-2.73249,51.30382],[-2.73245,51.30387],[-2.73238,51.30381],[-2.73201,51.30381],[-2.73187,51.30351],[-2.73186,51.30341],[-2.7319,51.30321],[-2.73203,51.30297],[-2.73284,51.30227],[-2.73327,51.30195],[-2.7333,51.30163],[-2.73365,51.30138],[-2.73397,51.30136],[-2.73376,51.30163],[-2.7337,51.30182],[-2.73371,51.30189]]]}},{"type":"Feature","properties":{"MainHabs":"Deciduous woodland","HabCodes":"DWOOD","PrimSource":"National Forest Inventory 2024 (DWOOD)","AreaHa":0.16,"Version":"Sept_26","UID":"PHID34901166_015600118"},"geometry":{"type":"Polygon","coordinates":[[[-2.73314,51.301],[-2.73247,51.30092],[-2.73238,51.30086],[-2.73237,51.30076],[-2.73269,51.30069],[-2.73313,51.30066],[-2.73314,51.301]]]}},{"type":"Feature","properties":{"MainHabs":"Deciduous woodland","HabCodes":"DWOOD","AddHabs":"GQSIG, LCGRA, LMEAD","PrimSource":"National Forest Inventory 2024 (DWOOD)","AreaHa":0.89,"Version":"Sept_26","UID":"PHID34903351_015487157"},"geometry":{"type":"Polygon","coordinates":[[[-2.73517,51.2903],[-2.73511,51.29045],[-2.73488,51.29037],[-2.73439,51.29033],[-2.73441,51.29021],[-2.73417,51.29016],[-2.73414,51.29014],[-2.73417,51.29009],[-2.73401,51.29012],[-2.73348,51.29009],[-2.73345,51.29028],[-2.73313,51.29027],[-2.7326,51.29054],[-2.73251,51.29071],[-2.73189,51.29107],[-2.73165,51.2913],[-2.73146,51.29137],[-2.73096,51.29143],[-2.73158,51.29107],[-2.73178,51.29098],[-2.73233,51.29035],[-2.73299,51.29006],[-2.73361,51.28994],[-2.73488,51.28998],[-2.73509,51.29001],[-2.73517,51.2903]]]}},{"type":"Feature","properties":{"MainHabs":"Deciduous woodland","HabCodes":"DWOOD","AddHabs":"LHEAT, LMEAD","PrimSource":"National Forest Inventory 2024 (DWOOD)","AreaHa":0.56,"Version":"Sept_26","UID":"PHID34904045_015785416"},"geometry":{"type":"Polygon","coordinates":[[[-2.73295,51.31823],[-2.73289,51.31825],[-2.73251,51.31785],[-2.73232,51.31748],[-2.73218,51.31697],[-2.73203,51.31654],[-2.73226,51.31651],[-2.73228,51.31646],[-2.73243,51.31646],[-2.73271,51.31733],[-2.73287,51.31769],[-2.73303,51.31815],[-2.73319,51.31844],[-2.7331,51.31848],[-2.73304,51.31833],[-2.73295,51.31823]]]}},{"type":"Feature","properties":{"MainHabs":"Deciduous woodland","HabCodes":"DWOOD","PrimSource":"National Forest Inventory 2024 (DWOOD)","AreaHa":15.6,"Version":"Sept_26","UID":"PHID34915593_015917222"},"geometry":{"type":"Polygon","coordinates":[[[-2.73394,51.32896],[-2.73416,51.3292],[-2.73587,51.32982],[-2.73622,51.32957],[-2.73661,51.32996],[-2.73704,51.33023],[-2.73758,51.33065],[-2.73772,51.33071],[-2.73769,51.33078],[-2.73743,51.33089],[-2.73719,51.33105],[-2.73727,51.33138],[-2.73726,51.33153],[-2.73702,51.33163],[-2.7364,51.33109],[-2.73585,51.33081],[-2.7355,51.3307],[-2.73415,51.33041],[-2.73341,51.33048],[-2.73308,51.3299],[-2.732,51.32953],[-2.73196,51.32955],[-2.73159,51.33022],[-2.73117,51.33064],[-2.73067,51.33101],[-2.73026,51.33121],[-2.73001,51.33128],[-2.72957,51.33137],[-2.72875,51.33146],[-2.72831,51.33141],[-2.728,51.33142],[-2.72769,51.33131],[-2.72742,51.33127],[-2.72742,51.33174],[-2.72765,51.33238],[-2.72742,51.3324],[-2.72742,51.33275],[-2.72746,51.33275],[-2.72754,51.33296],[-2.72765,51.33295],[-2.72771,51.33309],[-2.72769,51.33314],[-2.72742,51.33315],[-2.72742,51.32988],[-2.72742,51.33008],[-2.72772,51.33046],[-2.728,51.33063],[-2.72835,51.33068],[-2.72901,51.33071],[-2.72941,51.33068],[-2.72957,51.33055],[-2.72996,51.33034],[-2.73011,51.33019],[-2.7302,51.33001],[-2.73044,51.33002],[-2.73057,51.3296],[-2.73066,51.32908],[-2.7306,51.32821],[-2.73162,51.32794],[-2.73202,51.3279],[-2.73203,51.32785],[-2.73205,51.32794],[-2.73219,51.32804],[-2.73348,51.32868],[-2.73385,51.32888],[-2.73394,51.32896]]]}},{"type":"Feature","properties":{"MainHabs":"Deciduous woodland","HabCodes":"DWOOD","PrimSource":"National Forest Inventory 2024 (DWOOD)","AreaHa":1.79,"Version":"Sept_26","UID":"PHID34924982_015733481"},"geometry":{"type":"Polygon","coordinates":[[[-2.72865,51.31388],[-2.72853,51.31382],[-2.72865,51.31363],[-2.72892,51.31347],[-2.72905,51.31331],[-2.72911,51.31316],[-2.72849,51.31287],[-2.72875,51.3128],[-2.72876,51.31273],[-2.72943,51.31209],[-2.72958,51.31223],[-2.72973,51.31229],[-2.72976,51.31218],[-2.72982,51.31218],[-2.72986,51.31208],[-2.72997,51.31201],[-2.73013,51.31184],[-2.73021,51.31186],[-2.73027,51.31197],[-2.73014,51.31213],[-2.73012,51.31233],[-2.73028,51.31248],[-2.73024,51.31263],[-2.73036,51.31273],[-2.73038,51.31278],[-2.7305,51.31286],[-2.73032,51.31313],[-2.73058,51.31316],[-2.73044,51.31365],[-2.72952,51.31354],[-2.72935,51.31371],[-2.72917,51.31379],[-2.72884,51.314],[-2.72865,51.31388]]]}},{"type":"Feature","properties":{"MainHabs":"Deciduous woodland","HabCodes":"DWOOD","AddHabs":"LCGRA, LMEAD","PrimSource":"National Forest Inventory 2024 (DWOOD)","AreaHa":0.2,"Version":"Sept_26","UID":"PHID34927146_015487903"},"geometry":{"type":"Polygon","coordinates":[[[-2.72936,51.2909],[-2.72877,51.29108],[-2.72876,51.29099],[-2.72884,51.29093],[-2.72855,51.29088],[-2.72856,51.2908],[-2.72849,51.29076],[-2.72867,51.29046],[-2.7289,51.29067],[-2.72906,51.29058],[-2.72936,51.2909]]]}},{"type":"Feature","properties":{"MainHabs":"Deciduous woodland","HabCodes":"DWOOD","PrimSource":"National Forest Inventory 2024 (DWOOD)","AreaHa":0.32,"Version":"Sept_26","UID":"PHID34927184_015775208"},"geometry":{"type":"Polygon","coordinates":[[[-2.72925,51.31676],[-2.72914,51.31683],[-2.72894,51.31682],[-2.72859,51.31643],[-2.72958,51.31632],[-2.7295,51.31644],[-2.72981,51.31659],[-2.72965,51.31675],[-2.72943,51.31688],[-2.72925,51.31676]]]}},{"type":"Feature","properties":{"MainHabs":"Deciduous woodland","HabCodes":"DWOOD","PrimSource":"National Forest Inventory 2024 (DWOOD)","AreaHa":0.75,"Version":"Sept_26","UID":"PHID34928826_015782655"},"geometry":{"type":"Polygon","coordinates":[[[-2.72896,51.31684],[-2.72926,51.31705],[-2.72923,51.31708],[-2.72925,51.31711],[-2.72964,51.31744],[-2.72987,51.31801],[-2.72979,51.31802],[-2.72889,51.31753],[-2.7286,51.31741],[-2.72873,51.3173],[-2.72831,51.31709],[-2.72836,51.31699],[-2.72839,51.31684],[-2.72836,51.31646],[-2.72822,51.3161],[-2.72889,51.31682],[-2.72896,51.31684]]]}},{"type":"Feature","properties":{"MainHabs":"Deciduous woodland","HabCodes":"DWOOD","PrimSource":"National Forest Inventory 2024 (DWOOD)","AreaHa":4.81,"Version":"Sept_26","UID":"PHID34935506_016127700"},"geometry":{"type":"Polygon","coordinates":[[[-2.72742,51.34754],[-2.72754,51.34755],[-2.72759,51.34765],[-2.72763,51.34767],[-2.72804,51.34763],[-2.72825,51.34764],[-2.72829,51.34769],[-2.72831,51.34798],[-2.72837,51.34812],[-2.72883,51.34783],[-2.72924,51.34772],[-2.7296,51.34773],[-2.72998,51.34785],[-2.73028,51.34805],[-2.73041,51.34822],[-2.73072,51.34832],[-2.73063,51.34838],[-2.73051,51.34876],[-2.73055,51.34878],[-2.73055,51.34885],[-2.73081,51.34937],[-2.73045,51.34946],[-2.72925,51.3491],[-2.72934,51.34852],[-2.72893,51.34855],[-2.72742,51.34848],[-2.72742,51.34754]]]}},{"type":"Feature","properties":{"MainHabs":"Deciduous woodland","HabCodes":"DWOOD","PrimSource":"National Forest Inventory 2024 (DWOOD)","AreaHa":0.08,"Version":"Sept_26","UID":"PHID34938308_015957553"},"geometry":{"type":"Polygon","coordinates":[[[-2.72774,51.33282],[-2.72781,51.33281],[-2.72819,51.33304],[-2.72819,51.33311],[-2.72773,51.33314],[-2.72775,51.33307],[-2.72768,51.33294],[-2.72778,51.33293],[-2.72774,51.33282]]]}},{"type":"Feature","properties":{"MainHabs":"Deciduous woodland","HabCodes":"DWOOD","AddHabs":"LCGRA, LDAGR, LMEAD","PrimSource":"National Forest Inventory 2024 (DWOOD)","AreaHa":28.17,"Version":"Sept_26","UID":"PHID34940311_015887030"},"geometry":{"type":"Polygon","coordinates":[[[-2.73975,51.32825],[-2.7401,51.32825],[-2.74099,51.32812],[-2.74068,51.3286],[-2.74083,51.32864],[-2.74099,51.32874],[-2.74095,51.32892],[-2.74086,51.32904],[-2.74039,51.32936],[-2.74015,51.32959],[-2.73997,51.32957],[-2.73975,51.32967],[-2.7396,51.32978],[-2.73971,51.32983],[-2.7397,51.32988],[-2.73954,51.32993],[-2.73912,51.33015],[-2.73891,51.33021],[-2.73825,51.3302],[-2.73732,51.3299],[-2.73679,51.32954],[-2.73719,51.32899],[-2.73703,51.32884],[-2.73662,51.3288],[-2.73617,51.32861],[-2.73591,51.3283],[-2.73513,51.3279],[-2.73472,51.32783],[-2.73432,51.32768],[-2.73411,51.32792],[-2.73405,51.32792],[-2.73334,51.32749],[-2.73318,51.32734],[-2.73213,51.32694],[-2.73196,51.32693],[-2.73193,51.32651],[-2.73136,51.3265],[-2.73069,51.32662],[-2.73047,51.32669],[-2.7303,51.3268],[-2.73013,51.32697],[-2.73009,51.32708],[-2.73008,51.32706],[-2.72996,51.3271],[-2.72987,51.32718],[-2.72975,51.32737],[-2.72965,51.32764],[-2.7295,51.32786],[-2.72954,51.32787],[-2.72922,51.32843],[-2.72922,51.32853],[-2.72951,51.3285],[-2.72901,51.3288],[-2.72878,51.32907],[-2.72868,51.32914],[-2.72854,51.32918],[-2.72806,51.32916],[-2.72821,51.32906],[-2.72794,51.32859],[-2.72742,51.32801],[-2.72742,51.32337],[-2.72872,51.32295],[-2.72885,51.32292],[-2.72913,51.32293],[-2.72951,51.3234],[-2.72937,51.32355],[-2.72936,51.32362],[-2.72944,51.32385],[-2.72956,51.32395],[-2.73025,51.32419],[-2.73072,51.32424],[-2.73088,51.32398],[-2.73164,51.32421],[-2.73154,51.32429],[-2.73195,51.32441],[-2.73204,51.32433],[-2.73229,51.3244],[-2.73219,51.32478],[-2.73266,51.32479],[-2.73267,51.32506],[-2.73289,51.32507],[-2.73289,51.32511],[-2.73252,51.32513],[-2.73113,51.32512],[-2.73109,51.32498],[-2.72912,51.32498],[-2.72889,51.32502],[-2.72874,51.32511],[-2.72841,51.32502],[-2.72833,51.32509],[-2.72862,51.32517],[-2.72842,51.3253],[-2.72843,51.32556],[-2.72847,51.32589],[-2.7287,51.32616],[-2.72931,51.32607],[-2.7303,51.32602],[-2.73071,51.32591],[-2.73081,51.32586],[-2.73079,51.32544],[-2.73103,51.32521],[-2.73217,51.3252],[-2.73213,51.32533],[-2.73222,51.32534],[-2.7323,51.32541],[-2.73282,51.32546],[-2.73283,51.32549],[-2.7328,51.32552],[-2.73254,51.32552],[-2.73249,51.32555],[-2.73248,51.3256],[-2.73283,51.32564],[-2.73303,51.32571],[-2.73306,51.32578],[-2.73297,51.32583],[-2.73297,51.32589],[-2.73303,51.32593],[-2.73311,51.32594],[-2.73325,51.32588],[-2.73328,51.32579],[-2.73313,51.32566],[-2.73315,51.32558],[-2.73323,51.32555],[-2.73338,51.32559],[-2.73337,51.32544],[-2.73325,51.32537],[-2.73347,51.32538],[-2.73356,51.32531],[-2.73378,51.32522],[-2.73399,51.32542],[-2.7339,51.32549],[-2.7338,51.32612],[-2.73371,51.32625],[-2.73385,51.32638],[-2.73385,51.32677],[-2.73554,51.32766],[-2.73686,51.3283],[-2.737,51.32807],[-2.73737,51.32803],[-2.73741,51.32858],[-2.73796,51.32857],[-2.73801,51.32838],[-2.73818,51.32839],[-2.73821,51.3283],[-2.73864,51.32823],[-2.73932,51.32816],[-2.73975,51.32825]]]}},{"type":"Feature","properties":{"MainHabs":"Deciduous woodland","HabCodes":"DWOOD","PrimSource":"National Forest Inventory 2024 (DWOOD)","AreaHa":0.84,"Version":"Sept_26","UID":"PHID34941996_015763606"},"geometry":{"type":"Polygon","coordinates":[[[-2.72743,51.31608],[-2.72742,51.31537],[-2.72752,51.31549],[-2.72759,51.31569],[-2.7277,51.31583],[-2.72803,51.31604],[-2.72812,51.31604],[-2.72827,51.31639],[-2.72831,51.31681],[-2.72818,51.31676],[-2.72801,51.31659],[-2.72758,51.31632],[-2.72756,51.31626],[-2.7276,51.31616],[-2.72743,51.31608]]]}},{"type":"Feature","properties":{"MainHabs":"Deciduous woodland","HabCodes":"DWOOD","PrimSource":"National Forest Inventory 2024 (DWOOD)","AreaHa":0.04,"Version":"Sept_26","UID":"PHID34942432_015960154"},"geometry":{"type":"Polygon","coordinates":[[[-2.7276,51.33326],[-2.72742,51.33328],[-2.72742,51.33319],[-2.72758,51.33318],[-2.7276,51.33326]]]}},{"type":"Feature","properties":{"MainHabs":"Deciduous woodland","HabCodes":"DWOOD","PrimSource":"National Forest Inventory 2024 (DWOOD)","AreaHa":0.66,"Version":"Sept_26","UID":"PHID34942901_015782013"},"geometry":{"type":"Polygon","coordinates":[[[-2.72742,51.3171],[-2.72762,51.31718],[-2.72771,51.31727],[-2.72766,51.31733],[-2.72742,51.31745],[-2.72742,51.3171]]]}},{"type":"Feature","properties":{"MainHabs":"Good quality semi improved grassland","HabCodes":"GQSIG","PrimSource":"Higher Level Stewardship (GQSIG)","AreaHa":4.52,"Version":"Sept_26","UID":"PHID34047916_015767894"},"geometry":{"type":"Polygon","coordinates":[[[-2.85497,51.31595],[-2.8545,51.31599],[-2.85423,51.31594],[-2.85416,51.31587],[-2.85387,51.3159],[-2.85364,51.31573],[-2.85292,51.31593],[-2.8526,51.31587],[-2.8524,51.31588],[-2.85197,51.31576],[-2.85184,51.31577],[-2.85178,51.31585],[-2.85172,51.31585],[-2.8518,51.31577],[-2.8523,51.31546],[-2.85251,51.31528],[-2.8526,51.31525],[-2.85274,51.31524],[-2.85292,51.31517],[-2.85297,51.3151],[-2.85305,51.31509],[-2.85321,51.31495],[-2.85318,51.31494],[-2.85323,51.31487],[-2.85402,51.31482],[-2.85417,51.31484],[-2.85497,51.3147],[-2.85497,51.31595]]]}},{"type":"Feature","properties":{"MainHabs":"Good quality semi improved grassland","HabCodes":"GQSIG","PrimSource":"Higher Level Stewardship (GQSIG)","AreaHa":3.13,"Version":"Sept_26","UID":"PHID34051021_015750890"},"geometry":{"type":"Polygon","coordinates":[[[-2.85497,51.31284],[-2.85497,51.31463],[-2.85402,51.31477],[-2.85366,51.31393],[-2.85361,51.31352],[-2.85351,51.31338],[-2.85362,51.313],[-2.85358,51.31288],[-2.85376,51.31281],[-2.85451,51.31263],[-2.85497,51.31248],[-2.85497,51.31284]]]}},{"type":"Feature","properties":{"MainHabs":"Good quality semi improved grassland","HabCodes":"GQSIG","PrimSource":"Higher Level Stewardship (GQSIG)","AreaHa":2.25,"Version":"Sept_26","UID":"PHID34060494_015723269"},"geometry":{"type":"Polygon","coordinates":[[[-2.85298,51.31175],[-2.85232,51.31066],[-2.85305,51.31057],[-2.85373,51.31041],[-2.85427,51.31058],[-2.85452,51.31116],[-2.85497,51.31115],[-2.85497,51.31171],[-2.85458,51.31176],[-2.85422,51.31166],[-2.85369,51.31177],[-2.85338,51.31171],[-2.85298,51.31175]]]}},{"type":"Feature","properties":{"MainHabs":"Good quality semi improved grassland","HabCodes":"GQSIG","AddHabs":"LMEAD","PrimSource":"Higher Level Stewardship 2011 (GQSIG)","AreaHa":1.09,"Version":"Sept_26","UID":"PHID34073786_015770713"},"geometry":{"type":"Polygon","coordinates":[[[-2.85266,51.31482],[-2.85323,51.31487],[-2.85316,51.31497],[-2.85303,51.31506],[-2.85292,51.3151],[-2.85288,51.31516],[-2.85247,51.31529],[-2.85228,51.31544],[-2.85177,51.31576],[-2.85171,51.31585],[-2.85178,51.31585],[-2.85158,51.31593],[-2.85137,51.31588],[-2.85092,51.31516],[-2.85081,51.31489],[-2.8509,51.31486],[-2.85161,51.31492],[-2.85221,51.31481],[-2.85266,51.31482]]]}},{"type":"Feature","properties":{"MainHabs":"Good quality semi improved grassland","HabCodes":"GQSIG","AddHabs":"LDAGR","PrimSource":"Higher Level Stewardship (GQSIG)","AreaHa":8.08,"Version":"Sept_26","UID":"PHID34299474_015656690"},"geometry":{"type":"Polygon","coordinates":[[[-2.82009,51.30527],[-2.82074,51.30527],[-2.8211,51.30532],[-2.82122,51.3055],[-2.82123,51.30575],[-2.82143,51.30586],[-2.82117,51.30605],[-2.82099,51.30612],[-2.82035,51.30628],[-2.81941,51.30646],[-2.8171,51.30668],[-2.81623,51.30466],[-2.8175,51.30436],[-2.81904,51.30422],[-2.82029,51.30406],[-2.82195,51.30371],[-2.82202,51.30376],[-2.82142,51.30419],[-2.82192,51.30439],[-2.82128,51.30499],[-2.82084,51.30491],[-2.82041,51.30495],[-2.82009,51.30515],[-2.82003,51.30523],[-2.82009,51.30527]]]}},{"type":"Feature","properties":{"MainHabs":"Good quality semi improved grassland","HabCodes":"GQSIG","PrimSource":"Higher Level Stewardship (GQSIG)","AreaHa":0.17,"Version":"Sept_26","UID":"PHID34312741_015892650"},"geometry":{"type":"Polygon","coordinates":[[[-2.81851,51.32637],[-2.81857,51.32657],[-2.81843,51.32667],[-2.81721,51.32678],[-2.81736,51.32661],[-2.81737,51.32656],[-2.81734,51.32644],[-2.81736,51.32643],[-2.81752,51.32642],[-2.81765,51.32655],[-2.81818,51.32659],[-2.8184,51.32654],[-2.81851,51.32637]]]}},{"type":"Feature","properties":{"MainHabs":"Good quality semi improved grassland","HabCodes":"GQSIG","AddHabs":"LCGRA","PrimSource":"Higher Level Stewardship (GQSIG)","AreaHa":2.39,"Version":"Sept_26","UID":"PHID34345833_015680279"},"geometry":{"type":"Polygon","coordinates":[[[-2.81301,51.30984],[-2.81283,51.30992],[-2.81289,51.30968],[-2.81299,51.30963],[-2.81311,51.30962],[-2.81318,51.30928],[-2.81311,51.30898],[-2.81245,51.30813],[-2.81233,51.30801],[-2.81146,51.30743],[-2.81108,51.3069],[-2.81275,51.30677],[-2.81401,51.30965],[-2.81401,51.30971],[-2.8136,51.30973],[-2.81341,51.3097],[-2.81326,51.30973],[-2.81301,51.30984]]]}},{"type":"Feature","properties":{"MainHabs":"Good quality semi improved grassland","HabCodes":"GQSIG","AddHabs":"LCGRA","PrimSource":"Higher Level Stewardship (GQSIG)","AreaHa":0.24,"Version":"Sept_26","UID":"PHID34349031_015692017"},"geometry":{"type":"Polygon","coordinates":[[[-2.81193,51.30816],[-2.81223,51.30867],[-2.81239,51.30903],[-2.81242,51.3092],[-2.81243,51.30983],[-2.81229,51.30983],[-2.81211,51.30992],[-2.8121,51.30983],[-2.81222,51.3096],[-2.81227,51.30935],[-2.81227,51.30919],[-2.81223,51.30899],[-2.81205,51.30864],[-2.81194,51.30844],[-2.81176,51.30822],[-2.81193,51.30816]]]}},{"type":"Feature","properties":{"MainHabs":"Good quality semi improved grassland","HabCodes":"GQSIG","AddHabs":"LMEAD","AreaHa":1,"Version":"Sept_26","UID":"PHID34414995_015766544"},"geometry":{"type":"Polygon","coordinates":[[[-2.80211,51.31521],[-2.80209,51.31502],[-2.80421,51.31498],[-2.80405,51.31511],[-2.80395,51.31528],[-2.80392,51.31555],[-2.80353,51.31552],[-2.80351,51.31556],[-2.80229,51.31561],[-2.80198,51.31559],[-2.80176,51.31563],[-2.80166,51.3157],[-2.80157,51.31554],[-2.80155,51.31541],[-2.80155,51.31535],[-2.80163,51.31527],[-2.80211,51.31525],[-2.80211,51.31521]]]}},{"type":"Feature","properties":{"MainHabs":"Good quality semi improved grassland","HabCodes":"GQSIG","AddHabs":"LMEAD","PrimSource":"Higher Level Stewardship 2013 (GQSIG)","AreaHa":0.53,"Version":"Sept_26","UID":"PHID34417110_015491008"},"geometry":{"type":"Polygon","coordinates":[[[-2.80265,51.29109],[-2.80227,51.29113],[-2.80209,51.29101],[-2.8015,51.2902],[-2.80138,51.28984],[-2.80137,51.28975],[-2.80141,51.28969],[-2.80154,51.28964],[-2.80171,51.28964],[-2.80204,51.29027],[-2.80265,51.29109]]]}},{"type":"Feature","properties":{"MainHabs":"Good quality semi improved grassland","HabCodes":"GQSIG","PrimSource":"Higher Level Stewardship (GQSIG)","AreaHa":1.16,"Version":"Sept_26","UID":"PHID34456616_015496281"},"geometry":{"type":"Polygon","coordinates":[[[-2.7966,51.29156],[-2.79608,51.29187],[-2.79592,51.29178],[-2.79586,51.29181],[-2.79529,51.29156],[-2.79567,51.29125],[-2.79635,51.29046],[-2.79742,51.29076],[-2.79737,51.29089],[-2.79701,51.29125],[-2.7966,51.29156]]]}},{"type":"Feature","properties":{"MainHabs":"Good quality semi improved grassland","HabCodes":"GQSIG","AddHabs":"LMEAD","AreaHa":0.1,"Version":"Sept_26","UID":"PHID34503200_015418971"},"geometry":{"type":"Polygon","coordinates":[[[-2.78955,51.28406],[-2.78968,51.2841],[-2.78984,51.28464],[-2.78972,51.28465],[-2.78962,51.28429],[-2.78932,51.28431],[-2.78929,51.28409],[-2.78955,51.28406]]]}},{"type":"Feature","properties":{"MainHabs":"Good quality semi improved grassland","HabCodes":"GQSIG","AddHabs":"LMEAD","AreaHa":0.23,"Version":"Sept_26","UID":"PHID34506242_015426190"},"geometry":{"type":"Polygon","coordinates":[[[-2.78988,51.28479],[-2.7899,51.28489],[-2.78939,51.28488],[-2.78841,51.28492],[-2.78841,51.28458],[-2.78845,51.28439],[-2.7884,51.28425],[-2.78836,51.28423],[-2.78835,51.28414],[-2.78847,51.28413],[-2.78852,51.28454],[-2.78858,51.28456],[-2.78862,51.28476],[-2.78873,51.28479],[-2.78914,51.28477],[-2.78959,51.28473],[-2.78958,51.28468],[-2.78985,51.28466],[-2.78988,51.28479]]]}},{"type":"Feature","properties":{"MainHabs":"Good quality semi improved grassland","HabCodes":"GQSIG","AddHabs":"LMEAD","AreaHa":1.43,"Version":"Sept_26","UID":"PHID34508667_015409750"},"geometry":{"type":"Polygon","coordinates":[[[-2.78918,51.28269],[-2.78933,51.28283],[-2.78946,51.28281],[-2.78962,51.28393],[-2.78954,51.28397],[-2.78825,51.28405],[-2.78795,51.28372],[-2.7879,51.28363],[-2.78808,51.28321],[-2.78836,51.28295],[-2.78897,51.28251],[-2.78918,51.28269]]]}},{"type":"Feature","properties":{"MainHabs":"Good quality semi improved grassland","HabCodes":"GQSIG","AddHabs":"LCGRA, LMEAD","PrimSource":"National Trust Habitats Data 2021 (GQSIG)","AreaHa":2.03,"Version":"Sept_26","UID":"PHID34517704_015891588"},"geometry":{"type":"Polygon","coordinates":[[[-2.78899,51.32637],[-2.78903,51.32681],[-2.78911,51.32703],[-2.78937,51.32738],[-2.78937,51.32752],[-2.78911,51.32746],[-2.78886,51.32749],[-2.78851,51.32764],[-2.78844,51.32764],[-2.78824,51.32754],[-2.78791,51.32712],[-2.7875,51.32721],[-2.78706,51.32735],[-2.78712,51.32728],[-2.78718,51.32711],[-2.7872,51.32696],[-2.78724,51.32692],[-2.7873,51.3267],[-2.78743,51.3265],[-2.78763,51.32592],[-2.78798,51.32584],[-2.78823,51.32586],[-2.78894,51.32584],[-2.78899,51.32637]]]}},{"type":"Feature","properties":{"MainHabs":"Good quality semi improved grassland","HabCodes":"GQSIG","AddHabs":"LMEAD","AreaHa":12.5,"Version":"Sept_26","UID":"PHID34534327_015687225"},"geometry":{"type":"Polygon","coordinates":[[[-2.78405,51.30783],[-2.78408,51.30795],[-2.78401,51.30794],[-2.78293,51.30752],[-2.7829,51.30755],[-2.78399,51.30797],[-2.78458,51.30797],[-2.78458,51.30801],[-2.78463,51.30802],[-2.78518,51.30801],[-2.78516,51.30783],[-2.7846,51.30785],[-2.7846,51.30781],[-2.78423,51.30783],[-2.78421,51.30775],[-2.78409,51.30773],[-2.78401,51.30737],[-2.78405,51.30729],[-2.78413,51.30722],[-2.78428,51.30721],[-2.78427,51.30714],[-2.78579,51.307],[-2.78591,51.30741],[-2.78628,51.30739],[-2.78628,51.30742],[-2.78648,51.30742],[-2.78648,51.30738],[-2.78797,51.30733],[-2.78809,51.30789],[-2.78901,51.30782],[-2.78942,51.30944],[-2.78886,51.3095],[-2.7879,51.30949],[-2.78363,51.30966],[-2.78278,51.30965],[-2.78276,51.30957],[-2.78273,51.30957],[-2.78275,51.30965],[-2.78204,51.30967],[-2.78171,51.30712],[-2.78221,51.30716],[-2.7822,51.30719],[-2.78185,51.30716],[-2.78181,51.30732],[-2.78233,51.30737],[-2.78236,51.30726],[-2.78247,51.30728],[-2.78247,51.30732],[-2.78276,51.30737],[-2.78287,51.30727],[-2.78332,51.30727],[-2.78342,51.30724],[-2.78348,51.30717],[-2.78412,51.30715],[-2.78396,51.3073],[-2.78408,51.30783],[-2.78405,51.30783]]]}},{"type":"Feature","properties":{"MainHabs":"Good quality semi improved grassland","HabCodes":"GQSIG","AddHabs":"LMEAD","AreaHa":0.04,"Version":"Sept_26","UID":"PHID34552244_015674567"},"geometry":{"type":"Polygon","coordinates":[[[-2.78241,51.30719],[-2.78341,51.30717],[-2.78338,51.30722],[-2.7833,51.30724],[-2.78258,51.30724],[-2.78241,51.30719]]]}},{"type":"Feature","properties":{"MainHabs":"Good quality semi improved grassland","HabCodes":"GQSIG","AddHabs":"LCGRA","PrimSource":"National Trust Habitats Data 2021 (GQSIG)","AreaHa":6.81,"Version":"Sept_26","UID":"PHID34594956_015904386"},"geometry":{"type":"Polygon","coordinates":[[[-2.77908,51.32827],[-2.77904,51.32837],[-2.77827,51.32838],[-2.77731,51.32851],[-2.777,51.32847],[-2.77696,51.32861],[-2.77626,51.32858],[-2.7745,51.32839],[-2.77381,51.32829],[-2.77327,51.32811],[-2.77277,51.32784],[-2.77338,51.32753],[-2.77422,51.32733],[-2.77457,51.32759],[-2.7748,51.32761],[-2.77493,51.32761],[-2.77502,51.32736],[-2.77608,51.3274],[-2.77715,51.32736],[-2.77729,51.3274],[-2.7773,51.32735],[-2.78178,51.32718],[-2.78108,51.32834],[-2.77942,51.32836],[-2.77932,51.32829],[-2.77908,51.32827]]]}},{"type":"Feature","properties":{"MainHabs":"Good quality semi improved grassland","HabCodes":"GQSIG","AddHabs":"LCGRA","PrimSource":"Higher Level Stewardship (GQSIG)","AreaHa":2.29,"Version":"Sept_26","UID":"PHID34627195_015865416"},"geometry":{"type":"Polygon","coordinates":[[[-2.7754,51.32412],[-2.77403,51.32486],[-2.77217,51.32461],[-2.77063,51.32449],[-2.76923,51.32441],[-2.76885,51.32435],[-2.7697,51.3244],[-2.76971,51.32407],[-2.77108,51.32409],[-2.77152,51.32404],[-2.77243,51.324],[-2.77333,51.32407],[-2.7754,51.32412]]]}},{"type":"Feature","properties":{"MainHabs":"Good quality semi improved grassland","HabCodes":"GQSIG","AddHabs":"LCGRA","PrimSource":"Higher Level Stewardship (GQSIG)","AreaHa":5.28,"Version":"Sept_26","UID":"PHID34635608_015876063"},"geometry":{"type":"Polygon","coordinates":[[[-2.76872,51.32439],[-2.76887,51.32438],[-2.76923,51.32444],[-2.7711,51.32455],[-2.77217,51.32464],[-2.77332,51.32479],[-2.77334,51.32481],[-2.77329,51.3248],[-2.7734,51.32518],[-2.77328,51.32536],[-2.77317,51.32544],[-2.77309,51.32555],[-2.77284,51.32555],[-2.7728,51.32575],[-2.77272,51.32585],[-2.77249,51.32602],[-2.77267,51.32605],[-2.7724,51.32626],[-2.77183,51.32636],[-2.77049,51.32637],[-2.76988,51.32644],[-2.76929,51.32607],[-2.76928,51.3255],[-2.76924,51.32526],[-2.76872,51.32439]]]}},{"type":"Feature","properties":{"MainHabs":"Good quality semi improved grassland","HabCodes":"GQSIG","OtherClass":"Annex1(H6210)","AddHabs":"LCGRA, LMEAD","PrimSource":"Higher Level Stewardship 2011 (GQSIG)","AreaHa":0.11,"Version":"Sept_26","UID":"PHID34660995_015457228"},"geometry":{"type":"Polygon","coordinates":[[[-2.76682,51.28744],[-2.76736,51.28804],[-2.76719,51.28787],[-2.76668,51.28797],[-2.76663,51.28794],[-2.76665,51.28773],[-2.76686,51.28755],[-2.76682,51.28744]]]}},{"type":"Feature","properties":{"MainHabs":"Good quality semi improved grassland","HabCodes":"GQSIG","OtherClass":"Annex1(H6210)","AddHabs":"DWOOD, LCGRA, LMEAD","PrimSource":"Higher Level Stewardship 2011 (GQSIG)","AreaHa":0.68,"Version":"Sept_26","UID":"PHID34669527_015443879"},"geometry":{"type":"Polygon","coordinates":[[[-2.76642,51.28696],[-2.76667,51.28727],[-2.76655,51.28714],[-2.76613,51.28727],[-2.76573,51.28707],[-2.76571,51.28711],[-2.76565,51.28683],[-2.76525,51.28661],[-2.76492,51.28657],[-2.76483,51.28653],[-2.76567,51.28599],[-2.76642,51.28696]]]}},{"type":"Feature","properties":{"MainHabs":"Good quality semi improved grassland","HabCodes":"GQSIG","OtherClass":"Annex1(H6210)","AddHabs":"LCGRA, LMEAD","PrimSource":"Higher Level Stewardship 2011 (GQSIG)","AreaHa":0.24,"Version":"Sept_26","UID":"PHID34674309_015470214"},"geometry":{"type":"Polygon","coordinates":[[[-2.76478,51.28902],[-2.76483,51.28892],[-2.76503,51.28881],[-2.76526,51.28878],[-2.76564,51.28866],[-2.76585,51.2885],[-2.76588,51.28849],[-2.76594,51.2886],[-2.76576,51.28874],[-2.76545,51.28875],[-2.76536,51.28902],[-2.76504,51.28914],[-2.76484,51.28917],[-2.76471,51.2893],[-2.76418,51.2894],[-2.76475,51.28907],[-2.76478,51.28902]]]}},{"type":"Feature","properties":{"MainHabs":"Good quality semi improved grassland","HabCodes":"GQSIG","OtherClass":"Annex1(H6210)","AddHabs":"LCGRA, LMEAD","PrimSource":"Higher Level Stewardship 2011 (GQSIG)","AreaHa":0.4,"Version":"Sept_26","UID":"PHID34679851_015459397"},"geometry":{"type":"Polygon","coordinates":[[[-2.7647,51.28805],[-2.76469,51.28813],[-2.76446,51.28841],[-2.76454,51.28851],[-2.7643,51.28834],[-2.76385,51.2882],[-2.76388,51.288],[-2.76404,51.28776],[-2.76402,51.28774],[-2.76403,51.2876],[-2.76396,51.28746],[-2.76407,51.28748],[-2.76421,51.2876],[-2.76452,51.28768],[-2.76471,51.28778],[-2.76473,51.28785],[-2.7647,51.28805]]]}},{"type":"Feature","properties":{"MainHabs":"Good quality semi improved grassland","HabCodes":"GQSIG","OtherClass":"Annex1(H6210)","AddHabs":"LCGRA, LMEAD","PrimSource":"Higher Level Stewardship 2011 (GQSIG)","AreaHa":2.05,"Version":"Sept_26","UID":"PHID34690394_015469645"},"geometry":{"type":"Polygon","coordinates":[[[-2.76169,51.28837],[-2.76175,51.28827],[-2.76192,51.28818],[-2.76195,51.28821],[-2.76297,51.28767],[-2.76314,51.28808],[-2.76316,51.28821],[-2.76329,51.28828],[-2.76328,51.28849],[-2.76356,51.28876],[-2.76388,51.28938],[-2.7639,51.28947],[-2.76348,51.2896],[-2.76299,51.28997],[-2.76254,51.29014],[-2.76246,51.29001],[-2.76231,51.28992],[-2.76233,51.28982],[-2.76231,51.28966],[-2.76236,51.28952],[-2.76235,51.28936],[-2.7625,51.2893],[-2.76255,51.28921],[-2.76254,51.28916],[-2.76232,51.28903],[-2.76223,51.28881],[-2.76198,51.28855],[-2.76183,51.28843],[-2.76169,51.28837]]]}},{"type":"Feature","properties":{"MainHabs":"Good quality semi improved grassland","HabCodes":"GQSIG","PrimSource":"Higher Level Stewardship (GQSIG)","AreaHa":0.71,"Version":"Sept_26","UID":"PHID34692151_015355078"},"geometry":{"type":"Polygon","coordinates":[[[-2.76309,51.27881],[-2.76281,51.27908],[-2.76235,51.27896],[-2.76197,51.27881],[-2.76309,51.27881]]]}},{"type":"Feature","properties":{"MainHabs":"Good quality semi improved grassland","HabCodes":"GQSIG","AddHabs":"LMEAD","PrimSource":"Higher Level Stewardship 2011 (GQSIG)","AreaHa":10.55,"Version":"Sept_26","UID":"PHID34692687_015672037"},"geometry":{"type":"Polygon","coordinates":[[[-2.76251,51.30598],[-2.76332,51.3063],[-2.76453,51.30666],[-2.7654,51.30695],[-2.76614,51.30722],[-2.76647,51.30737],[-2.76691,51.30747],[-2.76685,51.30754],[-2.766,51.3072],[-2.7643,51.30886],[-2.75899,51.30827],[-2.75928,51.30777],[-2.75954,51.3074],[-2.76092,51.30565],[-2.76117,51.3054],[-2.76133,51.30535],[-2.76139,51.30541],[-2.76135,51.30538],[-2.76128,51.30542],[-2.76124,51.30538],[-2.76116,51.30542],[-2.76136,51.30558],[-2.76119,51.30565],[-2.7612,51.30569],[-2.76146,51.30591],[-2.76149,51.3059],[-2.76155,51.30595],[-2.76165,51.30591],[-2.76189,51.30612],[-2.76213,51.30601],[-2.76203,51.30593],[-2.76251,51.30598]]]}},{"type":"Feature","properties":{"MainHabs":"Good quality semi improved grassland","HabCodes":"GQSIG","AddHabs":"LMEAD","PrimSource":"Higher Level Stewardship 2011 (GQSIG)","AreaHa":0.02,"Version":"Sept_26","UID":"PHID34694392_015658406"},"geometry":{"type":"Polygon","coordinates":[[[-2.76246,51.3059],[-2.76229,51.30575],[-2.76227,51.30569],[-2.76229,51.30568],[-2.76232,51.30576],[-2.76248,51.30587],[-2.76251,51.30586],[-2.76288,51.30606],[-2.76284,51.30609],[-2.76246,51.3059]]]}},{"type":"Feature","properties":{"MainHabs":"Good quality semi improved grassland","HabCodes":"GQSIG","OtherClass":"Annex1(H6210)","AddHabs":"LCGRA, LMEAD","PrimSource":"Higher Level Stewardship 2011 (GQSIG)","AreaHa":0.06,"Version":"Sept_26","UID":"PHID34703243_015461077"},"geometry":{"type":"Polygon","coordinates":[[[-2.76108,51.28835],[-2.76102,51.28829],[-2.76077,51.28822],[-2.76072,51.28803],[-2.76057,51.28796],[-2.7608,51.28806],[-2.76111,51.28809],[-2.76112,51.28828],[-2.76108,51.28835]]]}},{"type":"Feature","properties":{"MainHabs":"Good quality semi improved grassland","HabCodes":"GQSIG","AddHabs":"LMEAD","PrimSource":"Higher Level Stewardship 2011 (GQSIG)","AreaHa":4.99,"Version":"Sept_26","UID":"PHID34719051_015671444"},"geometry":{"type":"Polygon","coordinates":[[[-2.75656,51.30798],[-2.7565,51.30798],[-2.75654,51.30791],[-2.7588,51.30679],[-2.75926,51.30452],[-2.76009,51.30458],[-2.76086,51.30478],[-2.76144,51.30501],[-2.76124,51.3053],[-2.76107,51.30542],[-2.76085,51.30567],[-2.75945,51.30746],[-2.7592,51.30782],[-2.75894,51.30826],[-2.75656,51.30798]]]}},{"type":"Feature","properties":{"MainHabs":"Good quality semi improved grassland","HabCodes":"GQSIG","AddHabs":"LCGRA","PrimSource":"Higher Level Stewardship (GQSIG)","AreaHa":0.19,"Version":"Sept_26","UID":"PHID34725219_015474743"},"geometry":{"type":"Polygon","coordinates":[[[-2.75837,51.2897],[-2.75754,51.2895],[-2.75745,51.28917],[-2.75724,51.28893],[-2.75791,51.28929],[-2.75837,51.2897]]]}},{"type":"Feature","properties":{"MainHabs":"Good quality semi improved grassland","HabCodes":"GQSIG","AddHabs":"DWOOD, LCGRA","PrimSource":"Higher Level Stewardship (GQSIG)","AreaHa":4.95,"Version":"Sept_26","UID":"PHID34753730_015370841"},"geometry":{"type":"Polygon","coordinates":[[[-2.75569,51.2802],[-2.75504,51.28074],[-2.75406,51.28088],[-2.75383,51.28106],[-2.75381,51.2812],[-2.75372,51.28133],[-2.7536,51.28132],[-2.75353,51.28109],[-2.75344,51.28099],[-2.75332,51.28097],[-2.75326,51.28104],[-2.75323,51.28115],[-2.75325,51.28155],[-2.75262,51.28116],[-2.75272,51.28071],[-2.75267,51.28054],[-2.75244,51.28051],[-2.75232,51.28054],[-2.75243,51.28045],[-2.75198,51.28002],[-2.75237,51.2799],[-2.7528,51.27952],[-2.75289,51.2794],[-2.75227,51.27921],[-2.75152,51.27881],[-2.75348,51.27881],[-2.75401,51.27948],[-2.75602,51.27991],[-2.75569,51.2802]]]}},{"type":"Feature","properties":{"MainHabs":"Good quality semi improved grassland","HabCodes":"GQSIG","OtherClass":"Annex1(H6210)","AddHabs":"LCGRA, LMEAD","AreaHa":0.48,"Version":"Sept_26","UID":"PHID34767061_015419174"},"geometry":{"type":"Polygon","coordinates":[[[-2.75288,51.28469],[-2.75276,51.28488],[-2.75142,51.28452],[-2.75097,51.2843],[-2.7505,51.28417],[-2.75081,51.28411],[-2.75099,51.284],[-2.75288,51.28469]]]}},{"type":"Feature","properties":{"MainHabs":"Good quality semi improved grassland","HabCodes":"GQSIG","AddHabs":"PMGRP","PrimSource":"Higher Level Stewardship (GQSIG)","AreaHa":12.77,"Version":"Sept_26","UID":"PHID34786205_015657231"},"geometry":{"type":"Polygon","coordinates":[[[-2.74695,51.30437],[-2.74756,51.3044],[-2.74871,51.30454],[-2.74974,51.30459],[-2.75206,51.30459],[-2.75208,51.3075],[-2.74635,51.30712],[-2.74672,51.30514],[-2.74599,51.30515],[-2.74519,51.30497],[-2.74522,51.30492],[-2.7451,51.3049],[-2.74563,51.30423],[-2.74646,51.30435],[-2.74695,51.30437]]]}},{"type":"Feature","properties":{"MainHabs":"Good quality semi improved grassland","HabCodes":"GQSIG","OtherClass":"Annex1(H6210)","AddHabs":"LCGRA, LDAGR, LMEAD","AreaHa":3.49,"Version":"Sept_26","UID":"PHID34792007_015396685"},"geometry":{"type":"Polygon","coordinates":[[[-2.75031,51.28411],[-2.75043,51.2842],[-2.75094,51.28433],[-2.7514,51.28455],[-2.75273,51.28491],[-2.75245,51.28526],[-2.75212,51.28511],[-2.7515,51.28491],[-2.75111,51.28466],[-2.75067,51.28448],[-2.75026,51.28436],[-2.74988,51.28419],[-2.74987,51.28415],[-2.74982,51.28415],[-2.74819,51.28297],[-2.74798,51.28273],[-2.74761,51.28213],[-2.74752,51.28207],[-2.74715,51.28195],[-2.74733,51.28169],[-2.74588,51.28132],[-2.74591,51.28129],[-2.74483,51.28109],[-2.74406,51.2809],[-2.74357,51.28046],[-2.74334,51.28036],[-2.74287,51.28004],[-2.74291,51.28003],[-2.7426,51.27987],[-2.74234,51.27964],[-2.74267,51.27968],[-2.7445,51.28065],[-2.74467,51.28071],[-2.74514,51.2804],[-2.74526,51.28028],[-2.74561,51.28044],[-2.74659,51.28114],[-2.74689,51.28132],[-2.74795,51.28211],[-2.74905,51.28288],[-2.74942,51.28322],[-2.75031,51.28411]]]}},{"type":"Feature","properties":{"MainHabs":"Good quality semi improved grassland","HabCodes":"GQSIG","OtherClass":"Annex1(H6210)","AddHabs":"LCGRA, LDAGR, LMEAD","AreaHa":0.3,"Version":"Sept_26","UID":"PHID34792626_015392868"},"geometry":{"type":"Polygon","coordinates":[[[-2.75038,51.28408],[-2.75065,51.28388],[-2.75096,51.28399],[-2.75078,51.28408],[-2.7504,51.28414],[-2.74908,51.28287],[-2.74798,51.2821],[-2.74692,51.2813],[-2.74662,51.28112],[-2.7457,51.28046],[-2.7454,51.2803],[-2.74509,51.2802],[-2.74531,51.28011],[-2.74904,51.28281],[-2.74939,51.2831],[-2.75038,51.28408]]]}},{"type":"Feature","properties":{"MainHabs":"Good quality semi improved grassland","HabCodes":"GQSIG","AddHabs":"LCGRA, LMEAD","PrimSource":"Higher Level Stewardship 2009 (GQSIG)","AreaHa":9.71,"Version":"Sept_26","UID":"PHID34792657_015345663"},"geometry":{"type":"Polygon","coordinates":[[[-2.75082,51.27881],[-2.749,51.28033],[-2.74708,51.27881],[-2.75082,51.27881]],[[-2.74971,51.27881],[-2.75001,51.27885],[-2.75035,51.27894],[-2.75045,51.27889],[-2.75045,51.27881],[-2.74971,51.27881]]]}},{"type":"Feature","properties":{"MainHabs":"Good quality semi improved grassland","HabCodes":"GQSIG","AddHabs":"LCGRA","PrimSource":"Higher Level Stewardship (GQSIG)","AreaHa":1.57,"Version":"Sept_26","UID":"PHID34823328_015352947"},"geometry":{"type":"Polygon","coordinates":[[[-2.74461,51.27905],[-2.74462,51.27908],[-2.74502,51.27884],[-2.74513,51.27891],[-2.74519,51.27902],[-2.74515,51.27909],[-2.74503,51.27912],[-2.74482,51.27925],[-2.74506,51.27928],[-2.74516,51.27938],[-2.74515,51.27945],[-2.74508,51.27949],[-2.74502,51.27958],[-2.74507,51.27966],[-2.74535,51.27967],[-2.74561,51.27978],[-2.74521,51.28003],[-2.74347,51.27881],[-2.74415,51.27881],[-2.74425,51.27889],[-2.74439,51.27885],[-2.74455,51.27892],[-2.74461,51.27905]]]}},{"type":"Feature","properties":{"MainHabs":"Good quality semi improved grassland","HabCodes":"GQSIG","PrimSource":"Higher Level Stewardship (GQSIG)","AreaHa":16.52,"Version":"Sept_26","UID":"PHID34872445_015626063"},"geometry":{"type":"Polygon","coordinates":[[[-2.7411,51.30307],[-2.7419,51.30322],[-2.74298,51.30354],[-2.74307,51.30349],[-2.74416,51.30368],[-2.74476,51.30384],[-2.7452,51.30408],[-2.74547,51.30419],[-2.74549,51.3042],[-2.74546,51.30427],[-2.74537,51.30438],[-2.7447,51.30489],[-2.74452,51.30476],[-2.74344,51.30465],[-2.7432,51.30465],[-2.74297,51.30458],[-2.74273,51.30463],[-2.74248,51.30465],[-2.74057,51.30439],[-2.73782,51.30419],[-2.7347,51.30407],[-2.73378,51.30394],[-2.73257,51.30384],[-2.73242,51.30379],[-2.73243,51.3036],[-2.73234,51.3034],[-2.7324,51.3032],[-2.73298,51.30276],[-2.73346,51.30215],[-2.7337,51.30207],[-2.73381,51.30199],[-2.73383,51.30196],[-2.73371,51.30189],[-2.7337,51.30182],[-2.73376,51.30163],[-2.73397,51.30136],[-2.7346,51.30141],[-2.73483,51.30149],[-2.73527,51.30156],[-2.7357,51.30168],[-2.73609,51.30182],[-2.73632,51.30195],[-2.73655,51.30201],[-2.73749,51.30221],[-2.73812,51.30229],[-2.73922,51.30266],[-2.7411,51.30307]]]}},{"type":"Feature","properties":{"MainHabs":"Good quality semi improved grassland","HabCodes":"GQSIG","OtherClass":"Annex1(H6210)","AddHabs":"CALAM, DWOOD, LCGRA, LMEAD","PrimSource":"Higher Level Stewardship (GQSIG)","AreaHa":8.63,"Version":"Sept_26","UID":"PHID34924171_015508624"},"geometry":{"type":"Polygon","coordinates":[[[-2.72742,51.29161],[-2.7283,51.29187],[-2.72857,51.29184],[-2.72889,51.29172],[-2.72909,51.29174],[-2.72946,51.29188],[-2.73023,51.29181],[-2.7305,51.29172],[-2.73096,51.29143],[-2.73146,51.29137],[-2.73165,51.2913],[-2.73189,51.29107],[-2.73251,51.29071],[-2.7326,51.29054],[-2.73313,51.29027],[-2.73345,51.29028],[-2.73348,51.29009],[-2.73401,51.29012],[-2.73417,51.29009],[-2.73414,51.29014],[-2.73417,51.29016],[-2.73441,51.29021],[-2.73439,51.29033],[-2.73488,51.29037],[-2.73511,51.29045],[-2.73505,51.29053],[-2.73475,51.29074],[-2.73395,51.2907],[-2.73367,51.29071],[-2.73308,51.29085],[-2.73305,51.29087],[-2.73302,51.29123],[-2.73259,51.29154],[-2.73231,51.29147],[-2.73194,51.29169],[-2.73222,51.29179],[-2.73216,51.29183],[-2.73141,51.29222],[-2.73076,51.29251],[-2.73033,51.29265],[-2.72975,51.29277],[-2.72919,51.29281],[-2.72856,51.29273],[-2.72796,51.29255],[-2.72742,51.2923],[-2.72742,51.29161]],[[-2.73279,51.29094],[-2.7328,51.29089],[-2.73241,51.29077],[-2.73236,51.2908],[-2.73279,51.29094]]]}},{"type":"Feature","properties":{"MainHabs":"Good quality semi improved grassland","HabCodes":"GQSIG","AddHabs":"DWOOD, LCGRA, LMEAD","PrimSource":"Higher Level Stewardship 2011 (GQSIG)","AreaHa":17.84,"Version":"Sept_26","UID":"PHID34954330_015488263"},"geometry":{"type":"Polygon","coordinates":[[[-2.73326,51.28999],[-2.73282,51.29012],[-2.73236,51.29034],[-2.73178,51.29098],[-2.73117,51.2913],[-2.7305,51.29172],[-2.73023,51.29181],[-2.72946,51.29188],[-2.72909,51.29174],[-2.72889,51.29172],[-2.72857,51.29184],[-2.7283,51.29187],[-2.72742,51.29161],[-2.72742,51.29013],[-2.73404,51.28919],[-2.73378,51.28818],[-2.73431,51.28823],[-2.73434,51.28842],[-2.73428,51.28854],[-2.73509,51.28904],[-2.73535,51.28939],[-2.73607,51.28977],[-2.73665,51.28996],[-2.73705,51.29014],[-2.7371,51.2902],[-2.73719,51.29048],[-2.73689,51.29062],[-2.73611,51.2908],[-2.73517,51.29034],[-2.73517,51.29024],[-2.73509,51.29001],[-2.73471,51.28997],[-2.73384,51.28993],[-2.73344,51.28995],[-2.73326,51.28999]],[[-2.72936,51.2909],[-2.72906,51.29058],[-2.7289,51.29067],[-2.72867,51.29046],[-2.72849,51.29076],[-2.72856,51.2908],[-2.72855,51.29088],[-2.72884,51.29093],[-2.72876,51.29099],[-2.72877,51.29108],[-2.72936,51.2909]],[[-2.72746,51.2908],[-2.72746,51.29075],[-2.72742,51.29071],[-2.72742,51.29084],[-2.72746,51.2908]],[[-2.72852,51.29114],[-2.7287,51.29111],[-2.72875,51.29106],[-2.72875,51.29101],[-2.72858,51.29094],[-2.72841,51.29097],[-2.72836,51.29102],[-2.72837,51.29107],[-2.72852,51.29114]]]}},{"type":"Feature","properties":{"MainHabs":"Lowland calcareous grassland","HabCodes":"LCGRA","AddHabs":"LHEAT","PrimSource":"National Trust Habitats Data 2021 (LCGRA)","AreaHa":37.36,"Version":"Sept_26","UID":"PHID34000325_015575667"},"geometry":{"type":"Polygon","coordinates":[[[-2.85071,51.29686],[-2.85064,51.29696],[-2.85058,51.29718],[-2.85057,51.29736],[-2.85064,51.29757],[-2.8508,51.2977],[-2.85095,51.29779],[-2.85117,51.29784],[-2.85241,51.29798],[-2.85252,51.29836],[-2.85248,51.29851],[-2.85237,51.29855],[-2.85212,51.29851],[-2.852,51.29842],[-2.85187,51.29839],[-2.8518,51.29844],[-2.85185,51.29857],[-2.85202,51.29867],[-2.85252,51.29882],[-2.85253,51.29896],[-2.85302,51.29903],[-2.85338,51.29915],[-2.85453,51.2996],[-2.85444,51.29964],[-2.85497,51.29975],[-2.85497,51.29867],[-2.85449,51.29858],[-2.8537,51.29854],[-2.85365,51.29832],[-2.85367,51.29806],[-2.85371,51.29796],[-2.85497,51.29796],[-2.85497,51.2998],[-2.85317,51.29943],[-2.85165,51.29954],[-2.85145,51.29948],[-2.85135,51.29949],[-2.85164,51.29898],[-2.85163,51.2989],[-2.8514,51.29874],[-2.85093,51.29852],[-2.85026,51.29841],[-2.84996,51.29828],[-2.84986,51.29818],[-2.84984,51.29802],[-2.84995,51.29758],[-2.84993,51.29709],[-2.84976,51.2968],[-2.84898,51.29643],[-2.84872,51.29616],[-2.84872,51.29596],[-2.84811,51.29571],[-2.84821,51.2956],[-2.84884,51.29574],[-2.84901,51.29553],[-2.84878,51.29537],[-2.84875,51.29528],[-2.84903,51.29548],[-2.84919,51.29518],[-2.84913,51.29501],[-2.84865,51.29442],[-2.84853,51.29407],[-2.84854,51.29385],[-2.84885,51.29343],[-2.84894,51.29337],[-2.84923,51.29334],[-2.84955,51.29338],[-2.85011,51.2937],[-2.85054,51.29381],[-2.85082,51.2938],[-2.85093,51.29366],[-2.85115,51.29353],[-2.8515,51.29349],[-2.85202,51.2939],[-2.85229,51.29406],[-2.85254,51.29427],[-2.85281,51.29469],[-2.85309,51.29482],[-2.85322,51.29502],[-2.8532,51.29515],[-2.85309,51.2953],[-2.8525,51.2958],[-2.85202,51.29595],[-2.85178,51.29598],[-2.85161,51.2961],[-2.85205,51.2962],[-2.85284,51.29611],[-2.85311,51.29605],[-2.85345,51.29583],[-2.85376,51.29573],[-2.85383,51.29575],[-2.85394,51.29587],[-2.85462,51.29617],[-2.85497,51.29646],[-2.85497,51.29723],[-2.85381,51.29702],[-2.85299,51.29671],[-2.85251,51.29641],[-2.85233,51.29623],[-2.85125,51.29655],[-2.85085,51.29672],[-2.85071,51.29686]],[[-2.85304,51.29629],[-2.85307,51.29642],[-2.853,51.29645],[-2.853,51.29653],[-2.85306,51.29659],[-2.85339,51.29664],[-2.85358,51.2966],[-2.85389,51.29645],[-2.85445,51.29639],[-2.85448,51.29636],[-2.85446,51.2963],[-2.85435,51.29624],[-2.85411,51.29624],[-2.85419,51.29611],[-2.85411,51.29608],[-2.85396,51.29609],[-2.85388,51.29616],[-2.85365,51.29625],[-2.85325,51.29622],[-2.85304,51.29629]],[[-2.85449,51.29669],[-2.85413,51.29682],[-2.85417,51.29688],[-2.85429,51.29695],[-2.85459,51.29705],[-2.85497,51.29711],[-2.85497,51.2969],[-2.85467,51.29685],[-2.85449,51.29669]]]}},{"type":"Feature","properties":{"MainHabs":"Lowland calcareous grassland","HabCodes":"LCGRA","AddHabs":"LHEAT","PrimSource":"Crook's Peak Somerset - Biological Survey National Trust 1995 (LCGRA)","AreaHa":0.34,"Version":"Sept_26","UID":"PHID34056995_015559467"},"geometry":{"type":"Polygon","coordinates":[[[-2.85304,51.29629],[-2.85325,51.29622],[-2.85365,51.29625],[-2.85388,51.29616],[-2.85396,51.29609],[-2.85411,51.29608],[-2.85419,51.29611],[-2.85411,51.29624],[-2.85435,51.29624],[-2.85446,51.2963],[-2.85448,51.29636],[-2.85445,51.29639],[-2.85389,51.29645],[-2.85358,51.2966],[-2.85339,51.29664],[-2.85306,51.29659],[-2.853,51.29653],[-2.853,51.29645],[-2.85307,51.29642],[-2.85304,51.29629]]]}},{"type":"Feature","properties":{"MainHabs":"Lowland calcareous grassland","HabCodes":"LCGRA","AddHabs":"LHEAT","PrimSource":"Crook's Peak Somerset - Biological Survey National Trust 1995 (LCGRA)","AreaHa":0.89,"Version":"Sept_26","UID":"PHID34059524_015551976"},"geometry":{"type":"Polygon","coordinates":[[[-2.85396,51.29551],[-2.85455,51.29601],[-2.8546,51.29617],[-2.854,51.2959],[-2.85383,51.29575],[-2.85376,51.29573],[-2.85345,51.29583],[-2.85311,51.29605],[-2.85291,51.2961],[-2.85211,51.2962],[-2.85161,51.2961],[-2.85178,51.29598],[-2.85202,51.29595],[-2.8525,51.2958],[-2.85309,51.2953],[-2.85318,51.29519],[-2.85369,51.29536],[-2.85396,51.29551]]]}},{"type":"Feature","properties":{"MainHabs":"Lowland calcareous grassland","HabCodes":"LCGRA","PrimSource":"BREXT 47 Botanical 1986 Survey of Selected Avon Grassland Sites (LCGRA)","AreaHa":2.92,"Version":"Sept_26","UID":"PHID34063242_015597921"},"geometry":{"type":"Polygon","coordinates":[[[-2.85393,51.30087],[-2.85362,51.30082],[-2.85333,51.30099],[-2.8532,51.30099],[-2.8531,51.30091],[-2.85301,51.3008],[-2.85325,51.3008],[-2.85337,51.30074],[-2.85338,51.30049],[-2.85351,51.30033],[-2.85349,51.30025],[-2.85341,51.3002],[-2.85289,51.3002],[-2.85288,51.30035],[-2.85141,51.30008],[-2.85103,51.2999],[-2.85091,51.29976],[-2.85086,51.29973],[-2.85054,51.29974],[-2.84985,51.29985],[-2.84978,51.29969],[-2.85317,51.29943],[-2.85439,51.29967],[-2.85435,51.29968],[-2.85407,51.29963],[-2.854,51.30064],[-2.85497,51.30075],[-2.85497,51.30127],[-2.8539,51.30116],[-2.85393,51.30087]]]}},{"type":"Feature","properties":{"MainHabs":"Lowland calcareous grassland","HabCodes":"LCGRA","AddHabs":"LHEAT","PrimSource":"Crook's Peak Somerset - Biological Survey National Trust 1995 (LCGRA)","AreaHa":0.29,"Version":"Sept_26","UID":"PHID34092182_015548752"},"geometry":{"type":"Polygon","coordinates":[[[-2.84821,51.2956],[-2.84853,51.29527],[-2.84907,51.29494],[-2.84913,51.29501],[-2.84919,51.29518],[-2.84903,51.29548],[-2.84875,51.29528],[-2.84878,51.29537],[-2.84901,51.29553],[-2.84884,51.29574],[-2.84821,51.2956]]]}},{"type":"Feature","properties":{"MainHabs":"Lowland calcareous grassland","HabCodes":"LCGRA","AddHabs":"LHEAT","PrimSource":"National Trust Habitats Data 2021 (LCGRA)","AreaHa":0.41,"Version":"Sept_26","UID":"PHID34140425_015493083"},"geometry":{"type":"Polygon","coordinates":[[[-2.8415,51.29018],[-2.84221,51.29024],[-2.84265,51.29042],[-2.84275,51.29052],[-2.84258,51.29054],[-2.84231,51.29062],[-2.84215,51.29044],[-2.84217,51.2903],[-2.84203,51.29027],[-2.84196,51.2903],[-2.84197,51.2904],[-2.84223,51.29067],[-2.84219,51.29067],[-2.84214,51.29072],[-2.84201,51.29077],[-2.84178,51.29077],[-2.84175,51.29076],[-2.84174,51.29071],[-2.84135,51.29067],[-2.8413,51.29062],[-2.84132,51.29046],[-2.84129,51.29032],[-2.84136,51.29024],[-2.8415,51.29018]]]}},{"type":"Feature","properties":{"MainHabs":"Lowland calcareous grassland","HabCodes":"LCGRA","AddHabs":"LHEAT","PrimSource":"National Trust Habitats Data 2021 (LCGRA)","AreaHa":16.13,"Version":"Sept_26","UID":"PHID34149969_015540637"},"geometry":{"type":"Polygon","coordinates":[[[-2.84018,51.29235],[-2.84032,51.29249],[-2.84056,51.29254],[-2.84055,51.29286],[-2.84064,51.29297],[-2.84076,51.29323],[-2.84089,51.29338],[-2.84133,51.29346],[-2.84139,51.29351],[-2.84143,51.29376],[-2.84157,51.29392],[-2.84154,51.29403],[-2.8414,51.29418],[-2.84148,51.29435],[-2.84172,51.29436],[-2.84195,51.29441],[-2.84207,51.2945],[-2.84215,51.29466],[-2.84213,51.29482],[-2.84194,51.2947],[-2.84179,51.2947],[-2.84169,51.29479],[-2.84122,51.29498],[-2.84119,51.29505],[-2.84126,51.2951],[-2.84146,51.2951],[-2.84147,51.29518],[-2.84152,51.29523],[-2.84158,51.295],[-2.84167,51.29487],[-2.84172,51.29486],[-2.84175,51.29491],[-2.84164,51.29521],[-2.84177,51.2951],[-2.84181,51.29493],[-2.84189,51.29494],[-2.84197,51.295],[-2.84202,51.29512],[-2.84196,51.29528],[-2.842,51.29541],[-2.84191,51.2955],[-2.84196,51.29561],[-2.84202,51.29562],[-2.84204,51.29566],[-2.8418,51.29587],[-2.84183,51.29589],[-2.84221,51.29586],[-2.84223,51.29577],[-2.84216,51.29537],[-2.84238,51.29546],[-2.84268,51.29571],[-2.843,51.2962],[-2.84319,51.29668],[-2.84335,51.29747],[-2.84335,51.29784],[-2.84338,51.29798],[-2.8436,51.29814],[-2.84445,51.29841],[-2.84441,51.29855],[-2.84435,51.29864],[-2.84402,51.29867],[-2.84227,51.29778],[-2.84199,51.29755],[-2.84186,51.29748],[-2.84135,51.29735],[-2.84072,51.29725],[-2.84046,51.29703],[-2.84015,51.29695],[-2.84017,51.29689],[-2.84029,51.29676],[-2.84026,51.29667],[-2.84015,51.29658],[-2.83991,51.29653],[-2.84027,51.29631],[-2.84028,51.29623],[-2.84011,51.29605],[-2.8398,51.29602],[-2.83958,51.29586],[-2.8396,51.29559],[-2.83958,51.29552],[-2.83971,51.29547],[-2.84005,51.29548],[-2.8401,51.29542],[-2.84007,51.29534],[-2.83969,51.29494],[-2.83908,51.29471],[-2.83806,51.29421],[-2.83772,51.29385],[-2.83772,51.29354],[-2.83792,51.29352],[-2.83788,51.29352],[-2.83789,51.29356],[-2.83813,51.29369],[-2.83833,51.29376],[-2.83837,51.29372],[-2.83845,51.29279],[-2.83843,51.29276],[-2.83855,51.29262],[-2.8383,51.29254],[-2.8383,51.29216],[-2.83838,51.29198],[-2.83838,51.2919],[-2.83789,51.29149],[-2.8374,51.29094],[-2.83686,51.29046],[-2.83656,51.29037],[-2.83634,51.29035],[-2.83649,51.29006],[-2.83716,51.29006],[-2.83731,51.29013],[-2.83735,51.29019],[-2.83765,51.29017],[-2.83784,51.2902],[-2.83807,51.29034],[-2.83808,51.29047],[-2.83814,51.29049],[-2.83852,51.29041],[-2.83877,51.2903],[-2.83886,51.2903],[-2.83893,51.29035],[-2.83899,51.29035],[-2.83914,51.29021],[-2.83933,51.2902],[-2.83942,51.29035],[-2.83941,51.29047],[-2.83899,51.29047],[-2.83888,51.2905],[-2.83885,51.29056],[-2.83922,51.29061],[-2.83928,51.29069],[-2.83935,51.29071],[-2.83935,51.29079],[-2.83977,51.29082],[-2.83985,51.29077],[-2.83991,51.29068],[-2.84005,51.29066],[-2.84008,51.29063],[-2.83986,51.29053],[-2.83983,51.29042],[-2.83987,51.29035],[-2.84016,51.2904],[-2.84032,51.29037],[-2.84058,51.29042],[-2.84084,51.29042],[-2.84139,51.29007],[-2.84136,51.29018],[-2.84127,51.29024],[-2.8412,51.29033],[-2.84122,51.29045],[-2.84115,51.29057],[-2.84104,51.29062],[-2.84101,51.29085],[-2.84104,51.29095],[-2.84111,51.291],[-2.84098,51.29101],[-2.84081,51.29094],[-2.84055,51.29101],[-2.84067,51.29107],[-2.84053,51.29114],[-2.84067,51.29122],[-2.8406,51.29128],[-2.8406,51.29132],[-2.84045,51.29131],[-2.84043,51.29134],[-2.84058,51.29141],[-2.84071,51.29151],[-2.84068,51.29157],[-2.84045,51.29151],[-2.84038,51.29154],[-2.84051,51.29161],[-2.8407,51.29161],[-2.84072,51.29165],[-2.84068,51.29171],[-2.84083,51.29179],[-2.84072,51.29203],[-2.84061,51.29205],[-2.8405,51.29214],[-2.84023,51.29221],[-2.84018,51.29227],[-2.84018,51.29235]],[[-2.83955,51.29473],[-2.8396,51.29468],[-2.83936,51.29454],[-2.83907,51.29441],[-2.83868,51.29429],[-2.83855,51.2942],[-2.8385,51.29421],[-2.83849,51.29428],[-2.83861,51.29435],[-2.83943,51.29471],[-2.83955,51.29473]]]}},{"type":"Feature","properties":{"MainHabs":"Lowland calcareous grassland","HabCodes":"LCGRA","OtherClass":"Annex1(H8310)","PrimSource":"Natural England's SSSI database ENSIS (LCGRA)","AreaHa":0.42,"Version":"Sept_26","UID":"PHID34238499_015495170"},"geometry":{"type":"Polygon","coordinates":[[[-2.82812,51.29083],[-2.82834,51.29104],[-2.82838,51.29104],[-2.82837,51.29101],[-2.82843,51.291],[-2.82856,51.29115],[-2.82804,51.29107],[-2.82709,51.29073],[-2.82694,51.29077],[-2.82672,51.29091],[-2.82673,51.291],[-2.82679,51.29112],[-2.82671,51.29092],[-2.8268,51.2908],[-2.82678,51.29073],[-2.8269,51.29075],[-2.82696,51.29073],[-2.82664,51.29067],[-2.827,51.29054],[-2.82716,51.29042],[-2.82733,51.29047],[-2.8274,51.29038],[-2.82744,51.29041],[-2.82754,51.29037],[-2.82781,51.29054],[-2.82812,51.29083]]]}},{"type":"Feature","properties":{"MainHabs":"Lowland calcareous grassland","HabCodes":"LCGRA","OtherClass":"Annex1(H8310)","PrimSource":"SERC Site Data 1995 (LCGRA)","AreaHa":0.65,"Version":"Sept_26","UID":"PHID34248424_015508279"},"geometry":{"type":"Polygon","coordinates":[[[-2.82608,51.29229],[-2.82581,51.29221],[-2.82568,51.29203],[-2.82553,51.29161],[-2.82575,51.29152],[-2.82628,51.29158],[-2.8268,51.29132],[-2.82691,51.29138],[-2.82666,51.29156],[-2.82665,51.29162],[-2.8267,51.29174],[-2.82666,51.2919],[-2.82673,51.29222],[-2.82669,51.29242],[-2.82608,51.29229]]]}},{"type":"Feature","properties":{"MainHabs":"Lowland calcareous grassland","HabCodes":"LCGRA","OtherClass":"Annex1(H8310)","PrimSource":"Crook's Peak Somerset - Biological Survey National Trust 1995 (LCGRA)","AreaHa":3.56,"Version":"Sept_26","UID":"PHID34256109_015517856"},"geometry":{"type":"Polygon","coordinates":[[[-2.82444,51.29361],[-2.82452,51.29346],[-2.82448,51.29284],[-2.82462,51.2923],[-2.82459,51.29222],[-2.82441,51.29214],[-2.82453,51.29199],[-2.82426,51.2917],[-2.82426,51.29163],[-2.82458,51.29167],[-2.8248,51.29165],[-2.825,51.29155],[-2.82539,51.29146],[-2.82545,51.29151],[-2.82575,51.29152],[-2.82553,51.29161],[-2.82568,51.29203],[-2.82581,51.29221],[-2.82669,51.29242],[-2.82657,51.29248],[-2.82625,51.29255],[-2.8261,51.29263],[-2.82591,51.29281],[-2.82584,51.29298],[-2.82588,51.2931],[-2.82599,51.29318],[-2.82666,51.29327],[-2.82693,51.29336],[-2.82696,51.29342],[-2.82693,51.2935],[-2.82674,51.29366],[-2.82611,51.29388],[-2.82576,51.29411],[-2.8255,51.29407],[-2.82515,51.29411],[-2.82465,51.29411],[-2.8243,51.29429],[-2.82396,51.29432],[-2.82386,51.29422],[-2.82385,51.29402],[-2.82372,51.29392],[-2.82348,51.29393],[-2.82336,51.2939],[-2.82337,51.29382],[-2.82353,51.29371],[-2.8239,51.29379],[-2.82434,51.29369],[-2.82444,51.29361]]]}},{"type":"Feature","properties":{"MainHabs":"Lowland calcareous grassland","HabCodes":"LCGRA","OtherClass":"Annex1(H8310)","PrimSource":"SERC Site Data 1995 (LCGRA)","AreaHa":2.78,"Version":"Sept_26","UID":"PHID34261339_015538318"},"geometry":{"type":"Polygon","coordinates":[[[-2.82574,51.29412],[-2.82556,51.29431],[-2.82554,51.29455],[-2.82549,51.29464],[-2.82492,51.29503],[-2.82482,51.29519],[-2.82483,51.2953],[-2.82462,51.29543],[-2.82453,51.29557],[-2.82449,51.29578],[-2.82433,51.29592],[-2.82344,51.29573],[-2.82385,51.29566],[-2.82392,51.29559],[-2.82408,51.29553],[-2.82408,51.29548],[-2.82383,51.2954],[-2.82366,51.29526],[-2.82348,51.29516],[-2.82337,51.29465],[-2.82319,51.29461],[-2.8229,51.29471],[-2.8223,51.29466],[-2.82227,51.2944],[-2.82272,51.29407],[-2.82292,51.29387],[-2.82261,51.29367],[-2.82258,51.29356],[-2.82259,51.29346],[-2.8227,51.29343],[-2.82332,51.29352],[-2.82346,51.2937],[-2.82353,51.29371],[-2.82337,51.29382],[-2.82336,51.2939],[-2.82348,51.29393],[-2.82372,51.29392],[-2.82385,51.29402],[-2.82386,51.29422],[-2.82396,51.29432],[-2.8243,51.29429],[-2.82465,51.29411],[-2.82515,51.29411],[-2.8255,51.29407],[-2.82576,51.29411],[-2.82574,51.29412]]]}},{"type":"Feature","properties":{"MainHabs":"Lowland calcareous grassland","HabCodes":"LCGRA","PrimSource":"Mendip Ecological Survey of Semi-natural Habitiats 1977 (LCGRA)","AreaHa":0.44,"Version":"Sept_26","UID":"PHID34262407_015895725"},"geometry":{"type":"Polygon","coordinates":[[[-2.82413,51.32697],[-2.82418,51.32657],[-2.82479,51.32657],[-2.8255,51.32666],[-2.82558,51.32685],[-2.82545,51.32704],[-2.82538,51.32706],[-2.82482,51.32701],[-2.82466,51.32697],[-2.82413,51.32697]]]}},{"type":"Feature","properties":{"MainHabs":"Lowland calcareous grassland","HabCodes":"LCGRA","OtherClass":"Annex1(H8310)","PrimSource":"National Trust Habitats Data 2021 (LCGRA)","AreaHa":12.88,"Version":"Sept_26","UID":"PHID34264445_015510666"},"geometry":{"type":"Polygon","coordinates":[[[-2.82441,51.29214],[-2.82459,51.29222],[-2.82462,51.2923],[-2.82448,51.29284],[-2.82452,51.29346],[-2.82446,51.29359],[-2.82434,51.29369],[-2.8239,51.29379],[-2.82346,51.2937],[-2.82332,51.29352],[-2.8227,51.29343],[-2.82259,51.29346],[-2.82258,51.29356],[-2.82261,51.29367],[-2.82292,51.29387],[-2.82272,51.29407],[-2.82227,51.2944],[-2.82235,51.29517],[-2.82258,51.2953],[-2.82239,51.29568],[-2.82126,51.2959],[-2.82122,51.29621],[-2.82114,51.29654],[-2.82069,51.2967],[-2.82057,51.29689],[-2.82032,51.29672],[-2.81999,51.29667],[-2.82014,51.29628],[-2.82045,51.29572],[-2.82059,51.29506],[-2.82083,51.29437],[-2.8218,51.29358],[-2.82225,51.29331],[-2.82236,51.29319],[-2.8223,51.29308],[-2.82206,51.29292],[-2.82185,51.29268],[-2.82175,51.2925],[-2.82172,51.29217],[-2.82178,51.29202],[-2.82199,51.29202],[-2.82209,51.29196],[-2.82209,51.29188],[-2.82191,51.29182],[-2.82181,51.29183],[-2.82173,51.29172],[-2.82172,51.29165],[-2.82179,51.2916],[-2.82213,51.29155],[-2.8222,51.29151],[-2.82218,51.29144],[-2.82232,51.29123],[-2.82261,51.29115],[-2.82263,51.29107],[-2.82272,51.291],[-2.8226,51.29087],[-2.82261,51.29084],[-2.82274,51.29077],[-2.82313,51.29077],[-2.82321,51.29073],[-2.82324,51.29064],[-2.82372,51.29069],[-2.82385,51.29059],[-2.82404,51.29059],[-2.82426,51.29052],[-2.8243,51.29035],[-2.82426,51.28943],[-2.82382,51.28956],[-2.82359,51.28957],[-2.8235,51.28954],[-2.82413,51.28946],[-2.82504,51.28901],[-2.82601,51.28941],[-2.82633,51.28957],[-2.82742,51.2902],[-2.82793,51.29058],[-2.82749,51.29026],[-2.82747,51.29032],[-2.8274,51.29038],[-2.82682,51.29003],[-2.82656,51.28994],[-2.8259,51.28984],[-2.82572,51.28984],[-2.82567,51.28989],[-2.82569,51.28996],[-2.8258,51.29008],[-2.82618,51.29015],[-2.82636,51.29026],[-2.82649,51.29039],[-2.82666,51.29046],[-2.82655,51.29055],[-2.82653,51.2906],[-2.82655,51.29064],[-2.82696,51.29073],[-2.8269,51.29075],[-2.82678,51.29073],[-2.8268,51.2908],[-2.82671,51.29091],[-2.82674,51.29105],[-2.82685,51.2912],[-2.82676,51.29126],[-2.8268,51.29132],[-2.82628,51.29158],[-2.82614,51.29158],[-2.82595,51.29153],[-2.82545,51.29151],[-2.82539,51.29146],[-2.825,51.29155],[-2.8248,51.29165],[-2.82458,51.29167],[-2.82426,51.29163],[-2.82426,51.2917],[-2.82453,51.29199],[-2.82441,51.29214]]]}},{"type":"Feature","properties":{"MainHabs":"Lowland calcareous grassland","HabCodes":"LCGRA","OtherClass":"Annex1(H8310)","PrimSource":"SERC Site Data 1995 (LCGRA)","AreaHa":0.75,"Version":"Sept_26","UID":"PHID34264639_015488797"},"geometry":{"type":"Polygon","coordinates":[[[-2.82264,51.29082],[-2.82248,51.29098],[-2.82246,51.29096],[-2.82251,51.29086],[-2.82275,51.29061],[-2.82276,51.29047],[-2.8229,51.29035],[-2.82338,51.29026],[-2.82375,51.29004],[-2.82387,51.28995],[-2.8239,51.28981],[-2.82405,51.28969],[-2.82399,51.2896],[-2.82391,51.28957],[-2.82427,51.28946],[-2.8243,51.29035],[-2.82426,51.29052],[-2.82404,51.29059],[-2.82385,51.29059],[-2.82372,51.29069],[-2.82324,51.29064],[-2.82321,51.29073],[-2.82313,51.29077],[-2.82274,51.29077],[-2.82264,51.29082]]]}},{"type":"Feature","properties":{"MainHabs":"Lowland calcareous grassland","HabCodes":"LCGRA","PrimSource":"Crook's Peak Somerset - Biological Survey National Trust 1995 (LCGRA)","AreaHa":0.37,"Version":"Sept_26","UID":"PHID34271020_015580748"},"geometry":{"type":"Polygon","coordinates":[[[-2.82396,51.29861],[-2.82391,51.29866],[-2.82365,51.29874],[-2.82348,51.29872],[-2.82332,51.29857],[-2.82311,51.29874],[-2.82241,51.29854],[-2.82247,51.29842],[-2.82259,51.29829],[-2.82301,51.29824],[-2.82334,51.29833],[-2.82365,51.29836],[-2.82383,51.29855],[-2.82396,51.29861]]]}},{"type":"Feature","properties":{"MainHabs":"Lowland calcareous grassland","HabCodes":"LCGRA","OtherClass":"Annex1(H8310)","PrimSource":"Crook's Peak Somerset - Biological Survey National Trust 1995 (LCGRA)","AreaHa":2.71,"Version":"Sept_26","UID":"PHID34271879_015554443"},"geometry":{"type":"Polygon","coordinates":[[[-2.82297,51.2957],[-2.82342,51.29611],[-2.82383,51.29631],[-2.8238,51.29649],[-2.82343,51.29694],[-2.82324,51.29732],[-2.82297,51.29754],[-2.82261,51.29829],[-2.82247,51.29842],[-2.82241,51.29854],[-2.82182,51.29842],[-2.8219,51.29811],[-2.822,51.29786],[-2.82202,51.2977],[-2.82215,51.29761],[-2.82225,51.29688],[-2.82258,51.29684],[-2.82267,51.29526],[-2.82287,51.29471],[-2.82319,51.29461],[-2.82337,51.29465],[-2.82348,51.29516],[-2.82366,51.29526],[-2.82383,51.2954],[-2.82408,51.29548],[-2.82408,51.29553],[-2.82392,51.29559],[-2.82385,51.29566],[-2.82367,51.29571],[-2.82344,51.29573],[-2.82321,51.29568],[-2.82355,51.29594],[-2.82353,51.296],[-2.82349,51.29603],[-2.82312,51.29574],[-2.82315,51.29568],[-2.82297,51.2957]]]}},{"type":"Feature","properties":{"MainHabs":"Lowland calcareous grassland","HabCodes":"LCGRA","OtherClass":"Annex1(H8310)","PrimSource":"SERC Site Data 1995 (LCGRA)","AreaHa":1.37,"Version":"Sept_26","UID":"PHID34280441_015514647"},"geometry":{"type":"Polygon","coordinates":[[[-2.82178,51.29202],[-2.82172,51.29217],[-2.82175,51.2925],[-2.82185,51.29268],[-2.82206,51.29292],[-2.8223,51.29308],[-2.82236,51.29319],[-2.82225,51.29331],[-2.8218,51.29358],[-2.82098,51.29423],[-2.82103,51.29349],[-2.82099,51.29315],[-2.8213,51.2927],[-2.82143,51.29229],[-2.82158,51.29203],[-2.82122,51.29205],[-2.8215,51.29142],[-2.82174,51.29144],[-2.82226,51.2913],[-2.82218,51.29144],[-2.8222,51.29151],[-2.82213,51.29155],[-2.82179,51.2916],[-2.82172,51.29165],[-2.82173,51.29172],[-2.82181,51.29183],[-2.82191,51.29182],[-2.82209,51.29188],[-2.82209,51.29196],[-2.82199,51.29202],[-2.82178,51.29202]]]}},{"type":"Feature","properties":{"MainHabs":"Lowland calcareous grassland","HabCodes":"LCGRA","OtherClass":"Annex1(H8310)","PrimSource":"Natural England's SSSI database ENSIS (LCGRA)","AreaHa":0.18,"Version":"Sept_26","UID":"PHID34283506_015605059"},"geometry":{"type":"Polygon","coordinates":[[[-2.8223,51.30088],[-2.8218,51.30087],[-2.82132,51.30076],[-2.82065,51.30068],[-2.82123,51.30059],[-2.82148,51.30049],[-2.82176,51.30065],[-2.82201,51.30073],[-2.8223,51.30088]]]}},{"type":"Feature","properties":{"MainHabs":"Lowland calcareous grassland","HabCodes":"LCGRA","OtherClass":"Annex1(H8310)","PrimSource":"Natural England's SSSI database ENSIS (LCGRA)","AreaHa":0.42,"Version":"Sept_26","UID":"PHID34283636_015513865"},"geometry":{"type":"Polygon","coordinates":[[[-2.82098,51.29423],[-2.82083,51.29437],[-2.82082,51.29435],[-2.82086,51.29288],[-2.82122,51.29205],[-2.82158,51.29203],[-2.82143,51.29229],[-2.8213,51.2927],[-2.82099,51.29315],[-2.82103,51.29349],[-2.82098,51.29423]]]}},{"type":"Feature","properties":{"MainHabs":"Lowland calcareous grassland","HabCodes":"LCGRA","OtherClass":"Annex1(H8310)","PrimSource":"Natural England's SSSI database ENSIS (LCGRA)","AreaHa":10.18,"Version":"Sept_26","UID":"PHID34288536_015582293"},"geometry":{"type":"Polygon","coordinates":[[[-2.8219,51.3009],[-2.82229,51.3009],[-2.82228,51.30097],[-2.82179,51.30111],[-2.82154,51.30108],[-2.82081,51.30088],[-2.82059,51.30085],[-2.81998,51.301],[-2.8197,51.30102],[-2.81914,51.30093],[-2.81883,51.30094],[-2.81826,51.30104],[-2.81826,51.30095],[-2.81893,51.29937],[-2.81978,51.29708],[-2.81999,51.29667],[-2.82032,51.29672],[-2.82057,51.29689],[-2.82069,51.2967],[-2.82114,51.29654],[-2.82122,51.29621],[-2.82126,51.2959],[-2.82239,51.29568],[-2.82258,51.2953],[-2.82235,51.29517],[-2.8223,51.29466],[-2.8229,51.29471],[-2.82287,51.29471],[-2.82267,51.29526],[-2.82258,51.29684],[-2.82225,51.29688],[-2.82215,51.29761],[-2.82202,51.2977],[-2.822,51.29786],[-2.8219,51.29811],[-2.82182,51.29842],[-2.82241,51.29854],[-2.8223,51.29874],[-2.82186,51.29902],[-2.82162,51.29941],[-2.82158,51.29956],[-2.82162,51.29971],[-2.82151,51.29991],[-2.82141,51.30031],[-2.82148,51.30048],[-2.82125,51.30056],[-2.8206,51.30067],[-2.82057,51.30064],[-2.82074,51.30054],[-2.82077,51.30048],[-2.82071,51.30042],[-2.82057,51.30042],[-2.82048,51.30046],[-2.82044,51.30054],[-2.82049,51.30069],[-2.81995,51.30081],[-2.8197,51.30081],[-2.81922,51.30075],[-2.81912,51.30066],[-2.81905,51.30026],[-2.81909,51.29968],[-2.81952,51.2986],[-2.81997,51.29721],[-2.81994,51.29721],[-2.81948,51.2986],[-2.81904,51.29974],[-2.81901,51.30021],[-2.81904,51.30046],[-2.81909,51.30067],[-2.81917,51.30076],[-2.81978,51.30084],[-2.82058,51.30071],[-2.82087,51.30072],[-2.82131,51.30077],[-2.82169,51.30088],[-2.8219,51.3009]]]}},{"type":"Feature","properties":{"MainHabs":"Lowland calcareous grassland","HabCodes":"LCGRA","PrimSource":"Natural England's SSSI database ENSIS (LCGRA)","AreaHa":0.48,"Version":"Sept_26","UID":"PHID34291259_015501141"},"geometry":{"type":"Polygon","coordinates":[[[-2.82142,51.2916],[-2.8202,51.29149],[-2.81905,51.29146],[-2.81904,51.29135],[-2.81959,51.29121],[-2.81985,51.29111],[-2.8215,51.29142],[-2.82142,51.2916]]]}},{"type":"Feature","properties":{"MainHabs":"Lowland calcareous grassland","HabCodes":"LCGRA","OtherClass":"Annex1(H6210)","PrimSource":"Natural England's SSSI database ENSIS (LCGRA)","AreaHa":0.75,"Version":"Sept_26","UID":"PHID34293712_015497453"},"geometry":{"type":"Polygon","coordinates":[[[-2.81941,51.29166],[-2.819,51.29149],[-2.81895,51.2913],[-2.819,51.29114],[-2.8194,51.29105],[-2.81945,51.29097],[-2.81944,51.29073],[-2.81963,51.29068],[-2.81989,51.29068],[-2.81987,51.29086],[-2.82042,51.29089],[-2.82046,51.29081],[-2.8203,51.29063],[-2.82034,51.29061],[-2.8198,51.29061],[-2.81967,51.29042],[-2.81898,51.29044],[-2.81901,51.29072],[-2.81749,51.29059],[-2.81762,51.29045],[-2.81771,51.29042],[-2.82014,51.29039],[-2.82031,51.29042],[-2.82052,51.2908],[-2.82046,51.2909],[-2.81986,51.29106],[-2.81985,51.29111],[-2.81959,51.29121],[-2.81904,51.29135],[-2.81905,51.29146],[-2.81945,51.29147],[-2.81941,51.29166]]]}},{"type":"Feature","properties":{"MainHabs":"Lowland calcareous grassland","HabCodes":"LCGRA","PrimSource":"Higher Level Stewardship 2010 (LCGRA)","AreaHa":14.53,"Version":"Sept_26","UID":"PHID34297925_015879106"},"geometry":{"type":"Polygon","coordinates":[[[-2.81851,51.32637],[-2.81817,51.3263],[-2.81793,51.32629],[-2.81756,51.32641],[-2.81736,51.32643],[-2.81723,51.32649],[-2.81586,51.32667],[-2.81544,51.32671],[-2.81527,51.32664],[-2.81514,51.32651],[-2.81497,51.3262],[-2.81483,51.32604],[-2.81433,51.32578],[-2.81424,51.32567],[-2.81424,51.32555],[-2.81419,51.32551],[-2.81461,51.32528],[-2.81477,51.32524],[-2.81607,51.32464],[-2.81636,51.32455],[-2.81741,51.3243],[-2.81829,51.32423],[-2.81913,51.32404],[-2.81952,51.32401],[-2.82039,51.32411],[-2.82103,51.32405],[-2.82167,51.32409],[-2.82204,51.32423],[-2.82266,51.32437],[-2.82266,51.32473],[-2.8235,51.32468],[-2.82498,51.32472],[-2.82506,51.32591],[-2.82491,51.32597],[-2.82449,51.32599],[-2.82291,51.32618],[-2.82257,51.32615],[-2.82226,51.32602],[-2.82142,51.32586],[-2.82084,51.32585],[-2.8198,51.32595],[-2.81969,51.326],[-2.81966,51.32626],[-2.81949,51.32629],[-2.81946,51.32641],[-2.81935,51.32644],[-2.81907,51.32646],[-2.8187,51.32636],[-2.81851,51.32637]]]}},{"type":"Feature","properties":{"MainHabs":"Lowland calcareous grassland","HabCodes":"LCGRA","OtherClass":"Annex1(H6210)","PrimSource":"Natural England's SSSI database ENSIS (LCGRA)","AreaHa":0.03,"Version":"Sept_26","UID":"PHID34300029_015500969"},"geometry":{"type":"Polygon","coordinates":[[[-2.81895,51.29147],[-2.81875,51.2914],[-2.81869,51.29132],[-2.81892,51.29125],[-2.81895,51.29147]]]}},{"type":"Feature","properties":{"MainHabs":"Lowland calcareous grassland","HabCodes":"LCGRA","OtherClass":"Annex1(H6210)","PrimSource":"Natural England's SSSI database ENSIS (LCGRA)","AreaHa":0.18,"Version":"Sept_26","UID":"PHID34300864_015495516"},"geometry":{"type":"Polygon","coordinates":[[[-2.81893,51.29108],[-2.81782,51.29064],[-2.81902,51.29075],[-2.81904,51.29107],[-2.81893,51.29108]]]}},{"type":"Feature","properties":{"MainHabs":"Lowland calcareous grassland","HabCodes":"LCGRA","OtherClass":"Annex1(H6210)","PrimSource":"Natural England's SSSI database ENSIS (LCGRA)","AreaHa":0.33,"Version":"Sept_26","UID":"PHID34302075_015502635"},"geometry":{"type":"Polygon","coordinates":[[[-2.81767,51.29119],[-2.81788,51.29112],[-2.81787,51.29141],[-2.81782,51.29143],[-2.81799,51.29152],[-2.81824,51.29159],[-2.81852,51.29139],[-2.81843,51.29142],[-2.81835,51.29137],[-2.81859,51.29127],[-2.81858,51.29121],[-2.81866,51.29123],[-2.81877,51.29109],[-2.81877,51.29104],[-2.8189,51.29109],[-2.81894,51.29119],[-2.81868,51.29129],[-2.81864,51.29133],[-2.81867,51.29137],[-2.81939,51.29168],[-2.81883,51.29175],[-2.81864,51.29173],[-2.81861,51.2917],[-2.81808,51.29174],[-2.81802,51.29169],[-2.81782,51.29162],[-2.8178,51.29156],[-2.81782,51.29139],[-2.81766,51.29123],[-2.81767,51.29119]]]}},{"type":"Feature","properties":{"MainHabs":"Lowland calcareous grassland","HabCodes":"LCGRA","PrimSource":"Aerial Photographs 1994 (LCGRA)","AreaHa":0.11,"Version":"Sept_26","UID":"PHID34303678_015526737"},"geometry":{"type":"Polygon","coordinates":[[[-2.81697,51.29463],[-2.81817,51.29374],[-2.81923,51.29315],[-2.81981,51.29271],[-2.81991,51.29272],[-2.81933,51.29312],[-2.8193,51.29317],[-2.8182,51.29377],[-2.81697,51.29463]]]}},{"type":"Feature","properties":{"MainHabs":"Lowland calcareous grassland","HabCodes":"LCGRA","OtherClass":"Annex1(H6210)","PrimSource":"Aerial Photographs 1994 (LCGRA)","AreaHa":1.17,"Version":"Sept_26","UID":"PHID34304660_015523644"},"geometry":{"type":"Polygon","coordinates":[[[-2.81658,51.2949],[-2.81703,51.29438],[-2.81721,51.29412],[-2.81775,51.29346],[-2.81862,51.29262],[-2.81874,51.29258],[-2.81894,51.29259],[-2.81907,51.29261],[-2.81926,51.29271],[-2.81939,51.29267],[-2.81981,51.29271],[-2.81923,51.29315],[-2.81796,51.29388],[-2.81658,51.2949]]]}},{"type":"Feature","properties":{"MainHabs":"Lowland calcareous grassland","HabCodes":"LCGRA","OtherClass":"Annex1(H6210)","PrimSource":"Natural England's SSSI database ENSIS (LCGRA)","AreaHa":0.02,"Version":"Sept_26","UID":"PHID34311090_015494771"},"geometry":{"type":"Polygon","coordinates":[[[-2.81728,51.29101],[-2.81718,51.29086],[-2.81715,51.29071],[-2.81723,51.29068],[-2.81728,51.29069],[-2.81728,51.29101]]]}},{"type":"Feature","properties":{"MainHabs":"Lowland calcareous grassland","HabCodes":"LCGRA","OtherClass":"Annex1(H6210)","PrimSource":"Higher Level Stewardship 2011 (LCGRA)","AreaHa":1.68,"Version":"Sept_26","UID":"PHID34336404_015509173"},"geometry":{"type":"Polygon","coordinates":[[[-2.81446,51.29336],[-2.81426,51.29338],[-2.81428,51.29328],[-2.81425,51.29317],[-2.81379,51.29242],[-2.81357,51.29248],[-2.81348,51.29254],[-2.81343,51.29262],[-2.81345,51.29272],[-2.81341,51.29267],[-2.81332,51.29265],[-2.81318,51.29279],[-2.81309,51.29283],[-2.81288,51.29284],[-2.81272,51.29276],[-2.81269,51.29254],[-2.81263,51.29253],[-2.81257,51.29264],[-2.81251,51.29265],[-2.8124,51.29255],[-2.81217,51.29247],[-2.81215,51.2924],[-2.81236,51.29236],[-2.81236,51.29232],[-2.81221,51.29231],[-2.81228,51.29223],[-2.81223,51.29217],[-2.81273,51.29211],[-2.81264,51.292],[-2.81277,51.29199],[-2.8128,51.29212],[-2.81269,51.29217],[-2.81304,51.29224],[-2.81299,51.29204],[-2.81301,51.29199],[-2.81267,51.29175],[-2.81302,51.29173],[-2.81391,51.29178],[-2.81409,51.29187],[-2.81429,51.29229],[-2.81453,51.29242],[-2.81488,51.29282],[-2.81502,51.29307],[-2.81511,51.2934],[-2.81507,51.29347],[-2.81504,51.2934],[-2.81485,51.29338],[-2.81469,51.29332],[-2.81446,51.29336]]]}},{"type":"Feature","properties":{"MainHabs":"Lowland calcareous grassland","HabCodes":"LCGRA","OtherClass":"Annex1(H6210)","PrimSource":"Higher Level Stewardship 2011 (LCGRA)","AreaHa":0.15,"Version":"Sept_26","UID":"PHID34339610_015503727"},"geometry":{"type":"Polygon","coordinates":[[[-2.81388,51.29176],[-2.81317,51.29172],[-2.81257,51.29174],[-2.81275,51.29156],[-2.8129,51.29151],[-2.81318,51.2915],[-2.81375,51.29168],[-2.81388,51.29176]]]}},{"type":"Feature","properties":{"MainHabs":"Lowland calcareous grassland","HabCodes":"LCGRA","PrimSource":"Higher Level Stewardship 2014 (LCGRA)","AreaHa":1.78,"Version":"Sept_26","UID":"PHID34342232_015716410"},"geometry":{"type":"Polygon","coordinates":[[[-2.81301,51.30984],[-2.8132,51.31024],[-2.81348,51.31053],[-2.81372,51.31064],[-2.81395,51.311],[-2.81424,51.31166],[-2.81419,51.31183],[-2.81308,51.31148],[-2.81308,51.31139],[-2.81257,51.31118],[-2.81229,51.31101],[-2.81212,51.31084],[-2.81205,51.31067],[-2.81198,51.3103],[-2.81205,51.31009],[-2.81278,51.30994],[-2.81301,51.30984]]]}},{"type":"Feature","properties":{"MainHabs":"Lowland calcareous grassland","HabCodes":"LCGRA","PrimSource":"Higher Level Stewardship 2010 (LCGRA)","AreaHa":0.92,"Version":"Sept_26","UID":"PHID34349822_015891828"},"geometry":{"type":"Polygon","coordinates":[[[-2.81124,51.32623],[-2.81249,51.32614],[-2.81265,51.3264],[-2.81291,51.32644],[-2.81311,51.32654],[-2.81337,51.32648],[-2.81362,51.32649],[-2.81361,51.32666],[-2.81352,51.32676],[-2.81335,51.32683],[-2.81287,51.32691],[-2.81242,51.32694],[-2.81199,51.3269],[-2.81182,51.32683],[-2.81174,51.32671],[-2.81154,51.32661],[-2.81146,51.3265],[-2.81127,51.32649],[-2.81124,51.32623]]]}},{"type":"Feature","properties":{"MainHabs":"Lowland calcareous grassland","HabCodes":"LCGRA","OtherClass":"Annex1(H6210)","PrimSource":"Natural England's SSSI database ENSIS (LCGRA)","AreaHa":0.09,"Version":"Sept_26","UID":"PHID34359632_015570129"},"geometry":{"type":"Polygon","coordinates":[[[-2.81031,51.29747],[-2.8105,51.29746],[-2.81052,51.29764],[-2.80737,51.29779],[-2.80908,51.2977],[-2.80934,51.29764],[-2.80944,51.29759],[-2.80945,51.29768],[-2.81024,51.29764],[-2.81021,51.29747],[-2.81031,51.29747]]]}},{"type":"Feature","properties":{"MainHabs":"Lowland calcareous grassland","HabCodes":"LCGRA","OtherClass":"Annex1(H6210)","PrimSource":"Higher Level Stewardship 2011 (LCGRA)","AreaHa":0.68,"Version":"Sept_26","UID":"PHID34379521_015505732"},"geometry":{"type":"Polygon","coordinates":[[[-2.80663,51.29207],[-2.80708,51.29163],[-2.80769,51.29135],[-2.80795,51.29145],[-2.80823,51.29144],[-2.80824,51.29165],[-2.80809,51.29174],[-2.80801,51.29197],[-2.80751,51.29224],[-2.80688,51.29223],[-2.8068,51.2921],[-2.80672,51.29206],[-2.80663,51.29207]]]}},{"type":"Feature","properties":{"MainHabs":"Lowland calcareous grassland","HabCodes":"LCGRA","AddHabs":"DWOOD","PrimSource":"SERC Site Surveys 1995 (LCGRA)","AreaHa":1.08,"Version":"Sept_26","UID":"PHID34382540_015735973"},"geometry":{"type":"Polygon","coordinates":[[[-2.80674,51.31187],[-2.80711,51.31197],[-2.80746,51.31239],[-2.80766,51.31284],[-2.80767,51.31325],[-2.80744,51.31326],[-2.80735,51.31353],[-2.80692,51.3135],[-2.80658,51.31341],[-2.80653,51.31309],[-2.80642,51.31278],[-2.80664,51.31275],[-2.80655,51.3124],[-2.80646,51.3123],[-2.80622,51.31223],[-2.80646,51.31224],[-2.80682,51.31237],[-2.80675,51.31246],[-2.80674,51.31255],[-2.80704,51.31285],[-2.80729,51.31279],[-2.80713,51.31248],[-2.80715,51.31236],[-2.80707,51.31221],[-2.8069,51.31211],[-2.80663,51.31204],[-2.80632,51.3119],[-2.80547,51.31176],[-2.80509,51.31175],[-2.80507,51.3117],[-2.80521,51.31167],[-2.8053,51.31161],[-2.80633,51.31175],[-2.80674,51.31187]]]}},{"type":"Feature","properties":{"MainHabs":"Lowland calcareous grassland","HabCodes":"LCGRA","PrimSource":"SERC Site Data 1988 (LCGRA)","AreaHa":0.09,"Version":"Sept_26","UID":"PHID34388900_015642355"},"geometry":{"type":"Polygon","coordinates":[[[-2.8066,51.30415],[-2.80523,51.30425],[-2.8053,51.30418],[-2.80544,51.3042],[-2.80716,51.30404],[-2.80756,51.30405],[-2.80757,51.30408],[-2.8066,51.30415]]]}},{"type":"Feature","properties":{"MainHabs":"Lowland calcareous grassland","HabCodes":"LCGRA","AddHabs":"DWOOD","PrimSource":"Mendip Area Local Surveys 1993 (LCGRA)","AreaHa":1.23,"Version":"Sept_26","UID":"PHID34391577_015759985"},"geometry":{"type":"Polygon","coordinates":[[[-2.80628,51.31516],[-2.8055,51.31533],[-2.80489,51.31531],[-2.80447,51.31516],[-2.80412,51.31487],[-2.80413,51.31478],[-2.80441,51.3148],[-2.80449,51.31469],[-2.80493,51.3147],[-2.80498,51.31482],[-2.80547,51.31474],[-2.80677,51.31443],[-2.80656,51.31424],[-2.80722,51.31411],[-2.80725,51.3142],[-2.80708,51.31422],[-2.80711,51.31435],[-2.8073,51.31435],[-2.80738,51.3145],[-2.80661,51.31465],[-2.80674,51.31478],[-2.80667,51.31479],[-2.80667,51.31508],[-2.80628,51.31516]]]}},{"type":"Feature","properties":{"MainHabs":"Lowland calcareous grassland","HabCodes":"LCGRA","AddHabs":"DWOOD","PrimSource":"SERC Site Data 1988 (LCGRA)","AreaHa":0.33,"Version":"Sept_26","UID":"PHID34401701_015643866"},"geometry":{"type":"Polygon","coordinates":[[[-2.80492,51.30416],[-2.80502,51.30417],[-2.8051,51.30447],[-2.80391,51.3045],[-2.80384,51.30416],[-2.80436,51.3041],[-2.80492,51.30416]]]}},{"type":"Feature","properties":{"MainHabs":"Lowland calcareous grassland","HabCodes":"LCGRA","OtherClass":"Annex1(H6210)","PrimSource":"Higher Level Stewardship 2013 (LCGRA)","AreaHa":4.17,"Version":"Sept_26","UID":"PHID34410275_015554491"},"geometry":{"type":"Polygon","coordinates":[[[-2.79884,51.29616],[-2.79854,51.29606],[-2.79884,51.29587],[-2.79888,51.2958],[-2.79889,51.29568],[-2.79957,51.29572],[-2.80015,51.29563],[-2.80035,51.29573],[-2.80052,51.29574],[-2.80068,51.29564],[-2.80098,51.29571],[-2.80107,51.29565],[-2.80118,51.29564],[-2.80133,51.29568],[-2.80131,51.29581],[-2.80132,51.296],[-2.80124,51.29616],[-2.80132,51.29628],[-2.80156,51.29628],[-2.8017,51.29623],[-2.80174,51.29614],[-2.80186,51.29603],[-2.80201,51.296],[-2.80248,51.29599],[-2.80272,51.29588],[-2.80294,51.29589],[-2.80309,51.29578],[-2.80329,51.29577],[-2.80332,51.29582],[-2.80326,51.296],[-2.80343,51.29603],[-2.8036,51.29598],[-2.80363,51.29588],[-2.80384,51.29589],[-2.80391,51.29595],[-2.80387,51.29615],[-2.80392,51.29621],[-2.80412,51.29618],[-2.80422,51.29606],[-2.80444,51.29605],[-2.8046,51.29618],[-2.80486,51.29628],[-2.80508,51.29618],[-2.80511,51.2961],[-2.8054,51.2961],[-2.80548,51.29616],[-2.80547,51.29621],[-2.80509,51.29628],[-2.80506,51.29636],[-2.8051,51.29646],[-2.80519,51.29651],[-2.80555,51.29644],[-2.80572,51.29645],[-2.80579,51.2966],[-2.80575,51.29667],[-2.80564,51.29671],[-2.8054,51.29671],[-2.80541,51.29674],[-2.80553,51.29681],[-2.80552,51.29691],[-2.80343,51.29687],[-2.79967,51.29655],[-2.79884,51.29616]]]}},{"type":"Feature","properties":{"MainHabs":"Lowland calcareous grassland","HabCodes":"LCGRA","AddHabs":"DWOOD","PrimSource":"SERC Site Data 1994 (LCGRA)","AreaHa":0.26,"Version":"Sept_26","UID":"PHID34419710_015644341"},"geometry":{"type":"Polygon","coordinates":[[[-2.80144,51.30426],[-2.80258,51.30431],[-2.80254,51.30444],[-2.80215,51.3045],[-2.80148,51.30448],[-2.80117,51.30435],[-2.8005,51.30436],[-2.8005,51.30423],[-2.80144,51.30426]]]}},{"type":"Feature","properties":{"MainHabs":"Lowland calcareous grassland","HabCodes":"LCGRA","OtherClass":"Annex1(H6210)","PrimSource":"Aerial Photographs 1994 (LCGRA)","AreaHa":0.84,"Version":"Sept_26","UID":"PHID34424438_015560632"},"geometry":{"type":"Polygon","coordinates":[[[-2.80117,51.29699],[-2.79965,51.29686],[-2.79971,51.29666],[-2.79984,51.29661],[-2.80309,51.29689],[-2.8057,51.29694],[-2.80616,51.29699],[-2.80554,51.29695],[-2.80439,51.29702],[-2.80263,51.29705],[-2.80117,51.29699]]]}},{"type":"Feature","properties":{"MainHabs":"Lowland calcareous grassland","HabCodes":"LCGRA","OtherClass":"Annex1(H6210)","PrimSource":"Higher Level Stewardship 2013 (LCGRA)","AreaHa":0.45,"Version":"Sept_26","UID":"PHID34442986_015559332"},"geometry":{"type":"Polygon","coordinates":[[[-2.79942,51.29649],[-2.79963,51.29663],[-2.79946,51.29685],[-2.79845,51.29684],[-2.79644,51.29699],[-2.79649,51.2968],[-2.79684,51.2968],[-2.79746,51.29672],[-2.79758,51.29666],[-2.79778,51.29669],[-2.79794,51.29666],[-2.79809,51.29657],[-2.7983,51.29661],[-2.79845,51.29671],[-2.7991,51.29671],[-2.79938,51.29667],[-2.79942,51.29649]]]}},{"type":"Feature","properties":{"MainHabs":"Lowland calcareous grassland","HabCodes":"LCGRA","PrimSource":"SERC Site Data 1994 (LCGRA)","AreaHa":0.57,"Version":"Sept_26","UID":"PHID34444987_015645112"},"geometry":{"type":"Polygon","coordinates":[[[-2.79822,51.30413],[-2.79864,51.30438],[-2.79904,51.30468],[-2.79906,51.30519],[-2.79814,51.30469],[-2.79766,51.30439],[-2.79745,51.30416],[-2.79822,51.30413]]]}},{"type":"Feature","properties":{"MainHabs":"Lowland calcareous grassland","HabCodes":"LCGRA","OtherClass":"Annex1(H6210)","AddHabs":"DWOOD","PrimSource":"Higher Level Stewardship 2013 (LCGRA)","AreaHa":0.01,"Version":"Sept_26","UID":"PHID34453148_015549707"},"geometry":{"type":"Polygon","coordinates":[[[-2.79707,51.29589],[-2.79685,51.29593],[-2.79682,51.29585],[-2.79707,51.29589]]]}},{"type":"Feature","properties":{"MainHabs":"Lowland calcareous grassland","HabCodes":"LCGRA","OtherClass":"Annex1(H6210)","PrimSource":"Higher Level Stewardship 2013 (LCGRA)","AreaHa":0.59,"Version":"Sept_26","UID":"PHID34461286_015560063"},"geometry":{"type":"Polygon","coordinates":[[[-2.79516,51.2968],[-2.79543,51.29659],[-2.79564,51.29649],[-2.79607,51.29667],[-2.79631,51.29669],[-2.79631,51.29675],[-2.79634,51.29678],[-2.79645,51.29679],[-2.7964,51.29699],[-2.79547,51.29708],[-2.79511,51.29708],[-2.79463,51.29716],[-2.7944,51.29716],[-2.79442,51.29705],[-2.79449,51.29697],[-2.79484,51.29686],[-2.79486,51.29674],[-2.79502,51.29662],[-2.79538,51.29659],[-2.79501,51.29689],[-2.79504,51.29691],[-2.79516,51.2968]]]}},{"type":"Feature","properties":{"MainHabs":"Lowland calcareous grassland","HabCodes":"LCGRA","AddHabs":"DWOOD, LHEAT","PrimSource":"Avon Wildlife Trust Survey 1984 (LCGRA)","AreaHa":0.55,"Version":"Sept_26","UID":"PHID34471813_015879358"},"geometry":{"type":"Polygon","coordinates":[[[-2.79533,51.32578],[-2.79519,51.32584],[-2.79472,51.32578],[-2.7943,51.32587],[-2.79467,51.32562],[-2.79383,51.32538],[-2.7934,51.32539],[-2.79291,51.32547],[-2.79263,51.32556],[-2.79207,51.32556],[-2.79065,51.32532],[-2.79044,51.32545],[-2.7901,51.32555],[-2.78988,51.32573],[-2.78989,51.32568],[-2.78986,51.32561],[-2.7899,51.32552],[-2.79,51.32546],[-2.79007,51.32537],[-2.79044,51.32534],[-2.79061,51.32524],[-2.79171,51.32535],[-2.79227,51.32553],[-2.79242,51.32551],[-2.79276,51.3254],[-2.79312,51.32535],[-2.79378,51.32531],[-2.79435,51.32534],[-2.79446,51.32538],[-2.79458,51.3255],[-2.79512,51.32554],[-2.79521,51.32559],[-2.79534,51.32561],[-2.79542,51.32566],[-2.79541,51.32572],[-2.79533,51.32578]]]}},{"type":"Feature","properties":{"MainHabs":"Lowland calcareous grassland","HabCodes":"LCGRA","PrimSource":"Higher Level Stewardship 2013 (LCGRA)","AreaHa":0.56,"Version":"Sept_26","UID":"PHID34472234_015568935"},"geometry":{"type":"Polygon","coordinates":[[[-2.79405,51.29722],[-2.79461,51.29719],[-2.79431,51.29783],[-2.79414,51.29797],[-2.79357,51.29808],[-2.79339,51.29806],[-2.79306,51.29793],[-2.79286,51.29802],[-2.79276,51.29793],[-2.7927,51.29794],[-2.79271,51.29799],[-2.79264,51.29795],[-2.79249,51.29781],[-2.79253,51.29775],[-2.79277,51.29769],[-2.79301,51.29781],[-2.79311,51.29776],[-2.79327,51.29763],[-2.79351,51.29762],[-2.79364,51.2977],[-2.79366,51.29774],[-2.79364,51.29777],[-2.79353,51.29783],[-2.79314,51.29792],[-2.79329,51.29797],[-2.79346,51.29793],[-2.79361,51.29797],[-2.7937,51.29793],[-2.79369,51.29789],[-2.79413,51.29795],[-2.79416,51.29792],[-2.79391,51.29783],[-2.79396,51.29779],[-2.79413,51.29779],[-2.79402,51.29757],[-2.79372,51.29741],[-2.7936,51.29739],[-2.79355,51.29734],[-2.79356,51.29727],[-2.79361,51.29721],[-2.79405,51.29722]]]}},{"type":"Feature","properties":{"MainHabs":"Lowland calcareous grassland","HabCodes":"LCGRA","AddHabs":"LHEAT","PrimSource":"Higher Level Stewardship 2012 (LCGRA)","AreaHa":6.76,"Version":"Sept_26","UID":"PHID34492207_015894636"},"geometry":{"type":"Polygon","coordinates":[[[-2.79419,51.32689],[-2.79433,51.32685],[-2.79444,51.32671],[-2.79468,51.32696],[-2.79444,51.32698],[-2.7943,51.32693],[-2.79417,51.32694],[-2.79412,51.3271],[-2.79339,51.32768],[-2.79322,51.32779],[-2.79275,51.32793],[-2.79017,51.32795],[-2.78886,51.32807],[-2.78862,51.32805],[-2.78826,51.32796],[-2.78827,51.32785],[-2.78877,51.328],[-2.7892,51.32791],[-2.78951,51.32795],[-2.78967,51.32793],[-2.78968,51.32788],[-2.78994,51.32776],[-2.79008,51.32757],[-2.79009,51.32752],[-2.79002,51.32745],[-2.78969,51.32744],[-2.78937,51.32752],[-2.78937,51.32738],[-2.78911,51.32703],[-2.78903,51.32681],[-2.78894,51.32584],[-2.7908,51.32608],[-2.79265,51.32608],[-2.79337,51.32612],[-2.79383,51.32619],[-2.79395,51.32649],[-2.79419,51.32689]]]}},{"type":"Feature","properties":{"MainHabs":"Lowland calcareous grassland","HabCodes":"LCGRA","OtherClass":"Annex1(H6210)","PrimSource":"Natural England's SSSI database ENSIS (LCGRA)","AreaHa":0.17,"Version":"Sept_26","UID":"PHID34504088_015510385"},"geometry":{"type":"Polygon","coordinates":[[[-2.78895,51.29289],[-2.78914,51.29273],[-2.7893,51.29251],[-2.78943,51.29245],[-2.78962,51.29226],[-2.7896,51.29224],[-2.78975,51.29213],[-2.78977,51.29207],[-2.79019,51.29188],[-2.79015,51.29197],[-2.78985,51.29226],[-2.78945,51.29259],[-2.78942,51.29267],[-2.78922,51.29292],[-2.78895,51.29289]]]}},{"type":"Feature","properties":{"MainHabs":"Lowland calcareous grassland","HabCodes":"LCGRA","AddHabs":"LHEAT","PrimSource":"Higher Level Stewardship 2012 (LCGRA)","AreaHa":0.02,"Version":"Sept_26","UID":"PHID34511531_015901370"},"geometry":{"type":"Polygon","coordinates":[[[-2.78851,51.32764],[-2.78876,51.32754],[-2.78901,51.32754],[-2.78914,51.32747],[-2.78934,51.32753],[-2.78912,51.32759],[-2.78876,51.32755],[-2.7887,51.32761],[-2.78851,51.32764]]]}},{"type":"Feature","properties":{"MainHabs":"Lowland calcareous grassland","HabCodes":"LCGRA","OtherClass":"Annex1(H6210)","PrimSource":"Natural England's SSSI database ENSIS (LCGRA)","AreaHa":0.27,"Version":"Sept_26","UID":"PHID34523323_015557997"},"geometry":{"type":"Polygon","coordinates":[[[-2.7862,51.29596],[-2.78635,51.29599],[-2.78647,51.29629],[-2.78671,51.29654],[-2.78738,51.29675],[-2.78762,51.29694],[-2.78785,51.297],[-2.78776,51.29703],[-2.78751,51.29693],[-2.78742,51.29685],[-2.78688,51.29679],[-2.78644,51.29662],[-2.78629,51.29646],[-2.78606,51.29592],[-2.78592,51.29575],[-2.78591,51.29564],[-2.78609,51.29594],[-2.7862,51.29596]]]}},{"type":"Feature","properties":{"MainHabs":"Lowland calcareous grassland","HabCodes":"LCGRA","AddHabs":"LHEAT","PrimSource":"Higher Level Stewardship 2012 (LCGRA)","AreaHa":0.15,"Version":"Sept_26","UID":"PHID34524983_015905859"},"geometry":{"type":"Polygon","coordinates":[[[-2.78735,51.32829],[-2.78719,51.32819],[-2.78691,51.32808],[-2.7867,51.32766],[-2.78764,51.32804],[-2.78739,51.32799],[-2.78728,51.32815],[-2.78735,51.32829]]]}},{"type":"Feature","properties":{"MainHabs":"Lowland calcareous grassland","HabCodes":"LCGRA","OtherClass":"Annex1(H6210)","AddHabs":"DWOOD","PrimSource":"Aerial Photographs 1994 (LCGRA)","AreaHa":0.44,"Version":"Sept_26","UID":"PHID34531417_015581460"},"geometry":{"type":"Polygon","coordinates":[[[-2.78614,51.29926],[-2.78583,51.29905],[-2.78528,51.29857],[-2.78508,51.2985],[-2.78479,51.29805],[-2.78583,51.29852],[-2.78575,51.29862],[-2.78577,51.2987],[-2.78587,51.2988],[-2.78583,51.29891],[-2.78585,51.29893],[-2.78602,51.29893],[-2.78614,51.29883],[-2.7867,51.29894],[-2.7867,51.29905],[-2.78637,51.29919],[-2.78614,51.29926]]]}},{"type":"Feature","properties":{"MainHabs":"Lowland calcareous grassland","HabCodes":"LCGRA","OtherClass":"Annex1(H6210)","AddHabs":"DWOOD","PrimSource":"Natural England's SSSI database ENSIS (LCGRA)","AreaHa":0.19,"Version":"Sept_26","UID":"PHID34532492_015584061"},"geometry":{"type":"Polygon","coordinates":[[[-2.78571,51.29938],[-2.78508,51.2985],[-2.78528,51.29857],[-2.78583,51.29905],[-2.78614,51.29926],[-2.78571,51.29938]]]}},{"type":"Feature","properties":{"MainHabs":"Lowland calcareous grassland","HabCodes":"LCGRA","OtherClass":"Annex1(H6210)","PrimSource":"Higher Level Stewardship 2010 (LCGRA)","AreaHa":2.39,"Version":"Sept_26","UID":"PHID34534271_015550149"},"geometry":{"type":"Polygon","coordinates":[[[-2.78475,51.29589],[-2.78492,51.2956],[-2.7849,51.29545],[-2.78495,51.29524],[-2.78498,51.29521],[-2.78495,51.29514],[-2.78497,51.29509],[-2.78518,51.29507],[-2.78534,51.29499],[-2.78536,51.29487],[-2.78517,51.29452],[-2.78508,51.29446],[-2.78479,51.2944],[-2.78476,51.29429],[-2.7848,51.29425],[-2.7851,51.29428],[-2.78532,51.29412],[-2.7857,51.29405],[-2.78563,51.29458],[-2.78566,51.29514],[-2.7858,51.29553],[-2.78581,51.29567],[-2.78602,51.29653],[-2.78614,51.2967],[-2.7864,51.29684],[-2.78446,51.29711],[-2.78421,51.29561],[-2.78438,51.2956],[-2.78445,51.29576],[-2.78444,51.29594],[-2.7845,51.29596],[-2.78475,51.29589]]]}},{"type":"Feature","properties":{"MainHabs":"Lowland calcareous grassland","HabCodes":"LCGRA","OtherClass":"Annex1(H6210)","AddHabs":"DWOOD","PrimSource":"Natural England's SSSI database ENSIS (LCGRA)","AreaHa":9.28,"Version":"Sept_26","UID":"PHID34544839_015512806"},"geometry":{"type":"Polygon","coordinates":[[[-2.78379,51.29176],[-2.78417,51.29175],[-2.7844,51.29179],[-2.78454,51.29171],[-2.78499,51.29166],[-2.78525,51.29152],[-2.78577,51.29185],[-2.78563,51.29232],[-2.7854,51.29228],[-2.78528,51.29238],[-2.78526,51.29229],[-2.78509,51.29234],[-2.78477,51.29234],[-2.78461,51.29245],[-2.78472,51.29255],[-2.7849,51.29263],[-2.78498,51.2928],[-2.78465,51.29303],[-2.7847,51.29309],[-2.78496,51.29321],[-2.78484,51.29345],[-2.78528,51.29345],[-2.7854,51.29362],[-2.78521,51.29379],[-2.7815,51.29326],[-2.78148,51.29317],[-2.78135,51.29308],[-2.78135,51.29302],[-2.78229,51.29217],[-2.78223,51.29205],[-2.7823,51.29194],[-2.78275,51.29188],[-2.78287,51.2918],[-2.78294,51.29167],[-2.78272,51.29061],[-2.78269,51.29056],[-2.78256,51.29049],[-2.78254,51.29042],[-2.78269,51.28969],[-2.78259,51.28912],[-2.78251,51.28895],[-2.78231,51.28893],[-2.78241,51.28876],[-2.78231,51.28861],[-2.78207,51.28858],[-2.78217,51.28832],[-2.78201,51.28815],[-2.782,51.28788],[-2.7819,51.28785],[-2.78192,51.28761],[-2.78278,51.2875],[-2.78263,51.2876],[-2.78264,51.28779],[-2.78277,51.28795],[-2.78318,51.28817],[-2.7834,51.28819],[-2.78354,51.28808],[-2.78384,51.28814],[-2.78442,51.28806],[-2.78466,51.28796],[-2.78499,51.2877],[-2.78517,51.28765],[-2.7856,51.28767],[-2.78604,51.28783],[-2.78565,51.28796],[-2.78544,51.28811],[-2.78525,51.28815],[-2.78506,51.28825],[-2.78471,51.28837],[-2.78474,51.28858],[-2.78489,51.28875],[-2.78488,51.28879],[-2.78475,51.2889],[-2.78472,51.28916],[-2.78467,51.28927],[-2.78431,51.2894],[-2.78386,51.28964],[-2.78372,51.28974],[-2.78362,51.28988],[-2.78357,51.29002],[-2.78357,51.29016],[-2.78334,51.29053],[-2.7837,51.29107],[-2.78352,51.29122],[-2.78357,51.29152],[-2.78344,51.29158],[-2.78352,51.29164],[-2.78379,51.29176]]]}},{"type":"Feature","properties":{"MainHabs":"Lowland calcareous grassland","HabCodes":"LCGRA","AddHabs":"DWOOD, LHEAT, LMEAD","PrimSource":"National Trust Habitats Data 2021 (LCGRA)","AreaHa":14.26,"Version":"Sept_26","UID":"PHID34545139_015891699"},"geometry":{"type":"Polygon","coordinates":[[[-2.79381,51.32607],[-2.794,51.32626],[-2.79416,51.32658],[-2.79434,51.32684],[-2.79419,51.32689],[-2.79395,51.32649],[-2.79383,51.32619],[-2.79372,51.32616],[-2.79265,51.32608],[-2.7908,51.32608],[-2.78894,51.32584],[-2.78823,51.32586],[-2.78798,51.32584],[-2.78763,51.32592],[-2.78743,51.3265],[-2.7873,51.3267],[-2.78724,51.32692],[-2.7872,51.32696],[-2.78718,51.32711],[-2.78712,51.32728],[-2.78706,51.32735],[-2.7875,51.32721],[-2.78791,51.32712],[-2.78824,51.32754],[-2.78844,51.32764],[-2.78803,51.32767],[-2.78809,51.3277],[-2.78815,51.32779],[-2.78827,51.32785],[-2.78826,51.32796],[-2.78864,51.32806],[-2.78892,51.32806],[-2.79017,51.32795],[-2.79275,51.32793],[-2.79322,51.32779],[-2.79339,51.32768],[-2.79412,51.3271],[-2.79417,51.32694],[-2.7943,51.32693],[-2.79444,51.32698],[-2.79457,51.32697],[-2.79448,51.32718],[-2.79427,51.32738],[-2.79354,51.3279],[-2.79313,51.32802],[-2.7926,51.32807],[-2.79032,51.32809],[-2.78979,51.32813],[-2.78983,51.32819],[-2.78871,51.3283],[-2.78831,51.32826],[-2.78791,51.32815],[-2.7867,51.32766],[-2.78629,51.32759],[-2.78615,51.32761],[-2.78602,51.3276],[-2.78584,51.32751],[-2.78552,51.32759],[-2.78544,51.32757],[-2.78521,51.32738],[-2.78416,51.32724],[-2.78267,51.32688],[-2.78144,51.32679],[-2.78089,51.32666],[-2.77908,51.32662],[-2.77864,51.32671],[-2.77776,51.32701],[-2.77759,51.32701],[-2.77742,51.32694],[-2.7775,51.32668],[-2.77747,51.3266],[-2.77733,51.32655],[-2.77725,51.32658],[-2.77712,51.32656],[-2.77723,51.32646],[-2.7772,51.32642],[-2.77628,51.32652],[-2.77611,51.32659],[-2.77585,51.32655],[-2.77559,51.32655],[-2.77569,51.32651],[-2.77631,51.32652],[-2.77661,51.32644],[-2.77449,51.32641],[-2.77411,51.32633],[-2.77407,51.32641],[-2.77368,51.3264],[-2.77339,51.3265],[-2.77325,51.32625],[-2.77541,51.32623],[-2.77677,51.32625],[-2.77693,51.32613],[-2.77772,51.32621],[-2.77804,51.32619],[-2.77824,51.32607],[-2.77871,51.32614],[-2.77914,51.32614],[-2.77966,51.32609],[-2.78012,51.32595],[-2.78042,51.32578],[-2.78167,51.326],[-2.7822,51.32606],[-2.78222,51.32601],[-2.78301,51.32606],[-2.78388,51.326],[-2.78419,51.3261],[-2.78475,51.32594],[-2.78478,51.3257],[-2.78476,51.32538],[-2.7848,51.32539],[-2.78483,51.32512],[-2.78479,51.32511],[-2.78491,51.32514],[-2.78504,51.32534],[-2.78501,51.32541],[-2.78512,51.32542],[-2.78668,51.32539],[-2.78716,51.32523],[-2.78747,51.32523],[-2.78762,51.32545],[-2.78787,51.32557],[-2.78817,51.32566],[-2.78833,51.32565],[-2.78846,51.32571],[-2.78855,51.32568],[-2.78929,51.32572],[-2.78931,51.32569],[-2.78964,51.32562],[-2.78971,51.32565],[-2.7897,51.32573],[-2.78979,51.32576],[-2.78992,51.32571],[-2.7901,51.32555],[-2.79044,51.32545],[-2.79065,51.32532],[-2.79207,51.32556],[-2.79263,51.32556],[-2.79291,51.32547],[-2.7934,51.32539],[-2.79383,51.32538],[-2.79467,51.32562],[-2.79421,51.32592],[-2.7942,51.32599],[-2.79434,51.32606],[-2.79462,51.32613],[-2.79487,51.32615],[-2.79511,51.32608],[-2.79528,51.32597],[-2.79525,51.32601],[-2.79529,51.32604],[-2.79566,51.32613],[-2.7958,51.32605],[-2.7958,51.32594],[-2.79584,51.32591],[-2.79595,51.32587],[-2.79608,51.32586],[-2.79625,51.32596],[-2.79635,51.32615],[-2.79632,51.32626],[-2.79641,51.32635],[-2.79628,51.32637],[-2.79604,51.32631],[-2.79547,51.32632],[-2.79495,51.32629],[-2.79453,51.32623],[-2.79413,51.32611],[-2.79381,51.32607]],[[-2.78716,51.32582],[-2.78648,51.32595],[-2.78603,51.32595],[-2.78638,51.32644],[-2.78667,51.32662],[-2.7868,51.32665],[-2.78689,51.32648],[-2.78697,51.3261],[-2.78716,51.32582]]]}},{"type":"Feature","properties":{"MainHabs":"Lowland calcareous grassland","HabCodes":"LCGRA","OtherClass":"Annex1(H6210)","PrimSource":"Natural England's SSSI database ENSIS (LCGRA)","AreaHa":0.24,"Version":"Sept_26","UID":"PHID34545700_015452922"},"geometry":{"type":"Polygon","coordinates":[[[-2.78469,51.28702],[-2.78459,51.28708],[-2.78396,51.28713],[-2.78391,51.28729],[-2.78344,51.28743],[-2.78308,51.2875],[-2.78278,51.2875],[-2.78315,51.28724],[-2.78348,51.28709],[-2.78469,51.28702]]]}},{"type":"Feature","properties":{"MainHabs":"Lowland calcareous grassland","HabCodes":"LCGRA","OtherClass":"Annex1(H6210)","AddHabs":"DWOOD","PrimSource":"Natural England's SSSI database ENSIS (LCGRA)","AreaHa":6.9,"Version":"Sept_26","UID":"PHID34556628_015559838"},"geometry":{"type":"Polygon","coordinates":[[[-2.78534,51.29774],[-2.78552,51.29799],[-2.7859,51.2981],[-2.78617,51.29806],[-2.7864,51.29789],[-2.78657,51.29784],[-2.78679,51.29783],[-2.78686,51.29787],[-2.78677,51.29795],[-2.78659,51.29804],[-2.78652,51.29817],[-2.78608,51.29832],[-2.7859,51.29831],[-2.78587,51.29837],[-2.78598,51.29848],[-2.78583,51.29852],[-2.78479,51.29805],[-2.78508,51.2985],[-2.78457,51.29782],[-2.78273,51.29813],[-2.7827,51.29803],[-2.78272,51.29796],[-2.78296,51.29792],[-2.78298,51.2979],[-2.78297,51.29785],[-2.78271,51.29765],[-2.78237,51.29758],[-2.78237,51.29754],[-2.78249,51.29746],[-2.7825,51.2974],[-2.78191,51.29706],[-2.7815,51.29714],[-2.78136,51.29725],[-2.78121,51.29725],[-2.78109,51.2972],[-2.78062,51.29712],[-2.78003,51.29707],[-2.78043,51.29742],[-2.78087,51.29742],[-2.78105,51.29754],[-2.78108,51.2976],[-2.78101,51.29771],[-2.78115,51.2979],[-2.78104,51.29793],[-2.7789,51.29617],[-2.77953,51.2957],[-2.78112,51.29661],[-2.78154,51.29652],[-2.78162,51.29641],[-2.78195,51.29641],[-2.78201,51.29639],[-2.78199,51.29631],[-2.78189,51.29627],[-2.78153,51.29627],[-2.78136,51.2963],[-2.78129,51.29628],[-2.78127,51.29621],[-2.78134,51.29593],[-2.78142,51.29587],[-2.78153,51.29585],[-2.78241,51.29626],[-2.78237,51.29614],[-2.78262,51.29604],[-2.78294,51.29607],[-2.78293,51.29554],[-2.78267,51.29535],[-2.78304,51.29523],[-2.78329,51.29524],[-2.78342,51.29548],[-2.78359,51.29562],[-2.78375,51.29558],[-2.7839,51.29563],[-2.78421,51.29561],[-2.78446,51.29711],[-2.78515,51.29701],[-2.7853,51.29716],[-2.78533,51.29724],[-2.78551,51.29736],[-2.78529,51.29757],[-2.78534,51.29774]],[[-2.78359,51.29681],[-2.78365,51.29661],[-2.78358,51.29652],[-2.78361,51.29644],[-2.78349,51.29631],[-2.78333,51.29645],[-2.78308,51.29657],[-2.78359,51.29681]]]}},{"type":"Feature","properties":{"MainHabs":"Lowland calcareous grassland","HabCodes":"LCGRA","OtherClass":"Annex1(H6210)","PrimSource":"Aerial Photographs 1994 (LCGRA)","AreaHa":1.46,"Version":"Sept_26","UID":"PHID34560913_015569126"},"geometry":{"type":"Polygon","coordinates":[[[-2.78271,51.29766],[-2.78291,51.29779],[-2.78298,51.29789],[-2.78294,51.29793],[-2.78272,51.29795],[-2.7827,51.29802],[-2.78273,51.29813],[-2.78154,51.29834],[-2.78104,51.29793],[-2.78115,51.2979],[-2.78101,51.29771],[-2.78108,51.2976],[-2.78105,51.29754],[-2.78087,51.29742],[-2.78043,51.29742],[-2.78003,51.29707],[-2.78062,51.29712],[-2.78109,51.2972],[-2.78121,51.29725],[-2.78136,51.29725],[-2.7815,51.29714],[-2.78191,51.29706],[-2.7825,51.2974],[-2.78249,51.29746],[-2.78237,51.29754],[-2.78237,51.29758],[-2.78271,51.29766]]]}},{"type":"Feature","properties":{"MainHabs":"Lowland calcareous grassland","HabCodes":"LCGRA","AddHabs":"LHEAT","PrimSource":"National Trust Habitats Data 2021 (LCGRA)","AreaHa":0.83,"Version":"Sept_26","UID":"PHID34586093_015869523"},"geometry":{"type":"Polygon","coordinates":[[[-2.77759,51.32488],[-2.77745,51.32474],[-2.77718,51.32433],[-2.77787,51.3244],[-2.77905,51.32463],[-2.77925,51.32477],[-2.77905,51.32509],[-2.77885,51.32518],[-2.77867,51.3252],[-2.77838,51.32518],[-2.77819,51.32512],[-2.7779,51.32499],[-2.77773,51.32502],[-2.77759,51.32488]]]}},{"type":"Feature","properties":{"MainHabs":"Lowland calcareous grassland","HabCodes":"LCGRA","AddHabs":"DWOOD","PrimSource":"The National Trust Surveys Avon area 2000 (LCGRA)","AreaHa":0.2,"Version":"Sept_26","UID":"PHID34586248_015892659"},"geometry":{"type":"Polygon","coordinates":[[[-2.78144,51.32679],[-2.77924,51.32664],[-2.77823,51.3269],[-2.77794,51.32707],[-2.77754,51.32704],[-2.77744,51.32701],[-2.77741,51.32695],[-2.77744,51.32685],[-2.77742,51.32694],[-2.77759,51.32701],[-2.77776,51.32701],[-2.77864,51.32671],[-2.77908,51.32662],[-2.78089,51.32666],[-2.78144,51.32679]]]}},{"type":"Feature","properties":{"MainHabs":"Lowland calcareous grassland","HabCodes":"LCGRA","AddHabs":"DWOOD","PrimSource":"The National Trust Surveys Avon area 2000 (LCGRA)","AreaHa":0.12,"Version":"Sept_26","UID":"PHID34604956_015888393"},"geometry":{"type":"Polygon","coordinates":[[[-2.77661,51.32644],[-2.77631,51.32652],[-2.77569,51.32651],[-2.77559,51.32655],[-2.77509,51.32655],[-2.77449,51.32641],[-2.77661,51.32644]]]}},{"type":"Feature","properties":{"MainHabs":"Lowland calcareous grassland","HabCodes":"LCGRA","AddHabs":"DWOOD, LMEAD","PrimSource":"The National Trust Surveys Avon area 2000 (LCGRA)","AreaHa":3.87,"Version":"Sept_26","UID":"PHID34605680_015877721"},"geometry":{"type":"Polygon","coordinates":[[[-2.77663,51.3252],[-2.77792,51.32545],[-2.77746,51.32578],[-2.77745,51.32603],[-2.77747,51.32609],[-2.77772,51.32621],[-2.77693,51.32613],[-2.77677,51.32625],[-2.77541,51.32623],[-2.77325,51.32625],[-2.77322,51.32615],[-2.77321,51.32584],[-2.77325,51.32559],[-2.77345,51.32514],[-2.77339,51.3248],[-2.77516,51.32499],[-2.77663,51.3252]]]}},{"type":"Feature","properties":{"MainHabs":"Lowland calcareous grassland","HabCodes":"LCGRA","FeatDesc":"RSTRD","FeatCodes":"RSTRD","AddHabs":"GQSIG","PrimSource":"National Trust Habitats Data 2021 (LCGRA)","AreaHa":0.7,"Version":"Sept_26","UID":"PHID34607710_015866894"},"geometry":{"type":"Polygon","coordinates":[[[-2.77569,51.32467],[-2.77517,51.32497],[-2.77403,51.32486],[-2.7754,51.32412],[-2.77587,51.32418],[-2.77623,51.32435],[-2.77569,51.32467]]]}},{"type":"Feature","properties":{"MainHabs":"Lowland calcareous grassland","HabCodes":"LCGRA","OtherClass":"Annex1(H6210)","AddHabs":"DWOOD, LMEAD","PrimSource":"Aerial Photographs 1994 (LCGRA)","AreaHa":2.11,"Version":"Sept_26","UID":"PHID34647401_015402908"},"geometry":{"type":"Polygon","coordinates":[[[-2.76985,51.28269],[-2.77015,51.28285],[-2.76904,51.28359],[-2.76883,51.28352],[-2.76858,51.28364],[-2.76833,51.28359],[-2.76796,51.2836],[-2.76768,51.28356],[-2.76722,51.28332],[-2.76761,51.28283],[-2.76749,51.28278],[-2.76748,51.28279],[-2.76695,51.28246],[-2.76694,51.28222],[-2.76698,51.28222],[-2.76705,51.28211],[-2.76713,51.28214],[-2.76715,51.28212],[-2.76781,51.28231],[-2.76776,51.28242],[-2.7678,51.28243],[-2.76778,51.28245],[-2.76808,51.2825],[-2.76873,51.2825],[-2.76903,51.28254],[-2.76946,51.28252],[-2.76966,51.28258],[-2.76985,51.28269]]]}},{"type":"Feature","properties":{"MainHabs":"Lowland calcareous grassland","HabCodes":"LCGRA","PrimSource":"SERC Site Data 1990 (LCGRA)","AreaHa":1.15,"Version":"Sept_26","UID":"PHID34647834_015442049"},"geometry":{"type":"Polygon","coordinates":[[[-2.7689,51.28705],[-2.76792,51.28627],[-2.7677,51.28614],[-2.76769,51.28609],[-2.76818,51.2859],[-2.76848,51.28583],[-2.76865,51.28585],[-2.76882,51.28576],[-2.76949,51.28575],[-2.76994,51.28571],[-2.77,51.28575],[-2.76971,51.28593],[-2.76974,51.28594],[-2.76956,51.28614],[-2.76929,51.28661],[-2.7689,51.28705]]]}},{"type":"Feature","properties":{"MainHabs":"Lowland calcareous grassland","HabCodes":"LCGRA","OtherClass":"Annex1(H8310), NVC(CG3)","AddHabs":"LDAGR","PrimSource":"English Nature SSSI surveys 1997 (LCGRA)","AreaHa":0.04,"Version":"Sept_26","UID":"PHID34657011_015381365"},"geometry":{"type":"Polygon","coordinates":[[[-2.76702,51.28106],[-2.76701,51.28098],[-2.76729,51.28097],[-2.76753,51.28087],[-2.76775,51.28082],[-2.76773,51.28088],[-2.7674,51.28098],[-2.76736,51.28102],[-2.76702,51.28106]]]}},{"type":"Feature","properties":{"MainHabs":"Lowland calcareous grassland","HabCodes":"LCGRA","OtherClass":"Annex1(H8310), NVC(CG3)","AddHabs":"LDAGR","PrimSource":"English Nature SSSI surveys 1997 (LCGRA)","AreaHa":0.28,"Version":"Sept_26","UID":"PHID34657800_015378086"},"geometry":{"type":"Polygon","coordinates":[[[-2.76767,51.28082],[-2.76751,51.28085],[-2.76728,51.28095],[-2.76701,51.28096],[-2.76693,51.28046],[-2.7672,51.28036],[-2.7673,51.28035],[-2.76747,51.28041],[-2.76768,51.28051],[-2.76772,51.28058],[-2.76767,51.28082]]]}},{"type":"Feature","properties":{"MainHabs":"Lowland calcareous grassland","HabCodes":"LCGRA","OtherClass":"Annex1(H6210)","AddHabs":"LMEAD","PrimSource":"National Trust Habitats Data 2021 (LCGRA)","AreaHa":0.07,"Version":"Sept_26","UID":"PHID34657881_015466332"},"geometry":{"type":"Polygon","coordinates":[[[-2.76786,51.28868],[-2.76749,51.28865],[-2.7672,51.2887],[-2.76712,51.28858],[-2.76767,51.28846],[-2.76786,51.28868]]]}},{"type":"Feature","properties":{"MainHabs":"Lowland calcareous grassland","HabCodes":"LCGRA","OtherClass":"Annex1(H6210)","PrimSource":"Aerial Photographs 1994 (LCGRA)","AreaHa":0.09,"Version":"Sept_26","UID":"PHID34665161_015396854"},"geometry":{"type":"Polygon","coordinates":[[[-2.76594,51.28221],[-2.76658,51.28224],[-2.7666,51.28241],[-2.76608,51.28247],[-2.76594,51.28221]]]}},{"type":"Feature","properties":{"MainHabs":"Lowland calcareous grassland","HabCodes":"LCGRA","OtherClass":"Annex1(H6210)","AddHabs":"LMEAD","PrimSource":"Aerial Photographs 1994 (LCGRA)","AreaHa":0.37,"Version":"Sept_26","UID":"PHID34665862_015455186"},"geometry":{"type":"Polygon","coordinates":[[[-2.76571,51.28711],[-2.76573,51.28707],[-2.76613,51.28727],[-2.76655,51.28714],[-2.76682,51.28744],[-2.76686,51.28755],[-2.76665,51.28773],[-2.76663,51.28794],[-2.76668,51.28797],[-2.76645,51.28804],[-2.76609,51.28787],[-2.76621,51.28747],[-2.76581,51.28713],[-2.76571,51.28711]]]}},{"type":"Feature","properties":{"MainHabs":"Lowland calcareous grassland","HabCodes":"LCGRA","OtherClass":"Annex1(H6210)","AddHabs":"LMEAD","PrimSource":"National Trust Habitats Data 2021 (LCGRA)","AreaHa":0.22,"Version":"Sept_26","UID":"PHID34667053_015470355"},"geometry":{"type":"Polygon","coordinates":[[[-2.76769,51.28874],[-2.7675,51.28875],[-2.76657,51.28898],[-2.76661,51.28896],[-2.76656,51.28892],[-2.76539,51.28923],[-2.76581,51.28896],[-2.76625,51.28882],[-2.76683,51.28881],[-2.76748,51.28867],[-2.76793,51.2887],[-2.76793,51.28873],[-2.76769,51.28874]]]}},{"type":"Feature","properties":{"MainHabs":"Lowland calcareous grassland","HabCodes":"LCGRA","OtherClass":"Annex1(H6210)","AddHabs":"LMEAD","PrimSource":"Aerial Photographs 1994 (LCGRA)","AreaHa":0.06,"Version":"Sept_26","UID":"PHID34668562_015472239"},"geometry":{"type":"Polygon","coordinates":[[[-2.76661,51.28896],[-2.76524,51.28933],[-2.76539,51.28923],[-2.76656,51.28892],[-2.76661,51.28896]]]}},{"type":"Feature","properties":{"MainHabs":"Lowland calcareous grassland","HabCodes":"LCGRA","OtherClass":"Annex1(H6210)","AddHabs":"LMEAD","PrimSource":"Aerial Photographs 1994 (LCGRA)","AreaHa":0.62,"Version":"Sept_26","UID":"PHID34669252_015468630"},"geometry":{"type":"Polygon","coordinates":[[[-2.76599,51.28886],[-2.76471,51.2893],[-2.76484,51.28917],[-2.76504,51.28914],[-2.76536,51.28902],[-2.76545,51.28875],[-2.76576,51.28874],[-2.76594,51.2886],[-2.76588,51.28849],[-2.76605,51.28844],[-2.76632,51.28841],[-2.7666,51.28842],[-2.76671,51.2885],[-2.76674,51.28879],[-2.76741,51.28865],[-2.76786,51.28868],[-2.76767,51.28846],[-2.76712,51.28858],[-2.76728,51.28848],[-2.76734,51.28837],[-2.76755,51.28825],[-2.76793,51.2887],[-2.76748,51.28867],[-2.76683,51.28881],[-2.76625,51.28882],[-2.76581,51.28896],[-2.76539,51.28923],[-2.76463,51.2894],[-2.76379,51.28966],[-2.76373,51.28955],[-2.76473,51.28932],[-2.76599,51.28886]]]}},{"type":"Feature","properties":{"MainHabs":"Lowland calcareous grassland","HabCodes":"LCGRA","PrimSource":"National Trust Habitats Data 2021 (LCGRA)","AreaHa":0.4,"Version":"Sept_26","UID":"PHID34671289_015463176"},"geometry":{"type":"Polygon","coordinates":[[[-2.76643,51.28804],[-2.76646,51.28807],[-2.76647,51.28814],[-2.76613,51.28834],[-2.76604,51.28829],[-2.76566,51.28834],[-2.76543,51.28849],[-2.76537,51.28856],[-2.76509,51.28866],[-2.76454,51.28851],[-2.76468,51.28854],[-2.76478,51.28851],[-2.7652,51.28825],[-2.76525,51.28817],[-2.76534,51.28812],[-2.76593,51.28796],[-2.76643,51.28804]]]}},{"type":"Feature","properties":{"MainHabs":"Lowland calcareous grassland","HabCodes":"LCGRA","OtherClass":"Annex1(H6210)","AddHabs":"LMEAD","PrimSource":"National Trust Habitats Data 2021 (LCGRA)","AreaHa":1.81,"Version":"Sept_26","UID":"PHID34675578_015452500"},"geometry":{"type":"Polygon","coordinates":[[[-2.76362,51.28731],[-2.76277,51.28777],[-2.76275,51.28773],[-2.76376,51.28722],[-2.76366,51.28712],[-2.76387,51.28707],[-2.76437,51.28685],[-2.76478,51.28657],[-2.7648,51.28659],[-2.76483,51.28653],[-2.76501,51.2866],[-2.76497,51.28671],[-2.76506,51.28683],[-2.76518,51.28689],[-2.76525,51.28698],[-2.76569,51.287],[-2.76571,51.28711],[-2.76581,51.28713],[-2.76621,51.28747],[-2.76609,51.28787],[-2.76643,51.28804],[-2.76593,51.28796],[-2.76534,51.28812],[-2.76525,51.28817],[-2.7652,51.28811],[-2.76479,51.28814],[-2.7647,51.28811],[-2.76473,51.28785],[-2.76471,51.28778],[-2.76452,51.28768],[-2.76421,51.2876],[-2.76407,51.28748],[-2.76396,51.28746],[-2.76403,51.2876],[-2.76402,51.28763],[-2.764,51.28756],[-2.76389,51.28746],[-2.76362,51.28731]]]}},{"type":"Feature","properties":{"MainHabs":"Lowland calcareous grassland","HabCodes":"LCGRA","OtherClass":"Annex1(H6210)","AddHabs":"LMEAD","PrimSource":"Aerial Photographs 1994 (LCGRA)","AreaHa":0.15,"Version":"Sept_26","UID":"PHID34675967_015462914"},"geometry":{"type":"Polygon","coordinates":[[[-2.76525,51.28817],[-2.7652,51.28825],[-2.76478,51.28851],[-2.76468,51.28854],[-2.76454,51.28851],[-2.76446,51.28841],[-2.76469,51.28813],[-2.7647,51.28805],[-2.7647,51.28811],[-2.76479,51.28814],[-2.7652,51.28811],[-2.76525,51.28817]]]}},{"type":"Feature","properties":{"MainHabs":"Lowland calcareous grassland","HabCodes":"LCGRA","FeatDesc":"RSTRD","FeatCodes":"RSTRD","AddHabs":"DWOOD, GQSIG","PrimSource":"National Trust Habitats Data 2021 (LCGRA)","AreaHa":1.57,"Version":"Sept_26","UID":"PHID34683060_015463950"},"geometry":{"type":"Polygon","coordinates":[[[-2.76402,51.28774],[-2.76404,51.28776],[-2.76388,51.288],[-2.76385,51.2882],[-2.7643,51.28834],[-2.76456,51.28853],[-2.76485,51.28858],[-2.76509,51.28866],[-2.76537,51.28856],[-2.76543,51.28849],[-2.76566,51.28834],[-2.76604,51.28829],[-2.76615,51.28835],[-2.76653,51.28836],[-2.7666,51.28842],[-2.76605,51.28844],[-2.76585,51.2885],[-2.76564,51.28866],[-2.76526,51.28878],[-2.76503,51.28881],[-2.76483,51.28892],[-2.76475,51.28907],[-2.76418,51.2894],[-2.7639,51.28947],[-2.76388,51.28938],[-2.76356,51.28876],[-2.76328,51.28849],[-2.76331,51.28784],[-2.76352,51.28777],[-2.76332,51.2875],[-2.76297,51.28769],[-2.76297,51.28767],[-2.76362,51.28731],[-2.76389,51.28746],[-2.764,51.28756],[-2.76404,51.28769],[-2.76402,51.28774]]]}},{"type":"Feature","properties":{"MainHabs":"Lowland calcareous grassland","HabCodes":"LCGRA","PrimSource":"National Trust Habitats Data 2021 (LCGRA)","AreaHa":2.5,"Version":"Sept_26","UID":"PHID34683666_015409235"},"geometry":{"type":"Polygon","coordinates":[[[-2.76517,51.28367],[-2.7648,51.28397],[-2.76457,51.28409],[-2.76481,51.28423],[-2.76449,51.28431],[-2.76438,51.28425],[-2.76427,51.28424],[-2.76429,51.28384],[-2.76404,51.28355],[-2.76368,51.28373],[-2.76338,51.28373],[-2.76328,51.2838],[-2.76314,51.28381],[-2.76323,51.28404],[-2.76332,51.28414],[-2.76354,51.28416],[-2.76336,51.28447],[-2.76318,51.28488],[-2.763,51.28497],[-2.76304,51.285],[-2.76276,51.28531],[-2.76158,51.28551],[-2.7612,51.28544],[-2.7612,51.28526],[-2.76178,51.28519],[-2.7622,51.285],[-2.7622,51.28486],[-2.76191,51.28477],[-2.76242,51.28464],[-2.76285,51.28448],[-2.76304,51.2842],[-2.76316,51.28413],[-2.76307,51.28362],[-2.76324,51.28348],[-2.76333,51.28333],[-2.7643,51.283],[-2.76478,51.28303],[-2.7649,51.28291],[-2.76493,51.28302],[-2.76505,51.28308],[-2.76521,51.28308],[-2.7654,51.28304],[-2.76554,51.28296],[-2.76561,51.28286],[-2.76555,51.28253],[-2.7657,51.28243],[-2.76589,51.28241],[-2.76603,51.28243],[-2.76615,51.28264],[-2.76611,51.28281],[-2.76599,51.28279],[-2.76577,51.28319],[-2.76534,51.28349],[-2.76528,51.28364],[-2.76517,51.28367]]]}},{"type":"Feature","properties":{"MainHabs":"Lowland calcareous grassland","HabCodes":"LCGRA","FeatDesc":"RSTRD","FeatCodes":"RSTRD","AddHabs":"DWOOD, GQSIG","PrimSource":"National Trust Habitats Data 2021 (LCGRA)","AreaHa":1.06,"Version":"Sept_26","UID":"PHID34684131_015440271"},"geometry":{"type":"Polygon","coordinates":[[[-2.76421,51.28586],[-2.76479,51.28656],[-2.76437,51.28685],[-2.76372,51.28712],[-2.76366,51.28712],[-2.76347,51.28696],[-2.76386,51.28689],[-2.76459,51.28664],[-2.76475,51.28654],[-2.76457,51.28639],[-2.76441,51.28632],[-2.76431,51.2863],[-2.76404,51.28641],[-2.76317,51.28659],[-2.76308,51.28675],[-2.76316,51.28658],[-2.76291,51.28635],[-2.76275,51.28638],[-2.76247,51.28655],[-2.76218,51.2866],[-2.76192,51.28657],[-2.76194,51.2865],[-2.76295,51.2862],[-2.76381,51.28541],[-2.76421,51.28586]]]}},{"type":"Feature","properties":{"MainHabs":"Lowland calcareous grassland","HabCodes":"LCGRA","OtherClass":"Annex1(H6210)","PrimSource":"Aerial Photographs 1994 (LCGRA)","AreaHa":0.68,"Version":"Sept_26","UID":"PHID34684702_015428700"},"geometry":{"type":"Polygon","coordinates":[[[-2.76276,51.28531],[-2.76327,51.28519],[-2.76353,51.28508],[-2.76396,51.28441],[-2.76414,51.28454],[-2.76414,51.28451],[-2.76418,51.28471],[-2.76426,51.28485],[-2.76382,51.28539],[-2.7637,51.28529],[-2.76356,51.28546],[-2.76322,51.28556],[-2.76322,51.28567],[-2.76291,51.28603],[-2.76271,51.28601],[-2.76258,51.28574],[-2.76248,51.28564],[-2.76267,51.28557],[-2.76276,51.28531]]]}},{"type":"Feature","properties":{"MainHabs":"Lowland calcareous grassland","HabCodes":"LCGRA","PrimSource":"National Trust Habitats Data 2021 (LCGRA)","AreaHa":0.11,"Version":"Sept_26","UID":"PHID34685968_015433710"},"geometry":{"type":"Polygon","coordinates":[[[-2.76382,51.28539],[-2.76295,51.2862],[-2.76293,51.28611],[-2.76304,51.28606],[-2.7631,51.28594],[-2.76325,51.28587],[-2.76325,51.28571],[-2.76333,51.28555],[-2.76359,51.2855],[-2.76356,51.28546],[-2.7637,51.28529],[-2.76382,51.28539]]]}},{"type":"Feature","properties":{"MainHabs":"Lowland calcareous grassland","HabCodes":"LCGRA","AddHabs":"DWOOD, LHEAT, LMEAD","PrimSource":"Aerial Photographs 1994 (LCGRA)","AreaHa":0.35,"Version":"Sept_26","UID":"PHID34691539_015817832"},"geometry":{"type":"Polygon","coordinates":[[[-2.76287,51.31974],[-2.76289,51.31961],[-2.76323,51.3196],[-2.76336,51.32007],[-2.76343,51.32114],[-2.76303,51.32071],[-2.76301,51.31995],[-2.76296,51.31983],[-2.76287,51.31974]]]}},{"type":"Feature","properties":{"MainHabs":"Lowland calcareous grassland","HabCodes":"LCGRA","FeatDesc":"RSTRD","FeatCodes":"RSTRD","AddHabs":"GQSIG","PrimSource":"National Trust Habitats Data 2021 (LCGRA)","AreaHa":0.04,"Version":"Sept_26","UID":"PHID34693240_015459133"},"geometry":{"type":"Polygon","coordinates":[[[-2.76275,51.28773],[-2.76277,51.28777],[-2.76237,51.288],[-2.76195,51.28821],[-2.76192,51.28818],[-2.76275,51.28773]]]}},{"type":"Feature","properties":{"MainHabs":"Lowland calcareous grassland","HabCodes":"LCGRA","OtherClass":"Annex1(H6210)","AddHabs":"LMEAD","PrimSource":"National Trust Habitats Data 2021 (LCGRA)","AreaHa":1.51,"Version":"Sept_26","UID":"PHID34693253_015447745"},"geometry":{"type":"Polygon","coordinates":[[[-2.76217,51.28721],[-2.7617,51.28703],[-2.76141,51.28703],[-2.76121,51.28683],[-2.76173,51.28658],[-2.7619,51.28657],[-2.76218,51.2866],[-2.76247,51.28655],[-2.76275,51.28638],[-2.76291,51.28635],[-2.76316,51.28658],[-2.76308,51.28675],[-2.76317,51.28659],[-2.76404,51.28641],[-2.76431,51.2863],[-2.76454,51.28637],[-2.76475,51.28654],[-2.76459,51.28664],[-2.76386,51.28689],[-2.76347,51.28696],[-2.76366,51.28712],[-2.76361,51.28712],[-2.76348,51.28698],[-2.7634,51.28693],[-2.76319,51.28695],[-2.76309,51.28709],[-2.76315,51.28726],[-2.76286,51.28754],[-2.76277,51.28757],[-2.76255,51.28756],[-2.76242,51.28749],[-2.76225,51.28734],[-2.76217,51.28721]]]}},{"type":"Feature","properties":{"MainHabs":"Lowland calcareous grassland","HabCodes":"LCGRA","OtherClass":"Annex1(H6210)","PrimSource":"Aerial Photographs 1994 (LCGRA)","AreaHa":0.17,"Version":"Sept_26","UID":"PHID34695362_015436980"},"geometry":{"type":"Polygon","coordinates":[[[-2.76152,51.28622],[-2.76188,51.28618],[-2.76188,51.28606],[-2.76199,51.286],[-2.7618,51.28591],[-2.76206,51.28574],[-2.76222,51.28588],[-2.7624,51.28581],[-2.76251,51.28584],[-2.76255,51.2859],[-2.76251,51.28607],[-2.76231,51.28604],[-2.76209,51.28618],[-2.7618,51.28625],[-2.76168,51.28631],[-2.76156,51.28622],[-2.76152,51.28622]]]}},{"type":"Feature","properties":{"MainHabs":"Lowland calcareous grassland","HabCodes":"LCGRA","FeatDesc":"RSTRD","FeatCodes":"RSTRD","AddHabs":"GQSIG","PrimSource":"National Trust Habitats Data 2021 (LCGRA)","AreaHa":0.39,"Version":"Sept_26","UID":"PHID34698176_015451972"},"geometry":{"type":"Polygon","coordinates":[[[-2.76121,51.28683],[-2.76141,51.28703],[-2.7617,51.28703],[-2.76217,51.28721],[-2.76228,51.28736],[-2.762,51.28735],[-2.76197,51.28767],[-2.76174,51.28767],[-2.76154,51.28757],[-2.76139,51.28746],[-2.76132,51.28733],[-2.7611,51.28714],[-2.76101,51.28692],[-2.76121,51.28683]]]}},{"type":"Feature","properties":{"MainHabs":"Lowland calcareous grassland","HabCodes":"LCGRA","PrimSource":"National Trust Habitats Data 2021 (LCGRA)","AreaHa":0.32,"Version":"Sept_26","UID":"PHID34698919_015442240"},"geometry":{"type":"Polygon","coordinates":[[[-2.76194,51.2865],[-2.76192,51.28657],[-2.76173,51.28658],[-2.76101,51.28692],[-2.76096,51.28682],[-2.76144,51.28663],[-2.76136,51.28661],[-2.76122,51.28634],[-2.76099,51.28633],[-2.76065,51.28648],[-2.76054,51.28645],[-2.76115,51.28619],[-2.76152,51.28622],[-2.76157,51.28629],[-2.7618,51.2864],[-2.76221,51.28611],[-2.76239,51.28605],[-2.76251,51.28609],[-2.76247,51.28616],[-2.76211,51.28626],[-2.76209,51.28645],[-2.76194,51.2865]]]}},{"type":"Feature","properties":{"MainHabs":"Lowland calcareous grassland","HabCodes":"LCGRA","AddHabs":"DWOOD, LHEAT, LMEAD","PrimSource":"Aerial Photographs 1994 (LCGRA)","AreaHa":1.47,"Version":"Sept_26","UID":"PHID34702796_015817876"},"geometry":{"type":"Polygon","coordinates":[[[-2.76263,51.31963],[-2.76263,51.31979],[-2.76281,51.31998],[-2.76279,51.32013],[-2.76276,51.32012],[-2.76174,51.32048],[-2.76096,51.32085],[-2.76078,51.32084],[-2.76063,51.3203],[-2.76036,51.31964],[-2.76136,51.31968],[-2.76177,51.31962],[-2.76263,51.31963]]]}},{"type":"Feature","properties":{"MainHabs":"Lowland calcareous grassland","HabCodes":"LCGRA","FeatDesc":"RSTRD","FeatCodes":"RSTRD","AddHabs":"GQSIG","PrimSource":"National Trust Habitats Data 2021 (LCGRA)","AreaHa":0.03,"Version":"Sept_26","UID":"PHID34703818_015447644"},"geometry":{"type":"Polygon","coordinates":[[[-2.76096,51.28682],[-2.76101,51.28692],[-2.76075,51.28707],[-2.76064,51.28697],[-2.76096,51.28682]]]}},{"type":"Feature","properties":{"MainHabs":"Lowland calcareous grassland","HabCodes":"LCGRA","OtherClass":"Annex1(H6210)","PrimSource":"National Trust Habitats Data 2021 (LCGRA)","AreaHa":2.97,"Version":"Sept_26","UID":"PHID34705548_015435149"},"geometry":{"type":"Polygon","coordinates":[[[-2.76083,51.28605],[-2.76091,51.28615],[-2.76119,51.28619],[-2.76091,51.28628],[-2.76054,51.28645],[-2.76006,51.28635],[-2.75996,51.28613],[-2.75967,51.28601],[-2.7593,51.28623],[-2.75921,51.28638],[-2.75901,51.28636],[-2.75881,51.28626],[-2.7585,51.28638],[-2.75835,51.28641],[-2.75838,51.28664],[-2.75869,51.28661],[-2.75838,51.28664],[-2.7584,51.28679],[-2.75821,51.28673],[-2.75785,51.28668],[-2.75735,51.28686],[-2.7568,51.28689],[-2.75656,51.28668],[-2.75657,51.28654],[-2.7568,51.28653],[-2.75732,51.28638],[-2.75737,51.28607],[-2.7575,51.28598],[-2.75754,51.28587],[-2.75753,51.28571],[-2.75763,51.28564],[-2.75785,51.28558],[-2.75794,51.28559],[-2.75807,51.28581],[-2.75805,51.28615],[-2.75821,51.28626],[-2.75846,51.28623],[-2.75875,51.28614],[-2.75881,51.28605],[-2.75897,51.28598],[-2.75912,51.2858],[-2.75914,51.28543],[-2.75929,51.28533],[-2.75967,51.28525],[-2.76008,51.28522],[-2.76065,51.28525],[-2.76078,51.28521],[-2.76147,51.28488],[-2.76191,51.28477],[-2.7622,51.28486],[-2.7622,51.285],[-2.76178,51.28519],[-2.7612,51.28526],[-2.7612,51.28544],[-2.76158,51.28551],[-2.76276,51.28531],[-2.76267,51.28557],[-2.76248,51.28564],[-2.76227,51.28554],[-2.76206,51.28553],[-2.76181,51.28563],[-2.7615,51.28581],[-2.7612,51.28573],[-2.76103,51.28584],[-2.76072,51.28592],[-2.76083,51.28605]],[[-2.76015,51.28576],[-2.75997,51.28551],[-2.75975,51.28547],[-2.75963,51.28576],[-2.7598,51.28592],[-2.75996,51.28591],[-2.76015,51.28576]]]}},{"type":"Feature","properties":{"MainHabs":"Lowland calcareous grassland","HabCodes":"LCGRA","OtherClass":"Annex1(H6210)","AddHabs":"LMEAD","PrimSource":"Aerial Photographs 1994 (LCGRA)","AreaHa":1.79,"Version":"Sept_26","UID":"PHID34707201_015478579"},"geometry":{"type":"Polygon","coordinates":[[[-2.76096,51.28872],[-2.7609,51.28884],[-2.76092,51.28896],[-2.76062,51.28915],[-2.76079,51.28942],[-2.76087,51.28993],[-2.76094,51.29002],[-2.76102,51.29008],[-2.76126,51.29012],[-2.76191,51.28996],[-2.762,51.29],[-2.76166,51.29034],[-2.76146,51.29025],[-2.76102,51.29019],[-2.76102,51.29021],[-2.76145,51.29027],[-2.76163,51.29035],[-2.76124,51.29034],[-2.7608,51.29041],[-2.76075,51.29046],[-2.761,51.29067],[-2.76102,51.29077],[-2.75879,51.28983],[-2.75967,51.28939],[-2.75973,51.28934],[-2.7597,51.28929],[-2.76096,51.28865],[-2.76096,51.28872]]]}},{"type":"Feature","properties":{"MainHabs":"Lowland calcareous grassland","HabCodes":"LCGRA","OtherClass":"Annex1(H6210)","AddHabs":"LMEAD","PrimSource":"Aerial Photographs 1994 (LCGRA)","AreaHa":0.23,"Version":"Sept_26","UID":"PHID34709123_015460456"},"geometry":{"type":"Polygon","coordinates":[[[-2.75993,51.28757],[-2.75997,51.28776],[-2.7597,51.28786],[-2.76002,51.28805],[-2.76057,51.28796],[-2.76072,51.28803],[-2.76077,51.28822],[-2.76059,51.28817],[-2.75985,51.28816],[-2.75951,51.28825],[-2.75942,51.28817],[-2.75962,51.28788],[-2.75993,51.28757]]]}},{"type":"Feature","properties":{"MainHabs":"Lowland calcareous grassland","HabCodes":"LCGRA","PrimSource":"National Trust Habitats Data 2021 (LCGRA)","AreaHa":0.12,"Version":"Sept_26","UID":"PHID34710298_015433728"},"geometry":{"type":"Polygon","coordinates":[[[-2.76015,51.28576],[-2.75996,51.28591],[-2.7598,51.28592],[-2.75963,51.28576],[-2.75975,51.28547],[-2.75997,51.28551],[-2.76015,51.28576]]]}},{"type":"Feature","properties":{"MainHabs":"Lowland calcareous grassland","HabCodes":"LCGRA","OtherClass":"Annex1(H6210)","AddHabs":"LMEAD","PrimSource":"National Trust Habitats Data 2021 (LCGRA)","AreaHa":1.42,"Version":"Sept_26","UID":"PHID34713103_015464568"},"geometry":{"type":"Polygon","coordinates":[[[-2.76077,51.28822],[-2.76102,51.28829],[-2.76108,51.28835],[-2.76094,51.28846],[-2.76063,51.28837],[-2.76047,51.28841],[-2.76034,51.28856],[-2.76029,51.2887],[-2.76032,51.28884],[-2.76039,51.28895],[-2.7597,51.28929],[-2.75973,51.28934],[-2.75966,51.28938],[-2.75838,51.28822],[-2.75861,51.28818],[-2.75918,51.28795],[-2.75955,51.28771],[-2.75979,51.2876],[-2.75993,51.28757],[-2.75962,51.28788],[-2.75942,51.28817],[-2.75951,51.28825],[-2.75985,51.28816],[-2.76059,51.28817],[-2.76077,51.28822]]]}},{"type":"Feature","properties":{"MainHabs":"Lowland calcareous grassland","HabCodes":"LCGRA","OtherClass":"Annex1(H6210)","PrimSource":"Aerial Photographs 1994 (LCGRA)","AreaHa":0.4,"Version":"Sept_26","UID":"PHID34715653_015429947"},"geometry":{"type":"Polygon","coordinates":[[[-2.75881,51.28605],[-2.75899,51.28583],[-2.75897,51.28539],[-2.75899,51.28531],[-2.75904,51.28525],[-2.75968,51.28514],[-2.76029,51.28511],[-2.76058,51.28507],[-2.76135,51.28475],[-2.76164,51.28467],[-2.76171,51.28466],[-2.76179,51.28473],[-2.76191,51.28477],[-2.76147,51.28488],[-2.76078,51.28521],[-2.76065,51.28525],[-2.76008,51.28522],[-2.75967,51.28525],[-2.75929,51.28533],[-2.75914,51.28543],[-2.75912,51.2858],[-2.75897,51.28598],[-2.75881,51.28605]]]}},{"type":"Feature","properties":{"MainHabs":"Lowland calcareous grassland","HabCodes":"LCGRA","FeatDesc":"RSTRD","FeatCodes":"RSTRD","AddHabs":"GQSIG","PrimSource":"National Trust Habitats Data 2021 (LCGRA)","AreaHa":1.38,"Version":"Sept_26","UID":"PHID34721287_015470812"},"geometry":{"type":"Polygon","coordinates":[[[-2.75966,51.28938],[-2.75879,51.28983],[-2.75854,51.28972],[-2.75837,51.2897],[-2.75791,51.28929],[-2.75724,51.28893],[-2.75722,51.28872],[-2.75775,51.28854],[-2.75826,51.28864],[-2.75873,51.28859],[-2.75836,51.28826],[-2.75841,51.28825],[-2.75966,51.28938]]]}},{"type":"Feature","properties":{"MainHabs":"Lowland calcareous grassland","HabCodes":"LCGRA","PrimSource":"National Trust Habitats Data 2021 (LCGRA)","AreaHa":0.13,"Version":"Sept_26","UID":"PHID34721678_015437355"},"geometry":{"type":"Polygon","coordinates":[[[-2.75807,51.28581],[-2.75848,51.28605],[-2.75876,51.28607],[-2.75881,51.28605],[-2.75875,51.28614],[-2.75846,51.28623],[-2.75821,51.28626],[-2.75805,51.28615],[-2.75807,51.28581]]]}},{"type":"Feature","properties":{"MainHabs":"Lowland calcareous grassland","HabCodes":"LCGRA","AddHabs":"DWOOD, LHEAT, LMEAD","PrimSource":"Aerial Photographs 1994 (LCGRA)","AreaHa":2.29,"Version":"Sept_26","UID":"PHID34725226_015823039"},"geometry":{"type":"Polygon","coordinates":[[[-2.75798,51.31969],[-2.75936,51.31967],[-2.75952,51.31971],[-2.75924,51.32008],[-2.75899,51.32053],[-2.75885,51.32106],[-2.75862,51.32158],[-2.7584,51.32175],[-2.7577,51.32175],[-2.75715,51.32167],[-2.75712,51.32166],[-2.75733,51.32137],[-2.75748,51.32105],[-2.75756,51.32061],[-2.75782,51.3199],[-2.75797,51.31962],[-2.75801,51.31963],[-2.75798,51.31969]]]}},{"type":"Feature","properties":{"MainHabs":"Lowland calcareous grassland","HabCodes":"LCGRA","OtherClass":"Annex1(H6210)","PrimSource":"Aerial Photographs 1994 (LCGRA)","AreaHa":0.1,"Version":"Sept_26","UID":"PHID34725901_015431910"},"geometry":{"type":"Polygon","coordinates":[[[-2.75737,51.28607],[-2.75739,51.28581],[-2.75735,51.28559],[-2.75738,51.28555],[-2.75751,51.28549],[-2.75763,51.28547],[-2.75779,51.28548],[-2.7579,51.28555],[-2.75794,51.28559],[-2.75785,51.28558],[-2.75763,51.28564],[-2.75753,51.28571],[-2.75754,51.28587],[-2.7575,51.28598],[-2.75737,51.28607]]]}},{"type":"Feature","properties":{"MainHabs":"Lowland calcareous grassland","HabCodes":"LCGRA","OtherClass":"Annex1(H8310)","AddHabs":"LDAGR","PrimSource":"Aerial Photographs 1994 (LCGRA)","AreaHa":0.89,"Version":"Sept_26","UID":"PHID34728623_015424599"},"geometry":{"type":"Polygon","coordinates":[[[-2.75706,51.28503],[-2.75698,51.28504],[-2.75677,51.28491],[-2.75668,51.28495],[-2.75668,51.28503],[-2.75672,51.28505],[-2.75625,51.28505],[-2.75604,51.28497],[-2.75624,51.28482],[-2.75676,51.28453],[-2.757,51.28467],[-2.75743,51.2846],[-2.75765,51.28452],[-2.75858,51.28449],[-2.75873,51.28463],[-2.75902,51.28453],[-2.75879,51.28482],[-2.75864,51.28488],[-2.75841,51.28484],[-2.75826,51.28499],[-2.75827,51.28528],[-2.75809,51.28526],[-2.75788,51.28501],[-2.75765,51.285],[-2.75706,51.28503]]]}},{"type":"Feature","properties":{"MainHabs":"Lowland calcareous grassland","HabCodes":"LCGRA","OtherClass":"Phase1(B31)","AddHabs":"DWOOD","PrimSource":"National Trust Habitats Data 2021 (LCGRA)","AreaHa":0.31,"Version":"Sept_26","UID":"PHID34729245_015465965"},"geometry":{"type":"Polygon","coordinates":[[[-2.75724,51.28893],[-2.75719,51.28891],[-2.75699,51.28893],[-2.75683,51.28863],[-2.75839,51.28829],[-2.75873,51.28859],[-2.75826,51.28864],[-2.75775,51.28854],[-2.75722,51.28872],[-2.75724,51.28893]]]}},{"type":"Feature","properties":{"MainHabs":"Lowland calcareous grassland","HabCodes":"LCGRA","PrimSource":"Wildlife Sites Project Reports 1998 (LCGRA)","AreaHa":2.89,"Version":"Sept_26","UID":"PHID34734205_015359277"},"geometry":{"type":"Polygon","coordinates":[[[-2.75827,51.27986],[-2.75804,51.28016],[-2.75675,51.27973],[-2.75648,51.27969],[-2.75602,51.27991],[-2.75404,51.27948],[-2.75396,51.27943],[-2.75502,51.27881],[-2.75708,51.27881],[-2.75714,51.27887],[-2.75784,51.27905],[-2.75874,51.27919],[-2.75827,51.27986]],[[-2.75718,51.27901],[-2.75698,51.27893],[-2.75661,51.27896],[-2.75639,51.2791],[-2.75641,51.27925],[-2.75801,51.27977],[-2.75812,51.27971],[-2.75835,51.27947],[-2.75834,51.27942],[-2.75828,51.27939],[-2.75718,51.27901]]]}},{"type":"Feature","properties":{"MainHabs":"Lowland calcareous grassland","HabCodes":"LCGRA","OtherClass":"Annex1(H6210)","AddHabs":"LDAGR","PrimSource":"Aerial Photographs 1994 (LCGRA)","AreaHa":0.13,"Version":"Sept_26","UID":"PHID34735437_015422188"},"geometry":{"type":"Polygon","coordinates":[[[-2.75674,51.28452],[-2.75612,51.28488],[-2.75588,51.28495],[-2.75564,51.28492],[-2.75653,51.28443],[-2.75657,51.28442],[-2.75674,51.28452]]]}},{"type":"Feature","properties":{"MainHabs":"Lowland calcareous grassland","HabCodes":"LCGRA","OtherClass":"Annex1(H6210)","AddHabs":"LDAGR","PrimSource":"Higher Level Stewardship 2011 (LCGRA)","AreaHa":4.55,"Version":"Sept_26","UID":"PHID34736725_015385271"},"geometry":{"type":"Polygon","coordinates":[[[-2.75801,51.28061],[-2.75833,51.28059],[-2.75554,51.28285],[-2.75371,51.28183],[-2.75567,51.28021],[-2.75682,51.28043],[-2.75742,51.28057],[-2.75801,51.28061]]]}},{"type":"Feature","properties":{"MainHabs":"Lowland calcareous grassland","HabCodes":"LCGRA","PrimSource":"National Trust Habitats Data 2021 (LCGRA)","AreaHa":4.36,"Version":"Sept_26","UID":"PHID34738434_015451866"},"geometry":{"type":"Polygon","coordinates":[[[-2.75583,51.28739],[-2.75571,51.2876],[-2.75567,51.28759],[-2.75553,51.2877],[-2.75562,51.28782],[-2.75566,51.28796],[-2.75509,51.28805],[-2.75485,51.28816],[-2.75469,51.28819],[-2.75439,51.28835],[-2.75397,51.28832],[-2.75371,51.28839],[-2.75335,51.28843],[-2.75344,51.28827],[-2.75349,51.28825],[-2.75346,51.28824],[-2.75347,51.28808],[-2.75353,51.28807],[-2.75349,51.28799],[-2.75347,51.28783],[-2.75337,51.28777],[-2.75325,51.28779],[-2.753,51.28791],[-2.75285,51.28794],[-2.7527,51.2879],[-2.75261,51.28799],[-2.75251,51.288],[-2.75239,51.28805],[-2.75232,51.28815],[-2.75218,51.28823],[-2.75217,51.28828],[-2.75226,51.28835],[-2.75223,51.28847],[-2.75205,51.28858],[-2.75083,51.28857],[-2.75051,51.28867],[-2.74888,51.28861],[-2.74886,51.28849],[-2.74795,51.28824],[-2.74781,51.28823],[-2.74759,51.28795],[-2.7475,51.2879],[-2.74739,51.28792],[-2.74738,51.28809],[-2.74732,51.28823],[-2.74703,51.28823],[-2.74703,51.28806],[-2.74712,51.28775],[-2.74725,51.28765],[-2.74758,51.28756],[-2.74761,51.28762],[-2.74783,51.28771],[-2.74802,51.28772],[-2.7481,51.28776],[-2.74818,51.28786],[-2.74826,51.2878],[-2.74844,51.28797],[-2.74841,51.28804],[-2.74874,51.28824],[-2.74905,51.28833],[-2.74917,51.28831],[-2.74924,51.28826],[-2.74924,51.28821],[-2.74916,51.28815],[-2.74917,51.28811],[-2.74944,51.28806],[-2.74961,51.2881],[-2.75028,51.28812],[-2.75063,51.2882],[-2.75109,51.28806],[-2.7515,51.28806],[-2.7516,51.28795],[-2.75208,51.28789],[-2.75227,51.28791],[-2.75262,51.2877],[-2.75306,51.28755],[-2.75313,51.28745],[-2.75346,51.28737],[-2.75365,51.28736],[-2.75412,51.28745],[-2.75439,51.28744],[-2.75522,51.2872],[-2.75534,51.28713],[-2.75539,51.28714],[-2.75519,51.28723],[-2.75456,51.28742],[-2.75499,51.28741],[-2.75551,51.28716],[-2.75569,51.28714],[-2.75576,51.28703],[-2.75603,51.28689],[-2.75603,51.28677],[-2.75616,51.28663],[-2.75637,51.28648],[-2.75665,51.28641],[-2.75737,51.28607],[-2.75732,51.28638],[-2.7568,51.28653],[-2.75657,51.28654],[-2.75656,51.28668],[-2.75693,51.28701],[-2.75673,51.2871],[-2.75665,51.28736],[-2.75649,51.28742],[-2.75611,51.28737],[-2.75583,51.28739]]]}},{"type":"Feature","properties":{"MainHabs":"Lowland calcareous grassland","HabCodes":"LCGRA","AddHabs":"DWOOD, LHEAT, LMEAD","PrimSource":"Aerial Photographs 1994 (LCGRA)","AreaHa":5.89,"Version":"Sept_26","UID":"PHID34741458_015828365"},"geometry":{"type":"Polygon","coordinates":[[[-2.75543,51.31976],[-2.75567,51.31973],[-2.75777,51.3197],[-2.75752,51.32012],[-2.75746,51.32068],[-2.75738,51.32098],[-2.75731,51.32115],[-2.75701,51.3216],[-2.75746,51.32185],[-2.75777,51.32193],[-2.75798,51.32207],[-2.75774,51.32224],[-2.75687,51.32263],[-2.7565,51.32269],[-2.75644,51.32279],[-2.75535,51.32257],[-2.75513,51.32246],[-2.75511,51.3223],[-2.75523,51.32211],[-2.75515,51.32187],[-2.75534,51.32142],[-2.75502,51.32073],[-2.75477,51.32054],[-2.75489,51.32046],[-2.75458,51.3203],[-2.75402,51.31991],[-2.75407,51.31981],[-2.75427,51.3197],[-2.75445,51.31953],[-2.75474,51.31948],[-2.75522,51.31933],[-2.75536,51.31958],[-2.75543,51.31976]]]}},{"type":"Feature","properties":{"MainHabs":"Lowland calcareous grassland","HabCodes":"LCGRA","PrimSource":"SERC Site Data 1995 (LCGRA)","AreaHa":0.64,"Version":"Sept_26","UID":"PHID34749876_015383081"},"geometry":{"type":"Polygon","coordinates":[[[-2.75345,51.28167],[-2.75325,51.28155],[-2.75323,51.28115],[-2.75326,51.28104],[-2.75332,51.28097],[-2.75344,51.28099],[-2.75353,51.28109],[-2.7536,51.28132],[-2.75372,51.28133],[-2.75381,51.2812],[-2.75383,51.28106],[-2.75406,51.28088],[-2.75504,51.28074],[-2.75371,51.28183],[-2.75345,51.28167]]]}},{"type":"Feature","properties":{"MainHabs":"Lowland calcareous grassland","HabCodes":"LCGRA","OtherClass":"Annex1(H6210)","AddHabs":"LMEAD","PrimSource":"Higher Level Stewardship 2013 (LCGRA)","AreaHa":0.2,"Version":"Sept_26","UID":"PHID34754745_015425591"},"geometry":{"type":"Polygon","coordinates":[[[-2.75455,51.2853],[-2.75448,51.28532],[-2.75386,51.28529],[-2.75372,51.28512],[-2.75364,51.28507],[-2.75324,51.28501],[-2.75306,51.28493],[-2.75276,51.28488],[-2.75288,51.28469],[-2.75455,51.2853]]]}},{"type":"Feature","properties":{"MainHabs":"Lowland calcareous grassland","HabCodes":"LCGRA","OtherClass":"Annex1(H6210)","AddHabs":"LMEAD","PrimSource":"Higher Level Stewardship 2013 (LCGRA)","AreaHa":0.74,"Version":"Sept_26","UID":"PHID34754903_015429919"},"geometry":{"type":"Polygon","coordinates":[[[-2.75472,51.2854],[-2.75472,51.28543],[-2.75436,51.28561],[-2.75354,51.28555],[-2.75314,51.28547],[-2.75262,51.28556],[-2.75245,51.2856],[-2.75209,51.28588],[-2.75202,51.2859],[-2.75212,51.28583],[-2.75206,51.28572],[-2.75273,51.28491],[-2.75304,51.28496],[-2.75323,51.28504],[-2.75361,51.28509],[-2.75384,51.28532],[-2.75436,51.28534],[-2.75472,51.2854]]]}},{"type":"Feature","properties":{"MainHabs":"Lowland calcareous grassland","HabCodes":"LCGRA","OtherClass":"Phase1(B31)","PrimSource":"National Trust Habitats Data 2021 (LCGRA)","AreaHa":0.29,"Version":"Sept_26","UID":"PHID34757532_015478130"},"geometry":{"type":"Polygon","coordinates":[[[-2.75293,51.28951],[-2.7532,51.28958],[-2.75358,51.28962],[-2.7536,51.28981],[-2.75354,51.28983],[-2.7526,51.28972],[-2.75168,51.28997],[-2.75137,51.28984],[-2.75293,51.28951]]]}},{"type":"Feature","properties":{"MainHabs":"Lowland calcareous grassland","HabCodes":"LCGRA","OtherClass":"Phase1(B31)","PrimSource":"English Nature SSSI surveys 1988 (LCGRA)","AreaHa":0.2,"Version":"Sept_26","UID":"PHID34765036_015477245"},"geometry":{"type":"Polygon","coordinates":[[[-2.75122,51.28976],[-2.75143,51.28977],[-2.75283,51.28948],[-2.75293,51.28951],[-2.75143,51.28984],[-2.74893,51.28978],[-2.74897,51.28973],[-2.74912,51.28973],[-2.75122,51.28976]]]}},{"type":"Feature","properties":{"MainHabs":"Lowland calcareous grassland","HabCodes":"LCGRA","OtherClass":"Annex1(H6210)","AddHabs":"DWOOD, LHEAT","PrimSource":"Higher Level Stewardship 2011 (LCGRA)","AreaHa":0.69,"Version":"Sept_26","UID":"PHID34766551_015474305"},"geometry":{"type":"Polygon","coordinates":[[[-2.75249,51.28943],[-2.75307,51.28925],[-2.7535,51.28926],[-2.75388,51.28919],[-2.75417,51.28919],[-2.75143,51.28977],[-2.75122,51.28976],[-2.75124,51.28946],[-2.75133,51.28928],[-2.75157,51.28914],[-2.75183,51.28906],[-2.75224,51.28903],[-2.75235,51.28907],[-2.75245,51.28915],[-2.75249,51.28924],[-2.75249,51.28943]]]}},{"type":"Feature","properties":{"MainHabs":"Lowland calcareous grassland","HabCodes":"LCGRA","OtherClass":"Annex1(H8310)","AddHabs":"CALAM, LDAGR, LMEAD, PMGRP","PrimSource":"Aerial Photographs 1994 (LCGRA)","AreaHa":6.93,"Version":"Sept_26","UID":"PHID34766771_015623995"},"geometry":{"type":"Polygon","coordinates":[[[-2.75339,51.30271],[-2.75298,51.30444],[-2.75173,51.30437],[-2.75009,51.30422],[-2.74974,51.30422],[-2.75021,51.3033],[-2.75033,51.30318],[-2.75055,51.3028],[-2.75089,51.30211],[-2.75101,51.30198],[-2.75129,51.30123],[-2.75182,51.30128],[-2.75233,51.30141],[-2.7529,51.30146],[-2.7544,51.30174],[-2.75437,51.30213],[-2.75433,51.30219],[-2.75407,51.30236],[-2.75361,51.30235],[-2.75339,51.30271]]]}},{"type":"Feature","properties":{"MainHabs":"Lowland calcareous grassland","HabCodes":"LCGRA","AddHabs":"LDAGR, LMEAD","PrimSource":"Higher Level Stewardship 2006 (LCGRA)","AreaHa":0.36,"Version":"Sept_26","UID":"PHID34767189_015857591"},"geometry":{"type":"Polygon","coordinates":[[[-2.75249,51.3236],[-2.7525,51.32369],[-2.75248,51.32369],[-2.75245,51.32393],[-2.75247,51.32404],[-2.75286,51.32434],[-2.75317,51.32447],[-2.75327,51.32458],[-2.75337,51.32478],[-2.75335,51.32492],[-2.75333,51.32493],[-2.75335,51.32481],[-2.75331,51.32469],[-2.75314,51.32448],[-2.75285,51.32437],[-2.75237,51.32405],[-2.75217,51.3241],[-2.75218,51.32413],[-2.75144,51.32404],[-2.75136,51.32406],[-2.75134,51.32382],[-2.75152,51.32375],[-2.75182,51.32368],[-2.7521,51.32367],[-2.75232,51.32369],[-2.75241,51.32361],[-2.75249,51.3236]]]}},{"type":"Feature","properties":{"MainHabs":"Lowland calcareous grassland","HabCodes":"LCGRA","AddHabs":"DWOOD, LDAGR, LMEAD","PrimSource":"ACCES/Wildlife Site Survey Avon County Community Environment Scheme 1978 (LCGRA)","AreaHa":1.5,"Version":"Sept_26","UID":"PHID34767213_015876046"},"geometry":{"type":"Polygon","coordinates":[[[-2.75333,51.32493],[-2.75302,51.32526],[-2.75292,51.32539],[-2.75286,51.32555],[-2.75271,51.32555],[-2.75265,51.32569],[-2.75252,51.32572],[-2.75247,51.32578],[-2.75248,51.32583],[-2.75254,51.32587],[-2.75276,51.32588],[-2.75282,51.32586],[-2.75295,51.32609],[-2.75303,51.32656],[-2.75282,51.32604],[-2.75273,51.32605],[-2.75271,51.32602],[-2.75266,51.32601],[-2.7527,51.32598],[-2.75267,51.32597],[-2.75267,51.32595],[-2.75262,51.32595],[-2.75261,51.326],[-2.75244,51.32606],[-2.7525,51.3263],[-2.75205,51.32633],[-2.7519,51.32628],[-2.75186,51.32616],[-2.75173,51.32601],[-2.75192,51.32586],[-2.7519,51.32582],[-2.75193,51.32576],[-2.75173,51.32574],[-2.75171,51.32569],[-2.75197,51.32561],[-2.75199,51.32551],[-2.75172,51.3254],[-2.75169,51.32535],[-2.75169,51.32529],[-2.75187,51.32514],[-2.75185,51.32508],[-2.75168,51.32505],[-2.75162,51.32499],[-2.75161,51.32493],[-2.7517,51.3248],[-2.75172,51.32472],[-2.75191,51.32474],[-2.75212,51.32465],[-2.75276,51.32488],[-2.75287,51.32501],[-2.75319,51.32495],[-2.7533,51.32488],[-2.7532,51.32466],[-2.75239,51.3243],[-2.75228,51.32437],[-2.75165,51.32424],[-2.75154,51.32413],[-2.75136,51.32406],[-2.75144,51.32404],[-2.75218,51.32413],[-2.75217,51.3241],[-2.75237,51.32405],[-2.75285,51.32437],[-2.75314,51.32448],[-2.75331,51.32469],[-2.75335,51.32481],[-2.75333,51.32493]]]}},{"type":"Feature","properties":{"MainHabs":"Lowland calcareous grassland","HabCodes":"LCGRA","PrimSource":"SERC Site Data 1990 (LCGRA)","AreaHa":4.53,"Version":"Sept_26","UID":"PHID34769405_015395510"},"geometry":{"type":"Polygon","coordinates":[[[-2.75126,51.2813],[-2.75201,51.28077],[-2.75371,51.28183],[-2.75131,51.28343],[-2.75086,51.28324],[-2.75016,51.28262],[-2.75043,51.28245],[-2.75038,51.28231],[-2.75025,51.2822],[-2.75017,51.28206],[-2.7502,51.28205],[-2.75026,51.28193],[-2.74999,51.28182],[-2.74984,51.28184],[-2.74946,51.2816],[-2.74919,51.28135],[-2.74929,51.28122],[-2.7493,51.28113],[-2.74898,51.28079],[-2.74896,51.2807],[-2.74897,51.28063],[-2.74907,51.28053],[-2.74898,51.28046],[-2.75067,51.28171],[-2.75126,51.2813]]]}},{"type":"Feature","properties":{"MainHabs":"Lowland calcareous grassland","HabCodes":"LCGRA","AddHabs":"DWOOD","PrimSource":"SERC Site Data 1995 (LCGRA)","AreaHa":2.98,"Version":"Sept_26","UID":"PHID34773142_015372583"},"geometry":{"type":"Polygon","coordinates":[[[-2.75232,51.28054],[-2.75244,51.28051],[-2.75267,51.28054],[-2.75272,51.28071],[-2.75262,51.28116],[-2.75201,51.28077],[-2.75067,51.28171],[-2.74896,51.28045],[-2.74922,51.28062],[-2.74925,51.28035],[-2.7494,51.28024],[-2.74984,51.28023],[-2.75027,51.28003],[-2.75061,51.27959],[-2.75055,51.2794],[-2.75035,51.27921],[-2.75083,51.27881],[-2.75096,51.27894],[-2.75094,51.27895],[-2.75115,51.27923],[-2.75088,51.27929],[-2.75092,51.27942],[-2.75083,51.27961],[-2.75062,51.27974],[-2.75063,51.27982],[-2.75109,51.28006],[-2.75124,51.28023],[-2.75129,51.28025],[-2.75146,51.28024],[-2.75198,51.28002],[-2.75243,51.28045],[-2.75232,51.28054]]]}},{"type":"Feature","properties":{"MainHabs":"Lowland calcareous grassland","HabCodes":"LCGRA","AddHabs":"LMEAD","PrimSource":"SERC Site Data 1990 (LCGRA)","AreaHa":0.34,"Version":"Sept_26","UID":"PHID34778901_015354517"},"geometry":{"type":"Polygon","coordinates":[[[-2.75045,51.27881],[-2.75045,51.27889],[-2.75035,51.27894],[-2.75001,51.27885],[-2.74971,51.27881],[-2.75045,51.27881]]]}},{"type":"Feature","properties":{"MainHabs":"Lowland calcareous grassland","HabCodes":"LCGRA","OtherClass":"Phase1(B31)","AddHabs":"DWOOD","PrimSource":"English Nature SSSI surveys 1988 (LCGRA)","AreaHa":15,"Version":"Sept_26","UID":"PHID34780068_015487717"},"geometry":{"type":"Polygon","coordinates":[[[-2.75367,51.29038],[-2.75107,51.29291],[-2.75007,51.29282],[-2.74717,51.29239],[-2.74688,51.29174],[-2.74697,51.29189],[-2.74775,51.29167],[-2.74788,51.29155],[-2.74862,51.29032],[-2.74899,51.29001],[-2.74939,51.28998],[-2.7507,51.29004],[-2.75102,51.29018],[-2.75121,51.29047],[-2.75137,51.29058],[-2.75158,51.29063],[-2.7518,51.29056],[-2.7519,51.29042],[-2.75188,51.29024],[-2.75168,51.28997],[-2.7526,51.28972],[-2.75354,51.28983],[-2.7536,51.28981],[-2.75358,51.28962],[-2.75441,51.2898],[-2.75476,51.28938],[-2.75489,51.28929],[-2.75617,51.28893],[-2.75601,51.28882],[-2.75836,51.28826],[-2.75839,51.28829],[-2.75683,51.28863],[-2.75699,51.28893],[-2.75719,51.28891],[-2.75724,51.28893],[-2.75745,51.28917],[-2.75754,51.2895],[-2.75854,51.28972],[-2.75708,51.29106],[-2.75367,51.29038]]]}},{"type":"Feature","properties":{"MainHabs":"Lowland calcareous grassland","HabCodes":"LCGRA","OtherClass":"Annex1(H6210), Phase1(B31)","AddHabs":"LHEAT","PrimSource":"National Trust Habitats Data 2021 (LCGRA)","AreaHa":0.31,"Version":"Sept_26","UID":"PHID34781303_015474042"},"geometry":{"type":"Polygon","coordinates":[[[-2.7501,51.28925],[-2.75012,51.28959],[-2.75025,51.28968],[-2.74931,51.28968],[-2.74928,51.28959],[-2.74945,51.28928],[-2.7498,51.28908],[-2.75009,51.28913],[-2.7501,51.28925]]]}},{"type":"Feature","properties":{"MainHabs":"Lowland calcareous grassland","HabCodes":"LCGRA","AddHabs":"LDAGR, LMEAD","PrimSource":"Higher Level Stewardship 2006 (LCGRA)","AreaHa":1.89,"Version":"Sept_26","UID":"PHID34782446_015876381"},"geometry":{"type":"Polygon","coordinates":[[[-2.75065,51.32519],[-2.75061,51.32524],[-2.75081,51.32527],[-2.75095,51.32543],[-2.7508,51.32607],[-2.75065,51.32628],[-2.75042,51.32625],[-2.75027,51.32634],[-2.74985,51.32627],[-2.74948,51.32611],[-2.7495,51.32576],[-2.74958,51.32561],[-2.74934,51.32554],[-2.74895,51.32556],[-2.74879,51.32532],[-2.74854,51.32537],[-2.74824,51.32529],[-2.74809,51.32513],[-2.74736,51.32521],[-2.74733,51.32504],[-2.74722,51.32494],[-2.7474,51.32481],[-2.74753,51.32486],[-2.74773,51.32489],[-2.74795,51.32488],[-2.74807,51.32495],[-2.74829,51.32499],[-2.74983,51.32498],[-2.74994,51.3251],[-2.75074,51.32508],[-2.75065,51.32519]]]}},{"type":"Feature","properties":{"MainHabs":"Lowland calcareous grassland","HabCodes":"LCGRA","PrimSource":"SERC Site Data 1990 (LCGRA)","AreaHa":0.51,"Version":"Sept_26","UID":"PHID34784677_015399371"},"geometry":{"type":"Polygon","coordinates":[[[-2.75014,51.28384],[-2.74922,51.28295],[-2.74819,51.2822],[-2.74851,51.28209],[-2.74864,51.2821],[-2.7491,51.28236],[-2.75011,51.28356],[-2.75016,51.28381],[-2.75014,51.28384]]]}},{"type":"Feature","properties":{"MainHabs":"Lowland calcareous grassland","HabCodes":"LCGRA","AddHabs":"LDAGR, LMEAD","PrimSource":"Higher Level Stewardship 2006 (LCGRA)","AreaHa":0.16,"Version":"Sept_26","UID":"PHID34787079_015826769"},"geometry":{"type":"Polygon","coordinates":[[[-2.74658,51.32041],[-2.74762,51.32055],[-2.75037,51.32135],[-2.7519,51.32157],[-2.75219,51.32166],[-2.75239,51.3218],[-2.75216,51.32168],[-2.75197,51.32162],[-2.75039,51.32138],[-2.74938,51.32111],[-2.74759,51.32057],[-2.74658,51.32041]]]}},{"type":"Feature","properties":{"MainHabs":"Lowland calcareous grassland","HabCodes":"LCGRA","OtherClass":"Annex1(H6210), Phase1(B31)","PrimSource":"National Trust Habitats Data 2021 (LCGRA)","AreaHa":0.56,"Version":"Sept_26","UID":"PHID34789874_015457550"},"geometry":{"type":"Polygon","coordinates":[[[-2.74838,51.28775],[-2.74868,51.28794],[-2.74891,51.28802],[-2.74949,51.28795],[-2.75059,51.28799],[-2.75104,51.28794],[-2.7516,51.28795],[-2.7515,51.28806],[-2.75109,51.28806],[-2.75063,51.2882],[-2.75025,51.28811],[-2.74961,51.2881],[-2.74944,51.28806],[-2.7492,51.2881],[-2.74915,51.28813],[-2.74924,51.28821],[-2.74922,51.28829],[-2.74915,51.28832],[-2.74901,51.28833],[-2.74874,51.28824],[-2.74841,51.28804],[-2.74844,51.28797],[-2.74826,51.2878],[-2.74818,51.28786],[-2.7481,51.28776],[-2.74802,51.28772],[-2.74783,51.28771],[-2.74761,51.28762],[-2.74758,51.28756],[-2.74725,51.28765],[-2.7471,51.28778],[-2.74712,51.28769],[-2.7472,51.28761],[-2.74741,51.28752],[-2.74757,51.2875],[-2.74801,51.28759],[-2.74838,51.28775]]]}},{"type":"Feature","properties":{"MainHabs":"Lowland calcareous grassland","HabCodes":"LCGRA","PrimSource":"Higher Level Stewardship 2009 (LCGRA)","AreaHa":7.85,"Version":"Sept_26","UID":"PHID34790915_015385837"},"geometry":{"type":"Polygon","coordinates":[[[-2.74888,51.28023],[-2.749,51.28033],[-2.75035,51.27921],[-2.75055,51.2794],[-2.75058,51.27948],[-2.7506,51.27962],[-2.75027,51.28003],[-2.74984,51.28023],[-2.7494,51.28024],[-2.74925,51.28035],[-2.74922,51.28062],[-2.74896,51.28045],[-2.74907,51.28053],[-2.74897,51.28063],[-2.74898,51.28079],[-2.7493,51.28113],[-2.74929,51.28122],[-2.74919,51.28135],[-2.74946,51.2816],[-2.74984,51.28184],[-2.74999,51.28182],[-2.75026,51.28193],[-2.7502,51.28205],[-2.75017,51.28206],[-2.75025,51.2822],[-2.75038,51.28231],[-2.75043,51.28245],[-2.75016,51.28262],[-2.75086,51.28324],[-2.75131,51.28343],[-2.75038,51.28408],[-2.75014,51.28384],[-2.75016,51.28381],[-2.75011,51.28356],[-2.7491,51.28236],[-2.74864,51.2821],[-2.74851,51.28209],[-2.74819,51.2822],[-2.74521,51.28004],[-2.74715,51.27885],[-2.74888,51.28023]],[[-2.74831,51.28069],[-2.74806,51.2809],[-2.74824,51.28098],[-2.74848,51.28077],[-2.74831,51.28069]]]}},{"type":"Feature","properties":{"MainHabs":"Lowland calcareous grassland","HabCodes":"LCGRA","AddHabs":"LDAGR, LMEAD","PrimSource":"Higher Level Stewardship 2006 (LCGRA)","AreaHa":3.1,"Version":"Sept_26","UID":"PHID34794431_015852885"},"geometry":{"type":"Polygon","coordinates":[[[-2.7494,51.32335],[-2.74952,51.32331],[-2.74999,51.32362],[-2.7502,51.32359],[-2.7503,51.32372],[-2.75007,51.32389],[-2.74984,51.32378],[-2.74931,51.32386],[-2.74937,51.32405],[-2.74957,51.32408],[-2.74972,51.32419],[-2.7496,51.3243],[-2.74956,51.32441],[-2.74939,51.32444],[-2.74857,51.32443],[-2.74774,51.32422],[-2.74758,51.32413],[-2.74765,51.32406],[-2.74766,51.32398],[-2.74761,51.32388],[-2.74758,51.3237],[-2.74745,51.32357],[-2.74723,51.32368],[-2.747,51.32368],[-2.74674,51.32352],[-2.74677,51.32326],[-2.74675,51.32313],[-2.74657,51.32292],[-2.74745,51.32281],[-2.74745,51.32268],[-2.74738,51.32253],[-2.74744,51.32246],[-2.74773,51.32246],[-2.74798,51.32255],[-2.74823,51.32255],[-2.74833,51.3225],[-2.74909,51.32268],[-2.74923,51.32278],[-2.74913,51.32292],[-2.74869,51.32308],[-2.74861,51.32321],[-2.74875,51.32341],[-2.74917,51.32328],[-2.7494,51.32335]]]}},{"type":"Feature","properties":{"MainHabs":"Lowland calcareous grassland","HabCodes":"LCGRA","AddHabs":"DWOOD, LDAGR, LMEAD","PrimSource":"Acid Grassland at Siston Common Avon - A County Context. 1992 (LCGRA)","AreaHa":3.56,"Version":"Sept_26","UID":"PHID34794669_015827188"},"geometry":{"type":"Polygon","coordinates":[[[-2.75221,51.32184],[-2.75162,51.32199],[-2.75145,51.322],[-2.75132,51.32199],[-2.75122,51.32182],[-2.75054,51.3217],[-2.74971,51.3217],[-2.74965,51.32186],[-2.74935,51.3218],[-2.7492,51.32173],[-2.74893,51.3218],[-2.74826,51.32162],[-2.74785,51.32139],[-2.74752,51.3213],[-2.74746,51.3212],[-2.74712,51.32114],[-2.74678,51.32102],[-2.7462,51.32091],[-2.74581,51.32095],[-2.74551,51.32093],[-2.74533,51.32097],[-2.7449,51.32096],[-2.74471,51.32102],[-2.74444,51.321],[-2.74415,51.32107],[-2.744,51.32104],[-2.74378,51.32107],[-2.74355,51.32103],[-2.74333,51.32112],[-2.74355,51.32103],[-2.7436,51.32092],[-2.74384,51.32091],[-2.7439,51.32084],[-2.74391,51.3206],[-2.74399,51.32056],[-2.74487,51.32058],[-2.74516,51.32055],[-2.7452,51.3205],[-2.7452,51.32042],[-2.74533,51.32036],[-2.74588,51.32031],[-2.74759,51.32057],[-2.75026,51.32135],[-2.75197,51.32162],[-2.75216,51.32168],[-2.75233,51.32178],[-2.75236,51.32181],[-2.75221,51.32184]]]}},{"type":"Feature","properties":{"MainHabs":"Lowland calcareous grassland","HabCodes":"LCGRA","OtherClass":"Annex1(H6210), Phase1(B31)","AddHabs":"LHEAT","PrimSource":"English Nature SSSI surveys 1988 (LCGRA)","AreaHa":1.01,"Version":"Sept_26","UID":"PHID34798347_015474253"},"geometry":{"type":"Polygon","coordinates":[[[-2.74846,51.28957],[-2.74861,51.28957],[-2.74886,51.28951],[-2.74915,51.2894],[-2.74923,51.28931],[-2.74944,51.28929],[-2.74928,51.28959],[-2.74931,51.28968],[-2.75025,51.28968],[-2.75033,51.28973],[-2.75122,51.28975],[-2.74595,51.28974],[-2.74588,51.28957],[-2.7459,51.28959],[-2.74786,51.28906],[-2.74794,51.28907],[-2.74804,51.28933],[-2.74812,51.28942],[-2.74846,51.28957]]]}},{"type":"Feature","properties":{"MainHabs":"Lowland calcareous grassland","HabCodes":"LCGRA","OtherClass":"Annex1(H6210)","AddHabs":"DWOOD","PrimSource":"Higher Level Stewardship 2010 (LCGRA)","AreaHa":0.05,"Version":"Sept_26","UID":"PHID34803945_015497916"},"geometry":{"type":"Polygon","coordinates":[[[-2.74682,51.29162],[-2.74626,51.29164],[-2.74636,51.29148],[-2.74677,51.29152],[-2.74682,51.29162]]]}},{"type":"Feature","properties":{"MainHabs":"Lowland calcareous grassland","HabCodes":"LCGRA","OtherClass":"Annex1(H6210), Phase1(B31)","PrimSource":"English Nature SSSI surveys 1988 (LCGRA)","AreaHa":0.38,"Version":"Sept_26","UID":"PHID34804784_015466907"},"geometry":{"type":"Polygon","coordinates":[[[-2.74616,51.28894],[-2.74602,51.28897],[-2.74585,51.28892],[-2.74573,51.28897],[-2.74565,51.28896],[-2.7456,51.28874],[-2.74625,51.28866],[-2.74644,51.28862],[-2.7466,51.28853],[-2.74672,51.28842],[-2.7469,51.28818],[-2.74693,51.28808],[-2.74692,51.28791],[-2.74697,51.28781],[-2.74715,51.28764],[-2.74703,51.28806],[-2.74703,51.28828],[-2.7471,51.28836],[-2.74705,51.28846],[-2.74705,51.28856],[-2.74689,51.28861],[-2.74685,51.28874],[-2.74657,51.28884],[-2.74653,51.28889],[-2.74639,51.28891],[-2.74631,51.28895],[-2.74616,51.28894]]]}},{"type":"Feature","properties":{"MainHabs":"Lowland calcareous grassland","HabCodes":"LCGRA","OtherClass":"Annex1(H6210)","AddHabs":"DWOOD","PrimSource":"Higher Level Stewardship 2010 (LCGRA)","AreaHa":0.16,"Version":"Sept_26","UID":"PHID34806797_015486998"},"geometry":{"type":"Polygon","coordinates":[[[-2.74599,51.29058],[-2.74631,51.29052],[-2.74634,51.29058],[-2.74593,51.2906],[-2.74579,51.29035],[-2.74546,51.29029],[-2.74529,51.29037],[-2.74534,51.29046],[-2.74544,51.29042],[-2.74578,51.29071],[-2.74592,51.29075],[-2.74598,51.29082],[-2.746,51.29088],[-2.74598,51.29091],[-2.74574,51.29094],[-2.74523,51.29039],[-2.74524,51.29023],[-2.74567,51.29025],[-2.7459,51.29042],[-2.74599,51.29058]]]}},{"type":"Feature","properties":{"MainHabs":"Lowland calcareous grassland","HabCodes":"LCGRA","OtherClass":"Annex1(H6210), Phase1(B31)","AddHabs":"DWOOD, LDAGR, LHEAT","PrimSource":"English Nature SSSI surveys 1988 (LCGRA)","AreaHa":0.11,"Version":"Sept_26","UID":"PHID34810251_015485582"},"geometry":{"type":"Polygon","coordinates":[[[-2.74592,51.29075],[-2.74578,51.29071],[-2.74544,51.29042],[-2.74534,51.29046],[-2.74529,51.29037],[-2.74546,51.29029],[-2.74579,51.29035],[-2.74593,51.2906],[-2.74597,51.2906],[-2.74592,51.29068],[-2.74592,51.29075]]]}},{"type":"Feature","properties":{"MainHabs":"Lowland calcareous grassland","HabCodes":"LCGRA","AddHabs":"LDAGR, LMEAD","PrimSource":"Higher Level Stewardship 2006 (LCGRA)","AreaHa":2.82,"Version":"Sept_26","UID":"PHID34812020_015830661"},"geometry":{"type":"Polygon","coordinates":[[[-2.74411,51.32184],[-2.74396,51.32184],[-2.74379,51.32189],[-2.7435,51.32184],[-2.74337,51.32185],[-2.74339,51.32179],[-2.74352,51.32171],[-2.74375,51.32167],[-2.74373,51.32147],[-2.74357,51.3214],[-2.74342,51.32145],[-2.74315,51.32141],[-2.74298,51.32142],[-2.74318,51.32115],[-2.74355,51.32103],[-2.74378,51.32107],[-2.744,51.32104],[-2.74415,51.32107],[-2.74444,51.321],[-2.74471,51.32102],[-2.7449,51.32096],[-2.74533,51.32097],[-2.74551,51.32093],[-2.74581,51.32095],[-2.74614,51.32091],[-2.74678,51.32102],[-2.74712,51.32114],[-2.74746,51.3212],[-2.74752,51.3213],[-2.74785,51.32139],[-2.74826,51.32162],[-2.74874,51.32176],[-2.74852,51.322],[-2.74841,51.32204],[-2.74744,51.32186],[-2.74711,51.32187],[-2.74694,51.32194],[-2.74637,51.32189],[-2.74593,51.32196],[-2.74577,51.32184],[-2.74541,51.3217],[-2.74554,51.3216],[-2.74492,51.32151],[-2.74457,51.32157],[-2.7442,51.32157],[-2.7441,51.32166],[-2.74411,51.32184]]]}},{"type":"Feature","properties":{"MainHabs":"Lowland calcareous grassland","HabCodes":"LCGRA","PrimSource":"SERC Site Data 1990 (LCGRA)","AreaHa":2.15,"Version":"Sept_26","UID":"PHID34820594_015348890"},"geometry":{"type":"Polygon","coordinates":[[[-2.74563,51.27913],[-2.74608,51.2795],[-2.74521,51.28004],[-2.74499,51.27988],[-2.74521,51.28003],[-2.74561,51.27978],[-2.74535,51.27967],[-2.74507,51.27966],[-2.74502,51.27958],[-2.74508,51.27949],[-2.74515,51.27945],[-2.74516,51.27938],[-2.74506,51.27928],[-2.74482,51.27925],[-2.74503,51.27912],[-2.74515,51.27909],[-2.74519,51.27902],[-2.74513,51.27891],[-2.74502,51.27884],[-2.74462,51.27908],[-2.74455,51.27892],[-2.74439,51.27885],[-2.74425,51.27889],[-2.74414,51.27883],[-2.74524,51.27881],[-2.74563,51.27913]]]}},{"type":"Feature","properties":{"MainHabs":"Lowland calcareous grassland","HabCodes":"LCGRA","AddHabs":"LDAGR, LMEAD","PrimSource":"Higher Level Stewardship 2006 (LCGRA)","AreaHa":0.21,"Version":"Sept_26","UID":"PHID34822233_015819517"},"geometry":{"type":"Polygon","coordinates":[[[-2.74378,51.32056],[-2.74402,51.32053],[-2.74449,51.32038],[-2.74505,51.32039],[-2.7452,51.32042],[-2.7452,51.3205],[-2.74516,51.32055],[-2.74487,51.32058],[-2.74399,51.32056],[-2.74391,51.3206],[-2.7439,51.32084],[-2.74384,51.32091],[-2.7436,51.32092],[-2.74378,51.32056]]]}},{"type":"Feature","properties":{"MainHabs":"Lowland calcareous grassland","HabCodes":"LCGRA","OtherClass":"Annex1(H6210)","AddHabs":"DWOOD, LDAGR, LHEAT","PrimSource":"Higher Level Stewardship 2010 (LCGRA)","AreaHa":0.06,"Version":"Sept_26","UID":"PHID34823527_015492935"},"geometry":{"type":"Polygon","coordinates":[[[-2.74411,51.29122],[-2.74338,51.29112],[-2.74348,51.29106],[-2.74386,51.29103],[-2.74408,51.29114],[-2.74411,51.29122]]]}},{"type":"Feature","properties":{"MainHabs":"Lowland calcareous grassland","HabCodes":"LCGRA","PrimSource":"National Trust Habitats Data 2021 (LCGRA)","AreaHa":0.05,"Version":"Sept_26","UID":"PHID34825207_015432848"},"geometry":{"type":"Polygon","coordinates":[[[-2.74339,51.28604],[-2.74327,51.2859],[-2.74339,51.28551],[-2.74347,51.28551],[-2.74355,51.28544],[-2.74339,51.28604]]]}},{"type":"Feature","properties":{"MainHabs":"Lowland calcareous grassland","HabCodes":"LCGRA","OtherClass":"Annex1(H6210)","AddHabs":"LDAGR, LMEAD","PrimSource":"Aerial Photographs 1994 (LCGRA)","AreaHa":1.76,"Version":"Sept_26","UID":"PHID34826755_015356761"},"geometry":{"type":"Polygon","coordinates":[[[-2.74347,51.27881],[-2.74528,51.28009],[-2.74499,51.28018],[-2.74476,51.28014],[-2.74402,51.27971],[-2.74341,51.27942],[-2.7426,51.27897],[-2.74241,51.27881],[-2.74347,51.27881]]]}},{"type":"Feature","properties":{"MainHabs":"Lowland calcareous grassland","HabCodes":"LCGRA","AddHabs":"DWOOD, LDAGR, LMEAD","PrimSource":"Acid Grassland at Siston Common Avon - A County Context. 1992 (LCGRA)","AreaHa":0.54,"Version":"Sept_26","UID":"PHID34832338_015820594"},"geometry":{"type":"Polygon","coordinates":[[[-2.74196,51.32027],[-2.74346,51.32053],[-2.74378,51.32056],[-2.7436,51.32092],[-2.74304,51.32092],[-2.74228,51.32067],[-2.74201,51.32055],[-2.74185,51.32052],[-2.74196,51.32027]]]}},{"type":"Feature","properties":{"MainHabs":"Lowland calcareous grassland","HabCodes":"LCGRA","OtherClass":"Annex1(H6210)","AddHabs":"DWOOD, LDAGR, LHEAT","PrimSource":"Higher Level Stewardship 2010 (LCGRA)","AreaHa":1.68,"Version":"Sept_26","UID":"PHID34836946_015471279"},"geometry":{"type":"Polygon","coordinates":[[[-2.74192,51.28883],[-2.7421,51.28894],[-2.74237,51.28892],[-2.74247,51.28879],[-2.74282,51.28876],[-2.74306,51.28895],[-2.74295,51.2891],[-2.74322,51.28946],[-2.74369,51.28952],[-2.74378,51.28946],[-2.74378,51.28935],[-2.74399,51.28931],[-2.74438,51.28939],[-2.74477,51.28928],[-2.7449,51.2894],[-2.7446,51.28934],[-2.74434,51.28946],[-2.74408,51.28944],[-2.74322,51.28974],[-2.74302,51.28973],[-2.74286,51.28966],[-2.74252,51.2897],[-2.74218,51.28969],[-2.74196,51.28953],[-2.7415,51.28958],[-2.74133,51.2895],[-2.74127,51.28936],[-2.74059,51.2893],[-2.7404,51.28887],[-2.74024,51.28883],[-2.74013,51.28877],[-2.74022,51.28881],[-2.74062,51.28879],[-2.74092,51.28873],[-2.74116,51.28864],[-2.74139,51.28876],[-2.74179,51.28875],[-2.74192,51.28883]]]}},{"type":"Feature","properties":{"MainHabs":"Lowland calcareous grassland","HabCodes":"LCGRA","OtherClass":"Annex1(H6210)","AddHabs":"DWOOD","PrimSource":"Higher Level Stewardship 2010 (LCGRA)","AreaHa":0.03,"Version":"Sept_26","UID":"PHID34838662_015404841"},"geometry":{"type":"Polygon","coordinates":[[[-2.74162,51.28327],[-2.74155,51.28334],[-2.74127,51.28319],[-2.74125,51.28311],[-2.74136,51.2831],[-2.74162,51.28327]]]}},{"type":"Feature","properties":{"MainHabs":"Lowland calcareous grassland","HabCodes":"LCGRA","OtherClass":"Annex1(H6210)","AddHabs":"LDAGR, LMEAD","PrimSource":"Aerial Photographs 1994 (LCGRA)","AreaHa":5.08,"Version":"Sept_26","UID":"PHID34839984_015361329"},"geometry":{"type":"Polygon","coordinates":[[[-2.74164,51.27957],[-2.74168,51.27959],[-2.74177,51.27999],[-2.74104,51.28],[-2.7405,51.28006],[-2.74018,51.27976],[-2.73991,51.27971],[-2.73947,51.2797],[-2.73934,51.27952],[-2.73901,51.27881],[-2.74237,51.27881],[-2.74253,51.27896],[-2.74328,51.27939],[-2.74399,51.27972],[-2.74479,51.28018],[-2.74526,51.28028],[-2.74514,51.2804],[-2.74467,51.28071],[-2.7445,51.28065],[-2.74267,51.27968],[-2.74179,51.27956],[-2.74164,51.27957]]]}},{"type":"Feature","properties":{"MainHabs":"Lowland calcareous grassland","HabCodes":"LCGRA","OtherClass":"Annex1(H6210)","AddHabs":"DWOOD","PrimSource":"Higher Level Stewardship 2010 (LCGRA)","AreaHa":0.02,"Version":"Sept_26","UID":"PHID34843120_015400100"},"geometry":{"type":"Polygon","coordinates":[[[-2.74099,51.28288],[-2.74086,51.2829],[-2.74064,51.28274],[-2.74059,51.28267],[-2.74063,51.28265],[-2.74099,51.28288]]]}},{"type":"Feature","properties":{"MainHabs":"Lowland calcareous grassland","HabCodes":"LCGRA","OtherClass":"Annex1(H6210)","AddHabs":"DWOOD","PrimSource":"Higher Level Stewardship 2010 (LCGRA)","AreaHa":0.03,"Version":"Sept_26","UID":"PHID34848329_015394754"},"geometry":{"type":"Polygon","coordinates":[[[-2.74021,51.28239],[-2.7402,51.28246],[-2.74014,51.28249],[-2.73986,51.28222],[-2.73999,51.28217],[-2.74011,51.28232],[-2.74021,51.28239]]]}},{"type":"Feature","properties":{"MainHabs":"Lowland calcareous grassland","HabCodes":"LCGRA","OtherClass":"Annex1(H6210)","AddHabs":"DWOOD","PrimSource":"Higher Level Stewardship 2010 (LCGRA)","AreaHa":2.59,"Version":"Sept_26","UID":"PHID34849538_015406330"},"geometry":{"type":"Polygon","coordinates":[[[-2.74226,51.28379],[-2.74261,51.28318],[-2.74213,51.2829],[-2.74081,51.28191],[-2.74198,51.28278],[-2.74263,51.28317],[-2.74199,51.28434],[-2.74178,51.28489],[-2.74189,51.285],[-2.74184,51.28505],[-2.74184,51.2852],[-2.74171,51.28548],[-2.74141,51.28587],[-2.7413,51.28592],[-2.74112,51.28593],[-2.74112,51.28589],[-2.74132,51.2859],[-2.74182,51.28514],[-2.74107,51.28438],[-2.73962,51.28356],[-2.73829,51.28289],[-2.73711,51.28218],[-2.73731,51.28204],[-2.73758,51.28171],[-2.74079,51.28357],[-2.7415,51.28405],[-2.74194,51.28443],[-2.74226,51.28379]]]}},{"type":"Feature","properties":{"MainHabs":"Lowland calcareous grassland","HabCodes":"LCGRA","OtherClass":"Annex1(H6210)","AddHabs":"DWOOD","PrimSource":"Higher Level Stewardship 2010 (LCGRA)","AreaHa":0.03,"Version":"Sept_26","UID":"PHID34850394_015389284"},"geometry":{"type":"Polygon","coordinates":[[[-2.73997,51.28193],[-2.7397,51.2819],[-2.73957,51.28177],[-2.73962,51.28173],[-2.73972,51.28175],[-2.73997,51.28193]]]}},{"type":"Feature","properties":{"MainHabs":"Lowland calcareous grassland","HabCodes":"LCGRA","OtherClass":"Annex1(H6210)","AddHabs":"DWOOD","PrimSource":"Higher Level Stewardship 2010 (LCGRA)","AreaHa":0.15,"Version":"Sept_26","UID":"PHID34851121_015461520"},"geometry":{"type":"Polygon","coordinates":[[[-2.74005,51.28802],[-2.74,51.28834],[-2.73946,51.28863],[-2.73931,51.28855],[-2.73934,51.28849],[-2.73928,51.28842],[-2.74005,51.28802]]]}},{"type":"Feature","properties":{"MainHabs":"Lowland calcareous grassland","HabCodes":"LCGRA","OtherClass":"Annex1(H6210)","AddHabs":"DWOOD","PrimSource":"National Trust Habitats Data 2021 (LCGRA)","AreaHa":1.35,"Version":"Sept_26","UID":"PHID34854249_015469092"},"geometry":{"type":"Polygon","coordinates":[[[-2.73996,51.28864],[-2.74005,51.28868],[-2.74014,51.28879],[-2.7404,51.28887],[-2.74059,51.2893],[-2.74036,51.28928],[-2.73967,51.28939],[-2.73939,51.28962],[-2.73927,51.28947],[-2.73911,51.28944],[-2.73854,51.28952],[-2.738,51.28918],[-2.73809,51.28904],[-2.73846,51.28888],[-2.73874,51.28869],[-2.73928,51.28842],[-2.73934,51.28849],[-2.73931,51.28855],[-2.73946,51.28863],[-2.7399,51.2884],[-2.73991,51.28857],[-2.73996,51.28864]]]}},{"type":"Feature","properties":{"MainHabs":"Lowland calcareous grassland","HabCodes":"LCGRA","OtherClass":"Annex1(H6210)","AddHabs":"DWOOD","PrimSource":"Higher Level Stewardship 2010 (LCGRA)","AreaHa":0.03,"Version":"Sept_26","UID":"PHID34855441_015384153"},"geometry":{"type":"Polygon","coordinates":[[[-2.73907,51.28149],[-2.73879,51.28127],[-2.73882,51.28125],[-2.739,51.2813],[-2.73921,51.28152],[-2.73907,51.28149]]]}},{"type":"Feature","properties":{"MainHabs":"Lowland calcareous grassland","HabCodes":"LCGRA","OtherClass":"Annex1(H6210)","AddHabs":"DWOOD","PrimSource":"Higher Level Stewardship 2010 (LCGRA)","AreaHa":0.12,"Version":"Sept_26","UID":"PHID34855620_015475826"},"geometry":{"type":"Polygon","coordinates":[[[-2.73864,51.28949],[-2.73892,51.28945],[-2.73927,51.28947],[-2.73939,51.28962],[-2.73924,51.28973],[-2.73909,51.28979],[-2.73864,51.28949]]]}},{"type":"Feature","properties":{"MainHabs":"Lowland calcareous grassland","HabCodes":"LCGRA","PrimSource":"National Trust Habitats Data 2021 (LCGRA)","AreaHa":0.11,"Version":"Sept_26","UID":"PHID34857304_015463623"},"geometry":{"type":"Polygon","coordinates":[[[-2.73926,51.28843],[-2.73861,51.28877],[-2.73864,51.2887],[-2.73861,51.28841],[-2.73883,51.28838],[-2.73911,51.28828],[-2.73926,51.28843]]]}},{"type":"Feature","properties":{"MainHabs":"Lowland calcareous grassland","HabCodes":"LCGRA","OtherClass":"Annex1(H6210)","AddHabs":"DWOOD","PrimSource":"Higher Level Stewardship 2010 (LCGRA)","AreaHa":0.02,"Version":"Sept_26","UID":"PHID34857885_015385877"},"geometry":{"type":"Polygon","coordinates":[[[-2.73888,51.2817],[-2.73847,51.28147],[-2.73843,51.2814],[-2.73852,51.2814],[-2.73888,51.2817]]]}},{"type":"Feature","properties":{"MainHabs":"Lowland calcareous grassland","HabCodes":"LCGRA","AddHabs":"LDAGR, LMEAD","PrimSource":"Higher Level Stewardship 2006 (LCGRA)","AreaHa":8.75,"Version":"Sept_26","UID":"PHID34859001_015837462"},"geometry":{"type":"Polygon","coordinates":[[[-2.73853,51.32288],[-2.73808,51.32316],[-2.73802,51.32323],[-2.73826,51.32336],[-2.73788,51.32341],[-2.73651,51.32379],[-2.73631,51.32353],[-2.73629,51.32346],[-2.73622,51.32258],[-2.73603,51.32169],[-2.73595,51.32116],[-2.73576,51.32086],[-2.73536,51.32053],[-2.73559,51.32052],[-2.73616,51.32084],[-2.7371,51.32099],[-2.73894,51.32119],[-2.73897,51.32122],[-2.73949,51.32125],[-2.73953,51.3212],[-2.73975,51.32115],[-2.7401,51.32123],[-2.74023,51.32114],[-2.74039,51.3212],[-2.74051,51.32119],[-2.74067,51.32129],[-2.74083,51.32132],[-2.74111,51.32113],[-2.74133,51.32126],[-2.74161,51.32129],[-2.74164,51.32151],[-2.74208,51.32151],[-2.74223,51.32166],[-2.74223,51.32183],[-2.74179,51.32184],[-2.74181,51.32197],[-2.74259,51.3223],[-2.74205,51.32234],[-2.74174,51.32249],[-2.74104,51.32261],[-2.74049,51.32278],[-2.73934,51.32282],[-2.73901,51.32279],[-2.73853,51.32288]]]}},{"type":"Feature","properties":{"MainHabs":"Lowland calcareous grassland","HabCodes":"LCGRA","OtherClass":"Annex1(H6210)","AddHabs":"DWOOD","PrimSource":"Higher Level Stewardship 2010 (LCGRA)","AreaHa":0.1,"Version":"Sept_26","UID":"PHID34864477_015520862"},"geometry":{"type":"Polygon","coordinates":[[[-2.73911,51.29442],[-2.73794,51.29375],[-2.73777,51.29353],[-2.73712,51.2929],[-2.73669,51.29254],[-2.73669,51.29237],[-2.73689,51.29266],[-2.73765,51.29336],[-2.73797,51.29373],[-2.73892,51.29424],[-2.73902,51.2943],[-2.73911,51.29442]]]}},{"type":"Feature","properties":{"MainHabs":"Lowland calcareous grassland","HabCodes":"LCGRA","AddHabs":"LDAGR, LMEAD","PrimSource":"Higher Level Stewardship 2006 (LCGRA)","AreaHa":2.35,"Version":"Sept_26","UID":"PHID34864555_015885191"},"geometry":{"type":"Polygon","coordinates":[[[-2.73933,51.32597],[-2.73943,51.32607],[-2.73962,51.32617],[-2.73982,51.32621],[-2.73971,51.32661],[-2.73941,51.3266],[-2.73922,51.32667],[-2.73891,51.32692],[-2.73834,51.32697],[-2.73834,51.32713],[-2.73818,51.32727],[-2.73795,51.32728],[-2.73783,51.32726],[-2.73763,51.32714],[-2.73763,51.32701],[-2.73772,51.32688],[-2.7376,51.32679],[-2.73716,51.32673],[-2.73725,51.32704],[-2.73691,51.32587],[-2.73726,51.32582],[-2.73756,51.32565],[-2.73808,51.32564],[-2.73832,51.32559],[-2.73857,51.32569],[-2.7389,51.32576],[-2.73933,51.32597]]]}},{"type":"Feature","properties":{"MainHabs":"Lowland calcareous grassland","HabCodes":"LCGRA","PrimSource":"National Trust Habitats Data 2021 (LCGRA)","AreaHa":1.04,"Version":"Sept_26","UID":"PHID34864770_015489325"},"geometry":{"type":"Polygon","coordinates":[[[-2.73797,51.2898],[-2.73856,51.28998],[-2.73856,51.29017],[-2.73834,51.29058],[-2.7381,51.29087],[-2.73754,51.29123],[-2.73707,51.29144],[-2.73743,51.29162],[-2.73762,51.29176],[-2.73782,51.29175],[-2.73753,51.2919],[-2.73725,51.29179],[-2.73635,51.2912],[-2.73625,51.29087],[-2.73646,51.29092],[-2.73687,51.29082],[-2.73705,51.29095],[-2.73719,51.29091],[-2.73738,51.29096],[-2.73748,51.2909],[-2.73752,51.29082],[-2.73772,51.29076],[-2.73776,51.29066],[-2.73792,51.29058],[-2.73812,51.29054],[-2.73821,51.29041],[-2.73802,51.29034],[-2.73798,51.2901],[-2.73781,51.29008],[-2.73791,51.28979],[-2.73797,51.2898]]]}},{"type":"Feature","properties":{"MainHabs":"Lowland calcareous grassland","HabCodes":"LCGRA","OtherClass":"Annex1(H6210)","AddHabs":"DWOOD","PrimSource":"National Trust Habitats Data 2021 (LCGRA)","AreaHa":0.45,"Version":"Sept_26","UID":"PHID34865512_015485748"},"geometry":{"type":"Polygon","coordinates":[[[-2.73625,51.29087],[-2.73729,51.29051],[-2.73762,51.29033],[-2.73781,51.29008],[-2.73798,51.2901],[-2.73802,51.29034],[-2.73821,51.29041],[-2.73812,51.29054],[-2.73792,51.29058],[-2.73776,51.29066],[-2.73772,51.29076],[-2.73752,51.29082],[-2.73748,51.2909],[-2.73738,51.29096],[-2.73719,51.29091],[-2.73705,51.29095],[-2.73687,51.29082],[-2.73646,51.29092],[-2.73625,51.29087]]]}},{"type":"Feature","properties":{"MainHabs":"Lowland calcareous grassland","HabCodes":"LCGRA","PrimSource":"National Trust Habitats Data 2021 (LCGRA)","AreaHa":0.05,"Version":"Sept_26","UID":"PHID34875070_015496709"},"geometry":{"type":"Polygon","coordinates":[[[-2.7361,51.291],[-2.73613,51.29097],[-2.7362,51.29109],[-2.73627,51.29131],[-2.73659,51.29174],[-2.73648,51.29177],[-2.73636,51.29162],[-2.7361,51.291]]]}},{"type":"Feature","properties":{"MainHabs":"Lowland calcareous grassland","HabCodes":"LCGRA","AddHabs":"LDAGR, LMEAD","PrimSource":"Higher Level Stewardship 2006 (LCGRA)","AreaHa":1.65,"Version":"Sept_26","UID":"PHID34886587_015834358"},"geometry":{"type":"Polygon","coordinates":[[[-2.73412,51.32119],[-2.73438,51.32125],[-2.73576,51.32138],[-2.73596,51.32144],[-2.7362,51.32258],[-2.73626,51.32351],[-2.73622,51.32352],[-2.73614,51.32348],[-2.7357,51.32305],[-2.7349,51.32208],[-2.73437,51.32153],[-2.73412,51.32119]]]}},{"type":"Feature","properties":{"MainHabs":"Lowland calcareous grassland","HabCodes":"LCGRA","AddHabs":"LDAGR, LMEAD","PrimSource":"Higher Level Stewardship 2006 (LCGRA)","AreaHa":0.35,"Version":"Sept_26","UID":"PHID34886871_015841267"},"geometry":{"type":"Polygon","coordinates":[[[-2.73648,51.32382],[-2.73649,51.32417],[-2.73645,51.32424],[-2.73633,51.32428],[-2.73635,51.32382],[-2.73381,51.32116],[-2.73395,51.32114],[-2.73407,51.32119],[-2.73433,51.32154],[-2.73489,51.32211],[-2.73565,51.32304],[-2.73614,51.32351],[-2.73636,51.32364],[-2.73648,51.32382]]]}},{"type":"Feature","properties":{"MainHabs":"Lowland calcareous grassland","HabCodes":"LCGRA","AddHabs":"LDAGR, LMEAD","PrimSource":"Higher Level Stewardship 2006 (LCGRA)","AreaHa":1.02,"Version":"Sept_26","UID":"PHID34889133_015822598"},"geometry":{"type":"Polygon","coordinates":[[[-2.73594,51.32126],[-2.73596,51.32142],[-2.73557,51.32133],[-2.73412,51.32119],[-2.73399,51.32113],[-2.73379,51.32114],[-2.73365,51.32092],[-2.73381,51.32086],[-2.73398,51.32084],[-2.73403,51.32086],[-2.7341,51.32098],[-2.7343,51.32096],[-2.73434,51.32088],[-2.7343,51.32068],[-2.73472,51.32047],[-2.73492,51.32028],[-2.73489,51.32014],[-2.73511,51.32025],[-2.73538,51.32062],[-2.73573,51.32089],[-2.73589,51.32109],[-2.73594,51.32126]]]}},{"type":"Feature","properties":{"MainHabs":"Lowland dry acid grassland","HabCodes":"LDAGR","PrimSource":"Higher Level Stewardship 2010 (LDAGR)","AreaHa":5.13,"Version":"Sept_26","UID":"PHID34541848_015585088"},"geometry":{"type":"Polygon","coordinates":[[[-2.78542,51.29898],[-2.78599,51.29976],[-2.78587,51.29984],[-2.78584,51.29996],[-2.78559,51.30003],[-2.78578,51.30015],[-2.78411,51.30045],[-2.78414,51.30073],[-2.78316,51.30077],[-2.78301,51.30009],[-2.78309,51.30009],[-2.78308,51.30005],[-2.783,51.30006],[-2.78254,51.29816],[-2.78457,51.29782],[-2.78542,51.29898]]]}},{"type":"Feature","properties":{"MainHabs":"Lowland dry acid grassland","HabCodes":"LDAGR","PrimSource":"National Trust Habitats Data 2021 (LDAGR)","AreaHa":0.62,"Version":"Sept_26","UID":"PHID34555090_015906018"},"geometry":{"type":"Polygon","coordinates":[[[-2.78218,51.32819],[-2.78221,51.32814],[-2.78259,51.32835],[-2.78272,51.32838],[-2.78278,51.32835],[-2.78254,51.32803],[-2.78235,51.32788],[-2.78259,51.32745],[-2.78354,51.32778],[-2.78323,51.32852],[-2.78245,51.32846],[-2.78238,51.32825],[-2.78231,51.32821],[-2.78218,51.32819]]]}},{"type":"Feature","properties":{"MainHabs":"Lowland dry acid grassland","HabCodes":"LDAGR","AddHabs":"LCGRA","PrimSource":"Higher Level Stewardship 2013 (LDAGR)","AreaHa":0.02,"Version":"Sept_26","UID":"PHID34670477_015371288"},"geometry":{"type":"Polygon","coordinates":[[[-2.76581,51.27992],[-2.76579,51.27997],[-2.76556,51.28005],[-2.76484,51.28017],[-2.7654,51.28006],[-2.76581,51.27992]]]}},{"type":"Feature","properties":{"MainHabs":"Lowland dry acid grassland","HabCodes":"LDAGR","OtherClass":"Annex1(H6210)","AddHabs":"DWOOD, LCGRA, LMEAD","PrimSource":"Higher Level Stewardship 2013 (LDAGR)","AreaHa":15.67,"Version":"Sept_26","UID":"PHID34716144_015406365"},"geometry":{"type":"Polygon","coordinates":[[[-2.75288,51.28469],[-2.75099,51.284],[-2.75151,51.28365],[-2.75169,51.28356],[-2.75222,51.28342],[-2.75294,51.28313],[-2.75394,51.28284],[-2.75476,51.28291],[-2.75551,51.28311],[-2.7571,51.28294],[-2.75751,51.283],[-2.75819,51.28302],[-2.75848,51.28286],[-2.7589,51.28275],[-2.75902,51.28267],[-2.75933,51.28222],[-2.75933,51.282],[-2.75923,51.28151],[-2.75931,51.28118],[-2.75956,51.28092],[-2.76014,51.28058],[-2.76041,51.28057],[-2.76072,51.28068],[-2.76085,51.28089],[-2.76265,51.28063],[-2.7634,51.2804],[-2.76435,51.28039],[-2.76505,51.28018],[-2.7656,51.28007],[-2.76619,51.27984],[-2.76683,51.27966],[-2.767,51.28087],[-2.76641,51.28077],[-2.76546,51.28085],[-2.76492,51.28104],[-2.76434,51.28111],[-2.76391,51.28134],[-2.76301,51.28163],[-2.76224,51.28193],[-2.7616,51.28206],[-2.76119,51.28229],[-2.76064,51.28249],[-2.76038,51.28268],[-2.75976,51.28352],[-2.75952,51.28367],[-2.75653,51.28443],[-2.75584,51.28483],[-2.75473,51.28537],[-2.75288,51.28469]],[[-2.76064,51.28112],[-2.75985,51.28093],[-2.75942,51.28142],[-2.75937,51.28155],[-2.75948,51.28173],[-2.75969,51.28186],[-2.75992,51.28193],[-2.7602,51.28191],[-2.76035,51.28176],[-2.76064,51.28112]],[[-2.76465,51.28102],[-2.76505,51.28085],[-2.76501,51.28077],[-2.7648,51.28059],[-2.76461,51.28054],[-2.76442,51.28051],[-2.76397,51.28056],[-2.76363,51.28071],[-2.76331,51.28067],[-2.76317,51.28072],[-2.76309,51.28079],[-2.76312,51.28104],[-2.76317,51.28113],[-2.76347,51.28131],[-2.76465,51.28102]]]}},{"type":"Feature","properties":{"MainHabs":"Lowland dry acid grassland","HabCodes":"LDAGR","OtherClass":"Annex1(H6210)","AddHabs":"DWOOD, LCGRA, LMEAD","PrimSource":"Higher Level Stewardship 2013 (LDAGR)","AreaHa":6.57,"Version":"Sept_26","UID":"PHID34724510_015395166"},"geometry":{"type":"Polygon","coordinates":[[[-2.75406,51.2827],[-2.75357,51.28291],[-2.75269,51.2832],[-2.7522,51.2834],[-2.75162,51.28356],[-2.75096,51.28399],[-2.75065,51.28388],[-2.75236,51.28272],[-2.75371,51.28183],[-2.75554,51.28285],[-2.75833,51.28059],[-2.75932,51.28053],[-2.76008,51.28058],[-2.75953,51.28091],[-2.75928,51.28117],[-2.75919,51.28152],[-2.75929,51.282],[-2.7593,51.28222],[-2.75899,51.28266],[-2.75882,51.28276],[-2.75847,51.28284],[-2.75822,51.28298],[-2.75809,51.283],[-2.7576,51.28298],[-2.7571,51.28292],[-2.75548,51.28309],[-2.75515,51.28297],[-2.75477,51.28289],[-2.75399,51.28281],[-2.75406,51.2827]]]}},{"type":"Feature","properties":{"MainHabs":"Lowland dry acid grassland","HabCodes":"LDAGR","OtherClass":"Annex1(H6210)","AddHabs":"LCGRA","PrimSource":"English Nature SSSI surveys 1983 (LDAGR)","AreaHa":0.66,"Version":"Sept_26","UID":"PHID34818222_015396404"},"geometry":{"type":"Polygon","coordinates":[[[-2.74569,51.2828],[-2.74452,51.28274],[-2.74424,51.28268],[-2.7437,51.28244],[-2.74359,51.28235],[-2.74351,51.28215],[-2.7438,51.28208],[-2.74396,51.2822],[-2.74414,51.28224],[-2.74427,51.28222],[-2.74445,51.28232],[-2.74473,51.28229],[-2.74481,51.28244],[-2.74495,51.2824],[-2.74508,51.28249],[-2.74516,51.28245],[-2.74532,51.2825],[-2.74541,51.28239],[-2.74558,51.28241],[-2.74582,51.28252],[-2.7459,51.28263],[-2.74588,51.28271],[-2.74569,51.2828]]]}},{"type":"Feature","properties":{"MainHabs":"Lowland dry acid grassland","HabCodes":"LDAGR","AddHabs":"LCGRA","PrimSource":"National Trust Habitats Data 2021 (LDAGR)","AreaHa":6.88,"Version":"Sept_26","UID":"PHID34822634_015485977"},"geometry":{"type":"Polygon","coordinates":[[[-2.73952,51.29007],[-2.73909,51.2909],[-2.739,51.29101],[-2.73782,51.29175],[-2.73762,51.29176],[-2.73743,51.29162],[-2.73707,51.29144],[-2.73754,51.29123],[-2.7381,51.29087],[-2.73864,51.29114],[-2.73895,51.2909],[-2.73914,51.29059],[-2.73926,51.29031],[-2.7393,51.29029],[-2.73922,51.29021],[-2.73925,51.28999],[-2.7391,51.28993],[-2.73904,51.28983],[-2.73924,51.28973],[-2.73967,51.28939],[-2.74036,51.28928],[-2.74127,51.28936],[-2.74133,51.2895],[-2.7415,51.28958],[-2.74196,51.28953],[-2.74218,51.28969],[-2.74252,51.2897],[-2.74286,51.28966],[-2.74302,51.28973],[-2.74322,51.28974],[-2.74408,51.28944],[-2.74434,51.28946],[-2.74464,51.28934],[-2.7449,51.2894],[-2.74516,51.28975],[-2.74464,51.2898],[-2.74478,51.28999],[-2.74535,51.28999],[-2.74535,51.28984],[-2.74595,51.28978],[-2.74631,51.29052],[-2.74599,51.29058],[-2.7459,51.29042],[-2.74567,51.29025],[-2.74524,51.29023],[-2.74523,51.29039],[-2.74574,51.29094],[-2.74569,51.29098],[-2.74599,51.29113],[-2.74602,51.29119],[-2.74599,51.29131],[-2.74587,51.2915],[-2.74587,51.29156],[-2.74592,51.29161],[-2.74616,51.29164],[-2.74682,51.29162],[-2.74687,51.29172],[-2.74434,51.29162],[-2.74451,51.29128],[-2.74411,51.29122],[-2.74408,51.29114],[-2.74386,51.29103],[-2.74348,51.29106],[-2.74338,51.29112],[-2.74254,51.29101],[-2.7423,51.29023],[-2.73952,51.29007]]]}},{"type":"Feature","properties":{"MainHabs":"Lowland dry acid grassland","HabCodes":"LDAGR","AddHabs":"LCGRA","PrimSource":"National Trust Habitats Data 2021 (LDAGR)","AreaHa":5.52,"Version":"Sept_26","UID":"PHID34847925_015388984"},"geometry":{"type":"Polygon","coordinates":[[[-2.74081,51.28191],[-2.74213,51.2829],[-2.74261,51.28318],[-2.74208,51.28411],[-2.74194,51.28443],[-2.7415,51.28405],[-2.74079,51.28357],[-2.73758,51.28171],[-2.73828,51.28088],[-2.73834,51.28053],[-2.73848,51.28039],[-2.73945,51.28097],[-2.74007,51.28129],[-2.74081,51.28191]],[[-2.73907,51.28149],[-2.73921,51.28152],[-2.739,51.2813],[-2.73882,51.28125],[-2.73879,51.28127],[-2.73907,51.28149]],[[-2.73888,51.2817],[-2.73852,51.2814],[-2.73843,51.2814],[-2.73847,51.28147],[-2.73888,51.2817]],[[-2.73997,51.28193],[-2.73972,51.28175],[-2.73962,51.28173],[-2.73957,51.28177],[-2.7397,51.2819],[-2.73997,51.28193]],[[-2.74021,51.28239],[-2.74011,51.28232],[-2.73999,51.28217],[-2.73986,51.28222],[-2.74014,51.28249],[-2.7402,51.28246],[-2.74021,51.28239]],[[-2.74099,51.28288],[-2.74063,51.28265],[-2.74059,51.28267],[-2.74064,51.28274],[-2.74086,51.2829],[-2.74099,51.28288]],[[-2.74162,51.28327],[-2.74136,51.2831],[-2.74125,51.28311],[-2.74127,51.28319],[-2.74155,51.28334],[-2.74162,51.28327]]]}},{"type":"Feature","properties":{"MainHabs":"Lowland dry acid grassland","HabCodes":"LDAGR","PrimSource":"National Trust Habitats Data 2021 (LDAGR)","AreaHa":0.06,"Version":"Sept_26","UID":"PHID34854129_015372960"},"geometry":{"type":"Polygon","coordinates":[[[-2.73914,51.28021],[-2.7394,51.28041],[-2.73931,51.2805],[-2.73908,51.28049],[-2.73895,51.28044],[-2.73896,51.28035],[-2.73914,51.28021]]]}},{"type":"Feature","properties":{"MainHabs":"Lowland dry acid grassland","HabCodes":"LDAGR","OtherClass":"Annex1(H6210)","AddHabs":"DWOOD, LCGRA","PrimSource":"SERC Site Data 1993 (LDAGR)","AreaHa":0.24,"Version":"Sept_26","UID":"PHID34855592_015363350"},"geometry":{"type":"Polygon","coordinates":[[[-2.73895,51.27998],[-2.73881,51.27981],[-2.7387,51.27953],[-2.73881,51.27892],[-2.73887,51.2789],[-2.7392,51.27956],[-2.73895,51.27998]]]}},{"type":"Feature","properties":{"MainHabs":"Lowland dry acid grassland","HabCodes":"LDAGR","OtherClass":"Annex1(H6210)","AddHabs":"DWOOD, LCGRA","PrimSource":"National Trust Habitats Data 2021 (LDAGR)","AreaHa":2.5,"Version":"Sept_26","UID":"PHID34859812_015444881"},"geometry":{"type":"Polygon","coordinates":[[[-2.73801,51.28794],[-2.73817,51.28821],[-2.73771,51.28835],[-2.73708,51.28808],[-2.73686,51.2882],[-2.73601,51.28803],[-2.73678,51.28766],[-2.73784,51.28704],[-2.73829,51.28664],[-2.73841,51.28647],[-2.73852,51.28621],[-2.73871,51.28603],[-2.7389,51.28596],[-2.73911,51.28594],[-2.74051,51.28601],[-2.74091,51.28599],[-2.74091,51.28623],[-2.74013,51.28631],[-2.73976,51.28639],[-2.73962,51.28645],[-2.73961,51.28652],[-2.73953,51.28655],[-2.7396,51.28665],[-2.74007,51.28704],[-2.73953,51.28674],[-2.73931,51.28682],[-2.73922,51.28694],[-2.73905,51.28707],[-2.73773,51.2876],[-2.73801,51.28794]]]}},{"type":"Feature","properties":{"MainHabs":"Lowland dry acid grassland","HabCodes":"LDAGR","OtherClass":"Annex1(H6210)","AddHabs":"DWOOD, LCGRA","PrimSource":"SERC Site Data 1993 (LDAGR)","AreaHa":1.78,"Version":"Sept_26","UID":"PHID34865169_015445010"},"geometry":{"type":"Polygon","coordinates":[[[-2.73643,51.28784],[-2.73601,51.28803],[-2.7357,51.28807],[-2.73543,51.28828],[-2.73542,51.28841],[-2.73502,51.28846],[-2.73495,51.28865],[-2.73494,51.28876],[-2.73475,51.28881],[-2.73428,51.28854],[-2.73434,51.28841],[-2.73525,51.28807],[-2.7365,51.28744],[-2.7376,51.28668],[-2.73811,51.28609],[-2.73874,51.28572],[-2.74112,51.28589],[-2.74112,51.28598],[-2.74077,51.28601],[-2.73911,51.28594],[-2.73878,51.286],[-2.73868,51.28605],[-2.73852,51.28621],[-2.73841,51.28647],[-2.73829,51.28664],[-2.73784,51.28704],[-2.73753,51.28724],[-2.73643,51.28784]]]}},{"type":"Feature","properties":{"MainHabs":"Lowland dry acid grassland","HabCodes":"LDAGR","PrimSource":"National Trust Habitats Data 2021 (LDAGR)","AreaHa":0.48,"Version":"Sept_26","UID":"PHID34867735_015462602"},"geometry":{"type":"Polygon","coordinates":[[[-2.73817,51.28821],[-2.73824,51.28836],[-2.7378,51.28847],[-2.73731,51.28865],[-2.7372,51.28871],[-2.73717,51.2888],[-2.73684,51.28868],[-2.73679,51.28861],[-2.73678,51.28834],[-2.73647,51.28833],[-2.73629,51.2884],[-2.73623,51.28832],[-2.73626,51.28808],[-2.73686,51.2882],[-2.73708,51.28808],[-2.73771,51.28835],[-2.73817,51.28821]]]}},{"type":"Feature","properties":{"MainHabs":"Lowland dry acid grassland","HabCodes":"LDAGR","OtherClass":"Annex1(H6210)","AddHabs":"DWOOD, LCGRA, LMEAD","PrimSource":"Higher Level Stewardship 2013 (LDAGR)","AreaHa":18.5,"Version":"Sept_26","UID":"PHID34869784_015334531"},"geometry":{"type":"Polygon","coordinates":[[[-2.73413,51.27881],[-2.73326,51.27944],[-2.73303,51.27953],[-2.73271,51.27956],[-2.73246,51.27953],[-2.73224,51.27942],[-2.73214,51.27932],[-2.73198,51.27881],[-2.73413,51.27881]]]}},{"type":"Feature","properties":{"MainHabs":"Lowland dry acid grassland","HabCodes":"LDAGR","OtherClass":"Annex1(H6210)","AddHabs":"DWOOD, LCGRA","PrimSource":"National Trust Habitats Data 2021 (LDAGR)","AreaHa":0.58,"Version":"Sept_26","UID":"PHID34871010_015471954"},"geometry":{"type":"Polygon","coordinates":[[[-2.73717,51.28882],[-2.73758,51.28938],[-2.7375,51.2894],[-2.73753,51.28945],[-2.73761,51.28943],[-2.73771,51.28956],[-2.73698,51.28967],[-2.73685,51.28961],[-2.73657,51.28984],[-2.7361,51.28967],[-2.73639,51.28958],[-2.73658,51.28942],[-2.73664,51.28934],[-2.73648,51.28925],[-2.73652,51.28909],[-2.73675,51.28903],[-2.73691,51.28892],[-2.73717,51.28882]]]}},{"type":"Feature","properties":{"MainHabs":"Lowland dry acid grassland","HabCodes":"LDAGR","OtherClass":"Annex1(H6210)","AddHabs":"DWOOD, LCGRA","PrimSource":"SERC Site Data 1993 (LDAGR)","AreaHa":13.52,"Version":"Sept_26","UID":"PHID34876637_015369226"},"geometry":{"type":"Polygon","coordinates":[[[-2.73647,51.28189],[-2.73611,51.28176],[-2.73445,51.28131],[-2.73421,51.28133],[-2.73404,51.28142],[-2.73336,51.28103],[-2.73326,51.28086],[-2.73288,51.27975],[-2.73269,51.27966],[-2.73305,51.27962],[-2.73334,51.27952],[-2.73433,51.27881],[-2.73884,51.27881],[-2.73886,51.27887],[-2.73876,51.2789],[-2.73865,51.2795],[-2.73876,51.2798],[-2.73892,51.28],[-2.73834,51.28053],[-2.73828,51.28088],[-2.73731,51.28204],[-2.73711,51.28218],[-2.73647,51.28189]]]}},{"type":"Feature","properties":{"MainHabs":"Lowland dry acid grassland","HabCodes":"LDAGR","PrimSource":"SERC Site Data 1993 (LDAGR)","AreaHa":0.63,"Version":"Sept_26","UID":"PHID34899529_015376617"},"geometry":{"type":"Polygon","coordinates":[[[-2.73304,51.28021],[-2.73326,51.28086],[-2.73336,51.28103],[-2.73298,51.28132],[-2.73199,51.28071],[-2.73262,51.28034],[-2.73303,51.28017],[-2.73304,51.28021]]]}},{"type":"Feature","properties":{"MainHabs":"Lowland dry acid grassland,Lowland heathland","HabCodes":"LDAGR, LHEAT","OtherClass":"Phase1(D12)","AddHabs":"LCGRA","PrimSource":"National Trust Habitats Data 2021 (LDAGR), Biology Survey of Common Land 1991 (LHEAT)","AreaHa":14.04,"Version":"Sept_26","UID":"PHID34142370_015583298"},"geometry":{"type":"Polygon","coordinates":[[[-2.84597,51.29833],[-2.84623,51.29828],[-2.84664,51.29805],[-2.84676,51.29802],[-2.84671,51.29814],[-2.84699,51.29844],[-2.84715,51.29868],[-2.84751,51.29847],[-2.84781,51.2985],[-2.84744,51.29911],[-2.84803,51.29912],[-2.84825,51.29916],[-2.84848,51.29923],[-2.84901,51.29953],[-2.84954,51.29938],[-2.85011,51.2993],[-2.8507,51.29928],[-2.85145,51.29932],[-2.85135,51.29949],[-2.84685,51.29976],[-2.84685,51.29982],[-2.84651,51.29981],[-2.84489,51.29993],[-2.84361,51.29991],[-2.84099,51.3001],[-2.83951,51.30016],[-2.83881,51.30024],[-2.83875,51.3002],[-2.839,51.30017],[-2.83866,51.3],[-2.83813,51.29982],[-2.83933,51.29856],[-2.83985,51.29767],[-2.8402,51.29697],[-2.84046,51.29703],[-2.84072,51.29725],[-2.84135,51.29735],[-2.84186,51.29748],[-2.84199,51.29755],[-2.84227,51.29778],[-2.84402,51.29867],[-2.84435,51.29864],[-2.84441,51.29855],[-2.84445,51.29841],[-2.84483,51.29848],[-2.84519,51.29849],[-2.84538,51.29844],[-2.84541,51.2983],[-2.84597,51.29833]]]}},{"type":"Feature","properties":{"MainHabs":"Lowland fens","HabCodes":"LFENS","AddHabs":"LMEAD, PMGRP","PrimSource":"BogBASE/FenBASE (LFENS)","AreaHa":1.15,"Version":"Sept_26","UID":"PHID34052422_015736592"},"geometry":{"type":"Polygon","coordinates":[[[-2.85399,51.31276],[-2.85358,51.31288],[-2.85354,51.31263],[-2.85359,51.31233],[-2.85404,51.31226],[-2.85433,51.31199],[-2.85497,51.31189],[-2.85497,51.31173],[-2.85475,51.31176],[-2.85497,51.31171],[-2.85497,51.31248],[-2.85399,51.31276]]]}},{"type":"Feature","properties":{"MainHabs":"Lowland fens","HabCodes":"LFENS","PrimSource":"BogBASE/FenBASE (LFENS)","AreaHa":0.01,"Version":"Sept_26","UID":"PHID34065716_015764999"},"geometry":{"type":"Polygon","coordinates":[[[-2.85272,51.31483],[-2.85334,51.31486],[-2.85402,51.31482],[-2.85334,51.31487],[-2.85272,51.31483]]]}},{"type":"Feature","properties":{"MainHabs":"Lowland fens","HabCodes":"LFENS","OtherClass":"Annex1(7230), NVC(M13)","AddHabs":"PMGRP","PrimSource":"Inventory of EU Habitats Directive Annex 1 Wetlands 2017 (LFENS)","AreaHa":0.52,"Version":"Sept_26","UID":"PHID34074853_015737720"},"geometry":{"type":"Polygon","coordinates":[[[-2.85211,51.3121],[-2.85197,51.31236],[-2.85196,51.31269],[-2.8512,51.31276],[-2.85104,51.31283],[-2.85072,51.31258],[-2.85079,51.31243],[-2.85103,51.31241],[-2.85111,51.31221],[-2.85151,51.3122],[-2.85169,51.31215],[-2.85175,51.31209],[-2.85167,51.31198],[-2.85217,51.312],[-2.85211,51.3121]]]}},{"type":"Feature","properties":{"MainHabs":"Lowland fens","HabCodes":"LFENS","AddHabs":"LMEAD, PMGRP","PrimSource":"BogBASE/FenBASE (LFENS)","AreaHa":5.92,"Version":"Sept_26","UID":"PHID34105383_015750090"},"geometry":{"type":"Polygon","coordinates":[[[-2.8476,51.31245],[-2.8477,51.31254],[-2.84789,51.31258],[-2.84933,51.31272],[-2.84948,51.31344],[-2.84933,51.31395],[-2.84927,51.31409],[-2.84921,51.31415],[-2.84918,51.31449],[-2.84909,51.31475],[-2.84868,51.31489],[-2.84854,51.31475],[-2.84838,51.31471],[-2.84828,51.31461],[-2.84795,51.31453],[-2.84786,51.31447],[-2.84768,51.31441],[-2.84761,51.31432],[-2.84734,51.31426],[-2.84715,51.31416],[-2.84714,51.31405],[-2.84694,51.3141],[-2.84664,51.31427],[-2.84632,51.31424],[-2.84563,51.31391],[-2.8453,51.31365],[-2.84506,51.3136],[-2.84483,51.3136],[-2.84468,51.31303],[-2.84468,51.31274],[-2.84482,51.31279],[-2.84519,51.31284],[-2.84583,51.31281],[-2.84612,51.31274],[-2.84635,51.31273],[-2.84636,51.31257],[-2.84619,51.31244],[-2.84619,51.3124],[-2.84629,51.31231],[-2.8463,51.31223],[-2.84628,51.3122],[-2.84752,51.31236],[-2.8476,51.31245]]]}},{"type":"Feature","properties":{"MainHabs":"Lowland fens","HabCodes":"LFENS","OtherClass":"Annex1(7230), NVC(M22)","AddHabs":"CFPGM, PMGRP","PrimSource":"Inventory of EU Habitats Directive Annex 1 Wetlands 2017 (LFENS)","AreaHa":0.3,"Version":"Sept_26","UID":"PHID34246438_016079066"},"geometry":{"type":"Polygon","coordinates":[[[-2.82684,51.34344],[-2.82682,51.34334],[-2.82698,51.3432],[-2.82717,51.34313],[-2.82747,51.34307],[-2.82774,51.34305],[-2.82787,51.34309],[-2.82796,51.34317],[-2.828,51.3433],[-2.82796,51.34341],[-2.82787,51.34344],[-2.82762,51.34343],[-2.8271,51.34349],[-2.82694,51.34348],[-2.82684,51.34344]]]}},{"type":"Feature","properties":{"MainHabs":"Lowland fens","HabCodes":"LFENS","AddHabs":"CFPGM, PMGRP","PrimSource":"BogBASE/FenBASE (LFENS)","AreaHa":1.12,"Version":"Sept_26","UID":"PHID34253779_016079420"},"geometry":{"type":"Polygon","coordinates":[[[-2.82827,51.34289],[-2.82824,51.3429],[-2.8285,51.34365],[-2.82682,51.34366],[-2.82679,51.34377],[-2.82571,51.34374],[-2.82567,51.34372],[-2.82556,51.34349],[-2.82556,51.34347],[-2.82573,51.34347],[-2.82625,51.34306],[-2.82711,51.34299],[-2.82821,51.34284],[-2.82827,51.34289]],[[-2.82684,51.34344],[-2.82694,51.34348],[-2.8271,51.34349],[-2.82762,51.34343],[-2.82787,51.34344],[-2.82796,51.34341],[-2.828,51.3433],[-2.82796,51.34317],[-2.82787,51.34309],[-2.82774,51.34305],[-2.82747,51.34307],[-2.82717,51.34313],[-2.82698,51.3432],[-2.82682,51.34334],[-2.82684,51.34344]]]}},{"type":"Feature","properties":{"MainHabs":"Lowland heathland","HabCodes":"LHEAT","OtherClass":"Annex1(H4030), Phase1(D12)","AddHabs":"LCGRA","PrimSource":"National Trust Habitats Data 2021 (LHEAT)","AreaHa":9.68,"Version":"Sept_26","UID":"PHID34035166_015582314"},"geometry":{"type":"Polygon","coordinates":[[[-2.85444,51.29964],[-2.85453,51.2996],[-2.85338,51.29915],[-2.85302,51.29903],[-2.85253,51.29896],[-2.85252,51.29882],[-2.85202,51.29867],[-2.85185,51.29857],[-2.8518,51.29844],[-2.85187,51.29839],[-2.852,51.29842],[-2.85212,51.29851],[-2.85237,51.29855],[-2.85248,51.29851],[-2.85252,51.29836],[-2.85241,51.29798],[-2.85117,51.29784],[-2.85095,51.29779],[-2.8508,51.2977],[-2.85064,51.29757],[-2.85057,51.29736],[-2.85058,51.29718],[-2.85064,51.29696],[-2.85071,51.29686],[-2.85079,51.29691],[-2.85084,51.29701],[-2.85167,51.2974],[-2.85291,51.29711],[-2.85369,51.29697],[-2.85497,51.29723],[-2.85497,51.29796],[-2.85371,51.29796],[-2.85367,51.29806],[-2.85365,51.29832],[-2.8537,51.29854],[-2.85449,51.29858],[-2.85497,51.29867],[-2.85497,51.29975],[-2.85444,51.29964]]]}},{"type":"Feature","properties":{"MainHabs":"Lowland heathland","HabCodes":"LHEAT","OtherClass":"Phase1(D12)","AddHabs":"DWOOD, LCGRA","PrimSource":"Biology Survey of Common Land 1991 (LHEAT)","AreaHa":2,"Version":"Sept_26","UID":"PHID34039873_015556737"},"geometry":{"type":"Polygon","coordinates":[[[-2.85497,51.29646],[-2.8546,51.29617],[-2.85455,51.29601],[-2.85399,51.29553],[-2.85369,51.29536],[-2.85318,51.29519],[-2.85322,51.29502],[-2.85309,51.29482],[-2.85288,51.29472],[-2.85309,51.29474],[-2.85316,51.29487],[-2.85336,51.29489],[-2.85341,51.29493],[-2.85361,51.29493],[-2.8539,51.29487],[-2.85417,51.29512],[-2.85406,51.29541],[-2.85399,51.29549],[-2.85416,51.29562],[-2.85453,51.29562],[-2.85478,51.29569],[-2.85497,51.29563],[-2.85497,51.29646]]]}},{"type":"Feature","properties":{"MainHabs":"Lowland heathland","HabCodes":"LHEAT","OtherClass":"Phase1(D12)","AddHabs":"LCGRA","PrimSource":"Biology Survey of Common Land 1991 (LHEAT)","AreaHa":0.2,"Version":"Sept_26","UID":"PHID34051075_015565633"},"geometry":{"type":"Polygon","coordinates":[[[-2.85449,51.29669],[-2.85467,51.29685],[-2.85497,51.2969],[-2.85497,51.29711],[-2.85459,51.29705],[-2.85429,51.29695],[-2.85417,51.29688],[-2.85413,51.29682],[-2.85449,51.29669]]]}},{"type":"Feature","properties":{"MainHabs":"Lowland heathland","HabCodes":"LHEAT","OtherClass":"Annex1(H4030)","AddHabs":"LCGRA","PrimSource":"National Trust Habitats Data 2021 (LHEAT)","AreaHa":1.4,"Version":"Sept_26","UID":"PHID34069458_015564357"},"geometry":{"type":"Polygon","coordinates":[[[-2.85071,51.29686],[-2.85085,51.29672],[-2.85125,51.29655],[-2.85233,51.29623],[-2.85251,51.29641],[-2.85299,51.29671],[-2.85369,51.29697],[-2.85291,51.29711],[-2.85167,51.2974],[-2.85084,51.29701],[-2.85079,51.29691],[-2.85071,51.29686]]]}},{"type":"Feature","properties":{"MainHabs":"Lowland heathland","HabCodes":"LHEAT","OtherClass":"Annex1(H4030), Phase1(D12)","AddHabs":"LCGRA","PrimSource":"National Trust Habitats Data 2021 (LHEAT)","AreaHa":4.92,"Version":"Sept_26","UID":"PHID34086785_015577632"},"geometry":{"type":"Polygon","coordinates":[[[-2.84865,51.29932],[-2.84848,51.29923],[-2.84803,51.29912],[-2.84744,51.29911],[-2.84781,51.2985],[-2.8481,51.29845],[-2.84831,51.29837],[-2.84837,51.29824],[-2.84841,51.29782],[-2.84827,51.29738],[-2.8481,51.29716],[-2.848,51.29695],[-2.84809,51.29677],[-2.84812,51.29662],[-2.84809,51.29647],[-2.84841,51.29653],[-2.8486,51.29653],[-2.84878,51.29647],[-2.84884,51.29631],[-2.84898,51.29643],[-2.84976,51.2968],[-2.84993,51.29709],[-2.84995,51.29758],[-2.84984,51.29802],[-2.84986,51.29818],[-2.84996,51.29828],[-2.85026,51.29841],[-2.85093,51.29852],[-2.85155,51.29882],[-2.85163,51.2989],[-2.85164,51.29898],[-2.85145,51.29932],[-2.8507,51.29928],[-2.85011,51.2993],[-2.84954,51.29938],[-2.84901,51.29953],[-2.84865,51.29932]]]}},{"type":"Feature","properties":{"MainHabs":"Lowland heathland","HabCodes":"LHEAT","OtherClass":"Phase1(D12)","AddHabs":"DWOOD, LCGRA","PrimSource":"Biology Survey of Common Land 1991 (LHEAT)","AreaHa":10.56,"Version":"Sept_26","UID":"PHID34110437_015570753"},"geometry":{"type":"Polygon","coordinates":[[[-2.84821,51.2956],[-2.84811,51.29571],[-2.84872,51.29596],[-2.84872,51.29616],[-2.84884,51.29631],[-2.84878,51.29647],[-2.8486,51.29653],[-2.84841,51.29653],[-2.84809,51.29647],[-2.84812,51.29662],[-2.84809,51.29677],[-2.848,51.29695],[-2.8481,51.29716],[-2.84827,51.29738],[-2.84841,51.29782],[-2.8484,51.29814],[-2.84831,51.29837],[-2.8481,51.29845],[-2.84784,51.2985],[-2.84751,51.29847],[-2.84715,51.29868],[-2.84699,51.29844],[-2.84671,51.29814],[-2.84676,51.29802],[-2.84664,51.29805],[-2.84623,51.29828],[-2.84604,51.29832],[-2.8454,51.29831],[-2.84537,51.29844],[-2.84512,51.2985],[-2.84445,51.29841],[-2.8436,51.29814],[-2.84345,51.29806],[-2.84337,51.29797],[-2.84335,51.29784],[-2.84335,51.29746],[-2.84322,51.29679],[-2.8431,51.29642],[-2.84325,51.29637],[-2.84341,51.29621],[-2.84358,51.2962],[-2.84407,51.29635],[-2.84441,51.29641],[-2.84478,51.29674],[-2.84505,51.29683],[-2.84573,51.29664],[-2.84593,51.29654],[-2.84612,51.29656],[-2.8466,51.29652],[-2.84668,51.29646],[-2.84666,51.29633],[-2.84672,51.29584],[-2.84689,51.29512],[-2.8469,51.2946],[-2.84707,51.29454],[-2.84739,51.29419],[-2.84829,51.29377],[-2.84852,51.29361],[-2.84855,51.29355],[-2.84877,51.29354],[-2.84854,51.29385],[-2.84853,51.29407],[-2.84865,51.29442],[-2.84907,51.29494],[-2.84853,51.29527],[-2.84821,51.2956]]]}},{"type":"Feature","properties":{"MainHabs":"Lowland heathland","HabCodes":"LHEAT","OtherClass":"Phase1(D12)","AddHabs":"LCGRA","PrimSource":"Biology Survey of Common Land 1991 (LHEAT)","AreaHa":1,"Version":"Sept_26","UID":"PHID34113575_015598257"},"geometry":{"type":"Polygon","coordinates":[[[-2.84686,51.29982],[-2.84685,51.29976],[-2.85145,51.29948],[-2.85173,51.29956],[-2.84077,51.30024],[-2.83894,51.30033],[-2.83881,51.30024],[-2.8401,51.30012],[-2.84108,51.3001],[-2.84038,51.30014],[-2.84089,51.30014],[-2.84265,51.3],[-2.84507,51.29992],[-2.84651,51.29981],[-2.84686,51.29982]]]}},{"type":"Feature","properties":{"MainHabs":"Lowland heathland","HabCodes":"LHEAT","OtherClass":"Phase1(D12)","AddHabs":"LCGRA","PrimSource":"Biology Survey of Common Land 1991 (LHEAT)","AreaHa":0.02,"Version":"Sept_26","UID":"PHID34134560_015598788"},"geometry":{"type":"Polygon","coordinates":[[[-2.84452,51.29992],[-2.84412,51.29991],[-2.84311,51.29996],[-2.8418,51.30004],[-2.84361,51.29991],[-2.84452,51.29992]]]}},{"type":"Feature","properties":{"MainHabs":"Lowland heathland","HabCodes":"LHEAT","OtherClass":"Phase1(D12)","AddHabs":"LCGRA","PrimSource":"Biology Survey of Common Land 1991 (LHEAT)","AreaHa":1.12,"Version":"Sept_26","UID":"PHID34144021_015500004"},"geometry":{"type":"Polygon","coordinates":[[[-2.8407,51.29161],[-2.84051,51.29161],[-2.84038,51.29154],[-2.84045,51.29151],[-2.84068,51.29157],[-2.84071,51.29151],[-2.84058,51.29141],[-2.84043,51.29134],[-2.84045,51.29131],[-2.8406,51.29132],[-2.8406,51.29128],[-2.84067,51.29122],[-2.84053,51.29114],[-2.84067,51.29107],[-2.84055,51.29101],[-2.84081,51.29094],[-2.84098,51.29101],[-2.84111,51.291],[-2.84104,51.29095],[-2.84101,51.29085],[-2.84104,51.29062],[-2.84115,51.29057],[-2.84122,51.29045],[-2.8412,51.29033],[-2.84133,51.29019],[-2.84141,51.29016],[-2.84148,51.29015],[-2.8415,51.29018],[-2.84136,51.29024],[-2.8413,51.2903],[-2.84132,51.29046],[-2.84131,51.29064],[-2.84148,51.29069],[-2.84174,51.29071],[-2.84177,51.29077],[-2.84201,51.29077],[-2.84223,51.29067],[-2.84197,51.2904],[-2.84196,51.2903],[-2.84201,51.29027],[-2.84217,51.2903],[-2.84215,51.29044],[-2.84231,51.29062],[-2.84261,51.29053],[-2.84285,51.29051],[-2.84287,51.29055],[-2.84261,51.29063],[-2.8425,51.29074],[-2.8424,51.29075],[-2.8421,51.29044],[-2.84213,51.29031],[-2.84208,51.29029],[-2.84202,51.29032],[-2.84202,51.2904],[-2.84238,51.29075],[-2.84237,51.29079],[-2.8423,51.29082],[-2.84214,51.29099],[-2.84196,51.29104],[-2.84177,51.29104],[-2.84167,51.2912],[-2.84143,51.2913],[-2.84138,51.29148],[-2.84152,51.29167],[-2.84154,51.29175],[-2.8415,51.29187],[-2.84139,51.29196],[-2.84107,51.29205],[-2.84072,51.29203],[-2.84083,51.29179],[-2.84068,51.29171],[-2.84072,51.29165],[-2.8407,51.29161]]]}},{"type":"Feature","properties":{"MainHabs":"Lowland heathland","HabCodes":"LHEAT","OtherClass":"Phase1(D12)","PrimSource":"Biology Survey of Common Land 1991 (LHEAT)","AreaHa":0.04,"Version":"Sept_26","UID":"PHID34155072_015490862"},"geometry":{"type":"Polygon","coordinates":[[[-2.83953,51.28999],[-2.83963,51.29001],[-2.83964,51.2906],[-2.83956,51.29059],[-2.83953,51.28999]]]}},{"type":"Feature","properties":{"MainHabs":"Lowland heathland","HabCodes":"LHEAT","OtherClass":"Phase1(D12)","AddHabs":"LCGRA","PrimSource":"Biology Survey of Common Land 1991 (LHEAT)","AreaHa":0.02,"Version":"Sept_26","UID":"PHID34155262_015496360"},"geometry":{"type":"Polygon","coordinates":[[[-2.83935,51.29071],[-2.83936,51.29067],[-2.83975,51.29068],[-2.83978,51.2907],[-2.83977,51.29082],[-2.83935,51.29079],[-2.83935,51.29071]],[[-2.83975,51.29071],[-2.83941,51.29069],[-2.8394,51.29076],[-2.83974,51.29078],[-2.83975,51.29071]]]}},{"type":"Feature","properties":{"MainHabs":"Lowland heathland","HabCodes":"LHEAT","OtherClass":"Phase1(D12)","AddHabs":"LCGRA","PrimSource":"Biology Survey of Common Land 1991 (LHEAT)","AreaHa":0.09,"Version":"Sept_26","UID":"PHID34159406_015537208"},"geometry":{"type":"Polygon","coordinates":[[[-2.83955,51.29473],[-2.83943,51.29471],[-2.83861,51.29435],[-2.83849,51.29428],[-2.8385,51.29421],[-2.83855,51.2942],[-2.83868,51.29429],[-2.83907,51.29441],[-2.83936,51.29454],[-2.8396,51.29468],[-2.83955,51.29473]]]}},{"type":"Feature","properties":{"MainHabs":"Lowland heathland","HabCodes":"LHEAT","OtherClass":"Phase1(D12)","AddHabs":"LCGRA","PrimSource":"Biology Survey of Common Land 1991 (LHEAT)","AreaHa":4.24,"Version":"Sept_26","UID":"PHID34160955_015567515"},"geometry":{"type":"Polygon","coordinates":[[[-2.83969,51.29793],[-2.83933,51.29856],[-2.83813,51.29982],[-2.83796,51.29975],[-2.83792,51.29969],[-2.8379,51.29961],[-2.838,51.29961],[-2.83813,51.29969],[-2.83816,51.29965],[-2.83797,51.29935],[-2.83804,51.29934],[-2.83826,51.29945],[-2.83841,51.29946],[-2.83832,51.29927],[-2.83819,51.29916],[-2.83808,51.29915],[-2.83747,51.29895],[-2.83772,51.29865],[-2.83811,51.29788],[-2.83861,51.29757],[-2.83872,51.29742],[-2.83881,51.29725],[-2.83885,51.29704],[-2.83884,51.29685],[-2.83852,51.29622],[-2.83841,51.29581],[-2.83842,51.29567],[-2.83847,51.29557],[-2.83868,51.2954],[-2.83882,51.29537],[-2.83937,51.29539],[-2.8396,51.29555],[-2.83959,51.29588],[-2.8398,51.29602],[-2.84011,51.29605],[-2.84028,51.29624],[-2.84026,51.29631],[-2.83991,51.29653],[-2.84021,51.29661],[-2.84029,51.29676],[-2.84016,51.29691],[-2.84015,51.29695],[-2.8402,51.29697],[-2.83969,51.29793]]]}},{"type":"Feature","properties":{"MainHabs":"Lowland heathland","HabCodes":"LHEAT","OtherClass":"Phase1(D12)","AddHabs":"LCGRA","PrimSource":"Biology Survey of Common Land 1991 (LHEAT)","AreaHa":0.03,"Version":"Sept_26","UID":"PHID34165614_015527953"},"geometry":{"type":"Polygon","coordinates":[[[-2.83796,51.29352],[-2.83829,51.29366],[-2.83837,51.29372],[-2.83833,51.29376],[-2.83813,51.29369],[-2.83789,51.29356],[-2.83788,51.29352],[-2.83796,51.29352]]]}},{"type":"Feature","properties":{"MainHabs":"Lowland heathland","HabCodes":"LHEAT","OtherClass":"Phase1(D12)","AddHabs":"LCGRA","PrimSource":"Biology Survey of Common Land 1991 (LHEAT)","AreaHa":0.67,"Version":"Sept_26","UID":"PHID34170579_015502494"},"geometry":{"type":"Polygon","coordinates":[[[-2.83798,51.29157],[-2.83785,51.29164],[-2.8372,51.29187],[-2.83704,51.29185],[-2.83693,51.2918],[-2.83687,51.29169],[-2.83694,51.29137],[-2.83678,51.29102],[-2.83681,51.29079],[-2.83691,51.29051],[-2.8374,51.29094],[-2.83798,51.29157]]]}},{"type":"Feature","properties":{"MainHabs":"Lowland heathland","HabCodes":"LHEAT","AddHabs":"LCGRA","PrimSource":"SSSI Citation sheets 1990 (LHEAT)","AreaHa":1,"Version":"Sept_26","UID":"PHID34288912_015507004"},"geometry":{"type":"Polygon","coordinates":[[[-2.82122,51.29205],[-2.82093,51.2927],[-2.82085,51.29297],[-2.82074,51.29289],[-2.8206,51.29268],[-2.82037,51.29217],[-2.8202,51.29202],[-2.81941,51.29166],[-2.81945,51.29147],[-2.8202,51.29149],[-2.82142,51.2916],[-2.82122,51.29205]]]}},{"type":"Feature","properties":{"MainHabs":"Lowland heathland","HabCodes":"LHEAT","AddHabs":"DWOOD","PrimSource":"SSSI Citation sheets 1990 (LHEAT)","AreaHa":0.15,"Version":"Sept_26","UID":"PHID34295971_015492387"},"geometry":{"type":"Polygon","coordinates":[[[-2.8198,51.29061],[-2.81937,51.29071],[-2.81901,51.29072],[-2.81898,51.29044],[-2.81967,51.29042],[-2.8198,51.29061]]]}},{"type":"Feature","properties":{"MainHabs":"Lowland heathland","HabCodes":"LHEAT","AddHabs":"DWOOD","PrimSource":"SSSI Citation sheets 1990 (LHEAT)","AreaHa":0.22,"Version":"Sept_26","UID":"PHID34297014_015495949"},"geometry":{"type":"Polygon","coordinates":[[[-2.81899,51.29115],[-2.81893,51.29108],[-2.81904,51.29107],[-2.81902,51.29075],[-2.81938,51.29073],[-2.81982,51.29063],[-2.8203,51.29063],[-2.82047,51.29084],[-2.8204,51.29089],[-2.81987,51.29086],[-2.81989,51.29068],[-2.81963,51.29068],[-2.81944,51.29073],[-2.81945,51.29097],[-2.8194,51.29105],[-2.81899,51.29115]]]}},{"type":"Feature","properties":{"MainHabs":"Lowland heathland","HabCodes":"LHEAT","AddHabs":"DWOOD, LCGRA","PrimSource":"SSSI Citation sheets 1990 (LHEAT)","AreaHa":40.15,"Version":"Sept_26","UID":"PHID34338071_015541906"},"geometry":{"type":"Polygon","coordinates":[[[-2.81135,51.29046],[-2.81191,51.29051],[-2.81232,51.29061],[-2.81271,51.29082],[-2.81331,51.29121],[-2.81311,51.29135],[-2.8127,51.29137],[-2.81266,51.29119],[-2.81239,51.29123],[-2.81242,51.29134],[-2.81229,51.29148],[-2.81214,51.29159],[-2.81176,51.29159],[-2.81161,51.29172],[-2.81122,51.2918],[-2.81105,51.29175],[-2.81081,51.29185],[-2.81079,51.29194],[-2.81085,51.29208],[-2.81014,51.29224],[-2.80977,51.29236],[-2.80866,51.29311],[-2.80835,51.2935],[-2.8083,51.29365],[-2.80834,51.29363],[-2.80837,51.29352],[-2.80866,51.29313],[-2.80967,51.29245],[-2.80987,51.29235],[-2.81163,51.29193],[-2.81213,51.29187],[-2.81268,51.29175],[-2.81301,51.29199],[-2.81299,51.29204],[-2.81304,51.29224],[-2.81269,51.29217],[-2.8128,51.29212],[-2.81277,51.29199],[-2.81264,51.292],[-2.81273,51.29211],[-2.81223,51.29217],[-2.81228,51.29223],[-2.81221,51.29231],[-2.81236,51.29232],[-2.81236,51.29236],[-2.81215,51.2924],[-2.81217,51.29247],[-2.8124,51.29255],[-2.81251,51.29265],[-2.81257,51.29264],[-2.81263,51.29253],[-2.81269,51.29254],[-2.81272,51.29276],[-2.81277,51.29281],[-2.81293,51.29284],[-2.81309,51.29283],[-2.81318,51.29279],[-2.81332,51.29265],[-2.81341,51.29267],[-2.81345,51.29272],[-2.81343,51.29262],[-2.81348,51.29254],[-2.81357,51.29248],[-2.81379,51.29242],[-2.81425,51.29317],[-2.81428,51.29328],[-2.81426,51.29338],[-2.81469,51.29332],[-2.81485,51.29338],[-2.81504,51.2934],[-2.81507,51.29347],[-2.81502,51.29357],[-2.81497,51.29358],[-2.81494,51.2937],[-2.81442,51.29376],[-2.81439,51.29384],[-2.81424,51.29394],[-2.81426,51.29403],[-2.81451,51.29412],[-2.81449,51.29418],[-2.81495,51.29436],[-2.81511,51.29428],[-2.81526,51.29398],[-2.81568,51.29396],[-2.81549,51.29522],[-2.81571,51.29505],[-2.81595,51.29481],[-2.8161,51.29471],[-2.81631,51.2945],[-2.81688,51.294],[-2.81709,51.29351],[-2.81732,51.29269],[-2.81747,51.29245],[-2.81756,51.29246],[-2.81766,51.29238],[-2.81765,51.29231],[-2.81754,51.29225],[-2.81756,51.29221],[-2.81754,51.2921],[-2.81715,51.29196],[-2.81712,51.29189],[-2.81726,51.29175],[-2.81728,51.29165],[-2.81726,51.29161],[-2.81703,51.29157],[-2.81705,51.29152],[-2.81698,51.29146],[-2.81699,51.29131],[-2.81696,51.29126],[-2.81696,51.29118],[-2.81719,51.29114],[-2.81717,51.29124],[-2.8173,51.29132],[-2.81725,51.29109],[-2.81729,51.291],[-2.81728,51.29073],[-2.81728,51.29069],[-2.81723,51.29068],[-2.8175,51.29061],[-2.8176,51.29061],[-2.81761,51.29074],[-2.81755,51.29081],[-2.81763,51.29095],[-2.81771,51.29095],[-2.81798,51.29087],[-2.81806,51.29089],[-2.81805,51.29093],[-2.81832,51.29087],[-2.81877,51.29104],[-2.81877,51.29109],[-2.81866,51.29123],[-2.81858,51.29121],[-2.81859,51.29127],[-2.81835,51.29137],[-2.81843,51.29142],[-2.81852,51.29139],[-2.81824,51.29159],[-2.81799,51.29152],[-2.81782,51.29143],[-2.81787,51.29141],[-2.81788,51.29112],[-2.81767,51.29119],[-2.81766,51.29123],[-2.81782,51.29139],[-2.8178,51.29156],[-2.81785,51.29165],[-2.81802,51.29169],[-2.81812,51.29175],[-2.81829,51.2917],[-2.81861,51.2917],[-2.81864,51.29173],[-2.81883,51.29175],[-2.81939,51.29168],[-2.8196,51.29176],[-2.82016,51.29202],[-2.82037,51.2922],[-2.82053,51.29262],[-2.82063,51.29279],[-2.81939,51.29267],[-2.81926,51.29271],[-2.81907,51.29261],[-2.81894,51.29259],[-2.81874,51.29258],[-2.81861,51.29262],[-2.81775,51.29346],[-2.81721,51.29412],[-2.81703,51.29438],[-2.81658,51.2949],[-2.81624,51.29516],[-2.81611,51.29523],[-2.81594,51.29526],[-2.81548,51.29526],[-2.81528,51.29634],[-2.81513,51.29685],[-2.81492,51.29739],[-2.81052,51.29764],[-2.8105,51.29746],[-2.80945,51.29753],[-2.80906,51.29767],[-2.80821,51.29771],[-2.80835,51.29758],[-2.80852,51.29755],[-2.80871,51.29746],[-2.80896,51.29741],[-2.80898,51.29734],[-2.80882,51.29722],[-2.80885,51.297],[-2.8088,51.29686],[-2.80874,51.29673],[-2.80866,51.29672],[-2.80815,51.29675],[-2.80829,51.2968],[-2.80842,51.2969],[-2.80849,51.29704],[-2.80838,51.29741],[-2.80801,51.29748],[-2.80754,51.29747],[-2.80733,51.29752],[-2.80729,51.29728],[-2.8073,51.29667],[-2.80725,51.29647],[-2.80759,51.29649],[-2.80785,51.29646],[-2.80804,51.2964],[-2.80809,51.29621],[-2.80838,51.2961],[-2.80845,51.29604],[-2.80848,51.29594],[-2.80838,51.29591],[-2.80812,51.29594],[-2.80808,51.29591],[-2.8082,51.29584],[-2.80815,51.29576],[-2.80799,51.29569],[-2.80787,51.29546],[-2.80754,51.29522],[-2.80749,51.29515],[-2.80754,51.29502],[-2.80765,51.2949],[-2.8075,51.29481],[-2.80718,51.29467],[-2.80742,51.29448],[-2.8076,51.29449],[-2.8077,51.29443],[-2.8078,51.2943],[-2.80794,51.29423],[-2.80789,51.29406],[-2.80814,51.29403],[-2.80825,51.29376],[-2.80794,51.29368],[-2.8078,51.29379],[-2.80748,51.29383],[-2.80731,51.29366],[-2.80739,51.29359],[-2.80732,51.29345],[-2.80714,51.29322],[-2.80699,51.29309],[-2.80701,51.29307],[-2.80688,51.29293],[-2.80686,51.29281],[-2.8067,51.29271],[-2.80613,51.29249],[-2.80616,51.29225],[-2.80629,51.29224],[-2.80665,51.29187],[-2.8076,51.291],[-2.80779,51.29072],[-2.80784,51.29041],[-2.80793,51.29034],[-2.80784,51.29073],[-2.80768,51.29097],[-2.80731,51.29137],[-2.80634,51.29227],[-2.80625,51.29237],[-2.80628,51.2924],[-2.80661,51.29207],[-2.80672,51.29206],[-2.8068,51.2921],[-2.80688,51.29223],[-2.80751,51.29224],[-2.80801,51.29197],[-2.80809,51.29174],[-2.80824,51.29165],[-2.80823,51.29144],[-2.80795,51.29145],[-2.80769,51.29135],[-2.80833,51.29085],[-2.80863,51.29067],[-2.80891,51.29063],[-2.80966,51.29061],[-2.81032,51.29048],[-2.81135,51.29046]]]}},{"type":"Feature","properties":{"MainHabs":"Lowland heathland","HabCodes":"LHEAT","PrimSource":"Avon Wildlife Trust Survey 1984 (LHEAT)","AreaHa":0.36,"Version":"Sept_26","UID":"PHID34528802_015886720"},"geometry":{"type":"Polygon","coordinates":[[[-2.7868,51.32665],[-2.78667,51.32662],[-2.78638,51.32644],[-2.78603,51.32595],[-2.78648,51.32595],[-2.78716,51.32582],[-2.78697,51.3261],[-2.78689,51.32648],[-2.7868,51.32665]]]}},{"type":"Feature","properties":{"MainHabs":"Lowland heathland","HabCodes":"LHEAT","AddHabs":"DWOOD, LCGRA","PrimSource":"Avon Wildlife Trust Survey 1984 (LHEAT)","AreaHa":0.1,"Version":"Sept_26","UID":"PHID34574395_015882065"},"geometry":{"type":"Polygon","coordinates":[[[-2.78045,51.32579],[-2.78012,51.32595],[-2.77966,51.32609],[-2.77928,51.32613],[-2.78015,51.32576],[-2.77989,51.32564],[-2.78045,51.32579]]]}},{"type":"Feature","properties":{"MainHabs":"Lowland heathland","HabCodes":"LHEAT","AddHabs":"DWOOD, LMEAD","PrimSource":"Higher Level Stewardship 2006 (LHEAT)","AreaHa":3.05,"Version":"Sept_26","UID":"PHID34677996_015703217"},"geometry":{"type":"Polygon","coordinates":[[[-2.7636,51.3134],[-2.76346,51.31342],[-2.76341,51.31308],[-2.76341,51.31286],[-2.76372,51.31238],[-2.76444,51.31113],[-2.76451,51.31091],[-2.76446,51.31073],[-2.76415,51.31026],[-2.76363,51.30965],[-2.76344,51.30956],[-2.76414,51.30885],[-2.76563,51.309],[-2.76646,51.30805],[-2.76565,51.30901],[-2.76598,51.30908],[-2.76586,51.30908],[-2.76575,51.30914],[-2.7654,51.30983],[-2.76561,51.31001],[-2.76561,51.31004],[-2.76524,51.31048],[-2.7651,51.31073],[-2.7649,51.31091],[-2.76429,51.31191],[-2.76424,51.31192],[-2.76422,51.31196],[-2.76432,51.31209],[-2.76465,51.31237],[-2.76486,51.31266],[-2.765,51.31291],[-2.76522,51.31347],[-2.76385,51.31339],[-2.7636,51.3134]],[[-2.76362,51.31333],[-2.76512,51.31343],[-2.76483,51.31268],[-2.76418,51.31207],[-2.76362,51.31333]]]}},{"type":"Feature","properties":{"MainHabs":"Lowland heathland","HabCodes":"LHEAT","AddHabs":"DWOOD, LMEAD","PrimSource":"Higher Level Stewardship 2006 (LHEAT)","AreaHa":4.28,"Version":"Sept_26","UID":"PHID34686363_015794365"},"geometry":{"type":"Polygon","coordinates":[[[-2.7645,51.31751],[-2.76447,51.31758],[-2.76449,51.31773],[-2.76439,51.31785],[-2.76436,51.31807],[-2.76425,51.31828],[-2.76417,51.31836],[-2.76419,51.31852],[-2.76409,51.31861],[-2.76408,51.31869],[-2.76403,51.31877],[-2.76393,51.31902],[-2.76368,51.31918],[-2.76356,51.31934],[-2.76354,51.31948],[-2.76357,51.31961],[-2.76354,51.31969],[-2.76339,51.31982],[-2.76343,51.31994],[-2.76369,51.32026],[-2.76366,51.32033],[-2.7637,51.32051],[-2.76363,51.32067],[-2.76372,51.32077],[-2.76374,51.32084],[-2.76368,51.32095],[-2.76369,51.32104],[-2.76361,51.32109],[-2.76356,51.32118],[-2.76364,51.32134],[-2.76362,51.32159],[-2.76385,51.32179],[-2.76411,51.32191],[-2.76426,51.32212],[-2.76441,51.32219],[-2.76455,51.32236],[-2.76453,51.32247],[-2.76459,51.32253],[-2.76439,51.32247],[-2.76433,51.32237],[-2.76392,51.3226],[-2.76354,51.3225],[-2.7634,51.32229],[-2.76317,51.32173],[-2.76308,51.32131],[-2.76299,51.32028],[-2.76289,51.31996],[-2.76287,51.31974],[-2.76296,51.31983],[-2.76301,51.31995],[-2.76303,51.32071],[-2.76343,51.32114],[-2.76336,51.32007],[-2.76323,51.3196],[-2.76289,51.31961],[-2.76289,51.31959],[-2.76306,51.31905],[-2.76329,51.31848],[-2.76366,51.31768],[-2.76366,51.31726],[-2.76375,51.31716],[-2.76381,51.31714],[-2.7642,51.31712],[-2.76429,51.31708],[-2.76433,51.31698],[-2.76396,51.31646],[-2.76376,51.31601],[-2.76341,51.31539],[-2.76349,51.31492],[-2.76341,51.31347],[-2.76345,51.31344],[-2.76359,51.31345],[-2.76396,51.31501],[-2.76415,51.31519],[-2.76418,51.31543],[-2.76435,51.31566],[-2.76438,51.316],[-2.76442,51.31606],[-2.76445,51.31623],[-2.76442,51.31632],[-2.76452,51.31635],[-2.76461,51.31643],[-2.76476,51.31659],[-2.76478,51.31666],[-2.76485,51.31673],[-2.76482,51.31718],[-2.76467,51.31737],[-2.7645,51.31751]]]}},{"type":"Feature","properties":{"MainHabs":"Lowland heathland","HabCodes":"LHEAT","AddHabs":"LCGRA","PrimSource":"Wildlife Sites Project Reports 1998 (LHEAT)","AreaHa":0.63,"Version":"Sept_26","UID":"PHID34726662_015362903"},"geometry":{"type":"Polygon","coordinates":[[[-2.75718,51.27901],[-2.75828,51.27939],[-2.75834,51.27942],[-2.75835,51.27947],[-2.75812,51.27971],[-2.75801,51.27977],[-2.75641,51.27925],[-2.75639,51.2791],[-2.75661,51.27896],[-2.75698,51.27893],[-2.75718,51.27901]]]}},{"type":"Feature","properties":{"MainHabs":"Lowland heathland","HabCodes":"LHEAT","AddHabs":"DWOOD, LMEAD","PrimSource":"Higher Level Stewardship 2006 (LHEAT)","AreaHa":0.85,"Version":"Sept_26","UID":"PHID34746525_015844200"},"geometry":{"type":"Polygon","coordinates":[[[-2.75513,51.32246],[-2.75535,51.32257],[-2.75629,51.32276],[-2.75624,51.32292],[-2.75624,51.32305],[-2.75604,51.32307],[-2.75605,51.32285],[-2.75585,51.3228],[-2.75577,51.32286],[-2.75565,51.32284],[-2.75559,51.32305],[-2.75526,51.3234],[-2.7551,51.3238],[-2.75485,51.32379],[-2.75479,51.32369],[-2.75475,51.32345],[-2.75474,51.32312],[-2.75477,51.3228],[-2.75491,51.32249],[-2.75499,51.32203],[-2.75504,51.32198],[-2.75512,51.32175],[-2.75532,51.32148],[-2.75515,51.32187],[-2.75523,51.32211],[-2.75511,51.3223],[-2.75513,51.32246]]]}},{"type":"Feature","properties":{"MainHabs":"Lowland heathland","HabCodes":"LHEAT","AddHabs":"DWOOD, LCGRA, LMEAD","PrimSource":"Mendip Ecological Survey of Semi-natural Habitiats 1977 (LHEAT)","AreaHa":4.26,"Version":"Sept_26","UID":"PHID34749229_015830980"},"geometry":{"type":"Polygon","coordinates":[[[-2.74961,51.3194],[-2.75074,51.3197],[-2.7516,51.31988],[-2.75232,51.31999],[-2.75269,51.32009],[-2.75321,51.32002],[-2.75353,51.31987],[-2.75387,51.31967],[-2.75402,51.31991],[-2.75412,51.32],[-2.75458,51.3203],[-2.75489,51.32046],[-2.75477,51.32054],[-2.75502,51.32073],[-2.75534,51.32142],[-2.75512,51.32175],[-2.75504,51.32198],[-2.75499,51.32203],[-2.75491,51.32249],[-2.75477,51.3228],[-2.75474,51.32312],[-2.75475,51.32345],[-2.75479,51.32369],[-2.75485,51.32379],[-2.75464,51.32379],[-2.75458,51.32359],[-2.75458,51.32336],[-2.75419,51.32351],[-2.75402,51.3229],[-2.75403,51.32285],[-2.75414,51.32281],[-2.75415,51.32241],[-2.75425,51.32226],[-2.75464,51.32205],[-2.75466,51.32187],[-2.75454,51.32167],[-2.75441,51.32134],[-2.75457,51.32128],[-2.75473,51.3211],[-2.75478,51.32082],[-2.75475,51.32077],[-2.75464,51.32076],[-2.75405,51.32088],[-2.754,51.3208],[-2.754,51.32063],[-2.7539,51.32045],[-2.75382,51.31999],[-2.75336,51.32012],[-2.75215,51.32029],[-2.75108,51.32061],[-2.74997,51.32043],[-2.74952,51.32032],[-2.7494,51.32019],[-2.74929,51.32013],[-2.74925,51.32005],[-2.74926,51.31996],[-2.74919,51.31994],[-2.7489,51.32001],[-2.7488,51.32006],[-2.74844,51.32006],[-2.74834,51.32002],[-2.74848,51.31989],[-2.74841,51.31959],[-2.74855,51.31938],[-2.74873,51.31933],[-2.74887,51.31932],[-2.74905,51.31923],[-2.74912,51.31915],[-2.7494,51.31933],[-2.74961,51.3194]]]}},{"type":"Feature","properties":{"MainHabs":"Lowland heathland","HabCodes":"LHEAT","AddHabs":"DWOOD, LMEAD","PrimSource":"Higher Level Stewardship 2006 (LHEAT)","AreaHa":0.28,"Version":"Sept_26","UID":"PHID34757103_015852776"},"geometry":{"type":"Polygon","coordinates":[[[-2.75419,51.32351],[-2.75413,51.32354],[-2.754,51.32374],[-2.75364,51.32362],[-2.7534,51.32341],[-2.75346,51.32329],[-2.75383,51.32316],[-2.75389,51.3229],[-2.75403,51.32285],[-2.75419,51.32351]]]}},{"type":"Feature","properties":{"MainHabs":"Lowland heathland","HabCodes":"LHEAT","AddHabs":"DWOOD, LMEAD","PrimSource":"Higher Level Stewardship 2006 (LHEAT)","AreaHa":134.8,"Version":"Sept_26","UID":"PHID34779088_015774649"},"geometry":{"type":"Polygon","coordinates":[[[-2.75777,51.3197],[-2.75567,51.31973],[-2.75543,51.31976],[-2.75536,51.31958],[-2.75522,51.31933],[-2.75474,51.31948],[-2.75445,51.31953],[-2.75427,51.3197],[-2.75407,51.31981],[-2.75402,51.31991],[-2.75387,51.31967],[-2.75353,51.31987],[-2.75321,51.32002],[-2.75269,51.32009],[-2.75232,51.31999],[-2.7516,51.31988],[-2.75074,51.3197],[-2.74993,51.31946],[-2.74949,51.31937],[-2.7492,51.31921],[-2.74909,51.31912],[-2.74879,51.31871],[-2.74871,51.31844],[-2.7485,51.31855],[-2.74822,51.31857],[-2.74756,51.31856],[-2.74658,51.31839],[-2.74648,51.31847],[-2.74581,51.3184],[-2.74469,51.31851],[-2.74335,51.31833],[-2.74251,51.31818],[-2.74223,51.31812],[-2.74104,51.3176],[-2.73985,51.31702],[-2.7389,51.31679],[-2.73724,51.31651],[-2.73542,51.316],[-2.73467,51.31599],[-2.73334,51.3161],[-2.73288,51.31618],[-2.73263,51.31626],[-2.73243,51.31635],[-2.73243,51.31646],[-2.732,51.31646],[-2.73163,51.31547],[-2.73117,51.3146],[-2.73094,51.31434],[-2.73084,51.31427],[-2.73066,51.31423],[-2.73069,51.31415],[-2.73065,51.31402],[-2.73044,51.31364],[-2.73086,51.31219],[-2.73083,51.31213],[-2.73088,51.31212],[-2.7311,51.31141],[-2.73187,51.31016],[-2.73256,51.30948],[-2.73264,51.30949],[-2.73208,51.31005],[-2.73188,51.3103],[-2.7311,51.31147],[-2.73099,51.3118],[-2.73101,51.31194],[-2.73097,51.31215],[-2.73088,51.31227],[-2.73054,51.31352],[-2.73058,51.31373],[-2.73066,51.31389],[-2.73075,51.31401],[-2.7309,51.31411],[-2.73112,51.31433],[-2.73114,51.31444],[-2.73162,51.31517],[-2.73172,51.31549],[-2.73191,51.31581],[-2.7323,51.31615],[-2.73243,51.31618],[-2.73279,51.316],[-2.7345,51.3155],[-2.73533,51.31529],[-2.73778,51.31484],[-2.7382,51.31468],[-2.73847,51.31449],[-2.73881,51.3144],[-2.73899,51.31431],[-2.73928,51.31426],[-2.74062,51.31381],[-2.74179,51.31351],[-2.74191,51.31345],[-2.74275,51.31283],[-2.74339,51.31254],[-2.74423,51.31208],[-2.74516,51.3117],[-2.74912,51.31133],[-2.74988,51.31143],[-2.75076,51.31165],[-2.75102,51.31169],[-2.75114,51.31204],[-2.75118,51.31209],[-2.75142,51.31219],[-2.75185,51.31247],[-2.75221,51.31249],[-2.75265,51.31269],[-2.75361,51.31363],[-2.75396,51.31389],[-2.7541,51.31407],[-2.75404,51.31344],[-2.75409,51.3128],[-2.75404,51.31234],[-2.75479,51.31251],[-2.75559,51.31276],[-2.75668,51.31293],[-2.75718,51.31304],[-2.75655,51.31422],[-2.75666,51.31417],[-2.75673,51.31407],[-2.75693,51.3136],[-2.75694,51.31364],[-2.75705,51.31329],[-2.75723,51.31309],[-2.75898,51.31326],[-2.76139,51.3133],[-2.7631,51.3134],[-2.76298,51.31271],[-2.76336,51.31244],[-2.76357,51.31202],[-2.76423,51.31094],[-2.76429,51.31076],[-2.76425,51.31063],[-2.76359,51.30985],[-2.76347,51.30962],[-2.76358,51.30967],[-2.76409,51.31028],[-2.76441,51.31074],[-2.76445,51.31091],[-2.76439,51.31112],[-2.76366,51.31236],[-2.76337,51.3128],[-2.76334,51.3129],[-2.7634,51.31342],[-2.76334,51.31347],[-2.76343,51.31424],[-2.76345,51.31493],[-2.76337,51.3154],[-2.76372,51.31603],[-2.76392,51.31647],[-2.76429,51.31698],[-2.76425,51.31706],[-2.76418,51.3171],[-2.7638,51.31712],[-2.76373,51.31715],[-2.76363,51.31726],[-2.76363,51.31768],[-2.76325,51.31847],[-2.76303,51.31905],[-2.76292,51.31939],[-2.76284,51.31974],[-2.76297,51.3204],[-2.76308,51.32154],[-2.76321,51.32196],[-2.76348,51.32249],[-2.76278,51.32224],[-2.76141,51.32198],[-2.76104,51.32198],[-2.76027,51.32225],[-2.76044,51.32208],[-2.76119,51.32191],[-2.76135,51.32182],[-2.76151,51.32162],[-2.76132,51.3216],[-2.76116,51.32165],[-2.76092,51.3216],[-2.76049,51.32184],[-2.76039,51.32204],[-2.75976,51.32196],[-2.75962,51.32213],[-2.75927,51.32238],[-2.75924,51.32253],[-2.75893,51.32265],[-2.75867,51.32247],[-2.75854,51.32228],[-2.758,51.32279],[-2.75762,51.32279],[-2.75708,51.32292],[-2.75733,51.32309],[-2.75725,51.32318],[-2.75708,51.32324],[-2.75673,51.32343],[-2.75657,51.32334],[-2.75644,51.32302],[-2.75643,51.32283],[-2.7565,51.32269],[-2.75687,51.32263],[-2.75774,51.32224],[-2.75798,51.32207],[-2.75777,51.32193],[-2.75746,51.32185],[-2.75715,51.32167],[-2.7577,51.32175],[-2.7584,51.32175],[-2.75862,51.32158],[-2.75885,51.32106],[-2.75899,51.32053],[-2.75924,51.32008],[-2.75952,51.31971],[-2.75936,51.31967],[-2.75798,51.31969],[-2.75801,51.31963],[-2.75797,51.31962],[-2.75768,51.32023],[-2.75756,51.32061],[-2.75751,51.32094],[-2.75744,51.32116],[-2.75728,51.32144],[-2.75712,51.32166],[-2.75701,51.3216],[-2.75731,51.32115],[-2.75738,51.32098],[-2.75746,51.32068],[-2.75752,51.32012],[-2.75777,51.3197]],[[-2.76096,51.32085],[-2.76174,51.32048],[-2.76276,51.32012],[-2.76279,51.32013],[-2.76281,51.31998],[-2.76263,51.31979],[-2.76263,51.31963],[-2.76177,51.31962],[-2.76136,51.31968],[-2.76036,51.31964],[-2.76063,51.3203],[-2.76078,51.32084],[-2.76096,51.32085]]]}},{"type":"Feature","properties":{"MainHabs":"Lowland heathland","HabCodes":"LHEAT","OtherClass":"Annex1(H4030)","AddHabs":"DWOOD, LMEAD","PrimSource":"Higher Level Stewardship 2006 (LHEAT)","AreaHa":144.22,"Version":"Sept_26","UID":"PHID34798508_015716927"},"geometry":{"type":"Polygon","coordinates":[[[-2.74516,51.3117],[-2.74423,51.31208],[-2.74339,51.31254],[-2.74275,51.31283],[-2.74191,51.31345],[-2.74162,51.31356],[-2.74065,51.3138],[-2.73928,51.31426],[-2.73899,51.31431],[-2.73881,51.3144],[-2.73847,51.31449],[-2.7382,51.31468],[-2.73778,51.31484],[-2.73533,51.31529],[-2.7345,51.3155],[-2.73279,51.316],[-2.73243,51.31618],[-2.7323,51.31615],[-2.73191,51.31581],[-2.73172,51.31549],[-2.73162,51.31517],[-2.73114,51.31444],[-2.73112,51.31433],[-2.7309,51.31411],[-2.73075,51.31401],[-2.73058,51.31373],[-2.73054,51.31352],[-2.73057,51.31336],[-2.73088,51.31227],[-2.73097,51.31215],[-2.73101,51.31194],[-2.73099,51.3118],[-2.73102,51.31169],[-2.7311,51.31147],[-2.73157,51.31078],[-2.73158,51.31072],[-2.73208,51.31005],[-2.73264,51.30949],[-2.73256,51.30948],[-2.73375,51.30831],[-2.73551,51.30665],[-2.73579,51.30667],[-2.73676,51.30662],[-2.73684,51.30648],[-2.75167,51.30747],[-2.75568,51.30789],[-2.76414,51.30885],[-2.76344,51.30956],[-2.76126,51.30919],[-2.76134,51.30924],[-2.76347,51.30962],[-2.76359,51.30985],[-2.76425,51.31063],[-2.76429,51.31076],[-2.76423,51.31094],[-2.76357,51.31202],[-2.76336,51.31244],[-2.76298,51.31271],[-2.7631,51.3134],[-2.76139,51.3133],[-2.75898,51.31326],[-2.75723,51.31309],[-2.75705,51.31329],[-2.75694,51.31364],[-2.75693,51.3136],[-2.75673,51.31407],[-2.75666,51.31417],[-2.75655,51.31422],[-2.75718,51.31304],[-2.75668,51.31293],[-2.75559,51.31276],[-2.75479,51.31251],[-2.75404,51.31234],[-2.75409,51.3128],[-2.75404,51.31344],[-2.7541,51.31407],[-2.75396,51.31389],[-2.75361,51.31363],[-2.75265,51.31269],[-2.75221,51.31249],[-2.75185,51.31247],[-2.75142,51.31219],[-2.75118,51.31209],[-2.75102,51.31168],[-2.75076,51.31165],[-2.74988,51.31143],[-2.74912,51.31133],[-2.74516,51.3117]]]}},{"type":"Feature","properties":{"MainHabs":"Lowland heathland","HabCodes":"LHEAT","OtherClass":"Annex1(H4030)","AreaHa":0.23,"Version":"Sept_26","UID":"PHID34879118_015662699"},"geometry":{"type":"Polygon","coordinates":[[[-2.73551,51.30665],[-2.73596,51.30622],[-2.73607,51.30626],[-2.73629,51.30644],[-2.73682,51.30648],[-2.73676,51.30662],[-2.73579,51.30667],[-2.73551,51.30665]]]}},{"type":"Feature","properties":{"MainHabs":"Lowland meadows","HabCodes":"LMEAD","OtherClass":"NVC(MG5a)","AddHabs":"LFENS","PrimSource":"BREXT 47 Botanical 1986 Survey of Selected Avon Grassland Sites (LMEAD)","AreaHa":6.4,"Version":"Sept_26","UID":"PHID34076646_015753269"},"geometry":{"type":"Polygon","coordinates":[[[-2.85021,51.3148],[-2.84974,51.31472],[-2.84946,51.31463],[-2.84929,51.31473],[-2.84921,51.31473],[-2.84915,51.31468],[-2.84923,51.31428],[-2.84923,51.31415],[-2.84929,51.31409],[-2.84935,51.31396],[-2.84949,51.31346],[-2.84932,51.31272],[-2.84946,51.31275],[-2.85013,51.31272],[-2.85073,51.31276],[-2.85096,51.31278],[-2.85104,51.31283],[-2.8512,51.31276],[-2.85208,51.31268],[-2.85235,51.3127],[-2.85248,51.31268],[-2.85251,51.31268],[-2.85247,51.3128],[-2.85251,51.31289],[-2.85269,51.31313],[-2.85285,51.31331],[-2.85285,51.31334],[-2.85322,51.31391],[-2.85329,51.31393],[-2.85365,51.3139],[-2.85395,51.31455],[-2.85396,51.31458],[-2.85392,51.31458],[-2.85393,51.31464],[-2.85401,51.31481],[-2.85332,51.31486],[-2.85227,51.31481],[-2.85161,51.31492],[-2.8509,51.31486],[-2.85058,51.31493],[-2.85036,51.31487],[-2.8503,51.31481],[-2.85021,51.3148]]]}},{"type":"Feature","properties":{"MainHabs":"Lowland meadows","HabCodes":"LMEAD","OtherClass":"NVC(MG5a)","AddHabs":"CFPGM","PrimSource":"BREXT 47 Botanical 1986 Survey of Selected Avon Grassland Sites (LMEAD)","AreaHa":6.86,"Version":"Sept_26","UID":"PHID34080797_016046801"},"geometry":{"type":"Polygon","coordinates":[[[-2.85179,51.34174],[-2.85115,51.34218],[-2.85013,51.3427],[-2.84961,51.34304],[-2.8487,51.34227],[-2.84878,51.34214],[-2.84914,51.34178],[-2.84934,51.34138],[-2.84995,51.34071],[-2.85011,51.3404],[-2.85043,51.34001],[-2.85069,51.33947],[-2.85103,51.33918],[-2.85135,51.33936],[-2.85329,51.34066],[-2.85332,51.34064],[-2.8534,51.34069],[-2.85337,51.34071],[-2.85364,51.34091],[-2.85367,51.34152],[-2.85179,51.34174]],[[-2.85174,51.34169],[-2.85177,51.34168],[-2.85134,51.34136],[-2.85102,51.34103],[-2.85017,51.34048],[-2.85104,51.34108],[-2.85131,51.34137],[-2.85174,51.34169]]]}},{"type":"Feature","properties":{"MainHabs":"Lowland meadows","HabCodes":"LMEAD","AddHabs":"CFPGM","PrimSource":"Feedback from Natural England adviser or specialist 2018 (LMEAD)","AreaHa":2.17,"Version":"Sept_26","UID":"PHID34201519_016107324"},"geometry":{"type":"Polygon","coordinates":[[[-2.83279,51.34583],[-2.83274,51.34573],[-2.83326,51.34511],[-2.83371,51.34463],[-2.83414,51.34518],[-2.83443,51.34564],[-2.83513,51.3465],[-2.83439,51.34664],[-2.83365,51.34669],[-2.83331,51.34675],[-2.83315,51.34675],[-2.83279,51.34583]]]}},{"type":"Feature","properties":{"MainHabs":"Lowland meadows","HabCodes":"LMEAD","AddHabs":"CFPGM","PrimSource":"Feedback from Natural England adviser or specialist 2018 (LMEAD)","AreaHa":0.45,"Version":"Sept_26","UID":"PHID34211710_016114241"},"geometry":{"type":"Polygon","coordinates":[[[-2.83206,51.34674],[-2.83188,51.34674],[-2.83272,51.34578],[-2.83308,51.34675],[-2.83206,51.34674]]]}},{"type":"Feature","properties":{"MainHabs":"Lowland meadows","HabCodes":"LMEAD","OtherClass":"NVC(MG5b)","AddHabs":"LCGRA, LHEAT","PrimSource":"The National Trust Surveys Avon area 2000 (LMEAD)","AreaHa":0.01,"Version":"Sept_26","UID":"PHID34512373_015900735"},"geometry":{"type":"Polygon","coordinates":[[[-2.78914,51.32747],[-2.78901,51.32754],[-2.78876,51.32754],[-2.78886,51.32749],[-2.78914,51.32747]]]}},{"type":"Feature","properties":{"MainHabs":"Lowland meadows","HabCodes":"LMEAD","PrimSource":"Wildlife Sites Project Reports 1993 (LMEAD)","AreaHa":0.25,"Version":"Sept_26","UID":"PHID34516731_015448615"},"geometry":{"type":"Polygon","coordinates":[[[-2.78774,51.28679],[-2.7886,51.28689],[-2.78891,51.28697],[-2.78885,51.28704],[-2.78866,51.28706],[-2.78747,51.28692],[-2.78694,51.28681],[-2.78692,51.28664],[-2.78774,51.28679]]]}},{"type":"Feature","properties":{"MainHabs":"Lowland meadows","HabCodes":"LMEAD","OtherClass":"Annex1(H6210), NVC(MG5)","AddHabs":"DWOOD, LCGRA","PrimSource":"English Nature SSSI surveys 1989 (LMEAD)","AreaHa":1.25,"Version":"Sept_26","UID":"PHID34543557_015449944"},"geometry":{"type":"Polygon","coordinates":[[[-2.78403,51.28707],[-2.78372,51.28706],[-2.78348,51.28709],[-2.78315,51.28724],[-2.78278,51.2875],[-2.78192,51.28761],[-2.78195,51.28738],[-2.78194,51.28729],[-2.7819,51.28726],[-2.78212,51.28719],[-2.78259,51.28717],[-2.78259,51.28712],[-2.78291,51.28708],[-2.78293,51.28697],[-2.7829,51.28677],[-2.78311,51.28661],[-2.78364,51.28657],[-2.7839,51.2865],[-2.7842,51.2865],[-2.78524,51.28639],[-2.7856,51.28678],[-2.78496,51.28665],[-2.78494,51.28678],[-2.78477,51.28687],[-2.78469,51.28702],[-2.78403,51.28707]]]}},{"type":"Feature","properties":{"MainHabs":"Lowland meadows","HabCodes":"LMEAD","AddHabs":"LCGRA","PrimSource":"National Trust Habitats Data 2021 (LMEAD)","AreaHa":3.38,"Version":"Sept_26","UID":"PHID34556949_015877483"},"geometry":{"type":"Polygon","coordinates":[[[-2.78455,51.32517],[-2.78469,51.32512],[-2.78469,51.32506],[-2.78483,51.32512],[-2.7848,51.32539],[-2.78476,51.32538],[-2.78478,51.3257],[-2.78475,51.32594],[-2.78419,51.3261],[-2.78388,51.326],[-2.7831,51.32606],[-2.78262,51.32605],[-2.78109,51.32586],[-2.78104,51.32583],[-2.78106,51.32565],[-2.781,51.32559],[-2.78033,51.32554],[-2.78032,51.32516],[-2.78022,51.32481],[-2.78184,51.32489],[-2.78278,51.32503],[-2.78437,51.32499],[-2.78455,51.32517]]]}},{"type":"Feature","properties":{"MainHabs":"Lowland meadows","HabCodes":"LMEAD","PrimSource":"National Trust Habitats Data 2021 (LMEAD)","AreaHa":0.4,"Version":"Sept_26","UID":"PHID34589628_015881358"},"geometry":{"type":"Polygon","coordinates":[[[-2.77785,51.3262],[-2.77772,51.32621],[-2.77747,51.32609],[-2.77745,51.32603],[-2.77746,51.32578],[-2.77792,51.32545],[-2.77847,51.32557],[-2.77918,51.32555],[-2.77917,51.32558],[-2.77879,51.3256],[-2.77832,51.32558],[-2.77824,51.32607],[-2.77804,51.32619],[-2.77785,51.3262]]]}},{"type":"Feature","properties":{"MainHabs":"Lowland meadows","HabCodes":"LMEAD","AddHabs":"LCGRA, LHEAT","PrimSource":"National Trust Habitats Data 2021 (LMEAD)","AreaHa":1.1,"Version":"Sept_26","UID":"PHID34599329_015870353"},"geometry":{"type":"Polygon","coordinates":[[[-2.77748,51.32536],[-2.77751,51.32539],[-2.77706,51.32527],[-2.77636,51.32516],[-2.77475,51.32496],[-2.77477,51.32493],[-2.77517,51.32497],[-2.77623,51.32435],[-2.7764,51.32446],[-2.77694,51.32431],[-2.77718,51.32433],[-2.77745,51.32474],[-2.77773,51.32502],[-2.77743,51.32508],[-2.7773,51.32503],[-2.77669,51.32495],[-2.77657,51.32498],[-2.77667,51.32502],[-2.77737,51.32516],[-2.77747,51.32524],[-2.77748,51.32536]]]}},{"type":"Feature","properties":{"MainHabs":"Lowland meadows","HabCodes":"LMEAD","PrimSource":"Higher Level Stewardship 2011 (LMEAD)","AreaHa":5.71,"Version":"Sept_26","UID":"PHID34621884_015663516"},"geometry":{"type":"Polygon","coordinates":[[[-2.76979,51.30618],[-2.76998,51.30628],[-2.77003,51.30628],[-2.77028,51.3061],[-2.77054,51.30603],[-2.77072,51.30603],[-2.77095,51.30597],[-2.77125,51.30579],[-2.77209,51.30576],[-2.77242,51.30578],[-2.77263,51.30581],[-2.7728,51.3059],[-2.77292,51.30586],[-2.77301,51.30578],[-2.77277,51.30557],[-2.77253,51.30544],[-2.77205,51.30526],[-2.77185,51.30526],[-2.77138,51.30536],[-2.77079,51.30537],[-2.76991,51.30522],[-2.77009,51.30436],[-2.7702,51.30437],[-2.77242,51.30469],[-2.77298,51.30483],[-2.77298,51.30488],[-2.77288,51.30504],[-2.77378,51.30546],[-2.77463,51.30595],[-2.77553,51.30641],[-2.77584,51.30657],[-2.77603,51.30676],[-2.77597,51.30681],[-2.77449,51.30669],[-2.77318,51.30667],[-2.77188,51.30681],[-2.77157,51.30675],[-2.7714,51.30682],[-2.77101,51.30686],[-2.77027,51.30642],[-2.76982,51.30622],[-2.76979,51.30618]]]}},{"type":"Feature","properties":{"MainHabs":"Lowland meadows","HabCodes":"LMEAD","PrimSource":"Wildlife Sites Project Reports 2003 (LMEAD)","AreaHa":5.83,"Version":"Sept_26","UID":"PHID34666627_015652147"},"geometry":{"type":"Polygon","coordinates":[[[-2.76979,51.30546],[-2.76987,51.30543],[-2.76991,51.30522],[-2.77079,51.30537],[-2.77138,51.30536],[-2.77185,51.30526],[-2.77205,51.30526],[-2.77253,51.30544],[-2.77277,51.30557],[-2.77301,51.30578],[-2.77287,51.30588],[-2.77276,51.3059],[-2.77263,51.30581],[-2.77242,51.30578],[-2.77146,51.30576],[-2.77125,51.30579],[-2.77095,51.30597],[-2.7708,51.30602],[-2.77054,51.30603],[-2.77028,51.3061],[-2.77003,51.30628],[-2.76987,51.30623],[-2.76974,51.3061],[-2.76915,51.30606],[-2.76913,51.30636],[-2.76787,51.30638],[-2.76764,51.30633],[-2.76711,51.30634],[-2.76589,51.30607],[-2.7657,51.30588],[-2.76503,51.30543],[-2.76457,51.30505],[-2.76401,51.30472],[-2.76467,51.30422],[-2.76698,51.30518],[-2.76979,51.30546]]]}},{"type":"Feature","properties":{"MainHabs":"Lowland meadows","HabCodes":"LMEAD","PrimSource":"Feedback from Natural England adviser or specialist 2018 (LMEAD)","AreaHa":8.71,"Version":"Sept_26","UID":"PHID34751534_015505231"},"geometry":{"type":"Polygon","coordinates":[[[-2.75367,51.29038],[-2.75708,51.29106],[-2.75607,51.29226],[-2.75582,51.29241],[-2.75475,51.29366],[-2.75424,51.29361],[-2.75415,51.29389],[-2.75169,51.29298],[-2.75107,51.29291],[-2.75367,51.29038]]]}},{"type":"Feature","properties":{"MainHabs":"Lowland meadows","HabCodes":"LMEAD","AddHabs":"LCGRA","PrimSource":"National Trust Habitats Data 2021 (LMEAD)","AreaHa":1.52,"Version":"Sept_26","UID":"PHID34793377_015489987"},"geometry":{"type":"Polygon","coordinates":[[[-2.74893,51.28978],[-2.75137,51.28984],[-2.75168,51.28997],[-2.75188,51.29024],[-2.7519,51.29042],[-2.7518,51.29056],[-2.75158,51.29063],[-2.75137,51.29058],[-2.75121,51.29047],[-2.75102,51.29018],[-2.7507,51.29004],[-2.74939,51.28998],[-2.74899,51.29001],[-2.74862,51.29032],[-2.74788,51.29155],[-2.74775,51.29167],[-2.74697,51.29189],[-2.74686,51.29172],[-2.74709,51.29154],[-2.74719,51.29138],[-2.74743,51.29112],[-2.74802,51.29068],[-2.74851,51.29015],[-2.74893,51.28978]]]}},{"type":"Feature","properties":{"MainHabs":"Lowland meadows","HabCodes":"LMEAD","PrimSource":"Wildlife Sites Project Reports 1995 (LMEAD)","AreaHa":3.84,"Version":"Sept_26","UID":"PHID34813185_015345104"},"geometry":{"type":"Polygon","coordinates":[[[-2.74679,51.27907],[-2.74608,51.2795],[-2.74524,51.27881],[-2.74708,51.27881],[-2.74715,51.27885],[-2.74679,51.27907]]]}},{"type":"Feature","properties":{"MainHabs":"Lowland meadows","HabCodes":"LMEAD","PrimSource":"Feedback from Natural England adviser or specialist 2018 (LMEAD)","AreaHa":10.25,"Version":"Sept_26","UID":"PHID34839660_015495663"},"geometry":{"type":"Polygon","coordinates":[[[-2.74434,51.29162],[-2.74687,51.29172],[-2.74717,51.29239],[-2.74715,51.2926],[-2.74348,51.29224],[-2.7434,51.2927],[-2.738,51.29213],[-2.73782,51.29175],[-2.739,51.29101],[-2.73909,51.2909],[-2.73952,51.29007],[-2.7423,51.29023],[-2.74254,51.29101],[-2.74451,51.29128],[-2.74434,51.29162]]]}},{"type":"Feature","properties":{"MainHabs":"Lowland meadows","HabCodes":"LMEAD","AddHabs":"DWOOD","PrimSource":"Higher Level Stewardship 2008 (LMEAD)","AreaHa":5.76,"Version":"Sept_26","UID":"PHID34922622_015354904"},"geometry":{"type":"Polygon","coordinates":[[[-2.72742,51.27979],[-2.72782,51.27968],[-2.72764,51.27937],[-2.72852,51.27881],[-2.73011,51.27881],[-2.72825,51.28052],[-2.72742,51.2805],[-2.72742,51.27979]]]}},{"type":"Feature","properties":{"MainHabs":"No main habitat but additional habitats present","HabCodes":"NMHAB","AddHabs":"LCGRA, LHEAT","AreaHa":0.04,"Version":"Sept_26","UID":"PHID34054694_015543657"},"geometry":{"type":"Polygon","coordinates":[[[-2.8539,51.29487],[-2.85408,51.29484],[-2.85419,51.29486],[-2.85423,51.29499],[-2.85417,51.29512],[-2.8539,51.29487]]]}},{"type":"Feature","properties":{"MainHabs":"No main habitat but additional habitats present","HabCodes":"NMHAB","AddHabs":"CFPGM","AreaHa":0.27,"Version":"Sept_26","UID":"PHID34082785_015395402"},"geometry":{"type":"Polygon","coordinates":[[[-2.85015,51.28191],[-2.84944,51.28173],[-2.84925,51.28166],[-2.84927,51.28162],[-2.84924,51.2816],[-2.84938,51.28136],[-2.85037,51.28157],[-2.85015,51.28191]]]}},{"type":"Feature","properties":{"MainHabs":"No main habitat but additional habitats present","HabCodes":"NMHAB","AddHabs":"CFPGM","AreaHa":0.29,"Version":"Sept_26","UID":"PHID34091360_015420320"},"geometry":{"type":"Polygon","coordinates":[[[-2.84762,51.28382],[-2.84758,51.28381],[-2.8477,51.2836],[-2.84939,51.28395],[-2.84921,51.28417],[-2.84822,51.28394],[-2.84824,51.28391],[-2.84791,51.28383],[-2.84793,51.2838],[-2.84783,51.28378],[-2.84776,51.28385],[-2.84762,51.28382]]]}},{"type":"Feature","properties":{"MainHabs":"No main habitat but additional habitats present","HabCodes":"NMHAB","AddHabs":"LMEAD, PMGRP","AreaHa":0.03,"Version":"Sept_26","UID":"PHID34098686_015761599"},"geometry":{"type":"Polygon","coordinates":[[[-2.84909,51.31475],[-2.8487,51.31491],[-2.84851,51.31476],[-2.84834,51.3147],[-2.84826,51.31462],[-2.84793,51.31454],[-2.84766,51.31442],[-2.8476,51.31433],[-2.84736,51.31429],[-2.84715,51.31416],[-2.8474,51.31429],[-2.84761,51.31432],[-2.84768,51.31441],[-2.84786,51.31447],[-2.84795,51.31453],[-2.84828,51.31461],[-2.84838,51.31471],[-2.84854,51.31475],[-2.84868,51.31489],[-2.84909,51.31475]]]}},{"type":"Feature","properties":{"MainHabs":"No main habitat but additional habitats present","HabCodes":"NMHAB","AddHabs":"CFPGM, DWOOD","AreaHa":1.07,"Version":"Sept_26","UID":"PHID34105128_016154834"},"geometry":{"type":"Polygon","coordinates":[[[-2.84801,51.34946],[-2.84784,51.34952],[-2.84789,51.34958],[-2.84782,51.3496],[-2.84795,51.34975],[-2.84713,51.34975],[-2.8467,51.34919],[-2.84669,51.34908],[-2.84685,51.34888],[-2.84672,51.34906],[-2.84671,51.34914],[-2.84693,51.34947],[-2.8473,51.34933],[-2.84724,51.34927],[-2.84727,51.34925],[-2.847,51.34895],[-2.84686,51.34885],[-2.847,51.3487],[-2.84725,51.34861],[-2.84751,51.349],[-2.84791,51.34898],[-2.84809,51.34923],[-2.84837,51.34917],[-2.84839,51.34921],[-2.84812,51.34927],[-2.84833,51.34934],[-2.84841,51.34946],[-2.84854,51.34949],[-2.84874,51.34935],[-2.84882,51.34939],[-2.84894,51.34938],[-2.84898,51.34942],[-2.84855,51.34975],[-2.8485,51.34975],[-2.84853,51.34973],[-2.84847,51.3497],[-2.84857,51.34964],[-2.84853,51.34962],[-2.84844,51.34968],[-2.84837,51.34964],[-2.8481,51.34934],[-2.84801,51.34937],[-2.84807,51.34944],[-2.84801,51.34946]],[[-2.84738,51.34924],[-2.84734,51.34928],[-2.84747,51.34939],[-2.84769,51.34929],[-2.8476,51.3492],[-2.84738,51.34924]]]}},{"type":"Feature","properties":{"MainHabs":"No main habitat but additional habitats present","HabCodes":"NMHAB","AddHabs":"TORCH","AreaHa":0.1,"Version":"Sept_26","UID":"PHID34110003_015527003"},"geometry":{"type":"Polygon","coordinates":[[[-2.84585,51.29349],[-2.84571,51.29338],[-2.84566,51.2933],[-2.84584,51.29342],[-2.84636,51.29343],[-2.84634,51.29352],[-2.84637,51.29355],[-2.84654,51.29359],[-2.84669,51.29358],[-2.84655,51.29366],[-2.84639,51.29369],[-2.84622,51.29368],[-2.84585,51.29349]]]}},{"type":"Feature","properties":{"MainHabs":"No main habitat but additional habitats present","HabCodes":"NMHAB","AddHabs":"CFPGM","AreaHa":0.02,"Version":"Sept_26","UID":"PHID34110396_016152603"},"geometry":{"type":"Polygon","coordinates":[[[-2.84708,51.34975],[-2.84659,51.34908],[-2.84671,51.34892],[-2.8468,51.34887],[-2.84666,51.34906],[-2.84665,51.34914],[-2.84708,51.34975]]]}},{"type":"Feature","properties":{"MainHabs":"No main habitat but additional habitats present","HabCodes":"NMHAB","AddHabs":"TORCH","AreaHa":0.14,"Version":"Sept_26","UID":"PHID34111239_015531577"},"geometry":{"type":"Polygon","coordinates":[[[-2.84672,51.294],[-2.84672,51.2941],[-2.84565,51.29397],[-2.84566,51.2938],[-2.84585,51.29371],[-2.84618,51.29385],[-2.84625,51.29393],[-2.84649,51.29395],[-2.84656,51.29401],[-2.84672,51.294]]]}},{"type":"Feature","properties":{"MainHabs":"No main habitat but additional habitats present","HabCodes":"NMHAB","AddHabs":"CFPGM","AreaHa":0.49,"Version":"Sept_26","UID":"PHID34112608_015440888"},"geometry":{"type":"Polygon","coordinates":[[[-2.84319,51.28526],[-2.84378,51.2855],[-2.84364,51.28564],[-2.8442,51.28588],[-2.84462,51.28618],[-2.84482,51.28616],[-2.8449,51.2861],[-2.84496,51.28604],[-2.8449,51.28586],[-2.84508,51.2859],[-2.84517,51.28587],[-2.84527,51.2858],[-2.84546,51.28557],[-2.8459,51.28568],[-2.84582,51.28586],[-2.84582,51.28594],[-2.84574,51.28604],[-2.8458,51.28607],[-2.84567,51.2863],[-2.84468,51.28627],[-2.84458,51.28622],[-2.84418,51.28591],[-2.84339,51.28563],[-2.84309,51.2853],[-2.8431,51.28523],[-2.84319,51.28526]],[[-2.84364,51.28564],[-2.84375,51.28553],[-2.84374,51.28551],[-2.84353,51.28544],[-2.84341,51.28553],[-2.84364,51.28564]],[[-2.84571,51.28597],[-2.84579,51.28592],[-2.84576,51.28587],[-2.84572,51.2859],[-2.84542,51.2858],[-2.84538,51.28585],[-2.84571,51.28597]],[[-2.8453,51.2862],[-2.8453,51.28618],[-2.84546,51.28618],[-2.84546,51.28613],[-2.84514,51.28612],[-2.84514,51.28617],[-2.8453,51.2862]]]}},{"type":"Feature","properties":{"MainHabs":"No main habitat but additional habitats present","HabCodes":"NMHAB","AddHabs":"TORCH","AreaHa":0.09,"Version":"Sept_26","UID":"PHID34115548_015530145"},"geometry":{"type":"Polygon","coordinates":[[[-2.84535,51.29332],[-2.84543,51.29333],[-2.84524,51.2934],[-2.84523,51.29361],[-2.84551,51.2938],[-2.84552,51.29389],[-2.84556,51.2939],[-2.84552,51.29394],[-2.84508,51.29385],[-2.84511,51.29362],[-2.84526,51.29334],[-2.84535,51.29332]]]}},{"type":"Feature","properties":{"MainHabs":"No main habitat but additional habitats present","HabCodes":"NMHAB","AddHabs":"CFPGM","AreaHa":1.28,"Version":"Sept_26","UID":"PHID34139470_015466011"},"geometry":{"type":"Polygon","coordinates":[[[-2.84375,51.28765],[-2.84374,51.28767],[-2.8439,51.28768],[-2.84376,51.28807],[-2.84396,51.2881],[-2.84397,51.2883],[-2.84414,51.28833],[-2.84406,51.28847],[-2.84409,51.28848],[-2.84415,51.2884],[-2.84407,51.28853],[-2.84298,51.28845],[-2.84082,51.28817],[-2.84095,51.2879],[-2.84117,51.28795],[-2.84156,51.28798],[-2.84218,51.28792],[-2.84266,51.28802],[-2.84276,51.28808],[-2.84307,51.28817],[-2.84317,51.28827],[-2.84311,51.2884],[-2.84313,51.28841],[-2.8432,51.2883],[-2.84317,51.28821],[-2.84276,51.28806],[-2.84265,51.28797],[-2.84289,51.28758],[-2.843,51.28753],[-2.84367,51.28766],[-2.84369,51.28764],[-2.84375,51.28765]]]}},{"type":"Feature","properties":{"MainHabs":"No main habitat but additional habitats present","HabCodes":"NMHAB","AddHabs":"TORCH","AreaHa":0.12,"Version":"Sept_26","UID":"PHID34153260_015482396"},"geometry":{"type":"Polygon","coordinates":[[[-2.8397,51.28929],[-2.8397,51.28931],[-2.83989,51.28931],[-2.83994,51.28934],[-2.83996,51.28947],[-2.83992,51.28953],[-2.83995,51.28957],[-2.84001,51.28957],[-2.84012,51.28951],[-2.84016,51.2898],[-2.8401,51.28979],[-2.84008,51.28976],[-2.83976,51.28975],[-2.8398,51.28964],[-2.83974,51.28943],[-2.83968,51.28943],[-2.8396,51.2895],[-2.83952,51.28949],[-2.83952,51.28934],[-2.8397,51.28929]]]}},{"type":"Feature","properties":{"MainHabs":"No main habitat but additional habitats present","HabCodes":"NMHAB","AddHabs":"TORCH","AreaHa":0.12,"Version":"Sept_26","UID":"PHID34155855_015476034"},"geometry":{"type":"Polygon","coordinates":[[[-2.83927,51.28909],[-2.83921,51.28877],[-2.83963,51.28878],[-2.83969,51.28919],[-2.83955,51.28919],[-2.8395,51.28914],[-2.83938,51.28916],[-2.83935,51.28912],[-2.83927,51.28909]]]}},{"type":"Feature","properties":{"MainHabs":"No main habitat but additional habitats present","HabCodes":"NMHAB","AddHabs":"CFPGM","AreaHa":0.03,"Version":"Sept_26","UID":"PHID34159231_015464808"},"geometry":{"type":"Polygon","coordinates":[[[-2.83908,51.28788],[-2.83908,51.28792],[-2.83897,51.28802],[-2.83875,51.28805],[-2.83876,51.28802],[-2.83892,51.28798],[-2.83884,51.28795],[-2.83884,51.28791],[-2.83891,51.2879],[-2.83887,51.28785],[-2.83908,51.28788]]]}},{"type":"Feature","properties":{"MainHabs":"No main habitat but additional habitats present","HabCodes":"NMHAB","AddHabs":"CFPGM","AreaHa":0.02,"Version":"Sept_26","UID":"PHID34165780_015466867"},"geometry":{"type":"Polygon","coordinates":[[[-2.83789,51.28815],[-2.83789,51.28809],[-2.83801,51.28807],[-2.83819,51.2881],[-2.83805,51.28822],[-2.838,51.28817],[-2.83789,51.28815]]]}},{"type":"Feature","properties":{"MainHabs":"No main habitat but additional habitats present","HabCodes":"NMHAB","AddHabs":"TORCH","AreaHa":0.08,"Version":"Sept_26","UID":"PHID34191465_015958085"},"geometry":{"type":"Polygon","coordinates":[[[-2.83543,51.33242],[-2.83494,51.33246],[-2.83482,51.33235],[-2.83493,51.33229],[-2.83539,51.33221],[-2.83543,51.33242]]]}},{"type":"Feature","properties":{"MainHabs":"No main habitat but additional habitats present","HabCodes":"NMHAB","AddHabs":"TORCH","AreaHa":0.29,"Version":"Sept_26","UID":"PHID34193527_015954433"},"geometry":{"type":"Polygon","coordinates":[[[-2.83509,51.33197],[-2.83518,51.33211],[-2.83516,51.33217],[-2.83491,51.33225],[-2.83492,51.33227],[-2.8348,51.33234],[-2.83448,51.33204],[-2.83489,51.33188],[-2.83568,51.33168],[-2.8361,51.33208],[-2.83601,51.33207],[-2.83594,51.33212],[-2.83602,51.33216],[-2.83593,51.33225],[-2.83585,51.33222],[-2.8359,51.33213],[-2.8358,51.33206],[-2.83575,51.33192],[-2.83561,51.33187],[-2.83549,51.33191],[-2.83535,51.33201],[-2.83534,51.33198],[-2.83538,51.33197],[-2.83535,51.33192],[-2.83525,51.33195],[-2.83528,51.332],[-2.83524,51.33201],[-2.83535,51.33215],[-2.83526,51.3321],[-2.83518,51.33195],[-2.83509,51.33197]],[[-2.83486,51.33221],[-2.83514,51.33216],[-2.83511,51.3321],[-2.83502,51.33212],[-2.835,51.33209],[-2.83482,51.33215],[-2.83486,51.33221]]]}},{"type":"Feature","properties":{"MainHabs":"No main habitat but additional habitats present","HabCodes":"NMHAB","AddHabs":"LCGRA","AreaHa":0.18,"Version":"Sept_26","UID":"PHID34213142_015906750"},"geometry":{"type":"Polygon","coordinates":[[[-2.83186,51.3274],[-2.83207,51.32728],[-2.83266,51.3273],[-2.83284,51.32729],[-2.83298,51.32724],[-2.83298,51.32734],[-2.83234,51.32733],[-2.83219,51.32735],[-2.83209,51.32741],[-2.83198,51.32765],[-2.83203,51.32779],[-2.83244,51.32815],[-2.83222,51.32824],[-2.83185,51.32775],[-2.83178,51.3275],[-2.83186,51.3274]]]}},{"type":"Feature","properties":{"MainHabs":"No main habitat but additional habitats present","HabCodes":"NMHAB","AddHabs":"LCGRA","AreaHa":0.46,"Version":"Sept_26","UID":"PHID34216088_015909827"},"geometry":{"type":"Polygon","coordinates":[[[-2.8322,51.3286],[-2.83165,51.32836],[-2.83089,51.32831],[-2.83142,51.32824],[-2.83148,51.32816],[-2.83155,51.32813],[-2.83144,51.32808],[-2.8311,51.32821],[-2.83136,51.32779],[-2.83153,51.32745],[-2.83162,51.32744],[-2.83174,51.32751],[-2.83186,51.32815],[-2.83221,51.32844],[-2.83232,51.32844],[-2.83284,51.32826],[-2.83295,51.32832],[-2.83258,51.32846],[-2.83243,51.32858],[-2.8322,51.3286]]]}},{"type":"Feature","properties":{"MainHabs":"No main habitat but additional habitats present","HabCodes":"NMHAB","AddHabs":"LCGRA","AreaHa":1.42,"Version":"Sept_26","UID":"PHID34232923_015893199"},"geometry":{"type":"Polygon","coordinates":[[[-2.83035,51.32686],[-2.83065,51.32686],[-2.8307,51.32676],[-2.83246,51.32695],[-2.83258,51.32698],[-2.83278,51.32711],[-2.83274,51.32716],[-2.83211,51.32709],[-2.83187,51.32694],[-2.83133,51.32688],[-2.83106,51.32689],[-2.83094,51.32699],[-2.83087,51.32701],[-2.8302,51.32702],[-2.82942,51.32681],[-2.8291,51.32667],[-2.82875,51.32658],[-2.8282,51.3267],[-2.82804,51.32662],[-2.8272,51.32676],[-2.82703,51.32675],[-2.82677,51.32666],[-2.82615,51.32665],[-2.82609,51.32672],[-2.82592,51.32717],[-2.82591,51.32748],[-2.826,51.32783],[-2.82611,51.3282],[-2.82631,51.32835],[-2.82667,51.32846],[-2.82666,51.32861],[-2.82672,51.32866],[-2.82643,51.32858],[-2.8262,51.32841],[-2.82591,51.32803],[-2.82574,51.32749],[-2.82561,51.3272],[-2.82551,51.3271],[-2.82538,51.32706],[-2.82545,51.32704],[-2.82564,51.32679],[-2.8258,51.32669],[-2.82603,51.32668],[-2.82612,51.32654],[-2.82628,51.32657],[-2.82629,51.32654],[-2.8275,51.32635],[-2.82831,51.32642],[-2.82936,51.32646],[-2.82952,51.32651],[-2.82971,51.32667],[-2.82985,51.32674],[-2.83035,51.32686]]]}},{"type":"Feature","properties":{"MainHabs":"No main habitat but additional habitats present","HabCodes":"NMHAB","AddHabs":"LCGRA","AreaHa":0.71,"Version":"Sept_26","UID":"PHID34236485_015907083"},"geometry":{"type":"Polygon","coordinates":[[[-2.82854,51.32732],[-2.82831,51.32729],[-2.8277,51.32738],[-2.82763,51.32795],[-2.82756,51.32797],[-2.82736,51.32792],[-2.82718,51.32782],[-2.82718,51.32771],[-2.82737,51.32723],[-2.82763,51.32708],[-2.82863,51.32713],[-2.82881,51.32744],[-2.82883,51.32794],[-2.82894,51.32801],[-2.82916,51.32809],[-2.82988,51.32822],[-2.83,51.32832],[-2.82983,51.32834],[-2.82933,51.32829],[-2.82876,51.32816],[-2.82854,51.32793],[-2.82861,51.32743],[-2.82854,51.32732]]]}},{"type":"Feature","properties":{"MainHabs":"No main habitat but additional habitats present","HabCodes":"NMHAB","AddHabs":"LCGRA","AreaHa":0.02,"Version":"Sept_26","UID":"PHID34254379_015912372"},"geometry":{"type":"Polygon","coordinates":[[[-2.82609,51.32832],[-2.82616,51.32842],[-2.82589,51.32824],[-2.8259,51.32809],[-2.82609,51.32832]]]}},{"type":"Feature","properties":{"MainHabs":"No main habitat but additional habitats present","HabCodes":"NMHAB","AddHabs":"LCGRA","AreaHa":0.04,"Version":"Sept_26","UID":"PHID34266155_015891410"},"geometry":{"type":"Polygon","coordinates":[[[-2.82442,51.32634],[-2.82438,51.32647],[-2.82443,51.32655],[-2.82418,51.32657],[-2.82423,51.32629],[-2.82431,51.32628],[-2.82442,51.32634]]]}},{"type":"Feature","properties":{"MainHabs":"No main habitat but additional habitats present","HabCodes":"NMHAB","AddHabs":"LCGRA","AreaHa":4.68,"Version":"Sept_26","UID":"PHID34266414_015910116"},"geometry":{"type":"Polygon","coordinates":[[[-2.82486,51.32704],[-2.82537,51.32707],[-2.82548,51.32713],[-2.82558,51.32725],[-2.82584,51.32797],[-2.82584,51.32826],[-2.82589,51.32829],[-2.82566,51.32842],[-2.82559,51.32862],[-2.82589,51.32875],[-2.82612,51.32891],[-2.8261,51.32919],[-2.82579,51.32919],[-2.8255,51.32939],[-2.82527,51.32938],[-2.82498,51.32924],[-2.82476,51.32921],[-2.8246,51.32909],[-2.82442,51.32924],[-2.82372,51.32905],[-2.82339,51.32901],[-2.82328,51.32883],[-2.82325,51.32868],[-2.82338,51.3287],[-2.82344,51.32847],[-2.82359,51.32835],[-2.82356,51.32822],[-2.82336,51.32803],[-2.82306,51.32792],[-2.82261,51.32789],[-2.82246,51.32693],[-2.82455,51.32699],[-2.82486,51.32704]]]}},{"type":"Feature","properties":{"MainHabs":"No main habitat but additional habitats present","HabCodes":"NMHAB","AddHabs":"DWOOD","AreaHa":0.51,"Version":"Sept_26","UID":"PHID34269337_015728836"},"geometry":{"type":"Polygon","coordinates":[[[-2.82474,51.31145],[-2.82463,51.3118],[-2.82443,51.31214],[-2.82418,51.31214],[-2.82414,51.31201],[-2.82416,51.31191],[-2.82424,51.31178],[-2.82413,51.31169],[-2.82387,51.31185],[-2.82367,51.31189],[-2.82355,51.31197],[-2.82327,51.31203],[-2.8232,51.31153],[-2.82474,51.31145]]]}},{"type":"Feature","properties":{"MainHabs":"No main habitat but additional habitats present","HabCodes":"NMHAB","AddHabs":"LCGRA","AreaHa":0.02,"Version":"Sept_26","UID":"PHID34273596_015496970"},"geometry":{"type":"Polygon","coordinates":[[[-2.82263,51.29108],[-2.82248,51.29098],[-2.82261,51.29085],[-2.82272,51.291],[-2.82263,51.29108]]]}},{"type":"Feature","properties":{"MainHabs":"No main habitat but additional habitats present","HabCodes":"NMHAB","AddHabs":"DWOOD","AreaHa":0.73,"Version":"Sept_26","UID":"PHID34282163_015669781"},"geometry":{"type":"Polygon","coordinates":[[[-2.82264,51.30657],[-2.82246,51.30678],[-2.82234,51.30685],[-2.82245,51.30669],[-2.82243,51.30661],[-2.82231,51.30653],[-2.82214,51.30653],[-2.82196,51.30658],[-2.82159,51.30679],[-2.82088,51.30707],[-2.8208,51.30714],[-2.82088,51.30718],[-2.82092,51.30714],[-2.82104,51.30713],[-2.82116,51.30699],[-2.82165,51.30681],[-2.82209,51.30656],[-2.82227,51.30656],[-2.82237,51.30661],[-2.82239,51.30671],[-2.8223,51.30684],[-2.82099,51.3072],[-2.82096,51.30717],[-2.82086,51.30719],[-2.82067,51.3071],[-2.82076,51.30705],[-2.82079,51.30693],[-2.82103,51.30655],[-2.82128,51.30634],[-2.82148,51.30623],[-2.82166,51.30626],[-2.82264,51.30657]]]}},{"type":"Feature","properties":{"MainHabs":"No main habitat but additional habitats present","HabCodes":"NMHAB","AddHabs":"CFPGM","AreaHa":0.33,"Version":"Sept_26","UID":"PHID34292070_015408134"},"geometry":{"type":"Polygon","coordinates":[[[-2.82024,51.28288],[-2.82027,51.28289],[-2.82021,51.28296],[-2.82028,51.28299],[-2.82019,51.28309],[-2.82033,51.28316],[-2.82014,51.28336],[-2.81946,51.28304],[-2.81919,51.28295],[-2.81928,51.28282],[-2.8193,51.28284],[-2.81951,51.28263],[-2.82024,51.28288]]]}},{"type":"Feature","properties":{"MainHabs":"No main habitat but additional habitats present","HabCodes":"NMHAB","AddHabs":"DWOOD","AreaHa":0.46,"Version":"Sept_26","UID":"PHID34296330_015790639"},"geometry":{"type":"Polygon","coordinates":[[[-2.82047,51.31765],[-2.82013,51.31769],[-2.81975,51.31769],[-2.81975,51.31765],[-2.81962,51.31766],[-2.81962,51.31769],[-2.81928,51.31769],[-2.81921,51.31766],[-2.81916,51.31768],[-2.81945,51.31693],[-2.82015,51.31727],[-2.8203,51.31741],[-2.82035,51.31753],[-2.82047,51.31765]]]}},{"type":"Feature","properties":{"MainHabs":"No main habitat but additional habitats present","HabCodes":"NMHAB","AddHabs":"CFPGM","AreaHa":0.86,"Version":"Sept_26","UID":"PHID34296365_016153692"},"geometry":{"type":"Polygon","coordinates":[[[-2.818,51.349],[-2.81847,51.34891],[-2.81951,51.34947],[-2.82029,51.34975],[-2.82021,51.34975],[-2.81935,51.34945],[-2.81913,51.34931],[-2.81932,51.34945],[-2.81933,51.34951],[-2.81989,51.34975],[-2.81953,51.34975],[-2.81905,51.3495],[-2.81875,51.34942],[-2.81848,51.34939],[-2.81808,51.3492],[-2.81785,51.34915],[-2.818,51.349]]]}},{"type":"Feature","properties":{"MainHabs":"No main habitat but additional habitats present","HabCodes":"NMHAB","AddHabs":"TORCH","AreaHa":0.04,"Version":"Sept_26","UID":"PHID34297346_015975567"},"geometry":{"type":"Polygon","coordinates":[[[-2.82009,51.33391],[-2.82005,51.33413],[-2.81984,51.33411],[-2.81984,51.33396],[-2.82009,51.33391]]]}},{"type":"Feature","properties":{"MainHabs":"No main habitat but additional habitats present","HabCodes":"NMHAB","AddHabs":"TORCH","AreaHa":0.29,"Version":"Sept_26","UID":"PHID34297526_015979776"},"geometry":{"type":"Polygon","coordinates":[[[-2.81953,51.33411],[-2.81982,51.33411],[-2.81981,51.33419],[-2.81989,51.33419],[-2.81989,51.33422],[-2.81994,51.33422],[-2.81994,51.33419],[-2.82016,51.3342],[-2.82022,51.3341],[-2.82015,51.33409],[-2.82015,51.33415],[-2.8201,51.33414],[-2.82014,51.33373],[-2.82041,51.33379],[-2.82036,51.33393],[-2.82024,51.33392],[-2.82023,51.33399],[-2.82035,51.334],[-2.82021,51.33457],[-2.82003,51.33454],[-2.82002,51.33458],[-2.81947,51.33451],[-2.81953,51.33411]]]}},{"type":"Feature","properties":{"MainHabs":"No main habitat but additional habitats present","HabCodes":"NMHAB","AddHabs":"CFPGM","AreaHa":2.27,"Version":"Sept_26","UID":"PHID34297966_016158587"},"geometry":{"type":"Polygon","coordinates":[[[-2.81873,51.34975],[-2.81834,51.34954],[-2.81823,51.34956],[-2.81803,51.3497],[-2.81794,51.34971],[-2.81757,51.34956],[-2.81771,51.34948],[-2.81775,51.34942],[-2.81773,51.34933],[-2.81762,51.34921],[-2.81776,51.34917],[-2.81795,51.34918],[-2.81847,51.3494],[-2.81883,51.34945],[-2.81911,51.34954],[-2.81949,51.34975],[-2.81873,51.34975]]]}},{"type":"Feature","properties":{"MainHabs":"No main habitat but additional habitats present","HabCodes":"NMHAB","AddHabs":"DWOOD","AreaHa":0.37,"Version":"Sept_26","UID":"PHID34302970_015759372"},"geometry":{"type":"Polygon","coordinates":[[[-2.8193,51.31477],[-2.81844,51.31461],[-2.81801,51.31446],[-2.81787,51.31439],[-2.81781,51.31425],[-2.81788,51.3138],[-2.8179,51.31376],[-2.81806,51.31372],[-2.81806,51.31362],[-2.81785,51.31359],[-2.81782,51.31351],[-2.8181,51.31352],[-2.81801,51.31425],[-2.81806,51.3143],[-2.81911,51.31455],[-2.81977,51.31453],[-2.8198,51.31457],[-2.8193,51.31477]]]}},{"type":"Feature","properties":{"MainHabs":"No main habitat but additional habitats present","HabCodes":"NMHAB","AddHabs":"LCGRA","AreaHa":12.92,"Version":"Sept_26","UID":"PHID34306951_015548032"},"geometry":{"type":"Polygon","coordinates":[[[-2.81514,51.29727],[-2.81512,51.29734],[-2.81494,51.29735],[-2.81513,51.29685],[-2.81528,51.29634],[-2.81548,51.29526],[-2.81599,51.29525],[-2.81622,51.29518],[-2.81653,51.29493],[-2.8182,51.29377],[-2.8193,51.29317],[-2.81933,51.29312],[-2.81991,51.29272],[-2.82063,51.29279],[-2.82075,51.29295],[-2.82085,51.293],[-2.82083,51.29437],[-2.82059,51.29506],[-2.82045,51.29572],[-2.82018,51.29621],[-2.82004,51.29657],[-2.8198,51.29703],[-2.81505,51.29739],[-2.81527,51.29736],[-2.81526,51.29726],[-2.81514,51.29727]]]}},{"type":"Feature","properties":{"MainHabs":"No main habitat but additional habitats present","HabCodes":"NMHAB","AddHabs":"CFPGM","AreaHa":2.56,"Version":"Sept_26","UID":"PHID34331814_016159612"},"geometry":{"type":"Polygon","coordinates":[[[-2.81742,51.34903],[-2.81757,51.34909],[-2.81762,51.34918],[-2.81759,51.34923],[-2.81771,51.34937],[-2.81771,51.34945],[-2.8176,51.34952],[-2.81705,51.34975],[-2.81606,51.34975],[-2.81735,51.34905],[-2.81742,51.34903]]]}},{"type":"Feature","properties":{"MainHabs":"No main habitat but additional habitats present","HabCodes":"NMHAB","AddHabs":"LCGRA","AreaHa":9.63,"Version":"Sept_26","UID":"PHID34338647_015624564"},"geometry":{"type":"Polygon","coordinates":[[[-2.81029,51.30162],[-2.81021,51.30161],[-2.81023,51.30144],[-2.8125,51.3013],[-2.81339,51.30134],[-2.8157,51.30123],[-2.81606,51.30188],[-2.81635,51.30232],[-2.81626,51.30249],[-2.81634,51.30267],[-2.81615,51.30277],[-2.81614,51.30285],[-2.81617,51.30293],[-2.8161,51.30305],[-2.81603,51.3033],[-2.81591,51.30342],[-2.8158,51.30347],[-2.8157,51.30346],[-2.81558,51.30349],[-2.81538,51.30344],[-2.81493,51.3035],[-2.81459,51.30338],[-2.81448,51.30356],[-2.81388,51.30353],[-2.81378,51.30356],[-2.81368,51.30353],[-2.81356,51.30356],[-2.81341,51.30345],[-2.81295,51.30347],[-2.81291,51.30345],[-2.8129,51.3034],[-2.81283,51.30339],[-2.8123,51.30358],[-2.81209,51.30351],[-2.81198,51.30358],[-2.81144,51.30363],[-2.81079,51.30377],[-2.81052,51.30378],[-2.81041,51.30373],[-2.81034,51.30366],[-2.81035,51.30333],[-2.81046,51.30325],[-2.81084,51.30314],[-2.81062,51.30226],[-2.81046,51.30196],[-2.81031,51.3021],[-2.81024,51.30229],[-2.81018,51.30357],[-2.81005,51.30372],[-2.81016,51.30356],[-2.81023,51.30237],[-2.81027,51.30204],[-2.81035,51.30176],[-2.81034,51.30166],[-2.81029,51.30162]]]}},{"type":"Feature","properties":{"MainHabs":"No main habitat but additional habitats present","HabCodes":"NMHAB","AddHabs":"LCGRA","AreaHa":0.66,"Version":"Sept_26","UID":"PHID34346222_015503606"},"geometry":{"type":"Polygon","coordinates":[[[-2.81429,51.29183],[-2.81388,51.29176],[-2.81375,51.29168],[-2.81318,51.2915],[-2.8129,51.29151],[-2.81275,51.29156],[-2.81257,51.29174],[-2.81216,51.29185],[-2.81172,51.29189],[-2.81085,51.29208],[-2.81079,51.29194],[-2.81081,51.29185],[-2.81105,51.29175],[-2.81122,51.2918],[-2.81161,51.29172],[-2.81176,51.29159],[-2.81214,51.29159],[-2.81229,51.29148],[-2.81242,51.29134],[-2.81239,51.29123],[-2.81266,51.29119],[-2.8127,51.29137],[-2.81311,51.29135],[-2.81331,51.29121],[-2.81429,51.29183]]]}},{"type":"Feature","properties":{"MainHabs":"No main habitat but additional habitats present","HabCodes":"NMHAB","AddHabs":"DWOOD, TORCH","AreaHa":1.66,"Version":"Sept_26","UID":"PHID34346557_015795629"},"geometry":{"type":"Polygon","coordinates":[[[-2.81273,51.31829],[-2.8128,51.31846],[-2.81235,51.31864],[-2.81174,51.31777],[-2.8121,51.31766],[-2.81204,51.3176],[-2.81202,51.31743],[-2.81198,51.31743],[-2.81199,51.31739],[-2.81203,51.31739],[-2.81203,51.31734],[-2.81199,51.31734],[-2.812,51.31727],[-2.81219,51.31714],[-2.81232,51.31718],[-2.8124,51.31716],[-2.81256,51.31719],[-2.81255,51.31732],[-2.81283,51.31732],[-2.81303,51.31738],[-2.8132,51.31727],[-2.81321,51.31722],[-2.81355,51.31722],[-2.81382,51.31724],[-2.81401,51.31731],[-2.81392,51.31735],[-2.81397,51.31741],[-2.81406,51.31741],[-2.81409,51.31734],[-2.81423,51.31733],[-2.81426,51.31744],[-2.81446,51.31742],[-2.81458,51.31746],[-2.81432,51.31756],[-2.81416,51.31771],[-2.81401,51.31776],[-2.81386,51.31776],[-2.81382,51.31774],[-2.81383,51.3177],[-2.81372,51.31768],[-2.81365,51.3177],[-2.8135,51.31769],[-2.81341,51.31772],[-2.8134,51.31768],[-2.81333,51.31769],[-2.81333,51.31776],[-2.81314,51.31773],[-2.81309,51.31777],[-2.8131,51.31783],[-2.81317,51.31786],[-2.81339,51.31781],[-2.81341,51.31792],[-2.81353,51.31788],[-2.81356,51.31793],[-2.81363,51.31792],[-2.81363,51.31795],[-2.81369,51.31794],[-2.81365,51.31774],[-2.81376,51.31778],[-2.81398,51.3178],[-2.81419,51.31772],[-2.81432,51.31781],[-2.8139,51.31803],[-2.81304,51.31837],[-2.81298,51.31827],[-2.81273,51.31829]],[[-2.81231,51.31735],[-2.81238,51.31767],[-2.81262,51.31764],[-2.81255,51.31732],[-2.81231,51.31735]]]}},{"type":"Feature","properties":{"MainHabs":"No main habitat but additional habitats present","HabCodes":"NMHAB","AddHabs":"TORCH","AreaHa":0.39,"Version":"Sept_26","UID":"PHID34373004_015797476"},"geometry":{"type":"Polygon","coordinates":[[[-2.80853,51.31742],[-2.80848,51.31721],[-2.80895,51.31721],[-2.80909,51.31824],[-2.80907,51.31827],[-2.80901,51.31827],[-2.80902,51.3183],[-2.80902,51.31835],[-2.80911,51.31837],[-2.80915,51.31872],[-2.80876,51.31873],[-2.80861,51.31782],[-2.80882,51.3178],[-2.80875,51.31741],[-2.80853,51.31742]],[[-2.80901,51.31841],[-2.809,51.31835],[-2.80873,51.31836],[-2.80874,51.31842],[-2.8089,51.31842],[-2.80891,51.31856],[-2.80901,51.31855],[-2.80901,51.31841]]]}},{"type":"Feature","properties":{"MainHabs":"No main habitat but additional habitats present","HabCodes":"NMHAB","AddHabs":"LCGRA","AreaHa":0.01,"Version":"Sept_26","UID":"PHID34387146_015562813"},"geometry":{"type":"Polygon","coordinates":[[[-2.80648,51.29707],[-2.8065,51.29726],[-2.80645,51.2971],[-2.80635,51.29701],[-2.80646,51.29688],[-2.80648,51.29707]]]}},{"type":"Feature","properties":{"MainHabs":"No main habitat but additional habitats present","HabCodes":"NMHAB","AddHabs":"LMEAD","AreaHa":0.93,"Version":"Sept_26","UID":"PHID34394676_015508945"},"geometry":{"type":"Polygon","coordinates":[[[-2.80458,51.29148],[-2.80467,51.29133],[-2.80464,51.29132],[-2.80466,51.29129],[-2.8048,51.29136],[-2.80507,51.29153],[-2.80548,51.29197],[-2.80589,51.29226],[-2.80615,51.29229],[-2.80613,51.29267],[-2.80616,51.29305],[-2.80578,51.29294],[-2.80566,51.29287],[-2.80566,51.29283],[-2.8053,51.29263],[-2.80499,51.29234],[-2.80505,51.29221],[-2.80472,51.29193],[-2.80458,51.2919],[-2.80436,51.29179],[-2.80458,51.29148]]]}},{"type":"Feature","properties":{"MainHabs":"No main habitat but additional habitats present","HabCodes":"NMHAB","AddHabs":"TORCH","AreaHa":0.19,"Version":"Sept_26","UID":"PHID34401758_015996849"},"geometry":{"type":"Polygon","coordinates":[[[-2.8044,51.33597],[-2.80444,51.33587],[-2.80479,51.33593],[-2.80497,51.33593],[-2.80512,51.33566],[-2.80533,51.33571],[-2.80513,51.33641],[-2.805,51.33634],[-2.80499,51.33638],[-2.80484,51.33635],[-2.80496,51.33606],[-2.8044,51.33597]]]}},{"type":"Feature","properties":{"MainHabs":"No main habitat but additional habitats present","HabCodes":"NMHAB","AddHabs":"LMEAD","AreaHa":0.25,"Version":"Sept_26","UID":"PHID34402509_015766010"},"geometry":{"type":"Polygon","coordinates":[[[-2.8051,51.31533],[-2.80516,51.31555],[-2.805,51.31554],[-2.80464,51.31559],[-2.80392,51.31555],[-2.80392,51.31549],[-2.80458,51.31547],[-2.80456,51.31538],[-2.80447,51.31533],[-2.80401,51.3152],[-2.80405,51.31511],[-2.80421,51.31498],[-2.80426,51.31498],[-2.8045,51.31518],[-2.80489,51.31531],[-2.8051,51.31533]]]}},{"type":"Feature","properties":{"MainHabs":"No main habitat but additional habitats present","HabCodes":"NMHAB","AddHabs":"LCGRA","AreaHa":0.03,"Version":"Sept_26","UID":"PHID34405273_015550012"},"geometry":{"type":"Polygon","coordinates":[[[-2.80363,51.29588],[-2.80377,51.29578],[-2.80393,51.29578],[-2.804,51.29594],[-2.80391,51.29595],[-2.80384,51.29589],[-2.80363,51.29588]]]}},{"type":"Feature","properties":{"MainHabs":"No main habitat but additional habitats present","HabCodes":"NMHAB","AddHabs":"TORCH","AreaHa":0.25,"Version":"Sept_26","UID":"PHID34419718_015991885"},"geometry":{"type":"Polygon","coordinates":[[[-2.80222,51.33582],[-2.80189,51.33575],[-2.80208,51.33531],[-2.8024,51.33537],[-2.80249,51.33537],[-2.80253,51.33529],[-2.80296,51.33537],[-2.80279,51.33589],[-2.80222,51.33582]],[[-2.80267,51.33537],[-2.80246,51.3354],[-2.80245,51.33544],[-2.80248,51.33547],[-2.80245,51.33558],[-2.80248,51.33561],[-2.80264,51.33566],[-2.80265,51.33578],[-2.80277,51.3358],[-2.80294,51.33539],[-2.80267,51.33537]]]}},{"type":"Feature","properties":{"MainHabs":"No main habitat but additional habitats present","HabCodes":"NMHAB","AreaHa":1.24,"Version":"Sept_26","UID":"PHID34434073_015465934"},"geometry":{"type":"Polygon","coordinates":[[[-2.7979,51.28819],[-2.79801,51.28805],[-2.79818,51.28798],[-2.79883,51.28794],[-2.79991,51.28806],[-2.80087,51.28811],[-2.80091,51.28815],[-2.80087,51.28817],[-2.80094,51.28817],[-2.80101,51.28821],[-2.80073,51.28872],[-2.79863,51.28848],[-2.7983,51.28854],[-2.79818,51.28844],[-2.79809,51.28827],[-2.7979,51.28819]]]}},{"type":"Feature","properties":{"MainHabs":"No main habitat but additional habitats present","HabCodes":"NMHAB","AddHabs":"DWOOD","AreaHa":0.26,"Version":"Sept_26","UID":"PHID34456994_015888848"},"geometry":{"type":"Polygon","coordinates":[[[-2.79702,51.32598],[-2.79708,51.32601],[-2.79744,51.32664],[-2.79723,51.32657],[-2.79694,51.32659],[-2.79679,51.32624],[-2.79698,51.32623],[-2.7969,51.32611],[-2.79679,51.32603],[-2.79668,51.32607],[-2.79639,51.3258],[-2.79644,51.32577],[-2.79637,51.32572],[-2.79646,51.32566],[-2.79675,51.32578],[-2.79702,51.32598]]]}},{"type":"Feature","properties":{"MainHabs":"No main habitat but additional habitats present","HabCodes":"NMHAB","AddHabs":"DWOOD","AreaHa":0.37,"Version":"Sept_26","UID":"PHID34477207_015918224"},"geometry":{"type":"Polygon","coordinates":[[[-2.79361,51.32939],[-2.79367,51.32922],[-2.79379,51.32906],[-2.79408,51.32884],[-2.79463,51.32867],[-2.79499,51.32862],[-2.7949,51.32874],[-2.79477,51.32883],[-2.79474,51.32888],[-2.79484,51.32888],[-2.79466,51.32913],[-2.7945,51.32919],[-2.79437,51.32917],[-2.79447,51.32909],[-2.79441,51.32907],[-2.79448,51.329],[-2.79439,51.32897],[-2.79433,51.32904],[-2.7943,51.32903],[-2.79418,51.32922],[-2.79399,51.32934],[-2.79404,51.32938],[-2.79416,51.32932],[-2.79418,51.32933],[-2.79395,51.32944],[-2.79381,51.32945],[-2.79375,51.32941],[-2.79361,51.32939]]]}},{"type":"Feature","properties":{"MainHabs":"No main habitat but additional habitats present","HabCodes":"NMHAB","AreaHa":1.9,"Version":"Sept_26","UID":"PHID34482370_015517587"},"geometry":{"type":"Polygon","coordinates":[[[-2.79285,51.29355],[-2.79269,51.29368],[-2.79206,51.29393],[-2.79175,51.29409],[-2.79154,51.29385],[-2.79118,51.29355],[-2.79114,51.29343],[-2.7912,51.29338],[-2.79136,51.29299],[-2.79252,51.29307],[-2.79264,51.29237],[-2.79363,51.29234],[-2.79424,51.29237],[-2.79414,51.29259],[-2.79398,51.2928],[-2.79351,51.29307],[-2.79285,51.29355]]]}},{"type":"Feature","properties":{"MainHabs":"No main habitat but additional habitats present","HabCodes":"NMHAB","AddHabs":"DWOOD","AreaHa":0.52,"Version":"Sept_26","UID":"PHID34492551_015850860"},"geometry":{"type":"Polygon","coordinates":[[[-2.7913,51.32336],[-2.79119,51.32319],[-2.79127,51.32313],[-2.79125,51.3231],[-2.7911,51.32309],[-2.7908,51.32264],[-2.79108,51.32268],[-2.79132,51.32284],[-2.79163,51.32285],[-2.79175,51.32278],[-2.79249,51.32271],[-2.79245,51.32309],[-2.79206,51.32308],[-2.79203,51.32327],[-2.79137,51.32333],[-2.7913,51.32336]]]}},{"type":"Feature","properties":{"MainHabs":"No main habitat but additional habitats present","HabCodes":"NMHAB","AddHabs":"LHEAT","AreaHa":0.97,"Version":"Sept_26","UID":"PHID34521876_015928158"},"geometry":{"type":"Polygon","coordinates":[[[-2.78927,51.33023],[-2.78804,51.3302],[-2.78681,51.33024],[-2.78656,51.33029],[-2.78655,51.33024],[-2.78622,51.33024],[-2.78616,51.32996],[-2.78902,51.32966],[-2.78927,51.33023]]]}},{"type":"Feature","properties":{"MainHabs":"No main habitat but additional habitats present","HabCodes":"NMHAB","AddHabs":"LMEAD","AreaHa":0.03,"Version":"Sept_26","UID":"PHID34522556_015446699"},"geometry":{"type":"Polygon","coordinates":[[[-2.78661,51.28657],[-2.78692,51.28664],[-2.78694,51.28681],[-2.78662,51.28663],[-2.7866,51.28661],[-2.78661,51.28657]]]}},{"type":"Feature","properties":{"MainHabs":"No main habitat but additional habitats present","HabCodes":"NMHAB","AddHabs":"DWOOD","AreaHa":1.22,"Version":"Sept_26","UID":"PHID34523725_015551881"},"geometry":{"type":"Polygon","coordinates":[[[-2.78747,51.29581],[-2.78765,51.29576],[-2.78786,51.29577],[-2.78792,51.29578],[-2.78792,51.29588],[-2.78773,51.29588],[-2.7875,51.29598],[-2.78722,51.29603],[-2.78719,51.29606],[-2.78725,51.29627],[-2.78746,51.29641],[-2.78777,51.29642],[-2.78799,51.29654],[-2.78815,51.29656],[-2.78826,51.29667],[-2.78843,51.29695],[-2.78832,51.29699],[-2.78823,51.29693],[-2.78814,51.29691],[-2.78785,51.297],[-2.78763,51.29694],[-2.78738,51.29675],[-2.78671,51.29654],[-2.78648,51.2963],[-2.78634,51.29601],[-2.78636,51.29595],[-2.78644,51.2959],[-2.78629,51.29561],[-2.78629,51.29549],[-2.78615,51.29553],[-2.78627,51.29538],[-2.78607,51.29541],[-2.78613,51.29538],[-2.78635,51.29529],[-2.78682,51.29542],[-2.78712,51.29555],[-2.78734,51.29577],[-2.78747,51.29581]]]}},{"type":"Feature","properties":{"MainHabs":"No main habitat but additional habitats present","HabCodes":"NMHAB","AddHabs":"DWOOD","AreaHa":0.8,"Version":"Sept_26","UID":"PHID34532940_015848663"},"geometry":{"type":"Polygon","coordinates":[[[-2.78645,51.32466],[-2.78642,51.32474],[-2.78615,51.32466],[-2.78601,51.32456],[-2.78589,51.3244],[-2.78577,51.32445],[-2.78556,51.32427],[-2.78552,51.32413],[-2.78551,51.3239],[-2.78555,51.32358],[-2.78576,51.32288],[-2.78576,51.32213],[-2.78582,51.32184],[-2.78607,51.32213],[-2.78615,51.32231],[-2.78616,51.32247],[-2.7861,51.32336],[-2.78577,51.32419],[-2.78595,51.32419],[-2.78618,51.32454],[-2.7863,51.32462],[-2.78645,51.32466]]]}},{"type":"Feature","properties":{"MainHabs":"No main habitat but additional habitats present","HabCodes":"NMHAB","AddHabs":"TORCH","AreaHa":0.01,"Version":"Sept_26","UID":"PHID34534629_015737385"},"geometry":{"type":"Polygon","coordinates":[[[-2.78547,51.31287],[-2.78546,51.31279],[-2.78562,51.3128],[-2.78558,51.31309],[-2.78559,51.31288],[-2.78547,51.31287]]]}},{"type":"Feature","properties":{"MainHabs":"No main habitat but additional habitats present","HabCodes":"NMHAB","AddHabs":"TORCH","AreaHa":0.21,"Version":"Sept_26","UID":"PHID34537144_015740992"},"geometry":{"type":"Polygon","coordinates":[[[-2.78557,51.31316],[-2.78547,51.31353],[-2.7848,51.31351],[-2.78481,51.31334],[-2.78492,51.31333],[-2.78492,51.3133],[-2.78483,51.31329],[-2.78514,51.31328],[-2.78511,51.31293],[-2.78533,51.31289],[-2.78543,51.31304],[-2.78532,51.31313],[-2.78557,51.31316]],[[-2.78524,51.31337],[-2.78523,51.31341],[-2.78518,51.31341],[-2.78517,51.31349],[-2.78534,51.31347],[-2.78535,51.31337],[-2.78524,51.31337]]]}},{"type":"Feature","properties":{"MainHabs":"No main habitat but additional habitats present","HabCodes":"NMHAB","AddHabs":"DWOOD","AreaHa":1.05,"Version":"Sept_26","UID":"PHID34541880_015855116"},"geometry":{"type":"Polygon","coordinates":[[[-2.78378,51.32407],[-2.78383,51.32351],[-2.78393,51.32324],[-2.78422,51.32306],[-2.78411,51.32288],[-2.78491,51.32288],[-2.78497,51.32275],[-2.78556,51.32277],[-2.78561,51.3228],[-2.78569,51.32277],[-2.7857,51.32288],[-2.78545,51.32356],[-2.78419,51.32347],[-2.78423,51.32368],[-2.78437,51.3241],[-2.78378,51.32407]]]}},{"type":"Feature","properties":{"MainHabs":"No main habitat but additional habitats present","HabCodes":"NMHAB","AddHabs":"LCGRA","AreaHa":0.03,"Version":"Sept_26","UID":"PHID34556900_015460634"},"geometry":{"type":"Polygon","coordinates":[[[-2.78201,51.28814],[-2.78183,51.28805],[-2.7819,51.28785],[-2.782,51.28788],[-2.78201,51.28814]]]}},{"type":"Feature","properties":{"MainHabs":"No main habitat but additional habitats present","HabCodes":"NMHAB","AddHabs":"LMEAD","AreaHa":0.62,"Version":"Sept_26","UID":"PHID34569870_015475810"},"geometry":{"type":"Polygon","coordinates":[[[-2.78035,51.29003],[-2.77971,51.28937],[-2.77979,51.28926],[-2.77962,51.28903],[-2.77963,51.289],[-2.77939,51.28884],[-2.78022,51.28897],[-2.78038,51.2889],[-2.78079,51.2902],[-2.78052,51.29019],[-2.78035,51.29003]]]}},{"type":"Feature","properties":{"MainHabs":"No main habitat but additional habitats present","HabCodes":"NMHAB","AddHabs":"LMEAD","AreaHa":1.39,"Version":"Sept_26","UID":"PHID34573592_015491984"},"geometry":{"type":"Polygon","coordinates":[[[-2.78017,51.29165],[-2.77942,51.29161],[-2.77914,51.29069],[-2.77927,51.29065],[-2.77904,51.29042],[-2.77896,51.29028],[-2.77869,51.29011],[-2.77922,51.28973],[-2.77994,51.29029],[-2.77996,51.29028],[-2.78013,51.29046],[-2.78018,51.29059],[-2.78025,51.29061],[-2.78023,51.29064],[-2.78046,51.29166],[-2.78017,51.29165]]]}},{"type":"Feature","properties":{"MainHabs":"No main habitat but additional habitats present","HabCodes":"NMHAB","AreaHa":0.63,"Version":"Sept_26","UID":"PHID34580922_015881610"},"geometry":{"type":"Polygon","coordinates":[[[-2.77928,51.32613],[-2.77871,51.32614],[-2.77824,51.32607],[-2.77832,51.32558],[-2.77879,51.3256],[-2.77917,51.32558],[-2.77918,51.32555],[-2.77944,51.32556],[-2.77989,51.32564],[-2.78015,51.32576],[-2.77928,51.32613]]]}},{"type":"Feature","properties":{"MainHabs":"No main habitat but additional habitats present","HabCodes":"NMHAB","AddHabs":"TORCH","AreaHa":0.48,"Version":"Sept_26","UID":"PHID34587081_015929580"},"geometry":{"type":"Polygon","coordinates":[[[-2.77862,51.32995],[-2.77876,51.33005],[-2.7788,51.33034],[-2.77865,51.33032],[-2.77762,51.33037],[-2.77777,51.33034],[-2.77789,51.33022],[-2.77784,51.33017],[-2.77769,51.33021],[-2.77764,51.33027],[-2.77747,51.33029],[-2.77741,51.33034],[-2.77745,51.33037],[-2.77678,51.3304],[-2.77692,51.33025],[-2.77678,51.33021],[-2.77658,51.33032],[-2.77653,51.3302],[-2.77658,51.33015],[-2.77699,51.33009],[-2.77789,51.33003],[-2.77844,51.32994],[-2.77862,51.32995]],[[-2.7773,51.33027],[-2.77737,51.33022],[-2.7773,51.33015],[-2.77716,51.3302],[-2.7773,51.33027]]]}},{"type":"Feature","properties":{"MainHabs":"No main habitat but additional habitats present","HabCodes":"NMHAB","AddHabs":"LCGRA","AreaHa":0.12,"Version":"Sept_26","UID":"PHID34587326_015477604"},"geometry":{"type":"Polygon","coordinates":[[[-2.77816,51.2899],[-2.77796,51.28987],[-2.77773,51.28969],[-2.77727,51.28941],[-2.77678,51.28923],[-2.77696,51.28916],[-2.77741,51.28936],[-2.77763,51.28948],[-2.77816,51.2899]]]}},{"type":"Feature","properties":{"MainHabs":"No main habitat but additional habitats present","HabCodes":"NMHAB","AddHabs":"LCGRA","AreaHa":0.81,"Version":"Sept_26","UID":"PHID34605361_015459887"},"geometry":{"type":"Polygon","coordinates":[[[-2.77549,51.28807],[-2.77512,51.28823],[-2.77441,51.28839],[-2.77423,51.28822],[-2.7743,51.28816],[-2.77429,51.28813],[-2.7741,51.288],[-2.77392,51.28795],[-2.77354,51.28753],[-2.77414,51.28775],[-2.77436,51.28781],[-2.77504,51.28766],[-2.77529,51.28764],[-2.77556,51.28766],[-2.77585,51.2878],[-2.77606,51.28801],[-2.7758,51.28824],[-2.77549,51.28807]]]}},{"type":"Feature","properties":{"MainHabs":"No main habitat but additional habitats present","HabCodes":"NMHAB","AddHabs":"DWOOD","AreaHa":0.01,"Version":"Sept_26","UID":"PHID34618712_015974119"},"geometry":{"type":"Polygon","coordinates":[[[-2.77385,51.33439],[-2.77379,51.33424],[-2.77382,51.33416],[-2.77381,51.33396],[-2.77378,51.33394],[-2.77382,51.33395],[-2.77388,51.33425],[-2.77385,51.33439]]]}},{"type":"Feature","properties":{"MainHabs":"No main habitat but additional habitats present","HabCodes":"NMHAB","AddHabs":"LCGRA","AreaHa":0.34,"Version":"Sept_26","UID":"PHID34624197_015883708"},"geometry":{"type":"Polygon","coordinates":[[[-2.7732,51.32625],[-2.77282,51.32623],[-2.7724,51.32626],[-2.77267,51.32605],[-2.77249,51.32602],[-2.77272,51.32585],[-2.7728,51.32575],[-2.77284,51.32555],[-2.77309,51.32555],[-2.77317,51.32544],[-2.77328,51.32536],[-2.7734,51.32518],[-2.77329,51.3248],[-2.77334,51.32481],[-2.7734,51.32496],[-2.77341,51.32516],[-2.77323,51.32555],[-2.77318,51.32579],[-2.77318,51.32613],[-2.77331,51.32643],[-2.7735,51.32673],[-2.77417,51.32733],[-2.77394,51.32717],[-2.77343,51.32673],[-2.7732,51.32625]]]}},{"type":"Feature","properties":{"MainHabs":"No main habitat but additional habitats present","HabCodes":"NMHAB","AddHabs":"LCGRA","AreaHa":0.08,"Version":"Sept_26","UID":"PHID34628442_015494103"},"geometry":{"type":"Polygon","coordinates":[[[-2.7719,51.29099],[-2.77204,51.29102],[-2.7721,51.29112],[-2.77208,51.29142],[-2.77198,51.29157],[-2.77202,51.2912],[-2.772,51.2911],[-2.77196,51.29105],[-2.77171,51.29109],[-2.7714,51.29148],[-2.77133,51.29146],[-2.77165,51.29105],[-2.7719,51.29099]]]}},{"type":"Feature","properties":{"MainHabs":"No main habitat but additional habitats present","HabCodes":"NMHAB","AddHabs":"DWOOD","AreaHa":0.24,"Version":"Sept_26","UID":"PHID34629206_015978092"},"geometry":{"type":"Polygon","coordinates":[[[-2.77327,51.33489],[-2.77216,51.33478],[-2.77221,51.33424],[-2.7724,51.33427],[-2.77248,51.33431],[-2.77233,51.33452],[-2.7727,51.33463],[-2.77315,51.33466],[-2.77338,51.33477],[-2.77327,51.33489]]]}},{"type":"Feature","properties":{"MainHabs":"No main habitat but additional habitats present","HabCodes":"NMHAB","AddHabs":"TORCH","AreaHa":2.44,"Version":"Sept_26","UID":"PHID34639298_016130522"},"geometry":{"type":"Polygon","coordinates":[[[-2.77179,51.34956],[-2.77167,51.34962],[-2.77158,51.34975],[-2.77075,51.34967],[-2.77142,51.34962],[-2.77155,51.34954],[-2.77148,51.3494],[-2.77134,51.34936],[-2.77122,51.34921],[-2.77103,51.34919],[-2.7709,51.3493],[-2.77066,51.34937],[-2.77057,51.34948],[-2.77046,51.34943],[-2.77018,51.34958],[-2.77044,51.34912],[-2.77037,51.34874],[-2.77025,51.34832],[-2.77026,51.34758],[-2.77029,51.34724],[-2.77035,51.34711],[-2.77164,51.34753],[-2.77169,51.34757],[-2.77174,51.34767],[-2.77185,51.34775],[-2.7719,51.34785],[-2.77187,51.34793],[-2.7718,51.34797],[-2.77164,51.34801],[-2.7716,51.34806],[-2.77163,51.34814],[-2.77175,51.34823],[-2.77174,51.34847],[-2.77196,51.34852],[-2.77207,51.3486],[-2.77202,51.3487],[-2.77183,51.34877],[-2.77181,51.34891],[-2.7717,51.34901],[-2.77191,51.34928],[-2.77179,51.34956]]]}},{"type":"Feature","properties":{"MainHabs":"No main habitat but additional habitats present","HabCodes":"NMHAB","OtherClass":"Annex1(H8310)","AreaHa":0.02,"Version":"Sept_26","UID":"PHID34642260_015387055"},"geometry":{"type":"Polygon","coordinates":[[[-2.76982,51.28136],[-2.7694,51.28153],[-2.76937,51.28151],[-2.76953,51.28142],[-2.76948,51.28138],[-2.76956,51.28135],[-2.7696,51.28138],[-2.76963,51.28136],[-2.76964,51.28141],[-2.76982,51.28136]]]}},{"type":"Feature","properties":{"MainHabs":"No main habitat but additional habitats present","HabCodes":"NMHAB","AddHabs":"DWOOD","AreaHa":0.56,"Version":"Sept_26","UID":"PHID34645161_015770233"},"geometry":{"type":"Polygon","coordinates":[[[-2.77319,51.31968],[-2.77158,51.31909],[-2.77058,51.31854],[-2.76761,51.31791],[-2.76636,51.31761],[-2.76638,51.31758],[-2.76787,51.31793],[-2.76868,51.31808],[-2.76891,51.31805],[-2.77027,51.31753],[-2.76991,51.31631],[-2.76938,51.31545],[-2.7695,51.31546],[-2.76982,51.31593],[-2.77008,51.31645],[-2.77041,51.3176],[-2.77044,51.3178],[-2.77063,51.31848],[-2.7707,51.31856],[-2.77158,51.31906],[-2.77319,51.31968]],[[-2.77027,51.31764],[-2.76894,51.31817],[-2.77052,51.31849],[-2.77027,51.31764]]]}},{"type":"Feature","properties":{"MainHabs":"No main habitat but additional habitats present","HabCodes":"NMHAB","AddHabs":"LCGRA","AreaHa":0.07,"Version":"Sept_26","UID":"PHID34653464_015436342"},"geometry":{"type":"Polygon","coordinates":[[[-2.76848,51.28583],[-2.76793,51.28598],[-2.76769,51.28609],[-2.7677,51.28614],[-2.7678,51.28619],[-2.7676,51.28611],[-2.76771,51.28599],[-2.76781,51.28594],[-2.76789,51.28583],[-2.76825,51.2858],[-2.76836,51.28576],[-2.76848,51.28583]]]}},{"type":"Feature","properties":{"MainHabs":"No main habitat but additional habitats present","HabCodes":"NMHAB","AddHabs":"LCGRA, LDAGR","AreaHa":0.01,"Version":"Sept_26","UID":"PHID34657699_015390492"},"geometry":{"type":"Polygon","coordinates":[[[-2.76782,51.2818],[-2.76758,51.28177],[-2.76712,51.28176],[-2.76699,51.28172],[-2.76759,51.28176],[-2.76782,51.2818]]]}},{"type":"Feature","properties":{"MainHabs":"No main habitat but additional habitats present","HabCodes":"NMHAB","AddHabs":"LCGRA, LMEAD","AreaHa":0.4,"Version":"Sept_26","UID":"PHID34661410_015461901"},"geometry":{"type":"Polygon","coordinates":[[[-2.76643,51.28804],[-2.76719,51.28787],[-2.76755,51.28825],[-2.76714,51.28849],[-2.76673,51.28849],[-2.76653,51.28836],[-2.76613,51.28834],[-2.76647,51.28814],[-2.76646,51.28807],[-2.76643,51.28804]]]}},{"type":"Feature","properties":{"MainHabs":"No main habitat but additional habitats present","HabCodes":"NMHAB","OtherClass":"Annex1(H6210)","AddHabs":"DWOOD, LCGRA, LMEAD","AreaHa":0.06,"Version":"Sept_26","UID":"PHID34661693_015396865"},"geometry":{"type":"Polygon","coordinates":[[[-2.7666,51.2824],[-2.76658,51.28222],[-2.76694,51.28222],[-2.76694,51.28243],[-2.76702,51.2825],[-2.76696,51.28253],[-2.76665,51.28239],[-2.7666,51.2824]]]}},{"type":"Feature","properties":{"MainHabs":"No main habitat but additional habitats present","HabCodes":"NMHAB","OtherClass":"Annex1(H8310)","AreaHa":0.05,"Version":"Sept_26","UID":"PHID34663833_015390212"},"geometry":{"type":"Polygon","coordinates":[[[-2.76674,51.2817],[-2.76673,51.28182],[-2.76664,51.28184],[-2.76667,51.28179],[-2.76673,51.28179],[-2.7667,51.28176],[-2.76635,51.28176],[-2.76642,51.28184],[-2.76631,51.2818],[-2.76615,51.28169],[-2.76643,51.28165],[-2.76674,51.2817]]]}},{"type":"Feature","properties":{"MainHabs":"No main habitat but additional habitats present","HabCodes":"NMHAB","OtherClass":"Annex1(H6210)","AddHabs":"LCGRA, LDAGR","AreaHa":0.11,"Version":"Sept_26","UID":"PHID34664708_015380450"},"geometry":{"type":"Polygon","coordinates":[[[-2.767,51.28087],[-2.76701,51.28096],[-2.76675,51.28095],[-2.76664,51.2809],[-2.76637,51.28087],[-2.76619,51.28088],[-2.76577,51.28096],[-2.76572,51.28096],[-2.7657,51.28083],[-2.76641,51.28077],[-2.767,51.28087]]]}},{"type":"Feature","properties":{"MainHabs":"No main habitat but additional habitats present","HabCodes":"NMHAB","AddHabs":"LCGRA, LDAGR","AreaHa":0.19,"Version":"Sept_26","UID":"PHID34671218_015383051"},"geometry":{"type":"Polygon","coordinates":[[[-2.76584,51.2811],[-2.76531,51.28111],[-2.76489,51.28131],[-2.7648,51.28132],[-2.76459,51.28124],[-2.76469,51.2812],[-2.76476,51.28112],[-2.76492,51.28112],[-2.76556,51.28098],[-2.76592,51.28097],[-2.7662,51.28089],[-2.76657,51.28091],[-2.76674,51.28097],[-2.76701,51.28099],[-2.76674,51.281],[-2.76664,51.28103],[-2.76658,51.281],[-2.7661,51.281],[-2.76584,51.2811]]]}},{"type":"Feature","properties":{"MainHabs":"No main habitat but additional habitats present","HabCodes":"NMHAB","AddHabs":"LCGRA, LDAGR","AreaHa":0.01,"Version":"Sept_26","UID":"PHID34671358_015394180"},"geometry":{"type":"Polygon","coordinates":[[[-2.7654,51.28203],[-2.76548,51.28201],[-2.76549,51.28207],[-2.76541,51.28218],[-2.76532,51.28212],[-2.7654,51.28203]]]}},{"type":"Feature","properties":{"MainHabs":"No main habitat but additional habitats present","HabCodes":"NMHAB","AddHabs":"LCGRA, LMEAD","AreaHa":0.14,"Version":"Sept_26","UID":"PHID34672602_015446469"},"geometry":{"type":"Polygon","coordinates":[[[-2.76492,51.28657],[-2.76525,51.28661],[-2.76565,51.28683],[-2.76569,51.287],[-2.76525,51.28698],[-2.76518,51.28689],[-2.76506,51.28683],[-2.76497,51.28671],[-2.76501,51.2866],[-2.76492,51.28657]]]}},{"type":"Feature","properties":{"MainHabs":"No main habitat but additional habitats present","HabCodes":"NMHAB","AddHabs":"LCGRA, LDAGR","AreaHa":0.12,"Version":"Sept_26","UID":"PHID34676095_015378572"},"geometry":{"type":"Polygon","coordinates":[[[-2.76505,51.28085],[-2.76493,51.2809],[-2.76462,51.28083],[-2.76424,51.28054],[-2.76412,51.28054],[-2.76442,51.28051],[-2.7648,51.28059],[-2.76501,51.28077],[-2.76505,51.28085]]]}},{"type":"Feature","properties":{"MainHabs":"No main habitat but additional habitats present","HabCodes":"NMHAB","AddHabs":"LCGRA","AreaHa":0.15,"Version":"Sept_26","UID":"PHID34680418_015428037"},"geometry":{"type":"Polygon","coordinates":[[[-2.76426,51.28485],[-2.76445,51.28495],[-2.76452,51.28514],[-2.76409,51.28538],[-2.76386,51.28546],[-2.76381,51.28541],[-2.76426,51.28485]]]}},{"type":"Feature","properties":{"MainHabs":"No main habitat but additional habitats present","HabCodes":"NMHAB","AddHabs":"LCGRA","AreaHa":0.05,"Version":"Sept_26","UID":"PHID34680490_015411868"},"geometry":{"type":"Polygon","coordinates":[[[-2.76397,51.28359],[-2.76404,51.28355],[-2.76429,51.28384],[-2.76428,51.28425],[-2.76415,51.28425],[-2.76423,51.2841],[-2.76419,51.28385],[-2.76397,51.28359]]]}},{"type":"Feature","properties":{"MainHabs":"No main habitat but additional habitats present","HabCodes":"NMHAB","OtherClass":"Annex1(H6210)","AddHabs":"DWOOD, LCGRA, LMEAD","AreaHa":0.06,"Version":"Sept_26","UID":"PHID34681700_015411588"},"geometry":{"type":"Polygon","coordinates":[[[-2.76397,51.28359],[-2.76419,51.28385],[-2.76423,51.2841],[-2.76416,51.28423],[-2.76411,51.28419],[-2.76412,51.28389],[-2.76408,51.28379],[-2.76368,51.28373],[-2.76397,51.28359]]]}},{"type":"Feature","properties":{"MainHabs":"No main habitat but additional habitats present","HabCodes":"NMHAB","AddHabs":"LCGRA, LDAGR","AreaHa":0.01,"Version":"Sept_26","UID":"PHID34682240_015377806"},"geometry":{"type":"Polygon","coordinates":[[[-2.76392,51.28058],[-2.76386,51.28071],[-2.76363,51.28071],[-2.76392,51.28058]]]}},{"type":"Feature","properties":{"MainHabs":"No main habitat but additional habitats present","HabCodes":"NMHAB","OtherClass":"Annex1(H6210)","AddHabs":"LCGRA","AreaHa":0.46,"Version":"Sept_26","UID":"PHID34684158_015421644"},"geometry":{"type":"Polygon","coordinates":[[[-2.76447,51.2846],[-2.76418,51.28471],[-2.76414,51.28451],[-2.76414,51.28454],[-2.76396,51.28441],[-2.76353,51.28508],[-2.76327,51.28519],[-2.76276,51.28531],[-2.76304,51.285],[-2.763,51.28497],[-2.76318,51.28488],[-2.76336,51.28447],[-2.76354,51.28416],[-2.7639,51.28438],[-2.76402,51.28437],[-2.76423,51.28444],[-2.76447,51.2846]]]}},{"type":"Feature","properties":{"MainHabs":"No main habitat but additional habitats present","HabCodes":"NMHAB","AddHabs":"LCGRA, LDAGR","AreaHa":0.26,"Version":"Sept_26","UID":"PHID34684864_015387262"},"geometry":{"type":"Polygon","coordinates":[[[-2.76434,51.28111],[-2.76492,51.28104],[-2.76546,51.28085],[-2.7657,51.28083],[-2.76572,51.28096],[-2.76555,51.28097],[-2.76492,51.2811],[-2.76475,51.2811],[-2.76462,51.28121],[-2.76438,51.2812],[-2.76413,51.28127],[-2.76373,51.28144],[-2.76329,51.28156],[-2.7631,51.28165],[-2.76307,51.2817],[-2.76271,51.28182],[-2.76193,51.28215],[-2.76167,51.28216],[-2.76155,51.28209],[-2.76224,51.28193],[-2.76301,51.28163],[-2.76391,51.28134],[-2.76434,51.28111]]]}},{"type":"Feature","properties":{"MainHabs":"No main habitat but additional habitats present","HabCodes":"NMHAB","AddHabs":"LCGRA, LDAGR","AreaHa":0.06,"Version":"Sept_26","UID":"PHID34686589_015380969"},"geometry":{"type":"Polygon","coordinates":[[[-2.76331,51.28067],[-2.76327,51.28096],[-2.76327,51.28119],[-2.76317,51.28113],[-2.76312,51.28104],[-2.76309,51.28079],[-2.76317,51.28072],[-2.76331,51.28067]]]}},{"type":"Feature","properties":{"MainHabs":"No main habitat but additional habitats present","HabCodes":"NMHAB","OtherClass":"Annex1(H6210)","AddHabs":"LCGRA","AreaHa":0.06,"Version":"Sept_26","UID":"PHID34686833_015433999"},"geometry":{"type":"Polygon","coordinates":[[[-2.76356,51.28546],[-2.76359,51.2855],[-2.76333,51.28555],[-2.76325,51.28571],[-2.76325,51.28587],[-2.7631,51.28594],[-2.76304,51.28606],[-2.76293,51.28611],[-2.76291,51.28603],[-2.76322,51.28567],[-2.76322,51.28556],[-2.76356,51.28546]]]}},{"type":"Feature","properties":{"MainHabs":"No main habitat but additional habitats present","HabCodes":"NMHAB","OtherClass":"Annex1(H6210)","AddHabs":"DWOOD, LCGRA, LMEAD","AreaHa":0.66,"Version":"Sept_26","UID":"PHID34687947_015409469"},"geometry":{"type":"Polygon","coordinates":[[[-2.7659,51.28221],[-2.76594,51.28221],[-2.76608,51.28247],[-2.76659,51.28241],[-2.76618,51.28253],[-2.76615,51.28264],[-2.76603,51.28243],[-2.76589,51.28241],[-2.7657,51.28243],[-2.76555,51.28254],[-2.76562,51.2828],[-2.76558,51.28291],[-2.76549,51.283],[-2.76531,51.28306],[-2.76515,51.28309],[-2.76502,51.28307],[-2.76493,51.28302],[-2.7649,51.28291],[-2.76478,51.28303],[-2.7643,51.283],[-2.76333,51.28333],[-2.76324,51.28348],[-2.76307,51.28362],[-2.76316,51.28413],[-2.76304,51.2842],[-2.76285,51.28448],[-2.76242,51.28464],[-2.76191,51.28477],[-2.76179,51.28473],[-2.76171,51.28466],[-2.76208,51.28462],[-2.76249,51.28452],[-2.76275,51.28436],[-2.76293,51.28403],[-2.76297,51.28389],[-2.76286,51.28373],[-2.76286,51.28359],[-2.76295,51.28342],[-2.76317,51.28323],[-2.7635,51.28309],[-2.76432,51.28288],[-2.76454,51.28284],[-2.76458,51.28292],[-2.76483,51.28289],[-2.76485,51.28287],[-2.76486,51.28276],[-2.76494,51.28279],[-2.76496,51.28288],[-2.765,51.2829],[-2.76537,51.28292],[-2.76557,51.2827],[-2.76552,51.28251],[-2.76565,51.28243],[-2.76562,51.28234],[-2.76564,51.28228],[-2.76559,51.28227],[-2.7656,51.28224],[-2.7659,51.28221]]]}},{"type":"Feature","properties":{"MainHabs":"No main habitat but additional habitats present","HabCodes":"NMHAB","AddHabs":"LCGRA, LDAGR","AreaHa":0.02,"Version":"Sept_26","UID":"PHID34689433_015390947"},"geometry":{"type":"Polygon","coordinates":[[[-2.76306,51.28173],[-2.76303,51.28178],[-2.76295,51.28182],[-2.76248,51.28194],[-2.76306,51.28173]]]}},{"type":"Feature","properties":{"MainHabs":"No main habitat but additional habitats present","HabCodes":"NMHAB","AddHabs":"LCGRA, LMEAD","AreaHa":0.27,"Version":"Sept_26","UID":"PHID34694369_015485296"},"geometry":{"type":"Polygon","coordinates":[[[-2.76379,51.28966],[-2.76386,51.28978],[-2.76357,51.28973],[-2.76327,51.28993],[-2.76309,51.29009],[-2.76238,51.29031],[-2.76203,51.29059],[-2.7619,51.2909],[-2.76176,51.29109],[-2.76162,51.29104],[-2.76178,51.29075],[-2.76181,51.29061],[-2.76191,51.29049],[-2.76218,51.29029],[-2.7626,51.29016],[-2.76302,51.28998],[-2.76356,51.28959],[-2.76373,51.28955],[-2.76379,51.28966]]]}},{"type":"Feature","properties":{"MainHabs":"No main habitat but additional habitats present","HabCodes":"NMHAB","OtherClass":"Annex1(H6210)","AddHabs":"LCGRA","AreaHa":0.04,"Version":"Sept_26","UID":"PHID34695537_015439660"},"geometry":{"type":"Polygon","coordinates":[[[-2.76152,51.28622],[-2.76156,51.28622],[-2.76168,51.28631],[-2.7618,51.28625],[-2.76209,51.28618],[-2.76231,51.28604],[-2.76251,51.28607],[-2.76251,51.28609],[-2.76239,51.28605],[-2.76221,51.28611],[-2.7618,51.2864],[-2.76157,51.28629],[-2.76152,51.28622]]]}},{"type":"Feature","properties":{"MainHabs":"No main habitat but additional habitats present","HabCodes":"NMHAB","AddHabs":"LCGRA, LMEAD","AreaHa":0.38,"Version":"Sept_26","UID":"PHID34700131_015488948"},"geometry":{"type":"Polygon","coordinates":[[[-2.76163,51.29035],[-2.76173,51.29037],[-2.76209,51.29031],[-2.76177,51.2906],[-2.76175,51.29074],[-2.76159,51.29103],[-2.76102,51.29077],[-2.761,51.29067],[-2.76075,51.29046],[-2.76086,51.2904],[-2.76124,51.29034],[-2.76163,51.29035]]]}},{"type":"Feature","properties":{"MainHabs":"No main habitat but additional habitats present","HabCodes":"NMHAB","AddHabs":"LCGRA, LMEAD","AreaHa":0.37,"Version":"Sept_26","UID":"PHID34700491_015475151"},"geometry":{"type":"Polygon","coordinates":[[[-2.76071,51.28929],[-2.76097,51.2892],[-2.76104,51.28915],[-2.761,51.2891],[-2.76108,51.28905],[-2.76115,51.28909],[-2.76123,51.28923],[-2.76128,51.28926],[-2.76154,51.28927],[-2.76166,51.28932],[-2.762,51.28987],[-2.76191,51.28992],[-2.76178,51.28993],[-2.76168,51.28973],[-2.7616,51.28967],[-2.7612,51.28947],[-2.76112,51.28948],[-2.761,51.28952],[-2.76098,51.28957],[-2.76101,51.28988],[-2.76107,51.29009],[-2.76102,51.29008],[-2.76087,51.28993],[-2.76079,51.28942],[-2.76071,51.28929]]]}},{"type":"Feature","properties":{"MainHabs":"No main habitat but additional habitats present","HabCodes":"NMHAB","OtherClass":"Annex1(H8310)","AddHabs":"LCGRA, LDAGR","AreaHa":0.35,"Version":"Sept_26","UID":"PHID34707054_015413760"},"geometry":{"type":"Polygon","coordinates":[[[-2.75947,51.28422],[-2.75951,51.28408],[-2.75971,51.28399],[-2.75993,51.2838],[-2.76,51.28385],[-2.76009,51.28384],[-2.76017,51.28375],[-2.76042,51.28363],[-2.76059,51.2836],[-2.76069,51.28352],[-2.76083,51.28359],[-2.76087,51.2837],[-2.76083,51.28379],[-2.76069,51.28382],[-2.76084,51.28392],[-2.7609,51.2841],[-2.76052,51.28403],[-2.76043,51.28399],[-2.7602,51.28398],[-2.76014,51.28405],[-2.7601,51.28403],[-2.75989,51.28409],[-2.75993,51.28412],[-2.75988,51.2842],[-2.75994,51.28425],[-2.75988,51.28428],[-2.75955,51.28426],[-2.75947,51.28422]]]}},{"type":"Feature","properties":{"MainHabs":"No main habitat but additional habitats present","HabCodes":"NMHAB","OtherClass":"Annex1(H8310)","AddHabs":"LCGRA, LDAGR","AreaHa":3.8,"Version":"Sept_26","UID":"PHID34708762_015421668"},"geometry":{"type":"Polygon","coordinates":[[[-2.75497,51.28541],[-2.75464,51.28554],[-2.75428,51.28562],[-2.75369,51.28562],[-2.7533,51.28554],[-2.75292,51.28552],[-2.7526,51.28561],[-2.75248,51.28561],[-2.75224,51.28583],[-2.75209,51.28588],[-2.75245,51.2856],[-2.75314,51.28547],[-2.75354,51.28555],[-2.75436,51.28561],[-2.75472,51.28543],[-2.75472,51.28537],[-2.75564,51.28492],[-2.75588,51.28495],[-2.75619,51.28486],[-2.75604,51.28497],[-2.75625,51.28505],[-2.75672,51.28505],[-2.75668,51.28503],[-2.75668,51.28495],[-2.75675,51.28491],[-2.75683,51.28492],[-2.75698,51.28504],[-2.75765,51.285],[-2.75788,51.28501],[-2.75809,51.28526],[-2.75827,51.28528],[-2.75826,51.28499],[-2.75841,51.28484],[-2.75864,51.28488],[-2.75879,51.28482],[-2.75904,51.28449],[-2.75912,51.28445],[-2.75924,51.28445],[-2.7594,51.28451],[-2.75943,51.28455],[-2.75976,51.28452],[-2.75986,51.28455],[-2.75999,51.28452],[-2.75998,51.28442],[-2.76002,51.28439],[-2.75994,51.28434],[-2.76028,51.28433],[-2.76041,51.2843],[-2.76078,51.28433],[-2.76087,51.28437],[-2.76157,51.28424],[-2.7617,51.28413],[-2.76182,51.28392],[-2.76178,51.28367],[-2.76213,51.28382],[-2.76218,51.28399],[-2.76219,51.28408],[-2.7621,51.28418],[-2.76187,51.28426],[-2.7619,51.28436],[-2.762,51.28438],[-2.76211,51.28428],[-2.76232,51.28423],[-2.76241,51.28414],[-2.76237,51.28399],[-2.76252,51.28381],[-2.76251,51.28374],[-2.76238,51.28371],[-2.76245,51.28359],[-2.76243,51.28352],[-2.76252,51.28342],[-2.76261,51.28347],[-2.76273,51.28343],[-2.76314,51.28313],[-2.76354,51.28296],[-2.76351,51.28288],[-2.76358,51.2828],[-2.76379,51.28279],[-2.76392,51.28285],[-2.76333,51.28305],[-2.76312,51.28317],[-2.76282,51.28345],[-2.76265,51.2835],[-2.76258,51.28367],[-2.76259,51.28378],[-2.76277,51.28388],[-2.76283,51.28401],[-2.76251,51.28413],[-2.76231,51.28446],[-2.7622,51.28449],[-2.76163,51.2845],[-2.76143,51.28453],[-2.76097,51.28472],[-2.76089,51.28484],[-2.76082,51.28489],[-2.76039,51.28503],[-2.76024,51.28504],[-2.76017,51.28499],[-2.75998,51.28497],[-2.75973,51.28488],[-2.75954,51.28489],[-2.75942,51.28496],[-2.75935,51.28509],[-2.75895,51.28519],[-2.75879,51.28562],[-2.75865,51.28583],[-2.75857,51.28587],[-2.75842,51.28587],[-2.75829,51.28582],[-2.75818,51.28575],[-2.75808,51.28556],[-2.75797,51.28548],[-2.75773,51.28539],[-2.75759,51.28539],[-2.7574,51.28545],[-2.75724,51.28556],[-2.75714,51.28595],[-2.75704,51.28607],[-2.75625,51.28639],[-2.75596,51.28645],[-2.75599,51.28634],[-2.75629,51.28614],[-2.75633,51.28602],[-2.75629,51.28588],[-2.75621,51.28586],[-2.7562,51.28577],[-2.75624,51.28576],[-2.7563,51.28569],[-2.75618,51.28557],[-2.75607,51.28556],[-2.75599,51.2855],[-2.75588,51.28535],[-2.75581,51.28536],[-2.75572,51.28545],[-2.75572,51.28551],[-2.7555,51.28567],[-2.75538,51.28559],[-2.75532,51.28559],[-2.7553,51.28563],[-2.75521,51.2856],[-2.75515,51.28555],[-2.75502,51.28554],[-2.75508,51.2855],[-2.75497,51.28541]]]}},{"type":"Feature","properties":{"MainHabs":"No main habitat but additional habitats present","HabCodes":"NMHAB","OtherClass":"Annex1(H6210)","AddHabs":"LCGRA, LDAGR","AreaHa":1.69,"Version":"Sept_26","UID":"PHID34713650_015414270"},"geometry":{"type":"Polygon","coordinates":[[[-2.7617,51.28218],[-2.76181,51.28221],[-2.76172,51.28229],[-2.76172,51.28234],[-2.76183,51.28232],[-2.76186,51.28241],[-2.76139,51.28248],[-2.7613,51.28264],[-2.76114,51.28269],[-2.76109,51.28275],[-2.76105,51.28281],[-2.76111,51.28288],[-2.76065,51.28296],[-2.76036,51.28318],[-2.76027,51.28327],[-2.76012,51.28355],[-2.75995,51.28378],[-2.75971,51.28399],[-2.75951,51.28408],[-2.75947,51.28422],[-2.75931,51.28418],[-2.75917,51.28423],[-2.75872,51.28413],[-2.75877,51.28431],[-2.75864,51.28439],[-2.75858,51.28449],[-2.75765,51.28452],[-2.75743,51.2846],[-2.757,51.28467],[-2.75657,51.28442],[-2.75952,51.28367],[-2.75976,51.28352],[-2.76038,51.28268],[-2.76064,51.28249],[-2.76119,51.28229],[-2.76155,51.28209],[-2.76167,51.28216],[-2.76188,51.28216],[-2.76216,51.28205],[-2.76194,51.28216],[-2.7617,51.28218]]]}},{"type":"Feature","properties":{"MainHabs":"No main habitat but additional habitats present","HabCodes":"NMHAB","OtherClass":"Annex1(H6210)","AddHabs":"LCGRA","AreaHa":0.05,"Version":"Sept_26","UID":"PHID34716988_015434015"},"geometry":{"type":"Polygon","coordinates":[[[-2.75881,51.28605],[-2.75876,51.28607],[-2.75848,51.28605],[-2.75825,51.28591],[-2.7585,51.28603],[-2.75861,51.28603],[-2.75872,51.28598],[-2.75878,51.28589],[-2.75889,51.28582],[-2.7589,51.28577],[-2.75886,51.28573],[-2.75897,51.28539],[-2.75899,51.28583],[-2.75881,51.28605]]]}},{"type":"Feature","properties":{"MainHabs":"No main habitat but additional habitats present","HabCodes":"NMHAB","AddHabs":"LCGRA, LDAGR","AreaHa":0.05,"Version":"Sept_26","UID":"PHID34723388_015375870"},"geometry":{"type":"Polygon","coordinates":[[[-2.75781,51.28043],[-2.75831,51.28057],[-2.75765,51.28058],[-2.75781,51.28043]]]}},{"type":"Feature","properties":{"MainHabs":"No main habitat but additional habitats present","HabCodes":"NMHAB","OtherClass":"Annex1(H6210)","AddHabs":"LCGRA","AreaHa":0.06,"Version":"Sept_26","UID":"PHID34723927_015445487"},"geometry":{"type":"Polygon","coordinates":[[[-2.75735,51.28686],[-2.75785,51.28668],[-2.75821,51.28673],[-2.75835,51.28679],[-2.75735,51.28686]]]}},{"type":"Feature","properties":{"MainHabs":"No main habitat but additional habitats present","HabCodes":"NMHAB","OtherClass":"Annex1(H6210)","AddHabs":"LCGRA","AreaHa":0.08,"Version":"Sept_26","UID":"PHID34731442_015439739"},"geometry":{"type":"Polygon","coordinates":[[[-2.75633,51.28643],[-2.75707,51.28613],[-2.75722,51.28613],[-2.75732,51.28609],[-2.75736,51.28598],[-2.75729,51.2858],[-2.75735,51.28559],[-2.75739,51.28581],[-2.75737,51.28607],[-2.75665,51.28641],[-2.75638,51.28648],[-2.75633,51.28643]]]}},{"type":"Feature","properties":{"MainHabs":"No main habitat but additional habitats present","HabCodes":"NMHAB","AddHabs":"LCGRA","AreaHa":0.03,"Version":"Sept_26","UID":"PHID34731891_015449421"},"geometry":{"type":"Polygon","coordinates":[[[-2.75665,51.28736],[-2.75673,51.2871],[-2.75693,51.28701],[-2.75698,51.28705],[-2.75665,51.28736]]]}},{"type":"Feature","properties":{"MainHabs":"No main habitat but additional habitats present","HabCodes":"NMHAB","AddHabs":"LCGRA","AreaHa":0.01,"Version":"Sept_26","UID":"PHID34735799_015442746"},"geometry":{"type":"Polygon","coordinates":[[[-2.75611,51.28668],[-2.75613,51.28658],[-2.75633,51.28643],[-2.75638,51.28648],[-2.75611,51.28668]]]}},{"type":"Feature","properties":{"MainHabs":"No main habitat but additional habitats present","HabCodes":"NMHAB","OtherClass":"Annex1(H6210)","AddHabs":"LCGRA","AreaHa":0.04,"Version":"Sept_26","UID":"PHID34738003_015446252"},"geometry":{"type":"Polygon","coordinates":[[[-2.75576,51.28703],[-2.75572,51.28693],[-2.75613,51.28658],[-2.75611,51.28668],[-2.75603,51.28677],[-2.75603,51.28689],[-2.75576,51.28703]]]}},{"type":"Feature","properties":{"MainHabs":"No main habitat but additional habitats present","HabCodes":"NMHAB","AddHabs":"LHEAT, LMEAD","AreaHa":0.04,"Version":"Sept_26","UID":"PHID34739294_015847182"},"geometry":{"type":"Polygon","coordinates":[[[-2.7564,51.32278],[-2.75644,51.32279],[-2.75644,51.32302],[-2.75624,51.32305],[-2.75624,51.32292],[-2.75629,51.32276],[-2.7564,51.32278]]]}},{"type":"Feature","properties":{"MainHabs":"No main habitat but additional habitats present","HabCodes":"NMHAB","AddHabs":"LCGRA, LHEAT","AreaHa":0.74,"Version":"Sept_26","UID":"PHID34739812_015467118"},"geometry":{"type":"Polygon","coordinates":[[[-2.75706,51.28848],[-2.75712,51.28855],[-2.75601,51.28882],[-2.75438,51.28915],[-2.75417,51.28919],[-2.75406,51.28917],[-2.75428,51.28912],[-2.75423,51.28907],[-2.75424,51.28892],[-2.75437,51.28886],[-2.75469,51.28889],[-2.75492,51.28886],[-2.75497,51.28875],[-2.75515,51.28866],[-2.75517,51.28859],[-2.75542,51.2885],[-2.75553,51.28844],[-2.7556,51.28836],[-2.7557,51.28833],[-2.75574,51.2885],[-2.75581,51.28856],[-2.75596,51.28852],[-2.75608,51.28841],[-2.75652,51.2884],[-2.75661,51.28834],[-2.7569,51.28827],[-2.75701,51.28827],[-2.75708,51.28831],[-2.75703,51.28845],[-2.75706,51.28848]]]}},{"type":"Feature","properties":{"MainHabs":"No main habitat but additional habitats present","HabCodes":"NMHAB","AddHabs":"LCGRA","AreaHa":0.1,"Version":"Sept_26","UID":"PHID34742649_015460207"},"geometry":{"type":"Polygon","coordinates":[[[-2.7554,51.28816],[-2.75527,51.28819],[-2.75513,51.28827],[-2.75485,51.28816],[-2.75509,51.28805],[-2.75561,51.28795],[-2.75566,51.28796],[-2.75567,51.28801],[-2.75558,51.28814],[-2.7554,51.28816]]]}},{"type":"Feature","properties":{"MainHabs":"No main habitat but additional habitats present","HabCodes":"NMHAB","OtherClass":"Annex1(H6210)","AddHabs":"LCGRA","AreaHa":0.05,"Version":"Sept_26","UID":"PHID34743457_015450950"},"geometry":{"type":"Polygon","coordinates":[[[-2.75539,51.28714],[-2.75551,51.28716],[-2.75499,51.28741],[-2.75456,51.28742],[-2.75519,51.28723],[-2.75539,51.28714]]]}},{"type":"Feature","properties":{"MainHabs":"No main habitat but additional habitats present","HabCodes":"NMHAB","AddHabs":"DWOOD","AreaHa":0.29,"Version":"Sept_26","UID":"PHID34744424_015868020"},"geometry":{"type":"Polygon","coordinates":[[[-2.75568,51.32503],[-2.7556,51.32514],[-2.75522,51.32521],[-2.75538,51.32475],[-2.75568,51.32444],[-2.75598,51.32448],[-2.75597,51.32451],[-2.75606,51.32474],[-2.75585,51.32501],[-2.75579,51.32505],[-2.75568,51.32503]]]}},{"type":"Feature","properties":{"MainHabs":"No main habitat but additional habitats present","HabCodes":"NMHAB","OtherClass":"Annex1(H8310)","AreaHa":0.05,"Version":"Sept_26","UID":"PHID34745023_015448077"},"geometry":{"type":"Polygon","coordinates":[[[-2.75456,51.28722],[-2.75453,51.2872],[-2.75465,51.28709],[-2.75482,51.28701],[-2.75519,51.28692],[-2.75539,51.28682],[-2.75545,51.28687],[-2.75456,51.28722]]]}},{"type":"Feature","properties":{"MainHabs":"No main habitat but additional habitats present","HabCodes":"NMHAB","AddHabs":"DWOOD","AreaHa":0.33,"Version":"Sept_26","UID":"PHID34751391_015893458"},"geometry":{"type":"Polygon","coordinates":[[[-2.75457,51.32668],[-2.7547,51.32664],[-2.75469,51.3266],[-2.75479,51.32659],[-2.75482,51.32668],[-2.75501,51.32688],[-2.75502,51.32709],[-2.75448,51.32745],[-2.7542,51.32754],[-2.75409,51.32755],[-2.75399,51.32752],[-2.75395,51.32739],[-2.75397,51.32734],[-2.75407,51.32723],[-2.75439,51.32703],[-2.75454,51.32686],[-2.75452,51.32679],[-2.75457,51.32668]],[[-2.75493,51.32682],[-2.75492,51.32678],[-2.75454,51.32681],[-2.75457,51.32695],[-2.75495,51.32692],[-2.75493,51.32682]],[[-2.75463,51.32732],[-2.75463,51.32728],[-2.75429,51.32731],[-2.75429,51.32734],[-2.75447,51.32737],[-2.75453,51.32737],[-2.75453,51.32733],[-2.75463,51.32732]]]}},{"type":"Feature","properties":{"MainHabs":"No main habitat but additional habitats present","HabCodes":"NMHAB","AddHabs":"LCGRA","AreaHa":0.03,"Version":"Sept_26","UID":"PHID34756417_015463089"},"geometry":{"type":"Polygon","coordinates":[[[-2.75337,51.28829],[-2.75344,51.28827],[-2.75335,51.28843],[-2.7537,51.28839],[-2.75351,51.28849],[-2.75325,51.28845],[-2.75325,51.28838],[-2.75337,51.28829]]]}},{"type":"Feature","properties":{"MainHabs":"No main habitat but additional habitats present","HabCodes":"NMHAB","AddHabs":"DWOOD","AreaHa":0.29,"Version":"Sept_26","UID":"PHID34759108_015899137"},"geometry":{"type":"Polygon","coordinates":[[[-2.75381,51.32736],[-2.7538,51.32739],[-2.75395,51.3276],[-2.75395,51.32765],[-2.75377,51.32798],[-2.75346,51.32797],[-2.75331,51.328],[-2.75328,51.32795],[-2.75335,51.32786],[-2.75319,51.32783],[-2.7532,51.32776],[-2.75344,51.32743],[-2.75353,51.32721],[-2.75369,51.32721],[-2.7537,51.32731],[-2.75378,51.32731],[-2.75381,51.32736]]]}},{"type":"Feature","properties":{"MainHabs":"No main habitat but additional habitats present","HabCodes":"NMHAB","OtherClass":"Annex1(H6210)","AddHabs":"LCGRA","AreaHa":0.02,"Version":"Sept_26","UID":"PHID34759137_015454069"},"geometry":{"type":"Polygon","coordinates":[[[-2.75262,51.2877],[-2.75289,51.28754],[-2.75313,51.28745],[-2.75306,51.28755],[-2.75262,51.2877]]]}},{"type":"Feature","properties":{"MainHabs":"No main habitat but additional habitats present","HabCodes":"NMHAB","AddHabs":"LCGRA","AreaHa":0.02,"Version":"Sept_26","UID":"PHID34766314_015436188"},"geometry":{"type":"Polygon","coordinates":[[[-2.75209,51.28588],[-2.75176,51.28606],[-2.75175,51.28594],[-2.75197,51.28593],[-2.75209,51.28588]]]}},{"type":"Feature","properties":{"MainHabs":"No main habitat but additional habitats present","HabCodes":"NMHAB","AddHabs":"LCGRA","AreaHa":0.08,"Version":"Sept_26","UID":"PHID34767706_015465661"},"geometry":{"type":"Polygon","coordinates":[[[-2.75121,51.28858],[-2.75205,51.28858],[-2.75223,51.28847],[-2.75195,51.28871],[-2.75171,51.28878],[-2.75121,51.28858]]]}},{"type":"Feature","properties":{"MainHabs":"No main habitat but additional habitats present","HabCodes":"NMHAB","AddHabs":"LCGRA","AreaHa":0.12,"Version":"Sept_26","UID":"PHID34768321_015429126"},"geometry":{"type":"Polygon","coordinates":[[[-2.75102,51.28514],[-2.75118,51.28509],[-2.75176,51.28528],[-2.75212,51.28559],[-2.75191,51.2855],[-2.75137,51.28539],[-2.75121,51.28529],[-2.7512,51.28519],[-2.75102,51.28514]]]}},{"type":"Feature","properties":{"MainHabs":"No main habitat but additional habitats present","HabCodes":"NMHAB","AddHabs":"LCGRA","AreaHa":0.03,"Version":"Sept_26","UID":"PHID34770834_015369824"},"geometry":{"type":"Polygon","coordinates":[[[-2.75147,51.28024],[-2.7514,51.28025],[-2.75124,51.28023],[-2.75109,51.28006],[-2.75068,51.27985],[-2.75062,51.27977],[-2.75077,51.27988],[-2.75104,51.28],[-2.75123,51.28],[-2.75122,51.28014],[-2.75147,51.28024]]]}},{"type":"Feature","properties":{"MainHabs":"No main habitat but additional habitats present","HabCodes":"NMHAB","AddHabs":"LCGRA","AreaHa":0.12,"Version":"Sept_26","UID":"PHID34771245_015355508"},"geometry":{"type":"Polygon","coordinates":[[[-2.75123,51.27881],[-2.75111,51.27885],[-2.75096,51.27894],[-2.75083,51.27881],[-2.75123,51.27881]]]}},{"type":"Feature","properties":{"MainHabs":"No main habitat but additional habitats present","HabCodes":"NMHAB","OtherClass":"Annex1(H6210)","AddHabs":"LCGRA","AreaHa":0.76,"Version":"Sept_26","UID":"PHID34771999_015423971"},"geometry":{"type":"Polygon","coordinates":[[[-2.75024,51.28436],[-2.75067,51.28448],[-2.75111,51.28466],[-2.7515,51.28491],[-2.75212,51.28511],[-2.75245,51.28526],[-2.75215,51.28562],[-2.75176,51.28528],[-2.75118,51.28509],[-2.75102,51.28514],[-2.75072,51.28508],[-2.75079,51.28474],[-2.7505,51.28462],[-2.7502,51.2847],[-2.75016,51.28479],[-2.74998,51.28483],[-2.74984,51.28471],[-2.74965,51.28464],[-2.7496,51.28448],[-2.74981,51.2844],[-2.74993,51.2843],[-2.74988,51.28419],[-2.75024,51.28436]]]}},{"type":"Feature","properties":{"MainHabs":"No main habitat but additional habitats present","HabCodes":"NMHAB","AddHabs":"LCGRA, LDAGR, LMEAD","AreaHa":0.05,"Version":"Sept_26","UID":"PHID34774658_015857454"},"geometry":{"type":"Polygon","coordinates":[[[-2.7521,51.32367],[-2.75182,51.32368],[-2.75152,51.32375],[-2.75134,51.32382],[-2.75136,51.32406],[-2.75123,51.32397],[-2.75121,51.32388],[-2.75123,51.32381],[-2.75128,51.32376],[-2.75158,51.32368],[-2.75189,51.32365],[-2.7521,51.32367]]]}},{"type":"Feature","properties":{"MainHabs":"No main habitat but additional habitats present","HabCodes":"NMHAB","AddHabs":"LCGRA, LDAGR, LMEAD","AreaHa":0.2,"Version":"Sept_26","UID":"PHID34777165_015878904"},"geometry":{"type":"Polygon","coordinates":[[[-2.75093,51.32523],[-2.75106,51.32541],[-2.75113,51.32545],[-2.75095,51.32611],[-2.7508,51.32632],[-2.75037,51.32639],[-2.75002,51.32634],[-2.74959,51.32618],[-2.74962,51.32616],[-2.74993,51.32629],[-2.75027,51.32634],[-2.75042,51.32625],[-2.75065,51.32628],[-2.7508,51.32607],[-2.75095,51.32543],[-2.75081,51.32527],[-2.75061,51.32524],[-2.75065,51.32519],[-2.75093,51.32523]]]}},{"type":"Feature","properties":{"MainHabs":"No main habitat but additional habitats present","HabCodes":"NMHAB","AddHabs":"LCGRA","AreaHa":0.03,"Version":"Sept_26","UID":"PHID34782814_015471792"},"geometry":{"type":"Polygon","coordinates":[[[-2.7498,51.28908],[-2.74944,51.28929],[-2.74923,51.28931],[-2.74931,51.28923],[-2.74959,51.28917],[-2.74963,51.28907],[-2.7498,51.28908]]]}},{"type":"Feature","properties":{"MainHabs":"No main habitat but additional habitats present","HabCodes":"NMHAB","OtherClass":"Annex1(H8310)","AreaHa":0.1,"Version":"Sept_26","UID":"PHID34783767_015457040"},"geometry":{"type":"Polygon","coordinates":[[[-2.75157,51.28786],[-2.75103,51.28787],[-2.75057,51.28794],[-2.74947,51.28788],[-2.74902,51.28794],[-2.7488,51.2879],[-2.74863,51.28782],[-2.7487,51.28781],[-2.74886,51.28789],[-2.74902,51.28791],[-2.74939,51.28778],[-2.74964,51.28787],[-2.7498,51.28785],[-2.75007,51.2879],[-2.75048,51.28783],[-2.75062,51.28789],[-2.75106,51.28785],[-2.75157,51.28786]]]}},{"type":"Feature","properties":{"MainHabs":"No main habitat but additional habitats present","HabCodes":"NMHAB","AddHabs":"LCGRA, LDAGR","AreaHa":2.76,"Version":"Sept_26","UID":"PHID34783975_015423818"},"geometry":{"type":"Polygon","coordinates":[[[-2.74982,51.28415],[-2.74987,51.28415],[-2.74993,51.2843],[-2.74981,51.2844],[-2.7496,51.28448],[-2.74965,51.28464],[-2.74984,51.28471],[-2.74998,51.28483],[-2.75016,51.28479],[-2.7502,51.2847],[-2.7505,51.28462],[-2.75079,51.28474],[-2.75072,51.28508],[-2.75102,51.28514],[-2.75104,51.28544],[-2.75108,51.28556],[-2.75092,51.2856],[-2.75083,51.28557],[-2.75057,51.28539],[-2.75043,51.28538],[-2.75027,51.28549],[-2.75021,51.28565],[-2.75036,51.28593],[-2.74884,51.2859],[-2.74869,51.28591],[-2.74812,51.28612],[-2.74756,51.28588],[-2.74776,51.28563],[-2.74797,51.28578],[-2.7481,51.2858],[-2.74841,51.28577],[-2.74854,51.28572],[-2.74867,51.2856],[-2.74873,51.2855],[-2.74879,51.28508],[-2.74879,51.28422],[-2.74834,51.28422],[-2.74836,51.28409],[-2.74832,51.28387],[-2.74863,51.28384],[-2.74875,51.28388],[-2.749,51.28383],[-2.74942,51.28386],[-2.74982,51.28415]]]}},{"type":"Feature","properties":{"MainHabs":"No main habitat but additional habitats present","HabCodes":"NMHAB","OtherClass":"Annex1(H6210)","AddHabs":"LCGRA, LDAGR","AreaHa":0.4,"Version":"Sept_26","UID":"PHID34787535_015409925"},"geometry":{"type":"Polygon","coordinates":[[[-2.74813,51.28334],[-2.74814,51.28327],[-2.74824,51.28314],[-2.74819,51.28297],[-2.74942,51.28386],[-2.749,51.28383],[-2.74875,51.28388],[-2.74863,51.28384],[-2.74832,51.28387],[-2.74813,51.28334]]]}},{"type":"Feature","properties":{"MainHabs":"No main habitat but additional habitats present","HabCodes":"NMHAB","AddHabs":"LCGRA, LDAGR, LMEAD","AreaHa":0.04,"Version":"Sept_26","UID":"PHID34787590_015879929"},"geometry":{"type":"Polygon","coordinates":[[[-2.7495,51.32558],[-2.74958,51.32561],[-2.7495,51.32576],[-2.74948,51.32611],[-2.74933,51.32597],[-2.7495,51.32558]]]}},{"type":"Feature","properties":{"MainHabs":"No main habitat but additional habitats present","HabCodes":"NMHAB","AddHabs":"LCGRA","AreaHa":0.3,"Version":"Sept_26","UID":"PHID34790894_015464321"},"geometry":{"type":"Polygon","coordinates":[[[-2.74813,51.28829],[-2.74886,51.28849],[-2.74888,51.28861],[-2.75051,51.28867],[-2.75029,51.28874],[-2.75012,51.28874],[-2.74976,51.28864],[-2.74942,51.28881],[-2.74934,51.28877],[-2.74934,51.2887],[-2.74854,51.28856],[-2.74831,51.28867],[-2.74801,51.28868],[-2.74792,51.28866],[-2.74788,51.28853],[-2.74783,51.28854],[-2.74788,51.28837],[-2.74787,51.28829],[-2.74781,51.28823],[-2.74813,51.28829]]]}},{"type":"Feature","properties":{"MainHabs":"No main habitat but additional habitats present","HabCodes":"NMHAB","AddHabs":"LCGRA, LDAGR, LMEAD","AreaHa":0.08,"Version":"Sept_26","UID":"PHID34791237_015849762"},"geometry":{"type":"Polygon","coordinates":[[[-2.74891,51.32301],[-2.74891,51.3232],[-2.74917,51.32328],[-2.74875,51.32341],[-2.74861,51.32321],[-2.74869,51.32308],[-2.74891,51.32301]]]}},{"type":"Feature","properties":{"MainHabs":"No main habitat but additional habitats present","HabCodes":"NMHAB","AddHabs":"LCGRA","AreaHa":0.13,"Version":"Sept_26","UID":"PHID34800858_015466179"},"geometry":{"type":"Polygon","coordinates":[[[-2.74718,51.28823],[-2.74732,51.28823],[-2.74736,51.28837],[-2.74721,51.28851],[-2.74712,51.28866],[-2.74713,51.2887],[-2.74697,51.28881],[-2.74659,51.28892],[-2.74653,51.28889],[-2.74657,51.28884],[-2.74685,51.28874],[-2.7469,51.2886],[-2.74703,51.28858],[-2.74707,51.28853],[-2.74705,51.28846],[-2.7471,51.28836],[-2.74703,51.28828],[-2.74703,51.28823],[-2.74718,51.28823]]]}},{"type":"Feature","properties":{"MainHabs":"No main habitat but additional habitats present","HabCodes":"NMHAB","AddHabs":"LCGRA","AreaHa":0.06,"Version":"Sept_26","UID":"PHID34800937_015472909"},"geometry":{"type":"Polygon","coordinates":[[[-2.74768,51.28909],[-2.74613,51.28953],[-2.74612,51.28945],[-2.74685,51.28933],[-2.74732,51.28916],[-2.74745,51.28908],[-2.74768,51.28909]]]}},{"type":"Feature","properties":{"MainHabs":"No main habitat but additional habitats present","HabCodes":"NMHAB","OtherClass":"Annex1(H6210)","AreaHa":0.03,"Version":"Sept_26","UID":"PHID34802713_015412443"},"geometry":{"type":"Polygon","coordinates":[[[-2.7466,51.28403],[-2.7465,51.28402],[-2.74664,51.28361],[-2.7467,51.28363],[-2.7466,51.28403]]]}},{"type":"Feature","properties":{"MainHabs":"No main habitat but additional habitats present","HabCodes":"NMHAB","OtherClass":"Annex1(H6210)","AddHabs":"LCGRA, LDAGR","AreaHa":0.5,"Version":"Sept_26","UID":"PHID34807221_015385199"},"geometry":{"type":"Polygon","coordinates":[[[-2.74588,51.28132],[-2.74733,51.28169],[-2.74716,51.28193],[-2.74679,51.28175],[-2.74622,51.28163],[-2.74528,51.28135],[-2.7443,51.28116],[-2.74404,51.28102],[-2.74413,51.28092],[-2.74483,51.28109],[-2.74591,51.28129],[-2.74588,51.28132]]]}},{"type":"Feature","properties":{"MainHabs":"No main habitat but additional habitats present","HabCodes":"NMHAB","AddHabs":"LCGRA, LDAGR","AreaHa":0.43,"Version":"Sept_26","UID":"PHID34817664_015386419"},"geometry":{"type":"Polygon","coordinates":[[[-2.74716,51.28196],[-2.74667,51.28178],[-2.74613,51.28166],[-2.74521,51.28139],[-2.74462,51.28128],[-2.74483,51.28154],[-2.74474,51.28175],[-2.74401,51.28155],[-2.74375,51.28136],[-2.74356,51.28114],[-2.74395,51.28122],[-2.74412,51.2812],[-2.74417,51.28118],[-2.74418,51.28112],[-2.74448,51.2812],[-2.74528,51.28135],[-2.74622,51.28163],[-2.74679,51.28175],[-2.74698,51.28182],[-2.74716,51.28196]]]}},{"type":"Feature","properties":{"MainHabs":"No main habitat but additional habitats present","HabCodes":"NMHAB","OtherClass":"Annex1(H6210)","AddHabs":"DWOOD","AreaHa":0.03,"Version":"Sept_26","UID":"PHID34818043_015400244"},"geometry":{"type":"Polygon","coordinates":[[[-2.74335,51.28226],[-2.74337,51.28225],[-2.74359,51.28248],[-2.74406,51.28271],[-2.7443,51.28277],[-2.74541,51.28288],[-2.74464,51.28283],[-2.74411,51.28274],[-2.74359,51.2825],[-2.74335,51.28226]]]}},{"type":"Feature","properties":{"MainHabs":"No main habitat but additional habitats present","HabCodes":"NMHAB","OtherClass":"Annex1(H6210)","AddHabs":"LCGRA, LDAGR","AreaHa":1.37,"Version":"Sept_26","UID":"PHID34820907_015389413"},"geometry":{"type":"Polygon","coordinates":[[[-2.74541,51.28239],[-2.74532,51.2825],[-2.74516,51.28245],[-2.74508,51.28249],[-2.74495,51.2824],[-2.74481,51.28244],[-2.74473,51.28229],[-2.74445,51.28232],[-2.74427,51.28222],[-2.74414,51.28224],[-2.74396,51.2822],[-2.7438,51.28208],[-2.74351,51.28215],[-2.74356,51.2823],[-2.74362,51.28238],[-2.74392,51.28255],[-2.74421,51.28267],[-2.74446,51.28273],[-2.74537,51.2828],[-2.74537,51.28282],[-2.7444,51.28273],[-2.74396,51.28258],[-2.74364,51.28243],[-2.74355,51.28234],[-2.74307,51.28161],[-2.74286,51.28134],[-2.74289,51.28134],[-2.74276,51.28122],[-2.74301,51.28117],[-2.74326,51.28122],[-2.74314,51.28098],[-2.74297,51.28087],[-2.74321,51.28081],[-2.74346,51.2811],[-2.74356,51.28114],[-2.74375,51.28136],[-2.74401,51.28155],[-2.74474,51.28175],[-2.74469,51.2819],[-2.7449,51.28197],[-2.74563,51.28208],[-2.74575,51.28226],[-2.74572,51.28239],[-2.7458,51.28251],[-2.74559,51.28241],[-2.74541,51.28239]]]}},{"type":"Feature","properties":{"MainHabs":"No main habitat but additional habitats present","HabCodes":"NMHAB","OtherClass":"Annex1(H6210)","AreaHa":0.02,"Version":"Sept_26","UID":"PHID34824574_015429235"},"geometry":{"type":"Polygon","coordinates":[[[-2.74355,51.28544],[-2.74347,51.28551],[-2.74339,51.28551],[-2.74343,51.28532],[-2.74359,51.2853],[-2.74355,51.28544]]]}},{"type":"Feature","properties":{"MainHabs":"No main habitat but additional habitats present","HabCodes":"NMHAB","AddHabs":"LCGRA, LDAGR","AreaHa":0.15,"Version":"Sept_26","UID":"PHID34824686_015375651"},"geometry":{"type":"Polygon","coordinates":[[[-2.74404,51.28102],[-2.74371,51.2809],[-2.74349,51.2807],[-2.74254,51.28024],[-2.74268,51.28015],[-2.74359,51.28061],[-2.74377,51.28081],[-2.74391,51.28091],[-2.74408,51.28098],[-2.74404,51.28102]]]}},{"type":"Feature","properties":{"MainHabs":"No main habitat but additional habitats present","HabCodes":"NMHAB","OtherClass":"Annex1(H6210)","AreaHa":0.03,"Version":"Sept_26","UID":"PHID34826196_015436616"},"geometry":{"type":"Polygon","coordinates":[[[-2.74328,51.28623],[-2.74323,51.2862],[-2.74316,51.28609],[-2.74327,51.2859],[-2.74339,51.28604],[-2.74328,51.28623]]]}},{"type":"Feature","properties":{"MainHabs":"No main habitat but additional habitats present","HabCodes":"NMHAB","OtherClass":"Annex1(H6210)","AreaHa":0.1,"Version":"Sept_26","UID":"PHID34827635_015428643"},"geometry":{"type":"Polygon","coordinates":[[[-2.74327,51.28518],[-2.74334,51.28517],[-2.74304,51.28552],[-2.74283,51.28556],[-2.74277,51.28542],[-2.74282,51.28529],[-2.74298,51.28521],[-2.74327,51.28518]]]}},{"type":"Feature","properties":{"MainHabs":"No main habitat but additional habitats present","HabCodes":"NMHAB","AddHabs":"LCGRA, LDAGR","AreaHa":0.05,"Version":"Sept_26","UID":"PHID34829825_015369475"},"geometry":{"type":"Polygon","coordinates":[[[-2.74287,51.28004],[-2.74268,51.28015],[-2.74245,51.28003],[-2.7424,51.27996],[-2.74243,51.27993],[-2.7426,51.27993],[-2.74287,51.28004]]]}},{"type":"Feature","properties":{"MainHabs":"No main habitat but additional habitats present","HabCodes":"NMHAB","AddHabs":"LCGRA, LDAGR","AreaHa":0.22,"Version":"Sept_26","UID":"PHID34831792_015374171"},"geometry":{"type":"Polygon","coordinates":[[[-2.74163,51.28012],[-2.74274,51.28052],[-2.74321,51.28081],[-2.74297,51.28087],[-2.74248,51.28056],[-2.74172,51.28029],[-2.74142,51.2802],[-2.74071,51.28012],[-2.7405,51.28006],[-2.7406,51.28005],[-2.741,51.28013],[-2.74144,51.28015],[-2.74163,51.28012]]]}},{"type":"Feature","properties":{"MainHabs":"No main habitat but additional habitats present","HabCodes":"NMHAB","OtherClass":"Annex1(H6210)","AddHabs":"LCGRA, LDAGR","AreaHa":0.42,"Version":"Sept_26","UID":"PHID34832961_015367963"},"geometry":{"type":"Polygon","coordinates":[[[-2.74287,51.28004],[-2.7426,51.27993],[-2.74243,51.27993],[-2.74241,51.27999],[-2.74245,51.28003],[-2.74268,51.28015],[-2.74254,51.28024],[-2.74208,51.28006],[-2.74174,51.28007],[-2.74144,51.28015],[-2.741,51.28013],[-2.7406,51.28005],[-2.74104,51.28],[-2.74177,51.27999],[-2.74168,51.27959],[-2.74164,51.27957],[-2.74179,51.27956],[-2.74234,51.27964],[-2.7426,51.27987],[-2.74291,51.28003],[-2.74287,51.28004]]]}},{"type":"Feature","properties":{"MainHabs":"No main habitat but additional habitats present","HabCodes":"NMHAB","OtherClass":"Annex1(H6210)","AddHabs":"DWOOD, LCGRA, LDAGR","AreaHa":0.17,"Version":"Sept_26","UID":"PHID34836065_015427852"},"geometry":{"type":"Polygon","coordinates":[[[-2.74197,51.28518],[-2.74142,51.286],[-2.74112,51.28598],[-2.74112,51.28593],[-2.74132,51.28592],[-2.74147,51.28581],[-2.74171,51.28548],[-2.74184,51.2852],[-2.74184,51.28505],[-2.7419,51.285],[-2.74206,51.28499],[-2.74217,51.28503],[-2.74253,51.28532],[-2.74258,51.28553],[-2.74245,51.2855],[-2.74228,51.2854],[-2.74218,51.28522],[-2.74221,51.28509],[-2.74197,51.28518]]]}},{"type":"Feature","properties":{"MainHabs":"No main habitat but additional habitats present","HabCodes":"NMHAB","OtherClass":"Annex1(H6210)","AreaHa":0.04,"Version":"Sept_26","UID":"PHID34836703_015437579"},"geometry":{"type":"Polygon","coordinates":[[[-2.74116,51.28626],[-2.74114,51.28621],[-2.74159,51.28619],[-2.74188,51.28605],[-2.74187,51.28616],[-2.74163,51.28626],[-2.74116,51.28626]]]}},{"type":"Feature","properties":{"MainHabs":"No main habitat but additional habitats present","HabCodes":"NMHAB","OtherClass":"Annex1(H6210)","AreaHa":4.5,"Version":"Sept_26","UID":"PHID34837800_015380682"},"geometry":{"type":"Polygon","coordinates":[[[-2.7421,51.28096],[-2.74237,51.28107],[-2.74271,51.28134],[-2.74293,51.2816],[-2.74324,51.28209],[-2.74263,51.28317],[-2.74226,51.28296],[-2.741,51.28204],[-2.74007,51.28129],[-2.73945,51.28097],[-2.73848,51.28039],[-2.73892,51.28],[-2.73914,51.28021],[-2.73896,51.28035],[-2.73895,51.28044],[-2.73908,51.28049],[-2.73931,51.2805],[-2.7394,51.28041],[-2.73982,51.28068],[-2.74138,51.28137],[-2.74166,51.28159],[-2.74167,51.28166],[-2.74177,51.28175],[-2.74194,51.28202],[-2.74246,51.2827],[-2.74251,51.28268],[-2.74189,51.2819],[-2.74175,51.28165],[-2.74142,51.28136],[-2.73976,51.2806],[-2.73935,51.28032],[-2.73895,51.27998],[-2.7392,51.27956],[-2.73889,51.27893],[-2.73896,51.27898],[-2.73928,51.27965],[-2.73941,51.27981],[-2.7397,51.28008],[-2.74015,51.28028],[-2.7421,51.28096]]]}},{"type":"Feature","properties":{"MainHabs":"No main habitat but additional habitats present","HabCodes":"NMHAB","AddHabs":"DWOOD","AreaHa":0.35,"Version":"Sept_26","UID":"PHID34844508_015906675"},"geometry":{"type":"Polygon","coordinates":[[[-2.74099,51.32812],[-2.74165,51.32796],[-2.74178,51.32804],[-2.74184,51.32826],[-2.7418,51.32827],[-2.7418,51.32835],[-2.74171,51.32847],[-2.74114,51.32844],[-2.74099,51.32874],[-2.74083,51.32864],[-2.74068,51.3286],[-2.74099,51.32812]]]}},{"type":"Feature","properties":{"MainHabs":"No main habitat but additional habitats present","HabCodes":"NMHAB","AddHabs":"LCGRA","AreaHa":0.21,"Version":"Sept_26","UID":"PHID34851559_015459021"},"geometry":{"type":"Polygon","coordinates":[[[-2.74003,51.28764],[-2.74008,51.28785],[-2.74005,51.28802],[-2.73926,51.28843],[-2.73911,51.28828],[-2.73883,51.28838],[-2.73861,51.28841],[-2.73863,51.28857],[-2.73858,51.28841],[-2.73888,51.28836],[-2.73929,51.2882],[-2.74003,51.28764]]]}},{"type":"Feature","properties":{"MainHabs":"No main habitat but additional habitats present","HabCodes":"NMHAB","OtherClass":"Annex1(H6210)","AreaHa":0.07,"Version":"Sept_26","UID":"PHID34855111_015356137"},"geometry":{"type":"Polygon","coordinates":[[[-2.73947,51.2797],[-2.73956,51.27981],[-2.73952,51.27983],[-2.7393,51.27955],[-2.73897,51.27881],[-2.73901,51.27881],[-2.73934,51.27952],[-2.73947,51.2797]]]}},{"type":"Feature","properties":{"MainHabs":"No main habitat but additional habitats present","HabCodes":"NMHAB","OtherClass":"Annex1(H6210)","AddHabs":"DWOOD, LCGRA","AreaHa":1.9,"Version":"Sept_26","UID":"PHID34856684_015454700"},"geometry":{"type":"Polygon","coordinates":[[[-2.73924,51.28807],[-2.73935,51.28807],[-2.73913,51.28819],[-2.73916,51.28823],[-2.73893,51.28831],[-2.73804,51.28848],[-2.73755,51.28861],[-2.73734,51.28871],[-2.73729,51.2888],[-2.73732,51.2889],[-2.73776,51.28956],[-2.73771,51.28956],[-2.73717,51.28882],[-2.73719,51.28873],[-2.73731,51.28865],[-2.7378,51.28847],[-2.73824,51.28836],[-2.73801,51.28794],[-2.73773,51.2876],[-2.73905,51.28707],[-2.73918,51.28698],[-2.73933,51.28681],[-2.73958,51.28675],[-2.74007,51.28704],[-2.74044,51.28734],[-2.7407,51.28738],[-2.74002,51.28758],[-2.73951,51.28793],[-2.73924,51.28807]]]}},{"type":"Feature","properties":{"MainHabs":"No main habitat but additional habitats present","HabCodes":"NMHAB","AddHabs":"DWOOD","AreaHa":0.03,"Version":"Sept_26","UID":"PHID34857083_015988575"},"geometry":{"type":"Polygon","coordinates":[[[-2.73984,51.33549],[-2.73956,51.33558],[-2.73976,51.33586],[-2.74001,51.33579],[-2.74017,51.33593],[-2.74012,51.33595],[-2.74,51.33581],[-2.73976,51.33589],[-2.7396,51.3357],[-2.73953,51.33556],[-2.73984,51.33549]]]}},{"type":"Feature","properties":{"MainHabs":"No main habitat but additional habitats present","HabCodes":"NMHAB","AddHabs":"LCGRA","AreaHa":1.02,"Version":"Sept_26","UID":"PHID34859459_015486622"},"geometry":{"type":"Polygon","coordinates":[[[-2.73903,51.29076],[-2.73895,51.2909],[-2.73864,51.29114],[-2.7381,51.29087],[-2.73834,51.29058],[-2.73856,51.29017],[-2.73857,51.29002],[-2.73856,51.28998],[-2.73791,51.28979],[-2.73796,51.28968],[-2.73795,51.28963],[-2.73782,51.28939],[-2.73815,51.28929],[-2.73854,51.28952],[-2.73864,51.28949],[-2.7391,51.28979],[-2.73904,51.28983],[-2.7391,51.28993],[-2.73925,51.28999],[-2.73922,51.29021],[-2.7393,51.29029],[-2.73926,51.29031],[-2.73903,51.29076]]]}},{"type":"Feature","properties":{"MainHabs":"No main habitat but additional habitats present","HabCodes":"NMHAB","OtherClass":"Annex1(H6210)","AddHabs":"DWOOD, LCGRA","AreaHa":0.56,"Version":"Sept_26","UID":"PHID34863367_015468105"},"geometry":{"type":"Polygon","coordinates":[[[-2.73863,51.28857],[-2.73864,51.2887],[-2.73859,51.28879],[-2.73846,51.28888],[-2.73809,51.28904],[-2.738,51.28918],[-2.73815,51.28929],[-2.73782,51.28939],[-2.73766,51.28929],[-2.73752,51.28914],[-2.73733,51.28885],[-2.73733,51.2888],[-2.73736,51.28874],[-2.73752,51.28864],[-2.73816,51.28848],[-2.73858,51.28841],[-2.73863,51.28857]]]}},{"type":"Feature","properties":{"MainHabs":"No main habitat but additional habitats present","HabCodes":"NMHAB","OtherClass":"Annex1(H6210)","AddHabs":"DWOOD, LCGRA","AreaHa":0.06,"Version":"Sept_26","UID":"PHID34868496_015485085"},"geometry":{"type":"Polygon","coordinates":[[[-2.73719,51.29047],[-2.73756,51.29029],[-2.73772,51.29006],[-2.73777,51.29007],[-2.73766,51.29024],[-2.73739,51.29044],[-2.73696,51.29063],[-2.73642,51.29078],[-2.73623,51.29086],[-2.73609,51.29083],[-2.73611,51.2908],[-2.73698,51.29059],[-2.73716,51.29051],[-2.73719,51.29047]]]}},{"type":"Feature","properties":{"MainHabs":"No main habitat but additional habitats present","HabCodes":"NMHAB","AddHabs":"LCGRA","AreaHa":0.06,"Version":"Sept_26","UID":"PHID34875598_015497167"},"geometry":{"type":"Polygon","coordinates":[[[-2.73638,51.2918],[-2.73623,51.29161],[-2.73613,51.29141],[-2.73606,51.29112],[-2.7361,51.291],[-2.73636,51.29162],[-2.73648,51.29177],[-2.73638,51.2918]]]}},{"type":"Feature","properties":{"MainHabs":"No main habitat but additional habitats present","HabCodes":"NMHAB","AddHabs":"LCGRA","AreaHa":0.02,"Version":"Sept_26","UID":"PHID34875908_015490748"},"geometry":{"type":"Polygon","coordinates":[[[-2.73634,51.29119],[-2.73614,51.29095],[-2.73611,51.29098],[-2.73624,51.29088],[-2.73634,51.29119]]]}},{"type":"Feature","properties":{"MainHabs":"No main habitat but additional habitats present","HabCodes":"NMHAB","AddHabs":"LCGRA","AreaHa":0.01,"Version":"Sept_26","UID":"PHID34876586_015489694"},"geometry":{"type":"Polygon","coordinates":[[[-2.73623,51.29086],[-2.73612,51.29093],[-2.73607,51.29101],[-2.73602,51.29101],[-2.73609,51.29083],[-2.73623,51.29086]]]}},{"type":"Feature","properties":{"MainHabs":"No main habitat but additional habitats present","HabCodes":"NMHAB","OtherClass":"Annex1(H6210)","AddHabs":"DWOOD","AreaHa":0.11,"Version":"Sept_26","UID":"PHID34885891_015353115"},"geometry":{"type":"Polygon","coordinates":[[[-2.73361,51.27933],[-2.73358,51.27932],[-2.73428,51.27881],[-2.73886,51.27881],[-2.73433,51.27881],[-2.73361,51.27933]]]}},{"type":"Feature","properties":{"MainHabs":"No main habitat but additional habitats present","HabCodes":"NMHAB","AddHabs":"LHEAT, LMEAD","AreaHa":0.04,"Version":"Sept_26","UID":"PHID34901388_015795300"},"geometry":{"type":"Polygon","coordinates":[[[-2.7331,51.31848],[-2.73308,51.31858],[-2.73312,51.31874],[-2.73305,51.31888],[-2.73301,51.31887],[-2.73301,51.31851],[-2.73289,51.31825],[-2.73295,51.31823],[-2.73299,51.31827],[-2.7331,51.31848]]]}},{"type":"Feature","properties":{"MainHabs":"No main habitat but additional habitats present","HabCodes":"NMHAB","AddHabs":"DWOOD","AreaHa":0.4,"Version":"Sept_26","UID":"PHID34902661_015874843"},"geometry":{"type":"Polygon","coordinates":[[[-2.73217,51.3252],[-2.73219,51.32515],[-2.73356,51.32515],[-2.73332,51.32523],[-2.73305,51.32524],[-2.73305,51.32529],[-2.73331,51.3253],[-2.73335,51.32527],[-2.73335,51.32532],[-2.73339,51.32532],[-2.73339,51.32538],[-2.73324,51.32537],[-2.73337,51.32544],[-2.73338,51.32559],[-2.73318,51.32556],[-2.73312,51.32562],[-2.73316,51.3257],[-2.73328,51.32579],[-2.73327,51.32584],[-2.73318,51.32591],[-2.73306,51.32594],[-2.73299,51.32592],[-2.73297,51.32585],[-2.73306,51.32579],[-2.73304,51.32572],[-2.73285,51.32564],[-2.73248,51.3256],[-2.73249,51.32555],[-2.73254,51.32552],[-2.7328,51.32552],[-2.73283,51.32549],[-2.73282,51.32546],[-2.7323,51.32541],[-2.73223,51.32536],[-2.73223,51.32528],[-2.73216,51.32527],[-2.73217,51.3252]]]}},{"type":"Feature","properties":{"MainHabs":"No main habitat but additional habitats present","HabCodes":"NMHAB","OtherClass":"Annex1(H6210)","AddHabs":"DWOOD","AreaHa":0.01,"Version":"Sept_26","UID":"PHID34903081_015362485"},"geometry":{"type":"Polygon","coordinates":[[[-2.73217,51.2795],[-2.732,51.27935],[-2.7319,51.27909],[-2.73194,51.27911],[-2.73201,51.27931],[-2.73209,51.27941],[-2.73238,51.27959],[-2.73237,51.27962],[-2.73232,51.2796],[-2.73217,51.2795]]]}},{"type":"Feature","properties":{"MainHabs":"No main habitat but additional habitats present","HabCodes":"NMHAB","AddHabs":"CALAM, LCGRA","AreaHa":0.08,"Version":"Sept_26","UID":"PHID34903639_015497726"},"geometry":{"type":"Polygon","coordinates":[[[-2.73259,51.29154],[-2.73222,51.29179],[-2.73194,51.29169],[-2.73231,51.29147],[-2.73259,51.29154]]]}},{"type":"Feature","properties":{"MainHabs":"No main habitat but additional habitats present","HabCodes":"NMHAB","AddHabs":"LHEAT, LMEAD","AreaHa":0.01,"Version":"Sept_26","UID":"PHID34907200_015774271"},"geometry":{"type":"Polygon","coordinates":[[[-2.73228,51.31646],[-2.73226,51.31651],[-2.73203,51.31654],[-2.732,51.31646],[-2.73228,51.31646]]]}},{"type":"Feature","properties":{"MainHabs":"No main habitat but additional habitats present","HabCodes":"NMHAB","AddHabs":"LCGRA, LMEAD","AreaHa":0.05,"Version":"Sept_26","UID":"PHID34929354_015490909"},"geometry":{"type":"Polygon","coordinates":[[[-2.72852,51.29114],[-2.72837,51.29107],[-2.72836,51.29102],[-2.72841,51.29097],[-2.72858,51.29094],[-2.72875,51.29101],[-2.72875,51.29106],[-2.7287,51.29111],[-2.72852,51.29114]]]}},{"type":"Feature","properties":{"MainHabs":"No main habitat but additional habitats present","HabCodes":"NMHAB","AddHabs":"LCGRA, LMEAD","AreaHa":0.06,"Version":"Sept_26","UID":"PHID34938429_015487925"},"geometry":{"type":"Polygon","coordinates":[[[-2.72746,51.2908],[-2.72742,51.29084],[-2.72742,51.29071],[-2.72746,51.29075],[-2.72746,51.2908]]]}},{"type":"Feature","properties":{"MainHabs":"Purple moor grass and rush pastures","HabCodes":"PMGRP","AddHabs":"LFENS, LMEAD","PrimSource":"Avon Wildlife Trust Survey 1985 (PMGRP)","AreaHa":1.52,"Version":"Sept_26","UID":"PHID34064455_015736350"},"geometry":{"type":"Polygon","coordinates":[[[-2.85356,51.31283],[-2.85321,51.31287],[-2.85312,51.31274],[-2.85312,51.31269],[-2.85292,51.31263],[-2.85237,51.3127],[-2.85196,51.31269],[-2.85197,51.31236],[-2.85219,51.31198],[-2.85231,51.31197],[-2.85239,51.31191],[-2.85298,51.31175],[-2.85316,51.31173],[-2.85338,51.31171],[-2.85369,51.31177],[-2.85422,51.31166],[-2.85457,51.31176],[-2.85497,51.31173],[-2.85497,51.31189],[-2.85433,51.31199],[-2.85404,51.31226],[-2.85359,51.31233],[-2.85354,51.31256],[-2.85356,51.31283]]]}},{"type":"Feature","properties":{"MainHabs":"Purple moor grass and rush pastures","HabCodes":"PMGRP","PrimSource":"SERC Site Surveys 1995 (PMGRP)","AreaHa":0.46,"Version":"Sept_26","UID":"PHID34464704_015401895"},"geometry":{"type":"Polygon","coordinates":[[[-2.79492,51.2821],[-2.79516,51.28244],[-2.79545,51.2827],[-2.79558,51.28286],[-2.79564,51.28305],[-2.7956,51.28314],[-2.79554,51.28319],[-2.79533,51.28313],[-2.7949,51.28282],[-2.79446,51.28244],[-2.79465,51.28228],[-2.79481,51.28222],[-2.7947,51.28202],[-2.7946,51.28203],[-2.79474,51.28188],[-2.79492,51.2821]]]}},{"type":"Feature","properties":{"MainHabs":"Ponds","HabCodes":"PONDS","PrimSource":"Priority Habitat Ponds 2022 (PONDS)","AreaHa":0.07,"Version":"Sept_26","UID":"PHID34117241_016028752"},"geometry":{"type":"Polygon","coordinates":[[[-2.84576,51.3385],[-2.84597,51.33854],[-2.8461,51.33849],[-2.84615,51.33852],[-2.84617,51.33858],[-2.84601,51.33872],[-2.84586,51.33873],[-2.84564,51.33861],[-2.84564,51.33856],[-2.84576,51.3385]]]}},{"type":"Feature","properties":{"MainHabs":"Ponds","HabCodes":"PONDS","PrimSource":"Priority Habitat Ponds 2022 (PONDS)","AreaHa":0.21,"Version":"Sept_26","UID":"PHID34149081_015691647"},"geometry":{"type":"Polygon","coordinates":[[[-2.84094,51.30823],[-2.84137,51.30843],[-2.84088,51.30852],[-2.84067,51.30851],[-2.84017,51.30793],[-2.84028,51.30793],[-2.84094,51.30823]]]}},{"type":"Feature","properties":{"MainHabs":"Ponds","HabCodes":"PONDS","PrimSource":"Priority Habitat Ponds 2022 (PONDS)","AreaHa":0.01,"Version":"Sept_26","UID":"PHID34150264_015832410"},"geometry":{"type":"Polygon","coordinates":[[[-2.84077,51.32093],[-2.84092,51.32094],[-2.84092,51.321],[-2.84086,51.32106],[-2.84082,51.32105],[-2.84075,51.321],[-2.84077,51.32093]]]}},{"type":"Feature","properties":{"MainHabs":"Traditional orchard","HabCodes":"TORCH","PrimSource":"Traditional Orchards HAP Inventory 2026 (TORCH)","AreaHa":0.19,"Version":"Sept_26","UID":"PHID34055734_015369152"},"geometry":{"type":"Polygon","coordinates":[[[-2.85362,51.27952],[-2.85336,51.27918],[-2.85321,51.27906],[-2.85336,51.27902],[-2.85343,51.27911],[-2.85357,51.27906],[-2.85359,51.27904],[-2.85354,51.27897],[-2.85362,51.27897],[-2.85402,51.27943],[-2.85405,51.27956],[-2.85383,51.27961],[-2.85362,51.27952]]]}},{"type":"Feature","properties":{"MainHabs":"Traditional orchard","HabCodes":"TORCH","PrimSource":"Traditional Orchards HAP Inventory 2026 (TORCH)","AreaHa":0.75,"Version":"Sept_26","UID":"PHID34061132_016047624"},"geometry":{"type":"Polygon","coordinates":[[[-2.85319,51.34056],[-2.8529,51.34036],[-2.85467,51.33974],[-2.85497,51.34003],[-2.85497,51.34018],[-2.85379,51.34062],[-2.85351,51.34076],[-2.85319,51.34056]]]}},{"type":"Feature","properties":{"MainHabs":"Traditional orchard","HabCodes":"TORCH","PrimSource":"Traditional Orchards HAP Inventory 2026 (TORCH)","AreaHa":0.22,"Version":"Sept_26","UID":"PHID34063298_015382512"},"geometry":{"type":"Polygon","coordinates":[[[-2.85255,51.28073],[-2.85239,51.28082],[-2.85225,51.28072],[-2.85253,51.28049],[-2.85223,51.28038],[-2.85214,51.28029],[-2.85216,51.28025],[-2.85245,51.28022],[-2.8527,51.28015],[-2.85296,51.28037],[-2.85298,51.28045],[-2.85255,51.28073]]]}},{"type":"Feature","properties":{"MainHabs":"Traditional orchard","HabCodes":"TORCH","PrimSource":"Traditional Orchards HAP Inventory 2025 (TORCH)","AreaHa":0.1,"Version":"Sept_26","UID":"PHID34071723_015371748"},"geometry":{"type":"Polygon","coordinates":[[[-2.85205,51.2793],[-2.85111,51.27969],[-2.85112,51.27963],[-2.85108,51.27944],[-2.85205,51.2793]]]}},{"type":"Feature","properties":{"MainHabs":"Traditional orchard","HabCodes":"TORCH","PrimSource":"Traditional Orchards HAP Inventory 2026 (TORCH)","AreaHa":0.17,"Version":"Sept_26","UID":"PHID34074164_015389917"},"geometry":{"type":"Polygon","coordinates":[[[-2.85043,51.28109],[-2.85056,51.28105],[-2.85055,51.28098],[-2.85065,51.28096],[-2.85068,51.28104],[-2.85089,51.28105],[-2.85116,51.28098],[-2.85143,51.28096],[-2.8516,51.28104],[-2.85129,51.28131],[-2.85043,51.28109]]]}},{"type":"Feature","properties":{"MainHabs":"Traditional orchard","HabCodes":"TORCH","PrimSource":"Traditional Orchards HAP Inventory 2026 (TORCH)","AreaHa":0.03,"Version":"Sept_26","UID":"PHID34093924_015704344"},"geometry":{"type":"Polygon","coordinates":[[[-2.84871,51.3093],[-2.84885,51.30959],[-2.84875,51.30961],[-2.84858,51.30933],[-2.84857,51.3093],[-2.8487,51.30928],[-2.84871,51.3093]]]}},{"type":"Feature","properties":{"MainHabs":"Traditional orchard","HabCodes":"TORCH","PrimSource":"Traditional Orchards HAP Inventory 2026 (TORCH)","AreaHa":4.54,"Version":"Sept_26","UID":"PHID34097168_015675959"},"geometry":{"type":"Polygon","coordinates":[[[-2.84993,51.30629],[-2.85009,51.3077],[-2.85003,51.30771],[-2.85001,51.30778],[-2.84878,51.30777],[-2.84877,51.30775],[-2.8491,51.30776],[-2.8491,51.30763],[-2.8487,51.30766],[-2.84866,51.30762],[-2.84847,51.30762],[-2.84846,51.30771],[-2.84865,51.30772],[-2.84867,51.30777],[-2.84706,51.30765],[-2.84649,51.30763],[-2.84634,51.30636],[-2.84664,51.30601],[-2.8473,51.30597],[-2.8485,51.30596],[-2.84909,51.30619],[-2.84993,51.30629]]]}},{"type":"Feature","properties":{"MainHabs":"Traditional orchard","HabCodes":"TORCH","PrimSource":"Traditional Orchards HAP Inventory 2026 (TORCH)","AreaHa":0.46,"Version":"Sept_26","UID":"PHID34098991_016145684"},"geometry":{"type":"Polygon","coordinates":[[[-2.8498,51.34872],[-2.8499,51.34875],[-2.84901,51.3494],[-2.84896,51.34937],[-2.84882,51.34939],[-2.84874,51.34935],[-2.84854,51.34949],[-2.84841,51.34946],[-2.84833,51.34934],[-2.84812,51.34927],[-2.84839,51.34921],[-2.84837,51.34917],[-2.84809,51.34923],[-2.84791,51.34898],[-2.84841,51.34895],[-2.84865,51.34907],[-2.84963,51.34874],[-2.8498,51.34872]]]}},{"type":"Feature","properties":{"MainHabs":"Traditional orchard","HabCodes":"TORCH","PrimSource":"Traditional Orchards HAP Inventory 2026 (TORCH)","AreaHa":0.36,"Version":"Sept_26","UID":"PHID34112830_015528774"},"geometry":{"type":"Polygon","coordinates":[[[-2.84535,51.29332],[-2.84546,51.2933],[-2.84562,51.29333],[-2.84599,51.29358],[-2.84627,51.29373],[-2.8466,51.29364],[-2.84667,51.29368],[-2.84674,51.29378],[-2.84672,51.294],[-2.84656,51.29401],[-2.84649,51.29395],[-2.84625,51.29393],[-2.84618,51.29385],[-2.84585,51.29371],[-2.84566,51.2938],[-2.84565,51.29397],[-2.84552,51.29394],[-2.84556,51.2939],[-2.84552,51.29389],[-2.84551,51.2938],[-2.84523,51.29361],[-2.84524,51.2934],[-2.84543,51.29333],[-2.84535,51.29332]]]}},{"type":"Feature","properties":{"MainHabs":"Traditional orchard","HabCodes":"TORCH","PrimSource":"Traditional Orchards HAP Inventory 2025 (TORCH)","AreaHa":0.28,"Version":"Sept_26","UID":"PHID34120412_015441717"},"geometry":{"type":"Polygon","coordinates":[[[-2.84378,51.2855],[-2.8449,51.28586],[-2.84496,51.28604],[-2.84482,51.28616],[-2.84462,51.28618],[-2.8442,51.28588],[-2.84364,51.28564],[-2.84378,51.2855]]]}},{"type":"Feature","properties":{"MainHabs":"Traditional orchard","HabCodes":"TORCH","PrimSource":"Traditional Orchards HAP Inventory 2025 (TORCH)","AreaHa":0.35,"Version":"Sept_26","UID":"PHID34147949_015953754"},"geometry":{"type":"Polygon","coordinates":[[[-2.84173,51.3316],[-2.84192,51.33174],[-2.84157,51.33188],[-2.84169,51.33208],[-2.84168,51.33215],[-2.84125,51.33228],[-2.84081,51.33182],[-2.84156,51.33147],[-2.84173,51.3316]]]}},{"type":"Feature","properties":{"MainHabs":"Traditional orchard","HabCodes":"TORCH","PrimSource":"Traditional Orchards HAP Inventory 2026 (TORCH)","AreaHa":0.4,"Version":"Sept_26","UID":"PHID34148896_016065572"},"geometry":{"type":"Polygon","coordinates":[[[-2.8418,51.34238],[-2.84155,51.34256],[-2.84106,51.34209],[-2.84103,51.34185],[-2.84107,51.34165],[-2.84115,51.34146],[-2.84133,51.34129],[-2.8418,51.34238]]]}},{"type":"Feature","properties":{"MainHabs":"Traditional orchard","HabCodes":"TORCH","PrimSource":"Traditional Orchards HAP Inventory 2026 (TORCH)","AreaHa":0.03,"Version":"Sept_26","UID":"PHID34152040_015481348"},"geometry":{"type":"Polygon","coordinates":[[[-2.83989,51.28931],[-2.84009,51.2893],[-2.84012,51.28951],[-2.84001,51.28957],[-2.83995,51.28957],[-2.83992,51.28953],[-2.83996,51.28947],[-2.83994,51.28934],[-2.83989,51.28931]]]}},{"type":"Feature","properties":{"MainHabs":"Traditional orchard","HabCodes":"TORCH","PrimSource":"Traditional Orchards HAP Inventory 2026 (TORCH)","AreaHa":0.13,"Version":"Sept_26","UID":"PHID34152739_015787468"},"geometry":{"type":"Polygon","coordinates":[[[-2.84058,51.31667],[-2.84075,51.31669],[-2.84074,51.31672],[-2.84066,51.31672],[-2.8406,51.31711],[-2.84009,51.31716],[-2.84006,51.31702],[-2.84058,51.31667]]]}},{"type":"Feature","properties":{"MainHabs":"Traditional orchard","HabCodes":"TORCH","PrimSource":"Traditional Orchards HAP Inventory 2026 (TORCH)","AreaHa":0.16,"Version":"Sept_26","UID":"PHID34155335_015483244"},"geometry":{"type":"Polygon","coordinates":[[[-2.83927,51.28909],[-2.83935,51.28912],[-2.83938,51.28916],[-2.8395,51.28914],[-2.83955,51.28919],[-2.83969,51.28919],[-2.8397,51.28929],[-2.83952,51.28934],[-2.83951,51.28943],[-2.83952,51.28949],[-2.8396,51.2895],[-2.83968,51.28943],[-2.83974,51.28943],[-2.8398,51.28964],[-2.83976,51.28975],[-2.83936,51.28971],[-2.83927,51.28909]]]}},{"type":"Feature","properties":{"MainHabs":"Traditional orchard","HabCodes":"TORCH","PrimSource":"Traditional Orchards HAP Inventory 2026 (TORCH)","AreaHa":0.32,"Version":"Sept_26","UID":"PHID34156323_015978924"},"geometry":{"type":"Polygon","coordinates":[[[-2.83982,51.33359],[-2.84062,51.33426],[-2.8398,51.33462],[-2.83982,51.33359]]]}},{"type":"Feature","properties":{"MainHabs":"Traditional orchard","HabCodes":"TORCH","PrimSource":"Traditional Orchards HAP Inventory 2025 (TORCH)","AreaHa":0.02,"Version":"Sept_26","UID":"PHID34159991_015480904"},"geometry":{"type":"Polygon","coordinates":[[[-2.83878,51.28932],[-2.83891,51.28931],[-2.83894,51.28948],[-2.83882,51.2895],[-2.8388,51.28939],[-2.83884,51.28939],[-2.83883,51.28936],[-2.83879,51.28936],[-2.83878,51.28932]]]}},{"type":"Feature","properties":{"MainHabs":"Traditional orchard","HabCodes":"TORCH","PrimSource":"Traditional Orchards HAP Inventory 2026 (TORCH)","AreaHa":0.37,"Version":"Sept_26","UID":"PHID34160740_015716866"},"geometry":{"type":"Polygon","coordinates":[[[-2.83977,51.31073],[-2.8385,51.31085],[-2.83844,51.31049],[-2.83981,51.31038],[-2.83983,51.31065],[-2.83976,51.31066],[-2.83977,51.31073]]]}},{"type":"Feature","properties":{"MainHabs":"Traditional orchard","HabCodes":"TORCH","PrimSource":"Traditional Orchards HAP Inventory 2026 (TORCH)","AreaHa":0.33,"Version":"Sept_26","UID":"PHID34179148_016040982"},"geometry":{"type":"Polygon","coordinates":[[[-2.83724,51.33951],[-2.83753,51.33983],[-2.83715,51.34026],[-2.83653,51.33958],[-2.83702,51.3394],[-2.83713,51.33954],[-2.83724,51.33951]]]}},{"type":"Feature","properties":{"MainHabs":"Traditional orchard","HabCodes":"TORCH","PrimSource":"Traditional Orchards HAP Inventory 2025 (TORCH)","AreaHa":0.05,"Version":"Sept_26","UID":"PHID34188116_015957748"},"geometry":{"type":"Polygon","coordinates":[[[-2.8355,51.33237],[-2.83542,51.33237],[-2.83539,51.33221],[-2.83567,51.33221],[-2.83582,51.33225],[-2.8357,51.33231],[-2.83572,51.33239],[-2.83543,51.33242],[-2.83552,51.33241],[-2.8355,51.33237]]]}},{"type":"Feature","properties":{"MainHabs":"Traditional orchard","HabCodes":"TORCH","PrimSource":"Traditional Orchards HAP Inventory 2025 (TORCH)","AreaHa":0.1,"Version":"Sept_26","UID":"PHID34188638_015954850"},"geometry":{"type":"Polygon","coordinates":[[[-2.83574,51.33191],[-2.8358,51.33206],[-2.8359,51.33213],[-2.83585,51.33222],[-2.83562,51.33214],[-2.83535,51.33215],[-2.83524,51.33201],[-2.83528,51.332],[-2.83525,51.33195],[-2.83535,51.33192],[-2.83538,51.33197],[-2.83534,51.33198],[-2.83535,51.33201],[-2.83549,51.33191],[-2.83561,51.33187],[-2.83574,51.33191]]]}},{"type":"Feature","properties":{"MainHabs":"Traditional orchard","HabCodes":"TORCH","PrimSource":"Traditional Orchards HAP Inventory 2026 (TORCH)","AreaHa":0.14,"Version":"Sept_26","UID":"PHID34191213_015715613"},"geometry":{"type":"Polygon","coordinates":[[[-2.83447,51.31044],[-2.83518,51.31046],[-2.83523,51.31066],[-2.8344,51.31064],[-2.83429,51.31041],[-2.83447,51.31044]]]}},{"type":"Feature","properties":{"MainHabs":"Traditional orchard","HabCodes":"TORCH","PrimSource":"Traditional Orchards HAP Inventory 2026 (TORCH)","AreaHa":0.44,"Version":"Sept_26","UID":"PHID34191307_016000317"},"geometry":{"type":"Polygon","coordinates":[[[-2.83591,51.33582],[-2.83603,51.3361],[-2.83601,51.33616],[-2.83518,51.33635],[-2.83514,51.33627],[-2.83499,51.33631],[-2.83506,51.33637],[-2.83492,51.33641],[-2.83458,51.33647],[-2.83441,51.33612],[-2.8359,51.33579],[-2.83591,51.33582]]]}},{"type":"Feature","properties":{"MainHabs":"Traditional orchard","HabCodes":"TORCH","PrimSource":"Traditional Orchards HAP Inventory 2026 (TORCH)","AreaHa":0.19,"Version":"Sept_26","UID":"PHID34191350_015748846"},"geometry":{"type":"Polygon","coordinates":[[[-2.83492,51.31395],[-2.83485,51.31393],[-2.83446,51.31318],[-2.83508,51.31322],[-2.83514,51.31325],[-2.83499,51.31356],[-2.83497,51.31368],[-2.83488,51.31379],[-2.83487,51.31389],[-2.83491,51.3139],[-2.83492,51.31395]]]}},{"type":"Feature","properties":{"MainHabs":"Traditional orchard","HabCodes":"TORCH","PrimSource":"Traditional Orchards HAP Inventory 2026 (TORCH)","AreaHa":0.15,"Version":"Sept_26","UID":"PHID34192825_015740274"},"geometry":{"type":"Polygon","coordinates":[[[-2.8348,51.31266],[-2.83502,51.31276],[-2.83504,51.31285],[-2.83489,51.31286],[-2.83469,51.31281],[-2.83448,51.31287],[-2.8343,51.31296],[-2.8341,51.3127],[-2.83455,51.31255],[-2.8348,51.31266]]]}},{"type":"Feature","properties":{"MainHabs":"Traditional orchard","HabCodes":"TORCH","PrimSource":"Traditional Orchards HAP Inventory 2025 (TORCH)","AreaHa":0.69,"Version":"Sept_26","UID":"PHID34194023_015950204"},"geometry":{"type":"Polygon","coordinates":[[[-2.83486,51.33148],[-2.8355,51.33135],[-2.83569,51.33167],[-2.83509,51.33182],[-2.83463,51.33198],[-2.8338,51.33103],[-2.83428,51.33082],[-2.83461,51.33116],[-2.83486,51.33148]]]}},{"type":"Feature","properties":{"MainHabs":"Traditional orchard","HabCodes":"TORCH","PrimSource":"Traditional Orchards HAP Inventory 2026 (TORCH)","AreaHa":0.03,"Version":"Sept_26","UID":"PHID34195982_015995734"},"geometry":{"type":"Polygon","coordinates":[[[-2.83465,51.33564],[-2.8347,51.33576],[-2.83444,51.33581],[-2.83439,51.33569],[-2.83465,51.33564]]]}},{"type":"Feature","properties":{"MainHabs":"Traditional orchard","HabCodes":"TORCH","PrimSource":"Traditional Orchards HAP Inventory 2026 (TORCH)","AreaHa":0.08,"Version":"Sept_26","UID":"PHID34197720_015993191"},"geometry":{"type":"Polygon","coordinates":[[[-2.8344,51.33539],[-2.83442,51.33547],[-2.83455,51.33561],[-2.83424,51.33568],[-2.83403,51.33542],[-2.83438,51.33531],[-2.83442,51.33536],[-2.8344,51.33539]]]}},{"type":"Feature","properties":{"MainHabs":"Traditional orchard","HabCodes":"TORCH","PrimSource":"Traditional Orchards HAP Inventory 2026 (TORCH)","AreaHa":2.41,"Version":"Sept_26","UID":"PHID34209248_016014433"},"geometry":{"type":"Polygon","coordinates":[[[-2.83466,51.33705],[-2.83477,51.33731],[-2.83224,51.33796],[-2.83208,51.33792],[-2.83206,51.33801],[-2.83105,51.33824],[-2.83086,51.33826],[-2.83085,51.33801],[-2.83069,51.33749],[-2.83278,51.33701],[-2.83436,51.33659],[-2.83458,51.33689],[-2.83462,51.33696],[-2.83456,51.33697],[-2.83459,51.33702],[-2.83464,51.33701],[-2.83466,51.33705]]]}},{"type":"Feature","properties":{"MainHabs":"Traditional orchard","HabCodes":"TORCH","PrimSource":"Traditional Orchards HAP Inventory 2026 (TORCH)","AreaHa":0.04,"Version":"Sept_26","UID":"PHID34212192_015688771"},"geometry":{"type":"Polygon","coordinates":[[[-2.83193,51.30811],[-2.83192,51.30821],[-2.83154,51.30821],[-2.83149,51.30808],[-2.83193,51.30811]]]}},{"type":"Feature","properties":{"MainHabs":"Traditional orchard","HabCodes":"TORCH","PrimSource":"Traditional Orchards HAP Inventory 2026 (TORCH)","AreaHa":0.13,"Version":"Sept_26","UID":"PHID34236284_015706442"},"geometry":{"type":"Polygon","coordinates":[[[-2.82881,51.30967],[-2.82883,51.30981],[-2.82778,51.30989],[-2.82775,51.30972],[-2.82832,51.30969],[-2.8288,51.30962],[-2.82881,51.30967]]]}},{"type":"Feature","properties":{"MainHabs":"Traditional orchard","HabCodes":"TORCH","PrimSource":"Traditional Orchards HAP Inventory 2026 (TORCH)","AreaHa":0.11,"Version":"Sept_26","UID":"PHID34237572_015972165"},"geometry":{"type":"Polygon","coordinates":[[[-2.82866,51.33342],[-2.82881,51.33377],[-2.82876,51.33381],[-2.8285,51.33386],[-2.82826,51.33349],[-2.82866,51.33342]]]}},{"type":"Feature","properties":{"MainHabs":"Traditional orchard","HabCodes":"TORCH","PrimSource":"Traditional Orchards HAP Inventory 2026 (TORCH)","AreaHa":0.22,"Version":"Sept_26","UID":"PHID34243249_015658811"},"geometry":{"type":"Polygon","coordinates":[[[-2.82776,51.30559],[-2.82773,51.30573],[-2.82667,51.30568],[-2.82709,51.30524],[-2.82743,51.30531],[-2.82742,51.30556],[-2.82776,51.30559]]]}},{"type":"Feature","properties":{"MainHabs":"Traditional orchard","HabCodes":"TORCH","PrimSource":"Traditional Orchards HAP Inventory 2025 (TORCH)","AreaHa":0.37,"Version":"Sept_26","UID":"PHID34259084_015990524"},"geometry":{"type":"Polygon","coordinates":[[[-2.82513,51.33506],[-2.8251,51.33493],[-2.82549,51.33488],[-2.82573,51.33494],[-2.82585,51.33551],[-2.82572,51.33553],[-2.82579,51.33571],[-2.82537,51.33578],[-2.82513,51.33506]]]}},{"type":"Feature","properties":{"MainHabs":"Traditional orchard","HabCodes":"TORCH","PrimSource":"Traditional Orchards HAP Inventory 2026 (TORCH)","AreaHa":0.52,"Version":"Sept_26","UID":"PHID34259559_016039535"},"geometry":{"type":"Polygon","coordinates":[[[-2.82595,51.33931],[-2.8262,51.33973],[-2.82549,51.34],[-2.82501,51.34015],[-2.82457,51.33981],[-2.82546,51.33946],[-2.82595,51.33931]]]}},{"type":"Feature","properties":{"MainHabs":"Traditional orchard","HabCodes":"TORCH","PrimSource":"Traditional Orchards HAP Inventory 2026 (TORCH)","AreaHa":0.1,"Version":"Sept_26","UID":"PHID34276789_015770757"},"geometry":{"type":"Polygon","coordinates":[[[-2.82241,51.31525],[-2.82262,51.31527],[-2.82276,51.31588],[-2.82255,51.3159],[-2.82241,51.31525]]]}},{"type":"Feature","properties":{"MainHabs":"Traditional orchard","HabCodes":"TORCH","PrimSource":"Traditional Orchards HAP Inventory 2026 (TORCH)","AreaHa":0.21,"Version":"Sept_26","UID":"PHID34281633_015679456"},"geometry":{"type":"Polygon","coordinates":[[[-2.82205,51.30751],[-2.82206,51.30755],[-2.82151,51.30768],[-2.82143,51.30753],[-2.82143,51.3074],[-2.82145,51.30735],[-2.82165,51.30718],[-2.822,51.30703],[-2.82205,51.30751]]]}},{"type":"Feature","properties":{"MainHabs":"Traditional orchard","HabCodes":"TORCH","PrimSource":"Traditional Orchards HAP Inventory 2026 (TORCH)","AreaHa":0.02,"Version":"Sept_26","UID":"PHID34283252_015654166"},"geometry":{"type":"Polygon","coordinates":[[[-2.8216,51.30507],[-2.82153,51.30519],[-2.82133,51.30515],[-2.82141,51.30502],[-2.8216,51.30507]]]}},{"type":"Feature","properties":{"MainHabs":"Traditional orchard","HabCodes":"TORCH","PrimSource":"Traditional Orchards HAP Inventory 2026 (TORCH)","AreaHa":0.12,"Version":"Sept_26","UID":"PHID34290677_015983198"},"geometry":{"type":"Polygon","coordinates":[[[-2.82116,51.33449],[-2.82085,51.3351],[-2.82071,51.33512],[-2.82082,51.33444],[-2.82116,51.33449]]]}},{"type":"Feature","properties":{"MainHabs":"Traditional orchard","HabCodes":"TORCH","PrimSource":"Traditional Orchards HAP Inventory 2026 (TORCH)","AreaHa":0.07,"Version":"Sept_26","UID":"PHID34296411_016034377"},"geometry":{"type":"Polygon","coordinates":[[[-2.81998,51.33906],[-2.82009,51.33909],[-2.8204,51.33936],[-2.82008,51.33948],[-2.82005,51.33945],[-2.81998,51.33906]]]}},{"type":"Feature","properties":{"MainHabs":"Traditional orchard","HabCodes":"TORCH","PrimSource":"Traditional Orchards HAP Inventory 2026 (TORCH)","AreaHa":0.13,"Version":"Sept_26","UID":"PHID34298325_015974381"},"geometry":{"type":"Polygon","coordinates":[[[-2.81953,51.33411],[-2.81955,51.33371],[-2.8201,51.33372],[-2.82009,51.33391],[-2.81984,51.33396],[-2.81984,51.33411],[-2.81953,51.33411]]]}},{"type":"Feature","properties":{"MainHabs":"Traditional orchard","HabCodes":"TORCH","PrimSource":"Traditional Orchards HAP Inventory 2026 (TORCH)","AreaHa":0.89,"Version":"Sept_26","UID":"PHID34299601_016142533"},"geometry":{"type":"Polygon","coordinates":[[[-2.81942,51.3493],[-2.81859,51.34889],[-2.81863,51.34886],[-2.81895,51.349],[-2.81955,51.34849],[-2.82092,51.34902],[-2.82017,51.34957],[-2.81964,51.34942],[-2.81942,51.3493]]]}},{"type":"Feature","properties":{"MainHabs":"Traditional orchard","HabCodes":"TORCH","PrimSource":"Traditional Orchards HAP Inventory 2026 (TORCH)","AreaHa":0.78,"Version":"Sept_26","UID":"PHID34308395_015693914"},"geometry":{"type":"Polygon","coordinates":[[[-2.81817,51.30924],[-2.81768,51.30916],[-2.8172,51.30834],[-2.81756,51.30825],[-2.81825,51.30814],[-2.81864,51.30876],[-2.8184,51.30894],[-2.81826,51.30924],[-2.81817,51.30924]]]}},{"type":"Feature","properties":{"MainHabs":"Traditional orchard","HabCodes":"TORCH","PrimSource":"Traditional Orchards HAP Inventory 2026 (TORCH)","AreaHa":0.08,"Version":"Sept_26","UID":"PHID34315039_016140797"},"geometry":{"type":"Polygon","coordinates":[[[-2.818,51.349],[-2.81769,51.34905],[-2.8174,51.34885],[-2.81769,51.34873],[-2.81806,51.34899],[-2.818,51.349]]]}},{"type":"Feature","properties":{"MainHabs":"Traditional orchard","HabCodes":"TORCH","PrimSource":"Traditional Orchards HAP Inventory 2026 (TORCH)","AreaHa":0.13,"Version":"Sept_26","UID":"PHID34315724_015760884"},"geometry":{"type":"Polygon","coordinates":[[[-2.81728,51.31448],[-2.81706,51.31496],[-2.81668,51.3149],[-2.81683,51.31465],[-2.81713,51.3144],[-2.81728,51.31448]]]}},{"type":"Feature","properties":{"MainHabs":"Traditional orchard","HabCodes":"TORCH","PrimSource":"Traditional Orchards HAP Inventory 2025 (TORCH)","AreaHa":2.29,"Version":"Sept_26","UID":"PHID34325117_015370050"},"geometry":{"type":"Polygon","coordinates":[[[-2.81393,51.28024],[-2.81383,51.27976],[-2.81379,51.27945],[-2.81382,51.27926],[-2.81376,51.27899],[-2.81621,51.27897],[-2.81622,51.28021],[-2.81393,51.28024]]]}},{"type":"Feature","properties":{"MainHabs":"Traditional orchard","HabCodes":"TORCH","PrimSource":"Traditional Orchards HAP Inventory 2025 (TORCH)","AreaHa":0.61,"Version":"Sept_26","UID":"PHID34326683_015360798"},"geometry":{"type":"Polygon","coordinates":[[[-2.81584,51.27881],[-2.81577,51.27892],[-2.81568,51.27896],[-2.81416,51.27897],[-2.81376,51.27897],[-2.81373,51.27881],[-2.81584,51.27881]]]}},{"type":"Feature","properties":{"MainHabs":"Traditional orchard","HabCodes":"TORCH","PrimSource":"Traditional Orchards HAP Inventory 2026 (TORCH)","AreaHa":0.38,"Version":"Sept_26","UID":"PHID34327464_016129903"},"geometry":{"type":"Polygon","coordinates":[[[-2.81605,51.34778],[-2.81649,51.3479],[-2.81653,51.348],[-2.8157,51.34822],[-2.81525,51.34815],[-2.81514,51.34812],[-2.81509,51.34806],[-2.81564,51.34764],[-2.81569,51.34763],[-2.81605,51.34778]]]}},{"type":"Feature","properties":{"MainHabs":"Traditional orchard","HabCodes":"TORCH","PrimSource":"Traditional Orchards HAP Inventory 2026 (TORCH)","AreaHa":0.04,"Version":"Sept_26","UID":"PHID34334372_015947035"},"geometry":{"type":"Polygon","coordinates":[[[-2.81475,51.33158],[-2.81447,51.33159],[-2.81445,51.3314],[-2.81473,51.33138],[-2.81475,51.33158]]]}},{"type":"Feature","properties":{"MainHabs":"Traditional orchard","HabCodes":"TORCH","PrimSource":"Traditional Orchards HAP Inventory 2026 (TORCH)","AreaHa":0.2,"Version":"Sept_26","UID":"PHID34338859_016040670"},"geometry":{"type":"Polygon","coordinates":[[[-2.81446,51.33947],[-2.81424,51.33998],[-2.81401,51.34035],[-2.81375,51.34027],[-2.81421,51.33943],[-2.81446,51.33947]],[[-2.8142,51.33971],[-2.81425,51.33971],[-2.81436,51.33948],[-2.81432,51.33947],[-2.8142,51.33971]]]}},{"type":"Feature","properties":{"MainHabs":"Traditional orchard","HabCodes":"TORCH","PrimSource":"Traditional Orchards HAP Inventory 2026 (TORCH)","AreaHa":1.01,"Version":"Sept_26","UID":"PHID34346564_015697400"},"geometry":{"type":"Polygon","coordinates":[[[-2.812,51.30779],[-2.81235,51.30803],[-2.81245,51.30813],[-2.81291,51.30869],[-2.81314,51.30904],[-2.81318,51.30928],[-2.81311,51.30962],[-2.81299,51.30963],[-2.81289,51.30968],[-2.81283,51.30992],[-2.81278,51.30994],[-2.81244,51.31],[-2.81243,51.30928],[-2.81239,51.30903],[-2.81201,51.30828],[-2.81171,51.30792],[-2.812,51.30779]]]}},{"type":"Feature","properties":{"MainHabs":"Traditional orchard","HabCodes":"TORCH","PrimSource":"Traditional Orchards HAP Inventory 2026 (TORCH)","AreaHa":0.1,"Version":"Sept_26","UID":"PHID34352191_015792258"},"geometry":{"type":"Polygon","coordinates":[[[-2.81198,51.31743],[-2.81202,51.31743],[-2.81204,51.3176],[-2.8121,51.31766],[-2.81174,51.31777],[-2.8115,51.31742],[-2.81198,51.31743]]]}},{"type":"Feature","properties":{"MainHabs":"Traditional orchard","HabCodes":"TORCH","PrimSource":"Traditional Orchards HAP Inventory 2026 (TORCH)","AreaHa":0.49,"Version":"Sept_26","UID":"PHID34354518_016137750"},"geometry":{"type":"Polygon","coordinates":[[[-2.81273,51.34865],[-2.81235,51.34886],[-2.81177,51.3491],[-2.81176,51.34902],[-2.81172,51.34897],[-2.81129,51.34867],[-2.81201,51.34821],[-2.81273,51.34865]]]}},{"type":"Feature","properties":{"MainHabs":"Traditional orchard","HabCodes":"TORCH","PrimSource":"Traditional Orchards HAP Inventory 2026 (TORCH)","AreaHa":0.24,"Version":"Sept_26","UID":"PHID34360842_016024161"},"geometry":{"type":"Polygon","coordinates":[[[-2.81098,51.33877],[-2.81066,51.33875],[-2.81087,51.33839],[-2.81051,51.33831],[-2.81058,51.3382],[-2.81057,51.33812],[-2.81061,51.33806],[-2.81103,51.33814],[-2.81134,51.33858],[-2.81098,51.33877]]]}},{"type":"Feature","properties":{"MainHabs":"Traditional orchard","HabCodes":"TORCH","PrimSource":"Traditional Orchards HAP Inventory 2025 (TORCH)","AreaHa":0.2,"Version":"Sept_26","UID":"PHID34364414_016024952"},"geometry":{"type":"Polygon","coordinates":[[[-2.81081,51.33838],[-2.81087,51.33839],[-2.81066,51.33875],[-2.80999,51.3386],[-2.81018,51.3383],[-2.81036,51.33833],[-2.81046,51.3383],[-2.81081,51.33838]]]}},{"type":"Feature","properties":{"MainHabs":"Traditional orchard","HabCodes":"TORCH","PrimSource":"Traditional Orchards HAP Inventory 2026 (TORCH)","AreaHa":0.96,"Version":"Sept_26","UID":"PHID34368381_015761825"},"geometry":{"type":"Polygon","coordinates":[[[-2.81018,51.31527],[-2.81011,51.31542],[-2.80946,51.31534],[-2.80876,51.31521],[-2.8086,51.31458],[-2.8088,51.3145],[-2.809,51.31431],[-2.80909,51.31432],[-2.80993,51.3146],[-2.81017,51.31485],[-2.81018,51.31527]]]}},{"type":"Feature","properties":{"MainHabs":"Traditional orchard","HabCodes":"TORCH","PrimSource":"Traditional Orchards HAP Inventory 2026 (TORCH)","AreaHa":0.56,"Version":"Sept_26","UID":"PHID34372498_016012996"},"geometry":{"type":"Polygon","coordinates":[[[-2.80949,51.33711],[-2.81005,51.33725],[-2.80968,51.33768],[-2.80954,51.33778],[-2.80925,51.33784],[-2.80851,51.33768],[-2.80868,51.33726],[-2.80874,51.33722],[-2.80897,51.33727],[-2.80892,51.33732],[-2.80907,51.33734],[-2.80931,51.33707],[-2.80949,51.33711]]]}},{"type":"Feature","properties":{"MainHabs":"Traditional orchard","HabCodes":"TORCH","PrimSource":"Traditional Orchards HAP Inventory 2026 (TORCH)","AreaHa":0.13,"Version":"Sept_26","UID":"PHID34372889_015444303"},"geometry":{"type":"Polygon","coordinates":[[[-2.80806,51.28609],[-2.80808,51.28604],[-2.80833,51.28604],[-2.8085,51.28659],[-2.80825,51.28663],[-2.80806,51.28609]]]}},{"type":"Feature","properties":{"MainHabs":"Traditional orchard","HabCodes":"TORCH","PrimSource":"Traditional Orchards HAP Inventory 2026 (TORCH)","AreaHa":0.07,"Version":"Sept_26","UID":"PHID34373952_015792307"},"geometry":{"type":"Polygon","coordinates":[[[-2.80853,51.31742],[-2.80875,51.31741],[-2.80882,51.3178],[-2.80861,51.31782],[-2.80853,51.31742]]]}},{"type":"Feature","properties":{"MainHabs":"Traditional orchard","HabCodes":"TORCH","PrimSource":"Traditional Orchards HAP Inventory 2026 (TORCH)","AreaHa":0.05,"Version":"Sept_26","UID":"PHID34375735_016127953"},"geometry":{"type":"Polygon","coordinates":[[[-2.80882,51.34791],[-2.80876,51.34792],[-2.80873,51.34776],[-2.80909,51.34767],[-2.80919,51.34783],[-2.80882,51.34791]]]}},{"type":"Feature","properties":{"MainHabs":"Traditional orchard","HabCodes":"TORCH","PrimSource":"Traditional Orchards HAP Inventory 2025 (TORCH)","AreaHa":0.08,"Version":"Sept_26","UID":"PHID34378488_015742159"},"geometry":{"type":"Polygon","coordinates":[[[-2.80814,51.31325],[-2.80775,51.31329],[-2.80779,51.31297],[-2.80807,51.31294],[-2.80814,51.31325]]]}},{"type":"Feature","properties":{"MainHabs":"Traditional orchard","HabCodes":"TORCH","PrimSource":"Traditional Orchards HAP Inventory 2025 (TORCH)","AreaHa":0.08,"Version":"Sept_26","UID":"PHID34380243_015812038"},"geometry":{"type":"Polygon","coordinates":[[[-2.80752,51.31913],[-2.80751,51.31919],[-2.80786,51.31933],[-2.80789,51.31923],[-2.80796,51.31926],[-2.8079,51.31966],[-2.80771,51.31961],[-2.80775,51.31942],[-2.80752,51.31936],[-2.80754,51.31936],[-2.80756,51.31931],[-2.80753,51.31931],[-2.80754,51.31927],[-2.80748,51.31927],[-2.80752,51.31913]]]}},{"type":"Feature","properties":{"MainHabs":"Traditional orchard","HabCodes":"TORCH","PrimSource":"Traditional Orchards HAP Inventory 2026 (TORCH)","AreaHa":0.04,"Version":"Sept_26","UID":"PHID34381400_015809522"},"geometry":{"type":"Polygon","coordinates":[[[-2.80752,51.31913],[-2.80754,51.31908],[-2.80738,51.31903],[-2.8074,51.31901],[-2.80789,51.31923],[-2.80786,51.31933],[-2.80751,51.31919],[-2.80752,51.31913]]]}},{"type":"Feature","properties":{"MainHabs":"Traditional orchard","HabCodes":"TORCH","PrimSource":"Traditional Orchards HAP Inventory 2026 (TORCH)","AreaHa":0.04,"Version":"Sept_26","UID":"PHID34381814_015812860"},"geometry":{"type":"Polygon","coordinates":[[[-2.80771,51.31961],[-2.80748,51.31954],[-2.8075,51.31951],[-2.80742,51.31949],[-2.80746,51.31939],[-2.80741,51.31938],[-2.80742,51.31934],[-2.80775,51.31942],[-2.80771,51.31961]]]}},{"type":"Feature","properties":{"MainHabs":"Traditional orchard","HabCodes":"TORCH","PrimSource":"Traditional Orchards HAP Inventory 2026 (TORCH)","AreaHa":0.11,"Version":"Sept_26","UID":"PHID34385911_015748305"},"geometry":{"type":"Polygon","coordinates":[[[-2.80677,51.31346],[-2.8071,51.31351],[-2.80705,51.31385],[-2.80669,51.31386],[-2.80672,51.31344],[-2.80677,51.31346]]]}},{"type":"Feature","properties":{"MainHabs":"Traditional orchard","HabCodes":"TORCH","PrimSource":"Traditional Orchards HAP Inventory 2026 (TORCH)","AreaHa":0.21,"Version":"Sept_26","UID":"PHID34386626_016001488"},"geometry":{"type":"Polygon","coordinates":[[[-2.80717,51.33655],[-2.80666,51.33654],[-2.80663,51.33631],[-2.80774,51.3363],[-2.80772,51.33657],[-2.80717,51.33655]]]}},{"type":"Feature","properties":{"MainHabs":"Traditional orchard","HabCodes":"TORCH","PrimSource":"Traditional Orchards HAP Inventory 2026 (TORCH)","AreaHa":0.07,"Version":"Sept_26","UID":"PHID34388605_015474095"},"geometry":{"type":"Polygon","coordinates":[[[-2.80586,51.28913],[-2.80581,51.28895],[-2.80629,51.28891],[-2.80633,51.28909],[-2.80586,51.28913]]]}},{"type":"Feature","properties":{"MainHabs":"Traditional orchard","HabCodes":"TORCH","PrimSource":"Traditional Orchards HAP Inventory 2026 (TORCH)","AreaHa":0.02,"Version":"Sept_26","UID":"PHID34389103_015448142"},"geometry":{"type":"Polygon","coordinates":[[[-2.80612,51.2867],[-2.80584,51.28676],[-2.80579,51.28666],[-2.80608,51.28662],[-2.80612,51.2867]]]}},{"type":"Feature","properties":{"MainHabs":"Traditional orchard","HabCodes":"TORCH","PrimSource":"Traditional Orchards HAP Inventory 2026 (TORCH)","AreaHa":0.06,"Version":"Sept_26","UID":"PHID34389255_015471922"},"geometry":{"type":"Polygon","coordinates":[[[-2.80572,51.28876],[-2.8062,51.28873],[-2.80623,51.28887],[-2.80575,51.28892],[-2.80572,51.28876]]]}},{"type":"Feature","properties":{"MainHabs":"Traditional orchard","HabCodes":"TORCH","PrimSource":"Traditional Orchards HAP Inventory 2026 (TORCH)","AreaHa":0.1,"Version":"Sept_26","UID":"PHID34390410_015814194"},"geometry":{"type":"Polygon","coordinates":[[[-2.80632,51.31943],[-2.8063,51.31951],[-2.80655,51.31955],[-2.80652,51.31959],[-2.8066,51.31961],[-2.80655,51.31969],[-2.80665,51.31971],[-2.80665,51.31979],[-2.8062,51.31974],[-2.80606,51.31941],[-2.80632,51.31943]]]}},{"type":"Feature","properties":{"MainHabs":"Traditional orchard","HabCodes":"TORCH","PrimSource":"Traditional Orchards HAP Inventory 2026 (TORCH)","AreaHa":0.46,"Version":"Sept_26","UID":"PHID34390883_016071783"},"geometry":{"type":"Polygon","coordinates":[[[-2.80702,51.34324],[-2.80638,51.3432],[-2.80637,51.34254],[-2.80633,51.34233],[-2.80647,51.34233],[-2.80647,51.3423],[-2.80703,51.34229],[-2.807,51.34272],[-2.80702,51.34324]]]}},{"type":"Feature","properties":{"MainHabs":"Traditional orchard","HabCodes":"TORCH","PrimSource":"Traditional Orchards HAP Inventory 2026 (TORCH)","AreaHa":0.34,"Version":"Sept_26","UID":"PHID34391224_016111266"},"geometry":{"type":"Polygon","coordinates":[[[-2.80651,51.34665],[-2.80645,51.34666],[-2.80627,51.34603],[-2.80712,51.34593],[-2.80707,51.34618],[-2.80696,51.34642],[-2.80706,51.34659],[-2.80651,51.34665]]]}},{"type":"Feature","properties":{"MainHabs":"Traditional orchard","HabCodes":"TORCH","PrimSource":"Traditional Orchards HAP Inventory 2026 (TORCH)","AreaHa":0.02,"Version":"Sept_26","UID":"PHID34395405_015448744"},"geometry":{"type":"Polygon","coordinates":[[[-2.8051,51.28684],[-2.80505,51.28685],[-2.80493,51.28668],[-2.80508,51.28664],[-2.80518,51.28682],[-2.8051,51.28684]]]}},{"type":"Feature","properties":{"MainHabs":"Traditional orchard","HabCodes":"TORCH","PrimSource":"Traditional Orchards HAP Inventory 2026 (TORCH)","AreaHa":0.27,"Version":"Sept_26","UID":"PHID34402491_015946131"},"geometry":{"type":"Polygon","coordinates":[[[-2.80445,51.3312],[-2.80503,51.33115],[-2.80519,51.3318],[-2.80466,51.33178],[-2.80445,51.3312]]]}},{"type":"Feature","properties":{"MainHabs":"Traditional orchard","HabCodes":"TORCH","PrimSource":"Traditional Orchards HAP Inventory 2026 (TORCH)","AreaHa":0.16,"Version":"Sept_26","UID":"PHID34404772_015998134"},"geometry":{"type":"Polygon","coordinates":[[[-2.8044,51.33597],[-2.80496,51.33606],[-2.80484,51.33635],[-2.80458,51.3363],[-2.80457,51.33634],[-2.8042,51.33625],[-2.80433,51.33596],[-2.8044,51.33597]]]}},{"type":"Feature","properties":{"MainHabs":"Traditional orchard","HabCodes":"TORCH","PrimSource":"Traditional Orchards HAP Inventory 2026 (TORCH)","AreaHa":0.15,"Version":"Sept_26","UID":"PHID34407760_015897346"},"geometry":{"type":"Polygon","coordinates":[[[-2.80421,51.32707],[-2.80434,51.32726],[-2.80397,51.32736],[-2.80364,51.32694],[-2.80404,51.32682],[-2.80421,51.32707]]]}},{"type":"Feature","properties":{"MainHabs":"Traditional orchard","HabCodes":"TORCH","PrimSource":"Traditional Orchards HAP Inventory 2026 (TORCH)","AreaHa":0.27,"Version":"Sept_26","UID":"PHID34409184_016114854"},"geometry":{"type":"Polygon","coordinates":[[[-2.8038,51.34698],[-2.80382,51.34657],[-2.80392,51.34658],[-2.80393,51.3463],[-2.80404,51.34626],[-2.80405,51.34634],[-2.80431,51.3463],[-2.80447,51.34692],[-2.8038,51.34698]]]}},{"type":"Feature","properties":{"MainHabs":"Traditional orchard","HabCodes":"TORCH","PrimSource":"Traditional Orchards HAP Inventory 2026 (TORCH)","AreaHa":0.09,"Version":"Sept_26","UID":"PHID34417310_016110246"},"geometry":{"type":"Polygon","coordinates":[[[-2.80309,51.34652],[-2.80294,51.34653],[-2.80288,51.34649],[-2.80282,51.34595],[-2.803,51.34597],[-2.80309,51.34652]]]}},{"type":"Feature","properties":{"MainHabs":"Traditional orchard","HabCodes":"TORCH","PrimSource":"Traditional Orchards HAP Inventory 2026 (TORCH)","AreaHa":0.1,"Version":"Sept_26","UID":"PHID34417826_015991574"},"geometry":{"type":"Polygon","coordinates":[[[-2.80267,51.33537],[-2.80294,51.33539],[-2.80277,51.3358],[-2.80265,51.33578],[-2.80264,51.33566],[-2.80248,51.33561],[-2.80245,51.33558],[-2.80248,51.33547],[-2.80245,51.33544],[-2.80246,51.3354],[-2.80267,51.33537]]]}},{"type":"Feature","properties":{"MainHabs":"Traditional orchard","HabCodes":"TORCH","PrimSource":"Traditional Orchards HAP Inventory 2026 (TORCH)","AreaHa":0.06,"Version":"Sept_26","UID":"PHID34431827_015927397"},"geometry":{"type":"Polygon","coordinates":[[[-2.80067,51.32961],[-2.80073,51.32962],[-2.80078,51.32986],[-2.80072,51.33],[-2.80039,51.32987],[-2.80067,51.32961]]]}},{"type":"Feature","properties":{"MainHabs":"Traditional orchard","HabCodes":"TORCH","PrimSource":"Traditional Orchards HAP Inventory 2026 (TORCH)","AreaHa":0.05,"Version":"Sept_26","UID":"PHID34439659_015687479"},"geometry":{"type":"Polygon","coordinates":[[[-2.79933,51.30831],[-2.79897,51.30837],[-2.79888,51.30824],[-2.7992,51.30814],[-2.79933,51.30831]]]}},{"type":"Feature","properties":{"MainHabs":"Traditional orchard","HabCodes":"TORCH","PrimSource":"Traditional Orchards HAP Inventory 2026 (TORCH)","AreaHa":0.19,"Version":"Sept_26","UID":"PHID34442158_016096454"},"geometry":{"type":"Polygon","coordinates":[[[-2.79909,51.3447],[-2.79942,51.34467],[-2.79964,51.34544],[-2.79945,51.34553],[-2.79914,51.34492],[-2.79909,51.3447]]]}},{"type":"Feature","properties":{"MainHabs":"Traditional orchard","HabCodes":"TORCH","PrimSource":"Traditional Orchards HAP Inventory 2026 (TORCH)","AreaHa":0.86,"Version":"Sept_26","UID":"PHID34466533_015965465"},"geometry":{"type":"Polygon","coordinates":[[[-2.79556,51.33284],[-2.7951,51.33294],[-2.795,51.33286],[-2.79511,51.33244],[-2.7952,51.33243],[-2.79514,51.33233],[-2.7952,51.33229],[-2.79517,51.33227],[-2.79545,51.33213],[-2.7958,51.33242],[-2.79627,51.33263],[-2.79582,51.33288],[-2.79608,51.33304],[-2.79602,51.33307],[-2.79634,51.33331],[-2.79541,51.33368],[-2.79498,51.33328],[-2.79525,51.33317],[-2.7953,51.33323],[-2.79536,51.3332],[-2.7953,51.33315],[-2.79571,51.33295],[-2.79556,51.33284]]]}},{"type":"Feature","properties":{"MainHabs":"Traditional orchard","HabCodes":"TORCH","PrimSource":"Traditional Orchards HAP Inventory 2025 (TORCH)","AreaHa":0.22,"Version":"Sept_26","UID":"PHID34498141_015856201"},"geometry":{"type":"Polygon","coordinates":[[[-2.79081,51.32365],[-2.79066,51.32331],[-2.7911,51.32322],[-2.79139,51.32368],[-2.79094,51.32373],[-2.79095,51.32383],[-2.79083,51.32384],[-2.7908,51.32374],[-2.79055,51.32376],[-2.79053,51.3237],[-2.79081,51.32365]]]}},{"type":"Feature","properties":{"MainHabs":"Traditional orchard","HabCodes":"TORCH","PrimSource":"Traditional Orchards HAP Inventory 2026 (TORCH)","AreaHa":0.04,"Version":"Sept_26","UID":"PHID34535200_015739372"},"geometry":{"type":"Polygon","coordinates":[[[-2.78547,51.31287],[-2.78559,51.31288],[-2.78557,51.31316],[-2.78532,51.31313],[-2.78543,51.31304],[-2.78533,51.31289],[-2.78547,51.31287]]]}},{"type":"Feature","properties":{"MainHabs":"Traditional orchard","HabCodes":"TORCH","PrimSource":"Traditional Orchards HAP Inventory 2026 (TORCH)","AreaHa":0.5,"Version":"Sept_26","UID":"PHID34539113_016004928"},"geometry":{"type":"Polygon","coordinates":[[[-2.78444,51.33714],[-2.78411,51.33721],[-2.78404,51.33713],[-2.78606,51.33649],[-2.78625,51.3367],[-2.78616,51.33673],[-2.78615,51.33678],[-2.78608,51.33684],[-2.78548,51.337],[-2.78459,51.3373],[-2.78444,51.33714]]]}},{"type":"Feature","properties":{"MainHabs":"Traditional orchard","HabCodes":"TORCH","PrimSource":"Traditional Orchards HAP Inventory 2026 (TORCH)","AreaHa":0.05,"Version":"Sept_26","UID":"PHID34540536_016056491"},"geometry":{"type":"Polygon","coordinates":[[[-2.78522,51.34136],[-2.78536,51.34166],[-2.78515,51.3417],[-2.78501,51.34139],[-2.78522,51.34136]]]}},{"type":"Feature","properties":{"MainHabs":"Traditional orchard","HabCodes":"TORCH","PrimSource":"Traditional Orchards HAP Inventory 2026 (TORCH)","AreaHa":0.36,"Version":"Sept_26","UID":"PHID34542422_016062335"},"geometry":{"type":"Polygon","coordinates":[[[-2.78483,51.34234],[-2.78477,51.34235],[-2.78441,51.34147],[-2.78477,51.34142],[-2.78481,51.34154],[-2.78477,51.34154],[-2.78479,51.34159],[-2.78483,51.34158],[-2.78486,51.34167],[-2.78482,51.34168],[-2.78483,51.34171],[-2.78487,51.34171],[-2.78492,51.3418],[-2.78495,51.34179],[-2.78497,51.34183],[-2.78502,51.34184],[-2.78508,51.34183],[-2.78506,51.34179],[-2.78518,51.34176],[-2.78538,51.34215],[-2.78542,51.34225],[-2.78538,51.34227],[-2.78483,51.34234]]]}},{"type":"Feature","properties":{"MainHabs":"Traditional orchard","HabCodes":"TORCH","PrimSource":"Traditional Orchards HAP Inventory 2026 (TORCH)","AreaHa":0.03,"Version":"Sept_26","UID":"PHID34543425_016011549"},"geometry":{"type":"Polygon","coordinates":[[[-2.78489,51.3375],[-2.78453,51.33759],[-2.78446,51.3375],[-2.78482,51.3374],[-2.78489,51.3375]]]}},{"type":"Feature","properties":{"MainHabs":"Traditional orchard","HabCodes":"TORCH","PrimSource":"Traditional Orchards HAP Inventory 2026 (TORCH)","AreaHa":0.07,"Version":"Sept_26","UID":"PHID34548393_015958099"},"geometry":{"type":"Polygon","coordinates":[[[-2.78367,51.3328],[-2.78361,51.33258],[-2.78411,51.33261],[-2.7841,51.33264],[-2.78417,51.33264],[-2.78415,51.33274],[-2.78407,51.33273],[-2.78407,51.33277],[-2.78396,51.33276],[-2.78395,51.33281],[-2.78367,51.3328]]]}},{"type":"Feature","properties":{"MainHabs":"Traditional orchard","HabCodes":"TORCH","PrimSource":"Traditional Orchards HAP Inventory 2026 (TORCH)","AreaHa":0.47,"Version":"Sept_26","UID":"PHID34566381_015968846"},"geometry":{"type":"Polygon","coordinates":[[[-2.78092,51.3331],[-2.78104,51.33307],[-2.78111,51.33309],[-2.78126,51.33322],[-2.78167,51.33371],[-2.78182,51.33398],[-2.78178,51.33403],[-2.78104,51.33407],[-2.78091,51.33371],[-2.78086,51.33344],[-2.78086,51.33327],[-2.78092,51.3331]]]}},{"type":"Feature","properties":{"MainHabs":"Traditional orchard","HabCodes":"TORCH","PrimSource":"Traditional Orchards HAP Inventory 2026 (TORCH)","AreaHa":0.04,"Version":"Sept_26","UID":"PHID34591068_015930704"},"geometry":{"type":"Polygon","coordinates":[[[-2.77762,51.33037],[-2.77745,51.33037],[-2.77741,51.33034],[-2.77747,51.33029],[-2.77764,51.33027],[-2.77769,51.33021],[-2.77784,51.33017],[-2.77789,51.33022],[-2.77777,51.33034],[-2.77762,51.33037]]]}},{"type":"Feature","properties":{"MainHabs":"Traditional orchard","HabCodes":"TORCH","PrimSource":"Traditional Orchards HAP Inventory 2026 (TORCH)","AreaHa":0.01,"Version":"Sept_26","UID":"PHID34594292_015930011"},"geometry":{"type":"Polygon","coordinates":[[[-2.7773,51.33027],[-2.77716,51.3302],[-2.7773,51.33015],[-2.77737,51.33022],[-2.7773,51.33027]]]}},{"type":"Feature","properties":{"MainHabs":"Traditional orchard","HabCodes":"TORCH","PrimSource":"Traditional Orchards HAP Inventory 2026 (TORCH)","AreaHa":0.03,"Version":"Sept_26","UID":"PHID34597970_015931134"},"geometry":{"type":"Polygon","coordinates":[[[-2.77678,51.3304],[-2.77657,51.33041],[-2.77658,51.33032],[-2.77678,51.33021],[-2.77692,51.33025],[-2.77678,51.3304]]]}},{"type":"Feature","properties":{"MainHabs":"Traditional orchard","HabCodes":"TORCH","PrimSource":"Traditional Orchards HAP Inventory 2026 (TORCH)","AreaHa":0.09,"Version":"Sept_26","UID":"PHID34608589_015933236"},"geometry":{"type":"Polygon","coordinates":[[[-2.7754,51.33034],[-2.7754,51.33069],[-2.77505,51.33069],[-2.77508,51.33034],[-2.7754,51.33034]]]}},{"type":"Feature","properties":{"MainHabs":"Traditional orchard","HabCodes":"TORCH","PrimSource":"Traditional Orchards HAP Inventory 2026 (TORCH)","AreaHa":0.74,"Version":"Sept_26","UID":"PHID34614253_015413034"},"geometry":{"type":"Polygon","coordinates":[[[-2.77395,51.28365],[-2.77413,51.28412],[-2.77402,51.28414],[-2.77406,51.28424],[-2.77421,51.28419],[-2.77422,51.28422],[-2.77313,51.28437],[-2.77311,51.28428],[-2.77317,51.28427],[-2.77313,51.28416],[-2.77308,51.28417],[-2.77307,51.28409],[-2.77326,51.28409],[-2.77326,51.28404],[-2.77319,51.28404],[-2.77316,51.28398],[-2.77313,51.28398],[-2.77312,51.28393],[-2.77316,51.28393],[-2.77314,51.28375],[-2.77303,51.2836],[-2.77305,51.28353],[-2.77321,51.28348],[-2.77322,51.28351],[-2.7733,51.28352],[-2.77353,51.2835],[-2.77347,51.28339],[-2.77335,51.28338],[-2.77334,51.28333],[-2.77356,51.28331],[-2.77365,51.28307],[-2.77416,51.28305],[-2.77421,51.28329],[-2.77391,51.28333],[-2.77387,51.28336],[-2.77395,51.28365]]]}},{"type":"Feature","properties":{"MainHabs":"Traditional orchard","HabCodes":"TORCH","PrimSource":"Traditional Orchards HAP Inventory 2026 (TORCH)","AreaHa":0.07,"Version":"Sept_26","UID":"PHID34619159_016058171"},"geometry":{"type":"Polygon","coordinates":[[[-2.77369,51.34167],[-2.77401,51.3416],[-2.7741,51.34186],[-2.77381,51.34191],[-2.77369,51.34167]]]}},{"type":"Feature","properties":{"MainHabs":"Traditional orchard","HabCodes":"TORCH","PrimSource":"Traditional Orchards HAP Inventory 2026 (TORCH)","AreaHa":0.09,"Version":"Sept_26","UID":"PHID34632157_016103403"},"geometry":{"type":"Polygon","coordinates":[[[-2.7721,51.34601],[-2.77188,51.34601],[-2.77191,51.34572],[-2.77218,51.34565],[-2.77232,51.34582],[-2.77223,51.34598],[-2.7721,51.34601]]]}},{"type":"Feature","properties":{"MainHabs":"Traditional orchard","HabCodes":"TORCH","PrimSource":"Traditional Orchards HAP Inventory 2026 (TORCH)","AreaHa":0.08,"Version":"Sept_26","UID":"PHID34632775_016076292"},"geometry":{"type":"Polygon","coordinates":[[[-2.7718,51.3434],[-2.77179,51.34326],[-2.77196,51.34326],[-2.77195,51.34324],[-2.77208,51.34322],[-2.77215,51.34355],[-2.77181,51.34358],[-2.7718,51.3434]]]}},{"type":"Feature","properties":{"MainHabs":"Traditional orchard","HabCodes":"TORCH","PrimSource":"Traditional Orchards HAP Inventory 2025 (TORCH)","AreaHa":0.25,"Version":"Sept_26","UID":"PHID34639879_016143256"},"geometry":{"type":"Polygon","coordinates":[[[-2.7715,51.34957],[-2.77142,51.34962],[-2.77075,51.34967],[-2.7705,51.34964],[-2.77054,51.34952],[-2.77066,51.34937],[-2.7709,51.3493],[-2.77103,51.34919],[-2.77122,51.34921],[-2.77134,51.34936],[-2.77148,51.3494],[-2.77155,51.34954],[-2.7715,51.34957]]]}},{"type":"Feature","properties":{"MainHabs":"Traditional orchard","HabCodes":"TORCH","PrimSource":"Traditional Orchards HAP Inventory 2026 (TORCH)","AreaHa":0.11,"Version":"Sept_26","UID":"PHID34640890_016091632"},"geometry":{"type":"Polygon","coordinates":[[[-2.77055,51.34485],[-2.77059,51.34469],[-2.77068,51.34462],[-2.77078,51.34462],[-2.77104,51.34469],[-2.7711,51.34473],[-2.77098,51.34486],[-2.77111,51.34499],[-2.77109,51.34502],[-2.77103,51.34498],[-2.77063,51.3449],[-2.77055,51.34485]]]}},{"type":"Feature","properties":{"MainHabs":"Traditional orchard","HabCodes":"TORCH","PrimSource":"Traditional Orchards HAP Inventory 2026 (TORCH)","AreaHa":0.24,"Version":"Sept_26","UID":"PHID34647698_016041200"},"geometry":{"type":"Polygon","coordinates":[[[-2.77012,51.34049],[-2.76958,51.34047],[-2.76961,51.34036],[-2.76939,51.34034],[-2.7694,51.34003],[-2.77012,51.34005],[-2.7702,51.34049],[-2.77012,51.34049]]]}},{"type":"Feature","properties":{"MainHabs":"Traditional orchard","HabCodes":"TORCH","PrimSource":"Traditional Orchards HAP Inventory 2026 (TORCH)","AreaHa":0.42,"Version":"Sept_26","UID":"PHID34655732_015938864"},"geometry":{"type":"Polygon","coordinates":[[[-2.76785,51.331],[-2.76858,51.33095],[-2.76858,51.33074],[-2.76899,51.33075],[-2.76905,51.3308],[-2.76911,51.33127],[-2.76866,51.3313],[-2.76866,51.33126],[-2.7686,51.33126],[-2.76861,51.33115],[-2.76849,51.33115],[-2.76849,51.33138],[-2.7681,51.33137],[-2.76811,51.33139],[-2.76781,51.3314],[-2.76785,51.331]]]}},{"type":"Feature","properties":{"MainHabs":"Traditional orchard","HabCodes":"TORCH","PrimSource":"Traditional Orchards HAP Inventory 2026 (TORCH)","AreaHa":0.22,"Version":"Sept_26","UID":"PHID34661799_016043376"},"geometry":{"type":"Polygon","coordinates":[[[-2.7677,51.34062],[-2.76762,51.34076],[-2.76768,51.34104],[-2.76755,51.34105],[-2.76736,51.3403],[-2.76808,51.34032],[-2.76814,51.34055],[-2.76793,51.34062],[-2.7677,51.34062]]]}},{"type":"Feature","properties":{"MainHabs":"Traditional orchard","HabCodes":"TORCH","PrimSource":"Traditional Orchards HAP Inventory 2026 (TORCH)","AreaHa":0.1,"Version":"Sept_26","UID":"PHID34678092_016057889"},"geometry":{"type":"Polygon","coordinates":[[[-2.76523,51.34173],[-2.76528,51.34165],[-2.76567,51.34163],[-2.76571,51.34194],[-2.76513,51.34185],[-2.76523,51.34173]]]}},{"type":"Feature","properties":{"MainHabs":"Traditional orchard","HabCodes":"TORCH","PrimSource":"Traditional Orchards HAP Inventory 2026 (TORCH)","AreaHa":0.4,"Version":"Sept_26","UID":"PHID34736348_016069754"},"geometry":{"type":"Polygon","coordinates":[[[-2.75726,51.34311],[-2.75708,51.34328],[-2.7567,51.34324],[-2.75652,51.34316],[-2.75656,51.34314],[-2.75652,51.34312],[-2.75649,51.34314],[-2.75612,51.34294],[-2.7563,51.3428],[-2.75661,51.34296],[-2.75723,51.34254],[-2.75765,51.3428],[-2.75726,51.34311]]]}},{"type":"Feature","properties":{"MainHabs":"Traditional orchard","HabCodes":"TORCH","PrimSource":"Traditional Orchards HAP Inventory 2026 (TORCH)","AreaHa":0.16,"Version":"Sept_26","UID":"PHID34767531_016060861"},"geometry":{"type":"Polygon","coordinates":[[[-2.75227,51.3421],[-2.75258,51.34188],[-2.75263,51.34187],[-2.75281,51.34191],[-2.75286,51.34188],[-2.75293,51.34213],[-2.75287,51.3424],[-2.75289,51.34225],[-2.75283,51.34225],[-2.7528,51.34245],[-2.75271,51.34247],[-2.75269,51.34246],[-2.75275,51.34242],[-2.75278,51.34225],[-2.7527,51.34225],[-2.75266,51.34244],[-2.75248,51.3423],[-2.75252,51.34215],[-2.75238,51.34207],[-2.75229,51.34212],[-2.75227,51.3421]]]}},{"type":"Feature","properties":{"MainHabs":"Traditional orchard","HabCodes":"TORCH","PrimSource":"Traditional Orchards HAP Inventory 2026 (TORCH)","AreaHa":0.8,"Version":"Sept_26","UID":"PHID34780877_015951184"},"geometry":{"type":"Polygon","coordinates":[[[-2.7511,51.33185],[-2.75141,51.33244],[-2.75093,51.33252],[-2.75091,51.3325],[-2.75086,51.33251],[-2.75086,51.33255],[-2.75006,51.33272],[-2.74998,51.33271],[-2.74989,51.33262],[-2.74962,51.33202],[-2.7511,51.33185]]]}},{"type":"Feature","properties":{"MainHabs":"Traditional orchard","HabCodes":"TORCH","PrimSource":"Traditional Orchards HAP Inventory 2026 (TORCH)","AreaHa":1.53,"Version":"Sept_26","UID":"PHID34795534_015953315"},"geometry":{"type":"Polygon","coordinates":[[[-2.74876,51.33173],[-2.7494,51.33297],[-2.74874,51.33319],[-2.74863,51.33311],[-2.74849,51.33313],[-2.74846,51.33315],[-2.74852,51.33317],[-2.74856,51.33325],[-2.74823,51.33335],[-2.74803,51.33308],[-2.74785,51.33277],[-2.74746,51.33203],[-2.74745,51.33192],[-2.74777,51.3319],[-2.74775,51.33182],[-2.74799,51.33181],[-2.74798,51.33172],[-2.74873,51.33168],[-2.74876,51.33173]]]}},{"type":"Feature","properties":{"MainHabs":"Traditional orchard","HabCodes":"TORCH","PrimSource":"Traditional Orchards HAP Inventory 2026 (TORCH)","AreaHa":0.08,"Version":"Sept_26","UID":"PHID34808735_015905762"},"geometry":{"type":"Polygon","coordinates":[[[-2.74629,51.32814],[-2.74628,51.3281],[-2.74648,51.32806],[-2.74646,51.32803],[-2.74653,51.32801],[-2.74669,51.3283],[-2.74654,51.3283],[-2.74655,51.32839],[-2.74633,51.32841],[-2.74623,51.32818],[-2.74629,51.32814]]]}},{"type":"Feature","properties":{"MainHabs":"Traditional orchard","HabCodes":"TORCH","PrimSource":"Traditional Orchards HAP Inventory 2026 (TORCH)","AreaHa":0.17,"Version":"Sept_26","UID":"PHID34844445_015900400"},"geometry":{"type":"Polygon","coordinates":[[[-2.7412,51.32754],[-2.74159,51.3276],[-2.74159,51.32758],[-2.74167,51.32757],[-2.7416,51.32777],[-2.74157,51.32777],[-2.74153,51.32792],[-2.7413,51.32801],[-2.74099,51.32807],[-2.7411,51.32772],[-2.7412,51.32754]]]}},{"type":"Feature","properties":{"MainHabs":"Traditional orchard","HabCodes":"TORCH","PrimSource":"Traditional Orchards HAP Inventory 2026 (TORCH)","AreaHa":0.79,"Version":"Sept_26","UID":"PHID34852140_015953106"},"geometry":{"type":"Polygon","coordinates":[[[-2.7407,51.33217],[-2.74055,51.33231],[-2.74087,51.33244],[-2.74051,51.3326],[-2.74077,51.33287],[-2.7408,51.333],[-2.74078,51.33316],[-2.7411,51.33323],[-2.74101,51.33348],[-2.74083,51.33352],[-2.74057,51.33352],[-2.74045,51.33334],[-2.74052,51.33322],[-2.74047,51.33313],[-2.74015,51.33303],[-2.74001,51.33283],[-2.73987,51.33273],[-2.73963,51.33265],[-2.7395,51.33256],[-2.74009,51.33222],[-2.7402,51.33212],[-2.74021,51.332],[-2.74026,51.33194],[-2.7407,51.33217]]]}},{"type":"Feature","properties":{"MainHabs":"Traditional orchard","HabCodes":"TORCH","PrimSource":"Traditional Orchards HAP Inventory 2026 (TORCH)","AreaHa":0.18,"Version":"Sept_26","UID":"PHID34853911_015922414"},"geometry":{"type":"Polygon","coordinates":[[[-2.7396,51.32978],[-2.73975,51.32967],[-2.73997,51.32957],[-2.74015,51.32959],[-2.74039,51.32968],[-2.74023,51.33009],[-2.7396,51.32978]]]}},{"type":"Feature","properties":{"MainHabs":"Traditional orchard","HabCodes":"TORCH","PrimSource":"Traditional Orchards HAP Inventory 2026 (TORCH)","AreaHa":0.81,"Version":"Sept_26","UID":"PHID34857459_015930357"},"geometry":{"type":"Polygon","coordinates":[[[-2.7397,51.32988],[-2.73994,51.32996],[-2.74035,51.33023],[-2.73997,51.33069],[-2.73994,51.33106],[-2.73985,51.33109],[-2.73933,51.3307],[-2.73826,51.3302],[-2.73895,51.3302],[-2.73912,51.33015],[-2.73954,51.32993],[-2.7397,51.32988]]]}},{"type":"Feature","properties":{"MainHabs":"Traditional orchard","HabCodes":"TORCH","PrimSource":"Traditional Orchards HAP Inventory 2026 (TORCH)","AreaHa":0.22,"Version":"Sept_26","UID":"PHID34858981_015990005"},"geometry":{"type":"Polygon","coordinates":[[[-2.73903,51.33562],[-2.73944,51.33558],[-2.73977,51.336],[-2.73922,51.33616],[-2.73897,51.33573],[-2.73903,51.33562]]]}},{"type":"Feature","properties":{"MainHabs":"Traditional orchard","HabCodes":"TORCH","PrimSource":"Traditional Orchards HAP Inventory 2026 (TORCH)","AreaHa":0.72,"Version":"Sept_26","UID":"PHID34859906_015940074"},"geometry":{"type":"Polygon","coordinates":[[[-2.73897,51.33121],[-2.73888,51.33121],[-2.73886,51.33117],[-2.73847,51.33122],[-2.73838,51.331],[-2.73946,51.33093],[-2.73994,51.33129],[-2.7399,51.33131],[-2.73992,51.33134],[-2.7397,51.33131],[-2.73983,51.33156],[-2.73976,51.33155],[-2.73974,51.33161],[-2.73978,51.33162],[-2.73976,51.33166],[-2.73988,51.3317],[-2.73973,51.33195],[-2.73953,51.33214],[-2.73946,51.33206],[-2.73941,51.33208],[-2.73929,51.33189],[-2.73911,51.33172],[-2.73903,51.33175],[-2.73906,51.3318],[-2.73893,51.33184],[-2.73883,51.33175],[-2.73884,51.33167],[-2.73902,51.33166],[-2.73897,51.33121]]]}},{"type":"Feature","properties":{"MainHabs":"Traditional orchard","HabCodes":"TORCH","PrimSource":"Traditional Orchards HAP Inventory 2026 (TORCH)","AreaHa":0.08,"Version":"Sept_26","UID":"PHID34923475_015990728"},"geometry":{"type":"Polygon","coordinates":[[[-2.73039,51.33586],[-2.73041,51.33593],[-2.73049,51.33598],[-2.73057,51.33608],[-2.72977,51.33603],[-2.72974,51.33598],[-2.73039,51.33586]]]}},{"type":"Feature","properties":{"MainHabs":"Traditional orchard","HabCodes":"TORCH","PrimSource":"Traditional Orchards HAP Inventory 2026 (TORCH)","AreaHa":0.23,"Version":"Sept_26","UID":"PHID34937032_015807721"},"geometry":{"type":"Polygon","coordinates":[[[-2.72833,51.31933],[-2.728,51.31983],[-2.72749,51.31975],[-2.72779,51.31922],[-2.72833,51.31933]]]}},{"type":"Feature","geometry":{"type":"Polygon","coordinates":[[[-2.76911,51.33127],[-2.76887,51.33131],[-2.7686,51.3313],[-2.76861,51.33115],[-2.76849,51.33115],[-2.76849,51.33138],[-2.7681,51.33137],[-2.76811,51.33139],[-2.76781,51.3314],[-2.76785,51.331],[-2.76858,51.33095],[-2.76858,51.33074],[-2.76897,51.33075],[-2.76904,51.33078],[-2.76911,51.33127]]]},"properties":{"MainHabs":"Traditional orchard","PrimSource":"Traditional Orchard"}},{"type":"Feature","geometry":{"type":"Polygon","coordinates":[[[-2.74902,51.33228],[-2.7494,51.33297],[-2.74823,51.33335],[-2.74799,51.33303],[-2.74779,51.33263],[-2.74902,51.33228]]]},"properties":{"MainHabs":"Traditional orchard","PrimSource":"Traditional Orchard"}},{"type":"Feature","geometry":{"type":"Polygon","coordinates":[[[-2.7407,51.33217],[-2.74038,51.33247],[-2.7401,51.3322],[-2.7402,51.33212],[-2.74021,51.332],[-2.74026,51.33194],[-2.7407,51.33217]]]},"properties":{"MainHabs":"Traditional orchard","PrimSource":"Traditional Orchard"}},{"type":"Feature","geometry":{"type":"Polygon","coordinates":[[[-2.73953,51.33214],[-2.73946,51.33206],[-2.73941,51.33208],[-2.73929,51.33189],[-2.73915,51.33177],[-2.73893,51.33184],[-2.73883,51.33175],[-2.73884,51.33167],[-2.73904,51.33166],[-2.73901,51.33122],[-2.7397,51.33131],[-2.73983,51.33156],[-2.73962,51.33156],[-2.73958,51.33158],[-2.73958,51.33166],[-2.73979,51.33169],[-2.7399,51.33167],[-2.73973,51.33195],[-2.73953,51.33214]],[[-2.73944,51.33203],[-2.73949,51.33201],[-2.73939,51.3319],[-2.73934,51.33191],[-2.73944,51.33203]]]},"properties":{"MainHabs":"Traditional orchard","PrimSource":"Traditional Orchard"}},{"type":"Feature","geometry":{"type":"Polygon","coordinates":[[[-2.7401,51.3322],[-2.74076,51.33284],[-2.7408,51.333],[-2.74078,51.33317],[-2.74062,51.33317],[-2.74051,51.33323],[-2.74051,51.33318],[-2.74046,51.33311],[-2.74018,51.33304],[-2.74009,51.33297],[-2.74001,51.33283],[-2.73987,51.33273],[-2.73963,51.33265],[-2.7395,51.33256],[-2.7401,51.3322]]]},"properties":{"MainHabs":"Traditional orchard","PrimSource":"Traditional Orchard"}},{"type":"Feature","geometry":{"type":"Polygon","coordinates":[[[-2.78122,51.33318],[-2.78167,51.33371],[-2.78182,51.33398],[-2.78177,51.33405],[-2.78105,51.3341],[-2.7809,51.33366],[-2.78086,51.33327],[-2.78093,51.33308],[-2.78111,51.33309],[-2.78122,51.33318]]]},"properties":{"MainHabs":"Traditional orchard","PrimSource":"Traditional Orchard"}},{"type":"Feature","geometry":{"type":"Polygon","coordinates":[[[-2.74669,51.3283],[-2.74654,51.3283],[-2.74655,51.32839],[-2.74633,51.32839],[-2.74623,51.32818],[-2.74629,51.32814],[-2.74628,51.3281],[-2.74648,51.32806],[-2.74646,51.32803],[-2.74653,51.32801],[-2.74669,51.3283]]]},"properties":{"MainHabs":"Traditional orchard","PrimSource":"Traditional Orchard"}},{"type":"Feature","geometry":{"type":"Polygon","coordinates":[[[-2.74956,51.3275],[-2.74929,51.32767],[-2.74923,51.32767],[-2.74923,51.32771],[-2.74854,51.32784],[-2.74797,51.32783],[-2.74793,51.32741],[-2.74834,51.3274],[-2.74845,51.32727],[-2.74856,51.32727],[-2.74858,51.32732],[-2.74851,51.32739],[-2.74854,51.32745],[-2.74853,51.32753],[-2.74833,51.32762],[-2.74834,51.32766],[-2.74842,51.32769],[-2.74865,51.32761],[-2.74872,51.32763],[-2.74904,51.32757],[-2.74907,51.32753],[-2.74905,51.32748],[-2.74894,51.32749],[-2.7489,51.32742],[-2.74893,51.32739],[-2.74913,51.32735],[-2.74921,51.32724],[-2.74935,51.32732],[-2.74956,51.3275]]]},"properties":{"MainHabs":"Traditional orchard","PrimSource":"Traditional Orchard"}},{"type":"Feature","geometry":{"type":"MultiPolygon","coordinates":[[[[-2.77789,51.33022],[-2.77777,51.33034],[-2.77745,51.33037],[-2.77741,51.33034],[-2.77747,51.33029],[-2.77764,51.33027],[-2.77769,51.33021],[-2.77784,51.33017],[-2.77789,51.33022]]],[[[-2.7773,51.33027],[-2.77716,51.3302],[-2.7773,51.33015],[-2.77737,51.33022],[-2.7773,51.33027]]],[[[-2.77678,51.3304],[-2.77657,51.33039],[-2.77657,51.33032],[-2.77678,51.33021],[-2.77692,51.33025],[-2.77678,51.3304]]]]},"properties":{"MainHabs":"Traditional orchard","PrimSource":"Traditional Orchard"}},{"type":"Feature","geometry":{"type":"Polygon","coordinates":[[[-2.77075,51.34967],[-2.7705,51.34964],[-2.77054,51.34952],[-2.77066,51.34937],[-2.7709,51.3493],[-2.77103,51.34919],[-2.77122,51.34921],[-2.77134,51.34936],[-2.77148,51.3494],[-2.77155,51.34954],[-2.77142,51.34962],[-2.77075,51.34967]]]},"properties":{"MainHabs":"Traditional orchard","PrimSource":"Traditional Orchard"}},{"type":"Feature","geometry":{"type":"Polygon","coordinates":[[[-2.7718,51.34339],[-2.77179,51.34326],[-2.77196,51.34326],[-2.77195,51.34324],[-2.77208,51.34322],[-2.77215,51.34355],[-2.77181,51.34358],[-2.7718,51.34339]]]},"properties":{"MainHabs":"Traditional orchard","PrimSource":"Traditional Orchard"}},{"type":"Feature","geometry":{"type":"Polygon","coordinates":[[[-2.76542,51.34164],[-2.76567,51.34163],[-2.76571,51.34194],[-2.76513,51.34185],[-2.76528,51.34165],[-2.76542,51.34164]]]},"properties":{"MainHabs":"Traditional orchard","PrimSource":"Traditional Orchard"}},{"type":"Feature","geometry":{"type":"Polygon","coordinates":[[[-2.76814,51.34055],[-2.76793,51.34062],[-2.7677,51.34062],[-2.76762,51.34076],[-2.76768,51.34104],[-2.76755,51.34105],[-2.76737,51.34034],[-2.76741,51.34034],[-2.76741,51.34031],[-2.76808,51.34031],[-2.76814,51.34055]]]},"properties":{"MainHabs":"Traditional orchard","PrimSource":"Traditional Orchard"}},{"type":"Feature","geometry":{"type":"Polygon","coordinates":[[[-2.78518,51.34176],[-2.78542,51.34225],[-2.78483,51.34234],[-2.78441,51.34147],[-2.78477,51.34142],[-2.78481,51.34154],[-2.78477,51.34154],[-2.78479,51.34159],[-2.78483,51.34158],[-2.78486,51.34167],[-2.78481,51.34168],[-2.78483,51.34171],[-2.78487,51.34171],[-2.78492,51.3418],[-2.78495,51.34179],[-2.78497,51.34183],[-2.78502,51.34184],[-2.78508,51.34183],[-2.78506,51.34179],[-2.78518,51.34176]],[[-2.78472,51.34144],[-2.78468,51.34144],[-2.7847,51.34148],[-2.78473,51.34147],[-2.78472,51.34144]]]},"properties":{"MainHabs":"Traditional orchard","PrimSource":"Traditional Orchard"}},{"type":"Feature","geometry":{"type":"Polygon","coordinates":[[[-2.78628,51.33669],[-2.78616,51.33673],[-2.78611,51.33682],[-2.786,51.33686],[-2.78547,51.33701],[-2.78535,51.33696],[-2.78525,51.33698],[-2.78501,51.33716],[-2.7847,51.33727],[-2.78451,51.33712],[-2.78411,51.33721],[-2.78404,51.33713],[-2.78591,51.33653],[-2.78611,51.33656],[-2.78628,51.33669]]]},"properties":{"MainHabs":"Traditional orchard","PrimSource":"Traditional Orchard"}},{"type":"Feature","geometry":{"type":"Polygon","coordinates":[[[-2.81605,51.34778],[-2.81649,51.3479],[-2.81653,51.348],[-2.8158,51.34821],[-2.8156,51.34822],[-2.81541,51.34818],[-2.81605,51.34778]]]},"properties":{"MainHabs":"Traditional orchard","PrimSource":"Traditional Orchard"}},{"type":"Feature","geometry":{"type":"Polygon","coordinates":[[[-2.80309,51.34652],[-2.80294,51.34653],[-2.80288,51.34649],[-2.80282,51.34595],[-2.803,51.34597],[-2.80309,51.34652]]]},"properties":{"MainHabs":"Traditional orchard","PrimSource":"Traditional Orchard"}},{"type":"Feature","geometry":{"type":"Polygon","coordinates":[[[-2.82595,51.33931],[-2.8262,51.33973],[-2.82549,51.34],[-2.82501,51.34015],[-2.82457,51.33981],[-2.82546,51.33946],[-2.82595,51.33931]]]},"properties":{"MainHabs":"Traditional orchard","PrimSource":"Traditional Orchard"}},{"type":"Feature","geometry":{"type":"Polygon","coordinates":[[[-2.81099,51.33877],[-2.81063,51.33875],[-2.80999,51.3386],[-2.81018,51.3383],[-2.81036,51.33833],[-2.8105,51.33827],[-2.81058,51.33821],[-2.81057,51.33812],[-2.81061,51.33806],[-2.81103,51.33814],[-2.81134,51.33858],[-2.81099,51.33877]]]},"properties":{"MainHabs":"Traditional orchard","PrimSource":"Traditional Orchard"}},{"type":"Feature","geometry":{"type":"Polygon","coordinates":[[[-2.80866,51.33772],[-2.80876,51.33749],[-2.80892,51.33744],[-2.8089,51.33739],[-2.8088,51.33737],[-2.80879,51.33731],[-2.80881,51.33724],[-2.80897,51.33727],[-2.80892,51.33732],[-2.80907,51.33734],[-2.80921,51.33721],[-2.80932,51.33723],[-2.80948,51.33711],[-2.81005,51.33725],[-2.80968,51.33768],[-2.80948,51.3378],[-2.80925,51.33784],[-2.80866,51.33772]]]},"properties":{"MainHabs":"Traditional orchard","PrimSource":"Traditional Orchard"}},{"type":"Feature","geometry":{"type":"Polygon","coordinates":[[[-2.83224,51.33796],[-2.83208,51.33792],[-2.83206,51.33801],[-2.8312,51.33822],[-2.83086,51.33826],[-2.83085,51.33801],[-2.83069,51.33749],[-2.83278,51.33701],[-2.83436,51.33659],[-2.83458,51.33689],[-2.83462,51.33696],[-2.83456,51.33697],[-2.83459,51.33702],[-2.83464,51.33701],[-2.83477,51.33731],[-2.83224,51.33796]]]},"properties":{"MainHabs":"Traditional orchard","PrimSource":"Traditional Orchard"}},{"type":"Feature","geometry":{"type":"Polygon","coordinates":[[[-2.83458,51.33647],[-2.83441,51.33612],[-2.83591,51.33582],[-2.83603,51.3361],[-2.83601,51.33616],[-2.83458,51.33647]],[[-2.83473,51.33644],[-2.83471,51.33639],[-2.8346,51.33641],[-2.83462,51.33646],[-2.83473,51.33644]],[[-2.83517,51.33633],[-2.83514,51.33627],[-2.83499,51.33631],[-2.83502,51.33637],[-2.83517,51.33633]],[[-2.83494,51.33632],[-2.83485,51.33635],[-2.83487,51.33638],[-2.83496,51.33636],[-2.83494,51.33632]],[[-2.83499,51.33631],[-2.83495,51.33632],[-2.83499,51.33638],[-2.83502,51.33637],[-2.83499,51.33631]]]},"properties":{"MainHabs":"Traditional orchard","PrimSource":"Traditional Orchard"}},{"type":"Feature","geometry":{"type":"Polygon","coordinates":[[[-2.84044,51.33411],[-2.84062,51.33426],[-2.8398,51.33462],[-2.83982,51.33359],[-2.84044,51.33411]]]},"properties":{"MainHabs":"Traditional orchard","PrimSource":"Traditional Orchard"}},{"type":"Feature","geometry":{"type":"Polygon","coordinates":[[[-2.83752,51.33299],[-2.83737,51.3328],[-2.83764,51.33276],[-2.83785,51.33301],[-2.83752,51.33299]]]},"properties":{"MainHabs":"Traditional orchard","PrimSource":"Traditional Orchard"}},{"type":"Feature","geometry":{"type":"Polygon","coordinates":[[[-2.83511,51.33182],[-2.83486,51.33148],[-2.8355,51.33135],[-2.83569,51.33167],[-2.83511,51.33182]]]},"properties":{"MainHabs":"Traditional orchard","PrimSource":"Traditional Orchard"}},{"type":"Feature","geometry":{"type":"Polygon","coordinates":[[[-2.83511,51.33182],[-2.83463,51.33198],[-2.8338,51.33103],[-2.83428,51.33082],[-2.83468,51.33125],[-2.83511,51.33182]]]},"properties":{"MainHabs":"Traditional orchard","PrimSource":"Traditional Orchard"}},{"type":"Feature","geometry":{"type":"Polygon","coordinates":[[[-2.83587,51.3322],[-2.8358,51.33228],[-2.8357,51.33231],[-2.83573,51.33244],[-2.83551,51.33246],[-2.83546,51.3322],[-2.83535,51.33215],[-2.83529,51.33207],[-2.83549,51.33191],[-2.83561,51.33187],[-2.83575,51.33192],[-2.8358,51.33206],[-2.8359,51.33212],[-2.83587,51.3322]]]},"properties":{"MainHabs":"Traditional orchard","PrimSource":"Traditional Orchard"}},{"type":"Feature","geometry":{"type":"Polygon","coordinates":[[[-2.82591,51.33553],[-2.82573,51.33564],[-2.82556,51.33566],[-2.82544,51.3356],[-2.82545,51.3355],[-2.8255,51.33545],[-2.82517,51.33533],[-2.82513,51.33518],[-2.82539,51.33513],[-2.82536,51.33491],[-2.82538,51.33485],[-2.82573,51.33488],[-2.82573,51.33505],[-2.82555,51.33509],[-2.82548,51.33517],[-2.82584,51.33529],[-2.82579,51.33538],[-2.82571,51.33543],[-2.82587,51.33546],[-2.82591,51.33553]]]},"properties":{"MainHabs":"Traditional orchard","PrimSource":"Traditional Orchard"}},{"type":"Feature","geometry":{"type":"Polygon","coordinates":[[[-2.82009,51.33391],[-2.81984,51.33396],[-2.81984,51.33411],[-2.81953,51.33411],[-2.81955,51.33371],[-2.8201,51.33372],[-2.82009,51.33391]]]},"properties":{"MainHabs":"Traditional orchard","PrimSource":"Traditional Orchard"}},{"type":"Feature","geometry":{"type":"Polygon","coordinates":[[[-2.80484,51.33635],[-2.80458,51.3363],[-2.80457,51.33634],[-2.8042,51.33625],[-2.80427,51.33607],[-2.8043,51.33608],[-2.80433,51.33595],[-2.80496,51.33606],[-2.80484,51.33635]]]},"properties":{"MainHabs":"Traditional orchard","PrimSource":"Traditional Orchard"}},{"type":"Feature","geometry":{"type":"Polygon","coordinates":[[[-2.80277,51.3358],[-2.80265,51.33578],[-2.80264,51.33566],[-2.80248,51.33561],[-2.80245,51.33558],[-2.80248,51.33547],[-2.80245,51.33544],[-2.80246,51.3354],[-2.80272,51.33536],[-2.80294,51.3354],[-2.80277,51.3358]]]},"properties":{"MainHabs":"Traditional orchard","PrimSource":"Traditional Orchard"}},{"type":"Feature","geometry":{"type":"Polygon","coordinates":[[[-2.79571,51.33356],[-2.79553,51.33338],[-2.79522,51.3335],[-2.79498,51.33328],[-2.79525,51.33317],[-2.7953,51.33323],[-2.79536,51.3332],[-2.7953,51.33315],[-2.79541,51.3331],[-2.79578,51.33307],[-2.79591,51.33316],[-2.79607,51.3331],[-2.79634,51.33331],[-2.79571,51.33356]]]},"properties":{"MainHabs":"Traditional orchard","PrimSource":"Traditional Orchard"}},{"type":"Feature","geometry":{"type":"Polygon","coordinates":[[[-2.79627,51.33263],[-2.79596,51.3328],[-2.79591,51.33276],[-2.79577,51.33276],[-2.79556,51.33266],[-2.79545,51.33264],[-2.79535,51.33268],[-2.79522,51.3325],[-2.79514,51.33233],[-2.7952,51.33229],[-2.79516,51.33226],[-2.7953,51.33219],[-2.79533,51.33221],[-2.79545,51.33213],[-2.7958,51.33242],[-2.79627,51.33263]]]},"properties":{"MainHabs":"Traditional orchard","PrimSource":"Traditional Orchard"}},{"type":"Feature","geometry":{"type":"Polygon","coordinates":[[[-2.79514,51.33233],[-2.7953,51.33263],[-2.79556,51.33284],[-2.79506,51.33295],[-2.79506,51.33291],[-2.795,51.33286],[-2.79511,51.33244],[-2.79509,51.33233],[-2.79514,51.33233]]]},"properties":{"MainHabs":"Traditional orchard","PrimSource":"Traditional Orchard"}},{"type":"Feature","geometry":{"type":"Polygon","coordinates":[[[-2.80518,51.3318],[-2.80466,51.33178],[-2.80445,51.33119],[-2.80502,51.33115],[-2.80518,51.3318]]]},"properties":{"MainHabs":"Traditional orchard","PrimSource":"Traditional Orchard"}},{"type":"Feature","geometry":{"type":"Polygon","coordinates":[[[-2.84173,51.3316],[-2.84153,51.33172],[-2.84158,51.33191],[-2.84169,51.33208],[-2.84168,51.33215],[-2.84125,51.33228],[-2.84081,51.33182],[-2.84156,51.33147],[-2.84173,51.3316]]]},"properties":{"MainHabs":"Traditional orchard","PrimSource":"Traditional Orchard"}},{"type":"Feature","geometry":{"type":"Polygon","coordinates":[[[-2.80421,51.32707],[-2.80434,51.32726],[-2.80397,51.32736],[-2.80364,51.32694],[-2.80404,51.32682],[-2.80421,51.32707]]]},"properties":{"MainHabs":"Traditional orchard","PrimSource":"Traditional Orchard"}},{"type":"Feature","geometry":{"type":"Polygon","coordinates":[[[-2.82241,51.31525],[-2.82262,51.31527],[-2.82275,51.31588],[-2.82255,51.3159],[-2.82241,51.31525]]]},"properties":{"MainHabs":"Traditional orchard","PrimSource":"Traditional Orchard"}},{"type":"Feature","geometry":{"type":"Polygon","coordinates":[[[-2.8406,51.31711],[-2.84009,51.31716],[-2.84006,51.31702],[-2.84058,51.31667],[-2.84075,51.31669],[-2.84074,51.31672],[-2.84066,51.31672],[-2.8406,51.31711]]]},"properties":{"MainHabs":"Traditional orchard","PrimSource":"Traditional Orchard"}},{"type":"Feature","geometry":{"type":"Polygon","coordinates":[[[-2.83977,51.31073],[-2.83849,51.31085],[-2.83844,51.31049],[-2.83981,51.31038],[-2.83983,51.31065],[-2.83976,51.31066],[-2.83977,51.31073]]]},"properties":{"MainHabs":"Traditional orchard","PrimSource":"Traditional Orchard"}},{"type":"Feature","geometry":{"type":"Polygon","coordinates":[[[-2.82882,51.30981],[-2.82778,51.30989],[-2.82775,51.30972],[-2.82832,51.30969],[-2.8288,51.30962],[-2.82882,51.30981]]]},"properties":{"MainHabs":"Traditional orchard","PrimSource":"Traditional Orchard"}},{"type":"Feature","geometry":{"type":"Polygon","coordinates":[[[-2.80814,51.31325],[-2.80775,51.31329],[-2.80779,51.31297],[-2.80807,51.31294],[-2.80814,51.31325]]]},"properties":{"MainHabs":"Traditional orchard","PrimSource":"Traditional Orchard"}},{"type":"Feature","geometry":{"type":"Polygon","coordinates":[[[-2.81283,51.30992],[-2.81244,51.31],[-2.81243,51.30928],[-2.81239,51.30903],[-2.81201,51.30828],[-2.81171,51.30792],[-2.812,51.30779],[-2.81235,51.30803],[-2.81266,51.30838],[-2.81311,51.30898],[-2.81318,51.30928],[-2.81311,51.30962],[-2.81299,51.30963],[-2.81289,51.30968],[-2.81283,51.30992]]]},"properties":{"MainHabs":"Traditional orchard","PrimSource":"Traditional Orchard"}},{"type":"Feature","geometry":{"type":"Polygon","coordinates":[[[-2.83149,51.30808],[-2.83193,51.30811],[-2.83192,51.30821],[-2.83154,51.30821],[-2.83149,51.30808]]]},"properties":{"MainHabs":"Traditional orchard","PrimSource":"Traditional Orchard"}},{"type":"Feature","geometry":{"type":"Polygon","coordinates":[[[-2.82157,51.30724],[-2.82171,51.30715],[-2.822,51.30703],[-2.82206,51.30755],[-2.82151,51.30768],[-2.82143,51.30753],[-2.82143,51.3074],[-2.82145,51.30735],[-2.82157,51.30724]]]},"properties":{"MainHabs":"Traditional orchard","PrimSource":"Traditional Orchard"}},{"type":"Feature","geometry":{"type":"Polygon","coordinates":[[[-2.85239,51.28082],[-2.85225,51.28072],[-2.85252,51.28049],[-2.85223,51.28038],[-2.85214,51.28029],[-2.85216,51.28025],[-2.85245,51.28022],[-2.8527,51.28015],[-2.85296,51.28037],[-2.85298,51.28045],[-2.85264,51.28068],[-2.85239,51.28082]]]},"properties":{"MainHabs":"Traditional orchard","PrimSource":"Traditional Orchard"}},{"type":"Feature","geometry":{"type":"Polygon","coordinates":[[[-2.85129,51.2813],[-2.85043,51.28109],[-2.85056,51.28105],[-2.85055,51.28098],[-2.85065,51.28096],[-2.85068,51.28104],[-2.85089,51.28105],[-2.85116,51.28098],[-2.85147,51.28097],[-2.8516,51.28104],[-2.85129,51.2813]]]},"properties":{"MainHabs":"Traditional orchard","PrimSource":"Traditional Orchard"}},{"type":"Feature","geometry":{"type":"Polygon","coordinates":[[[-2.85385,51.27962],[-2.85361,51.27951],[-2.85349,51.27943],[-2.85334,51.27919],[-2.8532,51.27906],[-2.85361,51.27897],[-2.85404,51.27944],[-2.85406,51.27957],[-2.85385,51.27962]]]},"properties":{"MainHabs":"Traditional orchard","PrimSource":"Traditional Orchard"}},{"type":"Feature","geometry":{"type":"Polygon","coordinates":[[[-2.81404,51.28025],[-2.81395,51.28025],[-2.81392,51.28012],[-2.8138,51.27946],[-2.8138,51.27925],[-2.81383,51.27924],[-2.8138,51.27923],[-2.81378,51.279],[-2.81622,51.279],[-2.81623,51.28022],[-2.81404,51.28025]]]},"properties":{"MainHabs":"Traditional orchard","PrimSource":"Traditional Orchard"}},{"type":"Feature","geometry":{"type":"Polygon","coordinates":[[[-2.81573,51.27881],[-2.81573,51.27897],[-2.81417,51.27898],[-2.81378,51.27897],[-2.81375,51.27881],[-2.81573,51.27881]]]},"properties":{"MainHabs":"Traditional orchard","PrimSource":"Traditional Orchard"}},{"type":"Feature","geometry":{"type":"Polygon","coordinates":[[[-2.77421,51.28329],[-2.77388,51.28334],[-2.77387,51.28338],[-2.77395,51.28365],[-2.77317,51.28376],[-2.77305,51.28361],[-2.77307,51.28353],[-2.77313,51.28351],[-2.77307,51.28349],[-2.77321,51.28348],[-2.77322,51.28351],[-2.7733,51.28352],[-2.77353,51.2835],[-2.77347,51.28339],[-2.77335,51.28338],[-2.77334,51.28333],[-2.77356,51.28331],[-2.77365,51.28307],[-2.77416,51.28305],[-2.77421,51.28329]]]},"properties":{"MainHabs":"Traditional orchard","PrimSource":"Traditional Orchard"}},{"type":"Feature","geometry":{"type":"Polygon","coordinates":[[[-2.77406,51.28415],[-2.77382,51.28418],[-2.77384,51.28427],[-2.77315,51.28437],[-2.77312,51.28426],[-2.77317,51.28426],[-2.77315,51.28416],[-2.7731,51.28416],[-2.77309,51.28409],[-2.77317,51.28408],[-2.77319,51.28404],[-2.77316,51.28376],[-2.77395,51.28366],[-2.77412,51.28411],[-2.77404,51.28412],[-2.77406,51.28415]]]},"properties":{"MainHabs":"Traditional orchard","PrimSource":"Traditional Orchard"}},{"type":"Feature","geometry":{"type":"Polygon","coordinates":[[[-2.79092,51.32384],[-2.79083,51.32384],[-2.79079,51.32374],[-2.79081,51.32364],[-2.79075,51.32353],[-2.7908,51.32352],[-2.79077,51.32347],[-2.79073,51.32348],[-2.79066,51.32331],[-2.7911,51.32322],[-2.79128,51.32349],[-2.79111,51.32353],[-2.79123,51.32368],[-2.7912,51.32371],[-2.79101,51.32373],[-2.79103,51.32383],[-2.79092,51.32384]]]},"properties":{"MainHabs":"Traditional orchard","PrimSource":"Traditional Orchard"}},{"type":"Feature","geometry":{"type":"Polygon","coordinates":[[[-2.80861,51.31782],[-2.80853,51.31742],[-2.80875,51.31741],[-2.80882,51.3178],[-2.80861,51.31782]]]},"properties":{"MainHabs":"Traditional orchard","PrimSource":"Traditional Orchard"}},{"type":"Feature","geometry":{"type":"Polygon","coordinates":[[[-2.8121,51.31766],[-2.81174,51.31777],[-2.8115,51.31742],[-2.81202,51.31743],[-2.81204,51.3176],[-2.8121,51.31766]]]},"properties":{"MainHabs":"Traditional orchard","PrimSource":"Traditional Orchard"}},{"type":"Feature","geometry":{"type":"Polygon","coordinates":[[[-2.79933,51.30831],[-2.79897,51.30837],[-2.79888,51.30824],[-2.7992,51.30814],[-2.79933,51.30831]]]},"properties":{"MainHabs":"Traditional orchard","PrimSource":"Traditional Orchard"}},{"type":"Feature","geometry":{"type":"Polygon","coordinates":[[[-2.84674,51.29378],[-2.84672,51.294],[-2.84656,51.29401],[-2.84649,51.29395],[-2.84625,51.29393],[-2.84618,51.29385],[-2.84585,51.29371],[-2.84566,51.2938],[-2.84565,51.29397],[-2.84552,51.29394],[-2.84556,51.2939],[-2.84552,51.29389],[-2.84551,51.2938],[-2.84523,51.29361],[-2.84523,51.29342],[-2.84559,51.29328],[-2.84566,51.29328],[-2.84571,51.29338],[-2.84612,51.29366],[-2.84627,51.29373],[-2.84635,51.29373],[-2.8466,51.29364],[-2.84667,51.29368],[-2.84674,51.29378]]]},"properties":{"MainHabs":"Traditional orchard","PrimSource":"Traditional Orchard"}},{"type":"Feature","geometry":{"type":"Polygon","coordinates":[[[-2.80787,51.31922],[-2.80779,51.31949],[-2.80785,51.31952],[-2.80782,51.31964],[-2.80735,51.31951],[-2.80749,51.31905],[-2.80787,51.31922]]]},"properties":{"MainHabs":"Traditional orchard","PrimSource":"Traditional Orchard"}},{"type":"Feature","geometry":{"type":"MultiPolygon","coordinates":[[[[-2.83976,51.28975],[-2.83936,51.28971],[-2.83927,51.28909],[-2.83935,51.28912],[-2.83938,51.28916],[-2.8395,51.28914],[-2.83955,51.28919],[-2.83969,51.28919],[-2.8397,51.28929],[-2.83952,51.28934],[-2.83951,51.28943],[-2.83952,51.28949],[-2.8396,51.2895],[-2.83968,51.28943],[-2.83974,51.28943],[-2.8398,51.28964],[-2.83976,51.28975]]],[[[-2.84012,51.28951],[-2.84001,51.28957],[-2.83995,51.28957],[-2.83992,51.28953],[-2.83996,51.2895],[-2.83994,51.28934],[-2.83989,51.28931],[-2.84009,51.2893],[-2.84012,51.28951]]]]},"properties":{"MainHabs":"Traditional orchard","PrimSource":"Traditional Orchard"}},{"type":"Feature","geometry":{"type":"Polygon","coordinates":[[[-2.83882,51.2895],[-2.83878,51.28932],[-2.83891,51.28931],[-2.83895,51.28946],[-2.83891,51.2895],[-2.83882,51.2895]]]},"properties":{"MainHabs":"Traditional orchard","PrimSource":"Traditional Orchard"}},{"type":"Feature","geometry":{"type":"Polygon","coordinates":[[[-2.84441,51.28605],[-2.84434,51.28596],[-2.8442,51.28588],[-2.84364,51.28564],[-2.84378,51.2855],[-2.8449,51.28586],[-2.84496,51.28604],[-2.84482,51.28616],[-2.84462,51.28618],[-2.84441,51.28605]]]},"properties":{"MainHabs":"Traditional orchard","PrimSource":"Traditional Orchard"}},{"type":"Feature","geometry":{"type":"Polygon","coordinates":[[[-2.80825,51.28663],[-2.80806,51.28609],[-2.80808,51.28604],[-2.80833,51.28604],[-2.80851,51.28659],[-2.80825,51.28663]]]},"properties":{"MainHabs":"Traditional orchard","PrimSource":"Traditional Orchard"}},{"type":"Feature","geometry":{"type":"Polygon","coordinates":[[[-2.80612,51.2867],[-2.80584,51.28676],[-2.80579,51.28666],[-2.80608,51.28662],[-2.80612,51.2867]]]},"properties":{"MainHabs":"Traditional orchard","PrimSource":"Traditional Orchard"}},{"type":"Feature","geometry":{"type":"Polygon","coordinates":[[[-2.80508,51.28664],[-2.80518,51.28682],[-2.80505,51.28685],[-2.80493,51.28668],[-2.80508,51.28664]]]},"properties":{"MainHabs":"Traditional orchard","PrimSource":"Traditional Orchard"}},{"type":"Feature","geometry":{"type":"Polygon","coordinates":[[[-2.85107,51.27945],[-2.85208,51.27931],[-2.85114,51.27968],[-2.85107,51.27945]]]},"properties":{"MainHabs":"Traditional orchard","PrimSource":"Traditional Orchard"}},{"type":"Feature","geometry":{"type":"Polygon","coordinates":[[[-2.78558,51.31317],[-2.78532,51.31313],[-2.78543,51.31304],[-2.78533,51.31289],[-2.78559,51.31288],[-2.78558,51.31317]]]},"properties":{"MainHabs":"Traditional orchard","PrimSource":"Traditional Orchard"}}]}